customer_id,amount,merchant_name,merchant_category,country,payment_method,velocity_1h,device_age_days,location_change,new_payment_method,account_age_days,merchant_anomaly,amount_anomaly,is_fraud,attack_type
CUST_55102,4313.32,"Hudson, Stone and Mcdaniel",ECOMMERCE,US,DEBIT_CARD,5,337,0,0,1573,0,0,1,ADVERSARIAL_LOW_AND_SLOW
CUST_76480,1439.03,Keller-Pham,ECOMMERCE,CN,CREDIT_CARD,5,506,0,0,2409,0,1,1,ADVERSARIAL_MULTI_SIGNAL
CUST_88373,3101.56,"Anderson, Smith and Martin",HEALTHCARE,CN,CREDIT_CARD,6,370,0,0,732,0,1,1,ADVERSARIAL_MULTI_SIGNAL
CUST_68245,1918.86,"Rasmussen, Cruz and Thompson",ENTERTAINMENT,IN,DEBIT_CARD,3,220,1,0,1599,1,0,1,ADVERSARIAL_MULTI_SIGNAL
CUST_84873,2022.19,Hernandez PLC,ENTERTAINMENT,CN,CREDIT_CARD,2,500,0,0,1134,1,0,1,ADVERSARIAL_LOW_AND_SLOW
CUST_39005,1395.94,"Moran, Stevens and West",GROCERY,GB,DEBIT_CARD,2,542,0,0,546,0,1,1,ADVERSARIAL_LOW_AND_SLOW
CUST_21438,5790.69,"Welch, Daniels and Patterson",TRAVEL,NG,UPI,2,94,0,0,1819,1,1,1,ADVERSARIAL_MULTI_SIGNAL
CUST_15848,1493.41,Jones Ltd,OTHER,CN,UPI,1,184,0,0,1108,0,1,1,ADVERSARIAL_LOW_AND_SLOW
CUST_17482,3231.14,Hahn-Jordan,TRAVEL,US,WALLET,4,479,0,1,1614,1,0,1,ADVERSARIAL_MULTI_SIGNAL
CUST_29324,1418.62,Donovan PLC,FOOD,IN,CREDIT_CARD,7,434,0,0,1997,0,0,1,ADVERSARIAL_LOW_AND_SLOW
CUST_68381,4773.03,Freeman-Wood,ECOMMERCE,IN,WALLET,8,358,1,0,2229,0,0,1,ADVERSARIAL_MULTI_SIGNAL
CUST_79536,1869.09,Knapp-Woods,HEALTHCARE,CN,WALLET,3,262,0,1,2131,1,0,1,ADVERSARIAL_MULTI_SIGNAL
CUST_97970,4936.98,Page-Anderson,OTHER,GB,NET_BANKING,3,535,0,0,53,1,1,1,ADVERSARIAL_MULTI_SIGNAL
CUST_40206,1570.17,Coffey-Logan,EDUCATION,CN,DEBIT_CARD,4,508,0,0,2213,0,1,1,ADVERSARIAL_LOW_AND_SLOW
CUST_30315,4850.57,May-Ryan,TRAVEL,CN,CREDIT_CARD,8,235,1,0,1995,0,0,1,ADVERSARIAL_MULTI_SIGNAL
CUST_67831,4153.8,Khan-Moyer,EDUCATION,IN,WALLET,1,385,0,1,973,0,0,1,ADVERSARIAL_LOW_AND_SLOW
CUST_77051,1533.55,Martin-Kaiser,FOOD,GB,CREDIT_CARD,1,769,1,0,1832,0,1,1,ADVERSARIAL_MULTI_SIGNAL
CUST_39872,5810.94,Bates Ltd,TRAVEL,IN,NET_BANKING,6,425,0,0,1996,0,0,1,ADVERSARIAL_LOW_AND_SLOW
CUST_37633,3978.42,Webb-Wright,HEALTHCARE,GB,WALLET,3,471,0,0,1606,1,1,1,ADVERSARIAL_MULTI_SIGNAL
CUST_27248,1768.87,Vaughn Group,ECOMMERCE,US,UPI,1,208,1,1,1607,0,0,1,ADVERSARIAL_MULTI_SIGNAL
CUST_73498,3937.98,"Lester, White and Campbell",GROCERY,NG,DEBIT_CARD,1,174,0,1,2273,1,0,1,ADVERSARIAL_MULTI_SIGNAL
CUST_58487,3494.5,Rivera-Boone,OTHER,US,UPI,1,840,0,1,2296,0,0,1,ADVERSARIAL_LOW_AND_SLOW
CUST_82129,3947.78,Stark Ltd,HEALTHCARE,GB,CREDIT_CARD,7,136,0,0,1695,0,0,1,ADVERSARIAL_LOW_AND_SLOW
CUST_16419,3600.97,Smith-Sutton,GROCERY,GB,CREDIT_CARD,2,440,0,1,390,1,0,1,ADVERSARIAL_MULTI_SIGNAL
CUST_55927,1008.39,"Dean, Thomas and Williams",ECOMMERCE,GB,UPI,2,176,0,0,2329,1,0,1,ADVERSARIAL_LOW_AND_SLOW
CUST_21387,7271.81,Petersen Ltd,ENTERTAINMENT,CN,WALLET,3,292,0,0,1407,0,1,1,ADVERSARIAL_LOW_AND_SLOW
CUST_88001,2795.28,Mora and Sons,ENTERTAINMENT,CN,UPI,3,416,0,0,790,1,0,1,ADVERSARIAL_LOW_AND_SLOW
CUST_54147,2142.2,Ruiz Ltd,EDUCATION,GB,DEBIT_CARD,3,454,0,0,2473,1,0,1,ADVERSARIAL_LOW_AND_SLOW
CUST_72969,4064.17,"Dillon, Dennis and Sanders",GROCERY,NG,UPI,8,627,0,0,1424,0,1,1,ADVERSARIAL_MULTI_SIGNAL
CUST_35563,2881.62,Pruitt-Wright,ECOMMERCE,IN,NET_BANKING,3,302,0,0,1219,1,0,1,ADVERSARIAL_LOW_AND_SLOW
CUST_49546,2467.84,"Graves, Coleman and Wright",OTHER,GB,DEBIT_CARD,6,370,0,0,2091,0,1,1,ADVERSARIAL_MULTI_SIGNAL
CUST_99069,3056.87,Perkins Group,GROCERY,GB,DEBIT_CARD,4,624,1,0,937,0,1,1,ADVERSARIAL_MULTI_SIGNAL
CUST_51326,2200.35,"Stein, Booth and Carlson",FOOD,CN,DEBIT_CARD,2,41,0,0,2192,0,1,1,ADVERSARIAL_LOW_AND_SLOW
CUST_39075,2038.06,Odonnell-Robinson,FOOD,CN,DEBIT_CARD,7,388,0,0,1792,1,0,1,ADVERSARIAL_MULTI_SIGNAL
CUST_52885,2213.67,Chan-Tate,HEALTHCARE,IN,DEBIT_CARD,7,549,1,0,1987,0,0,1,ADVERSARIAL_MULTI_SIGNAL
CUST_49381,1168.65,Neal and Sons,ECOMMERCE,IN,CREDIT_CARD,4,389,0,0,320,1,0,1,ADVERSARIAL_LOW_AND_SLOW
CUST_80011,7091.31,"Charles, Perez and Pratt",OTHER,US,DEBIT_CARD,1,615,1,0,1055,0,1,1,ADVERSARIAL_MULTI_SIGNAL
CUST_84876,1238.29,Ali Group,ECOMMERCE,GB,UPI,4,190,0,1,1798,1,0,1,ADVERSARIAL_MULTI_SIGNAL
CUST_12038,1588.27,Sanders Group,FOOD,GB,DEBIT_CARD,4,978,1,0,30,0,0,1,ADVERSARIAL_LOW_AND_SLOW
CUST_10422,1529.34,Hess Ltd,HEALTHCARE,GB,CREDIT_CARD,5,609,0,0,1304,0,0,1,ADVERSARIAL_LOW_AND_SLOW
CUST_23293,1038.43,Mcneil PLC,EDUCATION,IN,UPI,7,496,1,0,2207,0,0,1,ADVERSARIAL_MULTI_SIGNAL
CUST_80402,5050.24,Brown-Daniel,ECOMMERCE,CN,WALLET,2,480,1,0,47,0,0,1,ADVERSARIAL_LOW_AND_SLOW
CUST_51262,9277.08,Lyons Ltd,HEALTHCARE,CN,CREDIT_CARD,1,676,0,1,328,0,1,1,ADVERSARIAL_MULTI_SIGNAL
CUST_39372,4709.52,"Moore, Fisher and White",GROCERY,CN,CREDIT_CARD,2,876,0,0,829,0,1,1,ADVERSARIAL_LOW_AND_SLOW
CUST_41992,950.7,Chambers Group,ENTERTAINMENT,NG,NET_BANKING,4,943,0,0,97,0,1,1,ADVERSARIAL_LOW_AND_SLOW
CUST_95262,2901.26,Williams Group,OTHER,CN,DEBIT_CARD,6,748,0,0,1287,0,0,1,ADVERSARIAL_LOW_AND_SLOW
CUST_27709,2694.77,Alexander-Edwards,ECOMMERCE,NG,WALLET,3,220,0,1,62,0,0,1,ADVERSARIAL_LOW_AND_SLOW
CUST_63270,8281.42,Scott and Sons,ECOMMERCE,US,UPI,8,657,0,0,1407,0,1,1,ADVERSARIAL_MULTI_SIGNAL
CUST_56391,5646.24,"Davis, Perkins and Combs",TRAVEL,IN,DEBIT_CARD,3,582,1,1,2182,0,0,1,ADVERSARIAL_MULTI_SIGNAL
CUST_86756,110.54,"Lee, Smith and Thomas",GROCERY,US,DEBIT_CARD,5,898,0,0,570,0,1,1,ADVERSARIAL_MULTI_SIGNAL
CUST_63085,778.97,Flores-Mills,FOOD,IN,UPI,7,53,0,1,1413,0,0,1,ADVERSARIAL_MULTI_SIGNAL
CUST_95858,2334.18,"Cordova, Wood and Wade",GROCERY,CN,NET_BANKING,1,270,0,1,1764,0,0,1,ADVERSARIAL_LOW_AND_SLOW
CUST_88520,1456.19,Garner-Murphy,FOOD,NG,NET_BANKING,4,263,1,0,281,0,0,1,ADVERSARIAL_LOW_AND_SLOW
CUST_43095,1272.09,Mason and Sons,ENTERTAINMENT,CN,WALLET,2,118,0,1,2041,0,0,1,ADVERSARIAL_LOW_AND_SLOW
CUST_60858,2807.12,Ramsey-Anderson,GROCERY,GB,CREDIT_CARD,2,126,1,1,903,0,0,1,ADVERSARIAL_MULTI_SIGNAL
CUST_70314,12190.3,Ray-Zavala,EDUCATION,NG,NET_BANKING,7,253,0,0,392,0,1,1,ADVERSARIAL_MULTI_SIGNAL
CUST_72071,1002.11,"Allen, Williams and Meyers",GROCERY,US,CREDIT_CARD,4,906,0,1,2003,0,0,1,ADVERSARIAL_LOW_AND_SLOW
CUST_29331,798.7,Lowery-Golden,ENTERTAINMENT,US,UPI,8,477,0,0,850,0,1,1,ADVERSARIAL_MULTI_SIGNAL
CUST_40305,2656.01,"Cook, Wilson and Ochoa",HEALTHCARE,GB,WALLET,4,285,1,1,59,0,0,1,ADVERSARIAL_MULTI_SIGNAL
CUST_21859,1564.44,Adkins Group,OTHER,CN,NET_BANKING,4,811,1,1,659,0,0,1,ADVERSARIAL_MULTI_SIGNAL
CUST_63810,5421.0,White Inc,OTHER,IN,CREDIT_CARD,1,841,1,0,2079,0,0,1,ADVERSARIAL_LOW_AND_SLOW
CUST_63150,2499.02,"Thomas, Nelson and Stafford",OTHER,US,NET_BANKING,2,754,0,1,2011,0,0,1,ADVERSARIAL_LOW_AND_SLOW
CUST_20701,5658.39,Le-Bailey,OTHER,GB,CREDIT_CARD,1,368,0,1,1771,0,0,1,ADVERSARIAL_LOW_AND_SLOW
CUST_44939,1754.86,"Campbell, Coleman and Greene",TRAVEL,CN,DEBIT_CARD,4,429,1,0,1935,1,0,1,ADVERSARIAL_MULTI_SIGNAL
CUST_19754,2899.81,Smith-Owens,OTHER,CN,CREDIT_CARD,3,120,0,0,624,1,0,1,ADVERSARIAL_LOW_AND_SLOW
CUST_17297,4934.02,"Johnson, Salinas and Daniel",EDUCATION,GB,NET_BANKING,4,663,0,1,998,0,0,1,ADVERSARIAL_LOW_AND_SLOW
CUST_21078,2817.13,"Goodwin, Gomez and Escobar",ENTERTAINMENT,CN,UPI,8,799,0,0,434,0,0,1,ADVERSARIAL_LOW_AND_SLOW
CUST_55240,12777.66,Perez-Smith,FOOD,NG,DEBIT_CARD,4,689,0,0,1454,0,1,1,ADVERSARIAL_LOW_AND_SLOW
CUST_29889,2391.1,Blair-Rasmussen,HEALTHCARE,CN,WALLET,3,581,1,1,1570,0,0,1,ADVERSARIAL_MULTI_SIGNAL
CUST_30747,689.28,Wilson-Wallace,GROCERY,NG,NET_BANKING,1,363,0,0,545,1,0,1,ADVERSARIAL_LOW_AND_SLOW
CUST_11503,3800.24,"Morgan, Evans and Miller",TRAVEL,US,WALLET,1,327,1,0,1450,1,0,1,ADVERSARIAL_MULTI_SIGNAL
CUST_13126,454.18,"Hansen, Bauer and Hampton",OTHER,CN,CREDIT_CARD,1,713,0,0,741,1,0,1,ADVERSARIAL_LOW_AND_SLOW
CUST_83215,2288.88,Barajas-Henry,ECOMMERCE,CN,NET_BANKING,8,406,0,0,2214,0,0,1,ADVERSARIAL_LOW_AND_SLOW
CUST_80441,617.88,Rivera-Craig,OTHER,IN,UPI,5,240,1,0,1881,0,0,1,ADVERSARIAL_MULTI_SIGNAL
CUST_54009,3106.57,Kennedy-Hudson,OTHER,IN,DEBIT_CARD,6,994,0,0,62,1,0,1,ADVERSARIAL_MULTI_SIGNAL
CUST_14405,2119.65,"Houston, King and Dunn",FOOD,CN,NET_BANKING,4,969,0,1,1857,0,0,1,ADVERSARIAL_LOW_AND_SLOW
CUST_38870,1871.04,"Pearson, Marshall and Nguyen",EDUCATION,CN,CREDIT_CARD,4,634,0,0,748,1,1,1,ADVERSARIAL_MULTI_SIGNAL
CUST_46668,684.31,"Crosby, Wright and Cortez",FOOD,IN,UPI,8,459,0,0,2059,1,0,1,ADVERSARIAL_MULTI_SIGNAL
CUST_75680,3449.68,Vargas-Gilbert,ECOMMERCE,GB,DEBIT_CARD,4,692,1,0,2330,0,0,1,ADVERSARIAL_LOW_AND_SLOW
CUST_83867,3289.65,Fletcher-Phillips,GROCERY,IN,UPI,3,886,0,0,977,0,1,1,ADVERSARIAL_LOW_AND_SLOW
CUST_30424,5898.2,"Harmon, Ortega and Dickerson",EDUCATION,GB,NET_BANKING,3,734,0,0,1302,0,1,1,ADVERSARIAL_LOW_AND_SLOW
CUST_96507,6585.93,Adams PLC,TRAVEL,NG,WALLET,1,831,0,0,1146,0,1,1,ADVERSARIAL_LOW_AND_SLOW
CUST_57081,1353.04,Powers and Sons,GROCERY,CN,DEBIT_CARD,3,417,0,0,1690,1,1,1,ADVERSARIAL_MULTI_SIGNAL
CUST_25810,4348.96,Williamson LLC,OTHER,NG,NET_BANKING,3,197,0,1,840,0,0,1,ADVERSARIAL_LOW_AND_SLOW
CUST_90439,2311.1,"Meyer, Thomas and Dillon",ENTERTAINMENT,US,WALLET,5,495,0,0,2035,0,0,1,ADVERSARIAL_LOW_AND_SLOW
CUST_39126,3283.11,"Booker, Wolfe and Cohen",ENTERTAINMENT,GB,WALLET,5,580,1,0,1504,0,0,1,ADVERSARIAL_MULTI_SIGNAL
CUST_19846,2173.8,"Delgado, Rasmussen and Maddox",HEALTHCARE,US,UPI,3,145,0,1,1533,0,0,1,ADVERSARIAL_LOW_AND_SLOW
CUST_72457,1277.87,Garcia-Dillon,GROCERY,CN,DEBIT_CARD,2,773,1,1,2294,0,0,1,ADVERSARIAL_MULTI_SIGNAL
CUST_72371,790.75,"Ramirez, Salazar and Willis",EDUCATION,IN,NET_BANKING,2,810,0,1,2370,0,1,1,ADVERSARIAL_MULTI_SIGNAL
CUST_87965,3252.81,Rush-Cruz,GROCERY,IN,CREDIT_CARD,3,372,0,1,1486,0,0,1,ADVERSARIAL_LOW_AND_SLOW
CUST_99192,3151.44,Blake-Velasquez,FOOD,CN,DEBIT_CARD,1,468,0,0,1829,0,1,1,ADVERSARIAL_LOW_AND_SLOW
CUST_49995,10421.92,Moore Ltd,ECOMMERCE,GB,CREDIT_CARD,2,206,0,0,917,1,1,1,ADVERSARIAL_MULTI_SIGNAL
CUST_51388,5611.88,Salazar Group,HEALTHCARE,US,UPI,8,33,1,0,1525,0,0,1,ADVERSARIAL_MULTI_SIGNAL
CUST_77225,4670.73,Gonzalez-Goodwin,OTHER,GB,NET_BANKING,3,380,0,0,2471,1,0,1,ADVERSARIAL_LOW_AND_SLOW
CUST_72696,3402.13,Arnold-Munoz,EDUCATION,US,WALLET,2,771,0,0,2500,1,0,1,ADVERSARIAL_LOW_AND_SLOW
CUST_89477,374.69,Whitney-Hernandez,EDUCATION,US,WALLET,1,602,1,0,826,0,1,1,ADVERSARIAL_MULTI_SIGNAL
CUST_98113,3193.75,"Ryan, York and King",OTHER,US,DEBIT_CARD,3,891,1,1,2108,0,0,1,ADVERSARIAL_MULTI_SIGNAL
CUST_17254,330.74,"Kemp, Brown and Elliott",ENTERTAINMENT,IN,NET_BANKING,3,556,0,0,2008,0,1,1,ADVERSARIAL_LOW_AND_SLOW
CUST_30953,1326.58,Thomas Group,FOOD,US,CREDIT_CARD,1,457,1,0,1724,0,0,1,ADVERSARIAL_LOW_AND_SLOW
CUST_51719,4911.48,Frank Inc,EDUCATION,IN,WALLET,4,572,1,1,324,0,0,1,ADVERSARIAL_MULTI_SIGNAL
CUST_36917,4263.17,Dennis PLC,TRAVEL,US,CREDIT_CARD,2,273,1,0,2180,0,0,1,ADVERSARIAL_LOW_AND_SLOW
CUST_47043,5649.01,"Mahoney, Vaughn and Moody",ENTERTAINMENT,CN,NET_BANKING,4,666,1,0,61,0,1,1,ADVERSARIAL_MULTI_SIGNAL
CUST_51651,4097.6,"Hernandez, Carlson and Roberson",OTHER,US,UPI,4,336,1,0,203,1,0,1,ADVERSARIAL_MULTI_SIGNAL
CUST_74925,4830.94,"Duncan, Kennedy and Lindsey",HEALTHCARE,IN,WALLET,5,214,1,0,1769,0,0,1,ADVERSARIAL_MULTI_SIGNAL
CUST_54208,1334.81,Schroeder-Bailey,HEALTHCARE,CN,DEBIT_CARD,7,981,0,1,459,0,0,1,ADVERSARIAL_MULTI_SIGNAL
CUST_35557,2057.06,"Horne, Williams and Strong",GROCERY,NG,DEBIT_CARD,1,349,0,0,708,0,1,1,ADVERSARIAL_LOW_AND_SLOW
CUST_21246,340.49,Meyers-Smith,OTHER,GB,DEBIT_CARD,2,957,1,0,990,0,0,1,ADVERSARIAL_LOW_AND_SLOW
CUST_75902,2628.37,Kirby Inc,FOOD,US,UPI,2,336,1,0,347,0,0,1,ADVERSARIAL_LOW_AND_SLOW
CUST_79171,5888.38,Reyes-Cooke,GROCERY,GB,NET_BANKING,6,444,0,1,1640,0,0,1,ADVERSARIAL_MULTI_SIGNAL
CUST_47265,884.45,"Hebert, Marshall and Dawson",ENTERTAINMENT,IN,CREDIT_CARD,5,170,0,0,1326,0,1,1,ADVERSARIAL_MULTI_SIGNAL
CUST_36747,5037.02,"Cobb, Dougherty and Lawson",HEALTHCARE,CN,CREDIT_CARD,3,987,0,0,1458,1,1,1,ADVERSARIAL_MULTI_SIGNAL
CUST_94726,481.87,Savage Group,ECOMMERCE,NG,WALLET,5,705,1,0,2453,0,0,1,ADVERSARIAL_MULTI_SIGNAL
CUST_16027,2752.43,Stein LLC,TRAVEL,CN,DEBIT_CARD,2,981,0,1,1091,0,0,1,ADVERSARIAL_LOW_AND_SLOW
CUST_53969,1246.3,Fisher-Warren,HEALTHCARE,GB,UPI,1,973,1,0,1247,0,0,1,ADVERSARIAL_LOW_AND_SLOW
CUST_96549,1775.32,"Beasley, Wilkinson and Gonzales",OTHER,US,DEBIT_CARD,8,943,0,1,1592,0,0,1,ADVERSARIAL_MULTI_SIGNAL
CUST_99226,6093.59,Hunter-Pruitt,OTHER,NG,DEBIT_CARD,5,260,0,0,1112,0,0,1,ADVERSARIAL_LOW_AND_SLOW
CUST_62863,2463.2,Miller LLC,EDUCATION,CN,UPI,4,592,1,0,2144,0,0,1,ADVERSARIAL_LOW_AND_SLOW
CUST_38338,3554.32,Scott and Sons,GROCERY,US,NET_BANKING,4,330,0,0,1251,0,1,1,ADVERSARIAL_LOW_AND_SLOW
CUST_25096,1349.77,"Thompson, Jones and Taylor",EDUCATION,NG,WALLET,5,171,0,0,406,0,0,1,ADVERSARIAL_LOW_AND_SLOW
CUST_69286,2665.49,"Bryant, Wallace and Montoya",TRAVEL,IN,WALLET,5,925,0,0,2050,0,0,1,ADVERSARIAL_LOW_AND_SLOW
CUST_21923,2043.45,"Davis, Burke and Hernandez",EDUCATION,NG,WALLET,7,498,1,0,1546,0,0,1,ADVERSARIAL_MULTI_SIGNAL
CUST_43842,4846.29,"Allen, Jordan and Caldwell",TRAVEL,GB,UPI,3,964,0,0,1222,1,0,1,ADVERSARIAL_LOW_AND_SLOW
CUST_95290,1566.55,"Nguyen, Fuentes and Taylor",GROCERY,NG,DEBIT_CARD,4,248,0,0,444,1,0,1,ADVERSARIAL_LOW_AND_SLOW
CUST_42325,3206.67,"Hogan, Hudson and Hoover",FOOD,NG,NET_BANKING,8,589,0,0,575,1,0,1,ADVERSARIAL_MULTI_SIGNAL
CUST_26301,5514.04,Townsend-Garcia,FOOD,CN,NET_BANKING,3,361,0,0,125,0,1,1,ADVERSARIAL_LOW_AND_SLOW
CUST_90439,2311.1,"Meyer, Thomas and Dillon",ENTERTAINMENT,US,NET_BANKING,1,495,0,1,2035,0,0,1,ADVERSARIAL_LOW_AND_SLOW
CUST_71665,2874.65,Rodriguez Group,GROCERY,CN,DEBIT_CARD,1,683,1,0,2177,1,0,1,ADVERSARIAL_MULTI_SIGNAL
CUST_74624,4004.37,Hernandez PLC,EDUCATION,IN,NET_BANKING,1,729,1,0,708,1,0,1,ADVERSARIAL_MULTI_SIGNAL
CUST_51712,2250.55,Bryant Group,EDUCATION,GB,CREDIT_CARD,2,753,1,0,1058,0,1,1,ADVERSARIAL_MULTI_SIGNAL
CUST_27643,2975.24,Wilson LLC,GROCERY,CN,DEBIT_CARD,2,421,1,1,151,0,0,1,ADVERSARIAL_MULTI_SIGNAL
CUST_57241,4854.21,"Clark, Obrien and Riley",FOOD,US,DEBIT_CARD,2,843,0,0,243,0,1,1,ADVERSARIAL_LOW_AND_SLOW
CUST_73660,1855.87,Rios Ltd,OTHER,NG,UPI,6,755,0,0,835,0,1,1,ADVERSARIAL_MULTI_SIGNAL
CUST_13038,2023.16,Hall Inc,GROCERY,CN,NET_BANKING,6,344,0,0,114,1,0,1,ADVERSARIAL_MULTI_SIGNAL
CUST_57486,2233.75,Rivera and Sons,ECOMMERCE,US,CREDIT_CARD,8,62,1,0,1813,0,0,1,ADVERSARIAL_MULTI_SIGNAL
CUST_27404,765.01,Everett PLC,ECOMMERCE,NG,DEBIT_CARD,4,965,0,1,2185,0,1,1,ADVERSARIAL_MULTI_SIGNAL
CUST_47944,8933.23,Weaver Ltd,TRAVEL,US,UPI,3,887,0,0,339,0,1,1,ADVERSARIAL_LOW_AND_SLOW
CUST_35637,5491.4,Bishop Ltd,OTHER,NG,DEBIT_CARD,4,77,0,1,36,0,0,1,ADVERSARIAL_LOW_AND_SLOW
CUST_83133,1202.43,Archer-Reynolds,EDUCATION,IN,UPI,4,111,0,1,254,1,0,1,ADVERSARIAL_MULTI_SIGNAL
CUST_98950,2145.66,"Garcia, Evans and Craig",FOOD,IN,DEBIT_CARD,2,335,1,0,2445,0,0,1,ADVERSARIAL_LOW_AND_SLOW
CUST_97926,4975.9,Russell Ltd,EDUCATION,US,NET_BANKING,6,677,0,0,1182,0,1,1,ADVERSARIAL_MULTI_SIGNAL
CUST_96587,3817.45,Fry-Elliott,EDUCATION,IN,DEBIT_CARD,4,645,1,0,495,0,0,1,ADVERSARIAL_LOW_AND_SLOW
CUST_79323,1563.6,Walker Group,FOOD,IN,WALLET,1,507,0,1,176,0,0,1,ADVERSARIAL_LOW_AND_SLOW
CUST_11105,1764.13,Chan Ltd,FOOD,CN,WALLET,8,428,1,0,455,0,0,1,ADVERSARIAL_MULTI_SIGNAL
CUST_25309,4104.64,Deleon-Reeves,FOOD,GB,NET_BANKING,4,209,0,0,2324,0,1,1,ADVERSARIAL_LOW_AND_SLOW
CUST_81210,3252.45,"Simmons, Yates and Gutierrez",ECOMMERCE,GB,CREDIT_CARD,2,584,1,0,1807,0,0,1,ADVERSARIAL_LOW_AND_SLOW
CUST_16896,2755.1,Lopez Inc,EDUCATION,IN,UPI,1,94,0,1,141,1,0,1,ADVERSARIAL_MULTI_SIGNAL
CUST_73790,5470.28,Navarro-Watkins,GROCERY,IN,DEBIT_CARD,1,972,1,1,1325,0,0,1,ADVERSARIAL_MULTI_SIGNAL
CUST_69114,5243.86,Logan-Nelson,OTHER,CN,NET_BANKING,1,752,0,0,1502,1,0,1,ADVERSARIAL_LOW_AND_SLOW
CUST_39552,1027.32,Snyder-Johnson,ENTERTAINMENT,NG,UPI,3,158,0,1,1447,0,0,1,ADVERSARIAL_LOW_AND_SLOW
CUST_86922,688.49,Beltran-Gomez,HEALTHCARE,GB,NET_BANKING,8,469,0,0,1708,0,1,1,ADVERSARIAL_MULTI_SIGNAL
CUST_48375,1195.02,Reynolds and Sons,FOOD,NG,CREDIT_CARD,6,656,0,0,1461,1,0,1,ADVERSARIAL_MULTI_SIGNAL
CUST_75763,2228.14,Palmer-Henderson,ENTERTAINMENT,NG,NET_BANKING,5,524,0,0,1070,0,0,1,ADVERSARIAL_LOW_AND_SLOW
CUST_74276,603.96,"Long, Brown and Bryant",OTHER,GB,UPI,2,377,0,1,1121,0,0,1,ADVERSARIAL_LOW_AND_SLOW
CUST_52406,3910.88,"Jones, Lyons and Hines",ECOMMERCE,IN,NET_BANKING,3,131,1,0,580,0,1,1,ADVERSARIAL_MULTI_SIGNAL
CUST_82712,12210.73,Simmons LLC,TRAVEL,NG,WALLET,1,144,1,0,2069,0,1,1,ADVERSARIAL_MULTI_SIGNAL
CUST_59465,1256.92,Sawyer Inc,ECOMMERCE,US,DEBIT_CARD,1,44,0,0,856,1,0,1,ADVERSARIAL_LOW_AND_SLOW
CUST_72653,1518.09,"Wilson, Turner and Terry",GROCERY,GB,NET_BANKING,7,469,0,1,2036,0,0,1,ADVERSARIAL_MULTI_SIGNAL
CUST_82525,459.88,Thompson-Montoya,EDUCATION,US,CREDIT_CARD,4,527,1,0,2243,1,0,1,ADVERSARIAL_MULTI_SIGNAL
CUST_79922,689.76,Roberts-Flores,EDUCATION,IN,CREDIT_CARD,4,770,0,0,2190,1,0,1,ADVERSARIAL_LOW_AND_SLOW
CUST_86756,59.41,"Lee, Smith and Thomas",GROCERY,US,DEBIT_CARD,5,898,0,0,570,0,0,1,ADVERSARIAL_LOW_AND_SLOW
CUST_74843,2904.51,"Stevens, Fitzpatrick and Peterson",ENTERTAINMENT,US,DEBIT_CARD,3,262,1,0,1895,0,0,1,ADVERSARIAL_LOW_AND_SLOW
CUST_43507,1906.01,Arroyo-Reynolds,OTHER,US,DEBIT_CARD,4,144,1,0,1533,1,0,1,ADVERSARIAL_MULTI_SIGNAL
CUST_66613,2838.48,Norman-Morris,ENTERTAINMENT,IN,WALLET,1,286,0,0,520,1,1,1,ADVERSARIAL_MULTI_SIGNAL
CUST_92384,1703.98,Snyder PLC,FOOD,CN,CREDIT_CARD,4,187,0,1,2481,1,0,1,ADVERSARIAL_MULTI_SIGNAL
CUST_69096,2710.99,Moreno-Freeman,GROCERY,US,NET_BANKING,2,120,0,1,1604,1,0,1,ADVERSARIAL_MULTI_SIGNAL
CUST_26092,6704.63,Marquez LLC,EDUCATION,CN,NET_BANKING,1,180,0,1,870,0,1,1,ADVERSARIAL_MULTI_SIGNAL
CUST_21204,9119.51,Rose Inc,FOOD,CN,WALLET,2,837,0,0,619,0,1,1,ADVERSARIAL_LOW_AND_SLOW
CUST_66488,981.54,Wood Group,HEALTHCARE,IN,CREDIT_CARD,6,222,0,0,495,1,0,1,ADVERSARIAL_MULTI_SIGNAL
CUST_65627,4070.03,Thornton-Rivas,EDUCATION,CN,CREDIT_CARD,6,277,0,0,1929,1,0,1,ADVERSARIAL_MULTI_SIGNAL
CUST_23936,616.53,Miller Group,ENTERTAINMENT,US,UPI,3,935,1,0,1760,0,0,1,ADVERSARIAL_LOW_AND_SLOW
CUST_83324,2884.07,Hudson Inc,TRAVEL,CN,CREDIT_CARD,3,374,1,1,1826,0,0,1,ADVERSARIAL_MULTI_SIGNAL
CUST_21859,1564.44,Adkins Group,OTHER,CN,CREDIT_CARD,7,811,1,0,659,0,0,1,ADVERSARIAL_MULTI_SIGNAL
CUST_84852,1751.18,Ward-Gonzalez,ENTERTAINMENT,IN,UPI,6,157,0,0,1646,0,0,1,ADVERSARIAL_LOW_AND_SLOW
CUST_13041,8075.87,Roy Inc,ECOMMERCE,GB,CREDIT_CARD,2,503,0,0,193,0,1,1,ADVERSARIAL_LOW_AND_SLOW
CUST_37082,2375.34,Wright LLC,ECOMMERCE,IN,WALLET,3,750,0,0,877,1,0,1,ADVERSARIAL_LOW_AND_SLOW
CUST_78461,3953.21,"Barnes, Romero and Chavez",OTHER,CN,CREDIT_CARD,3,856,0,1,2435,1,0,1,ADVERSARIAL_MULTI_SIGNAL
CUST_56547,2969.85,Bryant and Sons,ENTERTAINMENT,CN,UPI,4,963,1,0,2401,0,0,1,ADVERSARIAL_LOW_AND_SLOW
CUST_40014,3842.04,Patel Group,TRAVEL,CN,CREDIT_CARD,8,377,0,0,1338,0,0,1,ADVERSARIAL_LOW_AND_SLOW
CUST_18471,6584.46,Nguyen-Hart,EDUCATION,IN,WALLET,3,52,0,1,2431,0,1,1,ADVERSARIAL_MULTI_SIGNAL
CUST_96676,4875.83,Phillips and Sons,FOOD,CN,DEBIT_CARD,3,211,1,0,2292,0,0,1,ADVERSARIAL_LOW_AND_SLOW
CUST_95263,6044.49,"Aguilar, Russell and Nichols",HEALTHCARE,NG,CREDIT_CARD,2,763,0,0,1156,0,1,1,ADVERSARIAL_LOW_AND_SLOW
CUST_63873,8012.65,Robinson-Bradley,GROCERY,NG,NET_BANKING,3,814,0,0,1092,0,1,1,ADVERSARIAL_LOW_AND_SLOW
CUST_15579,765.11,"Singh, Watson and Cox",EDUCATION,CN,NET_BANKING,1,138,0,1,579,1,0,1,ADVERSARIAL_MULTI_SIGNAL
CUST_69733,1897.05,"Lowe, Hicks and Rojas",FOOD,US,CREDIT_CARD,4,52,0,1,1735,0,0,1,ADVERSARIAL_LOW_AND_SLOW
CUST_22223,1916.06,"Burke, Mckenzie and Sawyer",OTHER,GB,UPI,8,254,0,0,290,0,0,1,ADVERSARIAL_LOW_AND_SLOW
CUST_97632,2062.71,"Andrade, Mcgee and White",GROCERY,CN,UPI,7,357,0,0,117,1,0,1,ADVERSARIAL_MULTI_SIGNAL
CUST_25644,4955.86,Hayes Inc,GROCERY,IN,WALLET,4,919,1,0,1165,1,0,1,ADVERSARIAL_MULTI_SIGNAL
CUST_25471,1029.71,Adams-Hill,FOOD,CN,CREDIT_CARD,6,680,0,1,1034,0,0,1,ADVERSARIAL_MULTI_SIGNAL
CUST_54965,2775.95,Mercer and Sons,TRAVEL,NG,WALLET,6,564,0,0,2060,1,0,1,ADVERSARIAL_MULTI_SIGNAL
CUST_90615,2564.96,"Frey, Walsh and Matthews",HEALTHCARE,NG,UPI,5,166,1,0,1399,0,0,1,ADVERSARIAL_MULTI_SIGNAL
CUST_35116,3483.58,Phillips-Byrd,OTHER,CN,WALLET,4,184,1,0,1516,0,0,1,ADVERSARIAL_LOW_AND_SLOW
CUST_31283,994.51,"Richardson, Leon and Miller",TRAVEL,US,DEBIT_CARD,4,921,0,1,921,0,0,1,ADVERSARIAL_LOW_AND_SLOW
CUST_49013,1782.79,"Fischer, Perez and Cunningham",ENTERTAINMENT,NG,NET_BANKING,2,538,1,0,2267,1,0,1,ADVERSARIAL_MULTI_SIGNAL
CUST_78393,1069.1,Salazar-Mcclain,OTHER,US,WALLET,3,705,0,1,1851,1,0,1,ADVERSARIAL_MULTI_SIGNAL
CUST_35551,2088.03,"Meadows, Duffy and Bryant",FOOD,IN,CREDIT_CARD,8,99,0,1,893,0,0,1,ADVERSARIAL_MULTI_SIGNAL
CUST_74663,8084.16,"Mcguire, Thompson and White",GROCERY,GB,DEBIT_CARD,6,714,0,0,1938,0,1,1,ADVERSARIAL_MULTI_SIGNAL
CUST_57407,6513.48,"Wagner, Sanders and Hoffman",ECOMMERCE,NG,DEBIT_CARD,3,434,0,0,385,0,1,1,ADVERSARIAL_LOW_AND_SLOW
CUST_56916,3122.1,Allen-Harris,EDUCATION,NG,UPI,1,404,0,1,736,1,0,1,ADVERSARIAL_MULTI_SIGNAL
CUST_39156,1735.89,Miller-Aguilar,TRAVEL,CN,DEBIT_CARD,6,180,0,0,2231,0,0,1,ADVERSARIAL_LOW_AND_SLOW
CUST_81270,4981.16,Jackson and Sons,GROCERY,IN,DEBIT_CARD,3,980,0,1,135,0,0,1,ADVERSARIAL_LOW_AND_SLOW
CUST_55615,1745.21,Dyer-Jimenez,TRAVEL,IN,CREDIT_CARD,4,592,0,0,1547,1,1,1,ADVERSARIAL_MULTI_SIGNAL
CUST_12204,2303.12,"Lee, Ross and Castaneda",OTHER,GB,WALLET,4,936,1,0,2058,0,0,1,ADVERSARIAL_LOW_AND_SLOW
CUST_63493,1370.65,Davis LLC,HEALTHCARE,GB,NET_BANKING,4,333,1,0,1566,0,0,1,ADVERSARIAL_LOW_AND_SLOW
CUST_69325,4948.19,Oneill PLC,TRAVEL,NG,UPI,2,410,1,0,1157,1,0,1,ADVERSARIAL_MULTI_SIGNAL
CUST_22598,2672.98,"Meyer, Holden and Martin",OTHER,IN,CREDIT_CARD,3,740,0,0,2173,1,0,1,ADVERSARIAL_LOW_AND_SLOW
CUST_18380,4808.32,"Lindsey, Olson and Morgan",ENTERTAINMENT,NG,NET_BANKING,6,216,0,0,945,0,0,1,ADVERSARIAL_LOW_AND_SLOW
CUST_14942,932.98,Peterson-Mccoy,TRAVEL,CN,CREDIT_CARD,6,380,0,0,242,0,0,1,ADVERSARIAL_LOW_AND_SLOW
CUST_80136,684.2,Jones PLC,OTHER,GB,UPI,3,641,1,0,64,0,1,1,ADVERSARIAL_MULTI_SIGNAL
CUST_65823,2961.5,Wallace-Rice,ECOMMERCE,NG,CREDIT_CARD,5,557,0,0,1135,0,0,1,ADVERSARIAL_LOW_AND_SLOW
CUST_57232,539.05,West and Sons,OTHER,IN,DEBIT_CARD,4,233,1,0,73,0,0,1,ADVERSARIAL_LOW_AND_SLOW
CUST_84604,12526.57,Garcia PLC,GROCERY,US,UPI,1,725,1,0,829,0,1,1,ADVERSARIAL_MULTI_SIGNAL
CUST_89578,4065.83,Henderson-Gallagher,TRAVEL,US,DEBIT_CARD,4,157,1,0,2069,0,1,1,ADVERSARIAL_MULTI_SIGNAL
CUST_60458,5655.48,Herrera and Sons,GROCERY,CN,NET_BANKING,4,66,0,0,1082,0,1,1,ADVERSARIAL_LOW_AND_SLOW
CUST_79290,3945.97,"Coffey, Cobb and Wilson",GROCERY,CN,NET_BANKING,4,487,1,0,2466,0,0,1,ADVERSARIAL_LOW_AND_SLOW
CUST_45406,3361.36,"Wolf, Harrell and Spencer",OTHER,IN,DEBIT_CARD,4,557,0,1,1958,0,0,1,ADVERSARIAL_LOW_AND_SLOW
CUST_72371,604.61,"Ramirez, Salazar and Willis",EDUCATION,IN,WALLET,2,810,0,1,2370,0,1,1,ADVERSARIAL_MULTI_SIGNAL
CUST_29776,4708.69,"Garcia, Nelson and Fletcher",ENTERTAINMENT,US,NET_BANKING,2,532,1,0,1992,1,0,1,ADVERSARIAL_MULTI_SIGNAL
CUST_82720,1194.25,"Adams, Patton and Cervantes",TRAVEL,GB,WALLET,4,334,1,0,289,0,0,1,ADVERSARIAL_LOW_AND_SLOW
CUST_77760,3482.47,"Mcknight, Delgado and Daniels",HEALTHCARE,US,CREDIT_CARD,2,432,1,0,612,1,0,1,ADVERSARIAL_MULTI_SIGNAL
CUST_29041,3386.71,Gonzalez-Bell,FOOD,US,UPI,2,160,0,0,1409,1,0,1,ADVERSARIAL_LOW_AND_SLOW
CUST_11267,267.17,Simmons-Davis,TRAVEL,IN,CREDIT_CARD,2,470,0,1,488,0,0,1,ADVERSARIAL_LOW_AND_SLOW
CUST_72070,1250.62,Beasley Ltd,EDUCATION,CN,CREDIT_CARD,6,513,0,0,2164,0,0,1,ADVERSARIAL_LOW_AND_SLOW
CUST_80133,2693.92,Lowe-Serrano,EDUCATION,CN,WALLET,2,246,0,1,561,0,0,1,ADVERSARIAL_LOW_AND_SLOW
CUST_83652,3469.66,Mercado-Robinson,HEALTHCARE,US,CREDIT_CARD,1,988,0,0,1370,1,0,1,ADVERSARIAL_LOW_AND_SLOW
CUST_41435,5835.41,Williams and Sons,ENTERTAINMENT,IN,DEBIT_CARD,3,77,0,0,1300,1,0,1,ADVERSARIAL_LOW_AND_SLOW
CUST_33170,2542.77,Fernandez-Malone,TRAVEL,IN,CREDIT_CARD,7,758,0,0,651,0,0,1,ADVERSARIAL_LOW_AND_SLOW
CUST_93320,1681.62,Smith Inc,HEALTHCARE,GB,UPI,6,653,1,0,1524,0,0,1,ADVERSARIAL_MULTI_SIGNAL
CUST_62402,3830.67,Williams-Mckee,OTHER,IN,NET_BANKING,4,42,0,0,1284,0,1,1,ADVERSARIAL_LOW_AND_SLOW
CUST_16896,1020.09,Glass Inc,EDUCATION,GB,NET_BANKING,3,692,0,1,2408,0,0,1,ADVERSARIAL_LOW_AND_SLOW
CUST_98736,4331.66,Watkins Inc,OTHER,IN,CREDIT_CARD,2,602,1,0,2412,0,1,1,ADVERSARIAL_MULTI_SIGNAL
CUST_30072,3636.71,Smith-Holloway,GROCERY,IN,WALLET,8,872,0,0,603,1,0,1,ADVERSARIAL_MULTI_SIGNAL
CUST_65213,683.24,Goodman Group,EDUCATION,CN,DEBIT_CARD,3,411,1,0,1317,0,0,1,ADVERSARIAL_LOW_AND_SLOW
CUST_34624,2426.79,Garcia-Ibarra,FOOD,NG,UPI,3,396,1,1,1692,0,0,1,ADVERSARIAL_MULTI_SIGNAL
CUST_27268,2267.31,"Boone, Huff and Petersen",TRAVEL,GB,WALLET,3,215,0,1,782,0,0,1,ADVERSARIAL_LOW_AND_SLOW
CUST_38057,3677.52,"Gonzalez, Webb and Brown",OTHER,IN,DEBIT_CARD,6,305,0,0,78,0,1,1,ADVERSARIAL_MULTI_SIGNAL
CUST_77677,1604.42,Allison-Porter,HEALTHCARE,NG,WALLET,5,120,0,0,2109,0,1,1,ADVERSARIAL_MULTI_SIGNAL
CUST_22805,695.93,Merritt Inc,OTHER,IN,WALLET,8,64,0,1,2181,0,0,1,ADVERSARIAL_MULTI_SIGNAL
CUST_77819,4751.35,Jones and Sons,OTHER,US,UPI,4,395,1,0,485,0,0,1,ADVERSARIAL_LOW_AND_SLOW
CUST_39601,1764.54,"Stewart, Chapman and Reilly",FOOD,US,DEBIT_CARD,6,231,0,0,2264,0,0,1,ADVERSARIAL_LOW_AND_SLOW
CUST_70851,3757.66,"Pennington, Webb and Hoover",TRAVEL,NG,WALLET,4,188,1,0,1344,1,0,1,ADVERSARIAL_MULTI_SIGNAL
CUST_35967,4265.23,Carpenter Inc,GROCERY,GB,CREDIT_CARD,8,174,1,0,2500,0,0,1,ADVERSARIAL_MULTI_SIGNAL
CUST_57127,3351.83,Barry and Sons,FOOD,GB,NET_BANKING,3,736,1,0,997,0,1,1,ADVERSARIAL_MULTI_SIGNAL
CUST_62158,2034.41,Rodriguez Inc,TRAVEL,CN,UPI,2,64,1,0,2016,0,0,1,ADVERSARIAL_LOW_AND_SLOW
CUST_17765,1507.16,Rodriguez-Nunez,EDUCATION,IN,DEBIT_CARD,5,706,0,0,1782,1,0,1,ADVERSARIAL_MULTI_SIGNAL
CUST_88576,513.11,"Collins, Taylor and Miller",OTHER,CN,UPI,5,856,0,1,258,0,0,1,ADVERSARIAL_MULTI_SIGNAL
CUST_36504,313.05,"Figueroa, Newton and Terry",ENTERTAINMENT,GB,UPI,6,363,0,0,884,0,0,1,ADVERSARIAL_LOW_AND_SLOW
CUST_74797,3778.42,Williams Group,GROCERY,US,UPI,3,931,1,1,2303,0,0,1,ADVERSARIAL_MULTI_SIGNAL
CUST_32013,3999.14,"Gonzalez, Hernandez and Salazar",FOOD,IN,NET_BANKING,4,748,0,0,1113,1,0,1,ADVERSARIAL_LOW_AND_SLOW
CUST_21319,475.74,Velasquez Ltd,GROCERY,CN,UPI,8,316,0,0,1275,0,0,1,ADVERSARIAL_LOW_AND_SLOW
CUST_81777,7552.88,Schwartz and Sons,ECOMMERCE,GB,UPI,4,108,0,1,446,0,1,1,ADVERSARIAL_MULTI_SIGNAL
CUST_23883,4879.09,"Cole, Hall and Huerta",FOOD,GB,DEBIT_CARD,4,485,1,0,1152,0,1,1,ADVERSARIAL_MULTI_SIGNAL
CUST_59361,2457.17,Holloway LLC,ECOMMERCE,GB,NET_BANKING,7,476,0,0,189,0,1,1,ADVERSARIAL_MULTI_SIGNAL
CUST_57235,2907.92,Johnson LLC,TRAVEL,NG,CREDIT_CARD,8,950,0,1,1785,0,0,1,ADVERSARIAL_MULTI_SIGNAL
CUST_80243,943.99,Santos Ltd,FOOD,GB,UPI,1,990,1,0,1997,0,0,1,ADVERSARIAL_LOW_AND_SLOW
CUST_98354,3917.59,"Wilson, Jones and Jones",OTHER,NG,DEBIT_CARD,1,505,1,1,1457,0,0,1,ADVERSARIAL_MULTI_SIGNAL
CUST_60874,229.82,Campbell PLC,OTHER,NG,CREDIT_CARD,3,993,0,0,2100,1,0,1,ADVERSARIAL_LOW_AND_SLOW
CUST_59448,3029.64,Peterson-Wagner,GROCERY,GB,UPI,4,804,1,0,303,1,0,1,ADVERSARIAL_MULTI_SIGNAL
CUST_60328,8512.82,Snyder-Nguyen,ECOMMERCE,CN,DEBIT_CARD,1,827,0,0,2054,0,1,1,ADVERSARIAL_LOW_AND_SLOW
CUST_39529,3189.66,Williams-Aguilar,ECOMMERCE,CN,DEBIT_CARD,3,713,0,1,2256,1,0,1,ADVERSARIAL_MULTI_SIGNAL
CUST_82362,682.12,"Neal, Ruiz and Henderson",OTHER,GB,UPI,1,881,1,1,2133,0,0,1,ADVERSARIAL_MULTI_SIGNAL
CUST_33596,2333.82,Duncan-Haynes,FOOD,GB,UPI,2,706,0,0,2201,1,0,1,ADVERSARIAL_LOW_AND_SLOW
CUST_42262,2961.34,"Bryant, Gilmore and Hanson",EDUCATION,IN,DEBIT_CARD,7,465,0,1,731,0,0,1,ADVERSARIAL_MULTI_SIGNAL
CUST_27373,2294.95,Wilkerson-Waters,EDUCATION,US,CREDIT_CARD,6,412,1,0,1870,0,0,1,ADVERSARIAL_MULTI_SIGNAL
CUST_67058,1439.61,"Campbell, Grimes and Christian",FOOD,GB,UPI,6,694,0,0,1041,0,0,1,ADVERSARIAL_LOW_AND_SLOW
CUST_28552,10304.02,Stevenson Inc,FOOD,IN,CREDIT_CARD,4,890,0,1,2324,0,1,1,ADVERSARIAL_MULTI_SIGNAL
CUST_43726,2426.08,"Thompson, Austin and Sanders",EDUCATION,GB,CREDIT_CARD,3,405,0,0,208,1,1,1,ADVERSARIAL_MULTI_SIGNAL
CUST_42107,3571.47,"Harris, Greene and Curtis",ECOMMERCE,CN,CREDIT_CARD,3,576,1,0,1048,0,1,1,ADVERSARIAL_MULTI_SIGNAL
CUST_28514,3613.47,Wright PLC,OTHER,CN,UPI,1,637,1,1,371,0,0,1,ADVERSARIAL_MULTI_SIGNAL
CUST_20708,3203.25,Brown-Cooper,OTHER,US,NET_BANKING,7,443,0,1,1400,0,0,1,ADVERSARIAL_MULTI_SIGNAL
CUST_12930,191.97,Velasquez-Medina,FOOD,US,CREDIT_CARD,8,488,0,0,638,1,0,1,ADVERSARIAL_MULTI_SIGNAL
CUST_20084,4735.45,Williams-Foster,EDUCATION,NG,DEBIT_CARD,3,116,0,0,867,1,1,1,ADVERSARIAL_MULTI_SIGNAL
CUST_72461,410.05,"Peters, Huff and Bowers",TRAVEL,GB,UPI,8,243,0,0,1946,0,1,1,ADVERSARIAL_MULTI_SIGNAL
CUST_97138,3337.59,"Gutierrez, Jimenez and Mendoza",EDUCATION,GB,WALLET,1,555,1,0,585,0,0,1,ADVERSARIAL_LOW_AND_SLOW
CUST_53448,3400.78,"Thompson, Campbell and George",ENTERTAINMENT,US,NET_BANKING,1,427,1,0,2232,0,0,1,ADVERSARIAL_LOW_AND_SLOW
CUST_45885,1189.55,Nelson-White,FOOD,CN,DEBIT_CARD,2,178,0,0,137,1,0,1,ADVERSARIAL_LOW_AND_SLOW
CUST_11948,3228.23,Norton-Sheppard,ECOMMERCE,GB,NET_BANKING,3,329,1,1,328,0,0,1,ADVERSARIAL_MULTI_SIGNAL
CUST_23031,6040.43,Smith Ltd,OTHER,IN,CREDIT_CARD,4,140,1,0,1580,0,1,1,ADVERSARIAL_MULTI_SIGNAL
CUST_21246,340.49,Meyers-Smith,OTHER,US,DEBIT_CARD,2,957,1,0,990,0,0,1,ADVERSARIAL_LOW_AND_SLOW
CUST_87302,544.9,Graham-Shaw,HEALTHCARE,GB,UPI,2,565,0,1,382,0,0,1,ADVERSARIAL_LOW_AND_SLOW
CUST_16262,860.04,Phillips-Thomas,ENTERTAINMENT,NG,CREDIT_CARD,3,933,1,1,1511,0,0,1,ADVERSARIAL_MULTI_SIGNAL
CUST_97460,3127.17,"Kim, Johnson and Taylor",ENTERTAINMENT,US,WALLET,4,707,1,1,1265,0,0,1,ADVERSARIAL_MULTI_SIGNAL
CUST_28998,2702.87,Mcintyre-Arnold,HEALTHCARE,IN,NET_BANKING,6,720,1,0,2481,0,0,1,ADVERSARIAL_MULTI_SIGNAL
CUST_47775,605.97,"Matthews, Simon and Smith",HEALTHCARE,IN,CREDIT_CARD,5,892,0,1,1501,0,0,1,ADVERSARIAL_MULTI_SIGNAL
CUST_14387,3856.0,Novak-Boyle,TRAVEL,US,DEBIT_CARD,4,458,0,0,1008,1,1,1,ADVERSARIAL_MULTI_SIGNAL
CUST_28214,3992.72,Martin-Rich,OTHER,CN,UPI,3,808,1,0,1515,0,0,1,ADVERSARIAL_LOW_AND_SLOW
CUST_72637,708.27,Bean Inc,OTHER,US,CREDIT_CARD,6,637,0,0,1832,0,0,1,ADVERSARIAL_LOW_AND_SLOW
CUST_30035,2068.2,"Johnson, Joseph and Chambers",FOOD,NG,DEBIT_CARD,1,335,1,0,2304,0,0,1,ADVERSARIAL_LOW_AND_SLOW
CUST_20575,4499.03,Smith PLC,FOOD,CN,CREDIT_CARD,2,570,0,0,577,0,1,1,ADVERSARIAL_LOW_AND_SLOW
CUST_68431,2202.61,Mullins-Blanchard,HEALTHCARE,GB,UPI,1,765,0,1,777,0,0,1,ADVERSARIAL_LOW_AND_SLOW
CUST_35938,4277.68,Wilkins-Wade,TRAVEL,NG,CREDIT_CARD,4,360,1,0,776,0,0,1,ADVERSARIAL_LOW_AND_SLOW
CUST_29442,1372.76,Simmons Inc,GROCERY,CN,DEBIT_CARD,3,424,1,0,1420,1,0,1,ADVERSARIAL_MULTI_SIGNAL
CUST_45122,3616.12,"Kane, Johnson and Cruz",OTHER,NG,CREDIT_CARD,2,383,0,1,1423,0,0,1,ADVERSARIAL_LOW_AND_SLOW
CUST_32967,4407.95,Gilmore-Curtis,ENTERTAINMENT,GB,UPI,4,675,1,0,1755,0,1,1,ADVERSARIAL_MULTI_SIGNAL
CUST_13366,2738.62,"Shah, Dawson and Freeman",FOOD,US,DEBIT_CARD,4,662,1,0,805,0,0,1,ADVERSARIAL_LOW_AND_SLOW
CUST_26278,3821.71,"Riley, Paul and Freeman",ECOMMERCE,IN,CREDIT_CARD,4,420,1,0,1511,0,0,1,ADVERSARIAL_LOW_AND_SLOW
CUST_39445,2707.32,"Woods, Mcintyre and Powell",GROCERY,CN,DEBIT_CARD,6,586,0,0,1758,1,0,1,ADVERSARIAL_MULTI_SIGNAL
CUST_78983,7113.0,Harmon LLC,FOOD,IN,NET_BANKING,3,981,0,0,893,0,1,1,ADVERSARIAL_LOW_AND_SLOW
CUST_81222,2020.6,Gibbs Group,GROCERY,IN,NET_BANKING,6,512,0,0,512,0,1,1,ADVERSARIAL_MULTI_SIGNAL
CUST_77156,13818.78,"Kidd, Smith and Michael",EDUCATION,NG,NET_BANKING,3,718,0,0,362,1,1,1,ADVERSARIAL_MULTI_SIGNAL
CUST_91718,2783.0,"Moran, Weiss and Park",HEALTHCARE,US,UPI,4,948,0,1,2196,0,1,1,ADVERSARIAL_MULTI_SIGNAL
CUST_70877,2944.11,Holland LLC,HEALTHCARE,NG,NET_BANKING,3,993,1,0,655,1,0,1,ADVERSARIAL_MULTI_SIGNAL
CUST_40728,9259.52,Hanson PLC,GROCERY,NG,NET_BANKING,4,51,0,0,2039,1,1,1,ADVERSARIAL_MULTI_SIGNAL
CUST_77107,7668.06,"Allison, Mercado and Pacheco",EDUCATION,IN,NET_BANKING,2,785,0,0,322,0,1,1,ADVERSARIAL_LOW_AND_SLOW
CUST_55620,4074.71,Huffman-Williams,OTHER,US,CREDIT_CARD,2,491,1,0,116,0,1,1,ADVERSARIAL_MULTI_SIGNAL
CUST_38444,4797.66,Sanchez-Myers,OTHER,GB,DEBIT_CARD,4,326,1,0,806,0,0,1,ADVERSARIAL_LOW_AND_SLOW
CUST_32313,1947.66,Owens-Mullen,GROCERY,IN,WALLET,8,782,0,0,1561,0,1,1,ADVERSARIAL_MULTI_SIGNAL
CUST_85074,294.22,"Yoder, Griffin and Young",HEALTHCARE,US,WALLET,5,84,0,0,2107,0,0,1,ADVERSARIAL_LOW_AND_SLOW
CUST_75073,589.59,Jacobs and Sons,GROCERY,NG,NET_BANKING,1,242,0,1,34,1,0,1,ADVERSARIAL_MULTI_SIGNAL
CUST_69397,997.27,"Dunn, Nielsen and Yang",ECOMMERCE,CN,UPI,4,610,0,1,2401,0,0,1,ADVERSARIAL_LOW_AND_SLOW
CUST_75779,2294.09,Larson Ltd,ENTERTAINMENT,CN,NET_BANKING,7,465,0,0,866,1,0,1,ADVERSARIAL_MULTI_SIGNAL
CUST_37633,2225.44,Webb-Wright,EDUCATION,US,WALLET,3,471,1,0,1606,0,0,1,ADVERSARIAL_LOW_AND_SLOW
CUST_58380,10667.53,"Buckley, Shepard and Bailey",GROCERY,IN,DEBIT_CARD,5,429,0,0,1117,0,1,1,ADVERSARIAL_MULTI_SIGNAL
CUST_39185,3233.14,Good-Hampton,FOOD,NG,WALLET,2,396,0,1,1743,0,0,1,ADVERSARIAL_LOW_AND_SLOW
CUST_42190,1388.07,"Wells, Henson and Franco",FOOD,CN,UPI,4,577,0,1,619,0,0,1,ADVERSARIAL_LOW_AND_SLOW
CUST_48159,3680.31,Graves-Hopkins,HEALTHCARE,CN,UPI,5,903,0,0,2304,1,0,1,ADVERSARIAL_MULTI_SIGNAL
CUST_67668,1853.29,Wagner LLC,HEALTHCARE,CN,DEBIT_CARD,1,522,0,1,1852,0,0,1,ADVERSARIAL_LOW_AND_SLOW
CUST_51906,448.44,Schultz LLC,GROCERY,NG,WALLET,1,974,0,1,1472,0,0,1,ADVERSARIAL_LOW_AND_SLOW
CUST_54471,4458.89,Wilkerson PLC,ENTERTAINMENT,NG,DEBIT_CARD,1,854,0,1,1095,0,0,1,ADVERSARIAL_LOW_AND_SLOW
CUST_99399,1639.88,Lee-Mitchell,GROCERY,US,UPI,2,241,1,0,1899,1,0,1,ADVERSARIAL_MULTI_SIGNAL
CUST_33567,4394.6,Mckee-Jensen,ENTERTAINMENT,NG,DEBIT_CARD,7,455,1,0,324,0,0,1,ADVERSARIAL_MULTI_SIGNAL
CUST_23133,9456.14,Curry-Becker,OTHER,IN,CREDIT_CARD,2,446,1,0,1722,0,1,1,ADVERSARIAL_MULTI_SIGNAL
CUST_12548,1485.32,Sanchez-Reynolds,FOOD,IN,UPI,5,158,0,1,1193,0,0,1,ADVERSARIAL_MULTI_SIGNAL
CUST_54118,2655.33,"Carson, Pierce and Ortiz",EDUCATION,IN,CREDIT_CARD,8,856,0,0,448,0,0,1,ADVERSARIAL_LOW_AND_SLOW
CUST_63493,1370.65,Davis LLC,HEALTHCARE,CN,CREDIT_CARD,4,333,0,1,1566,0,0,1,ADVERSARIAL_LOW_AND_SLOW
CUST_63993,4506.87,"Nelson, Hernandez and Gomez",EDUCATION,GB,UPI,3,271,1,0,731,0,0,1,ADVERSARIAL_LOW_AND_SLOW
CUST_44435,4053.2,Mann-Allen,ENTERTAINMENT,US,WALLET,7,959,1,0,1751,0,0,1,ADVERSARIAL_MULTI_SIGNAL
CUST_31797,3449.19,Johnson Ltd,OTHER,NG,UPI,1,405,0,1,869,0,0,1,ADVERSARIAL_LOW_AND_SLOW
CUST_66346,3419.06,Smith Group,ECOMMERCE,IN,WALLET,4,767,0,1,799,0,0,1,ADVERSARIAL_LOW_AND_SLOW
CUST_78409,2420.75,"Rasmussen, Henry and Baird",EDUCATION,NG,UPI,3,954,0,0,1608,0,1,1,ADVERSARIAL_LOW_AND_SLOW
CUST_48205,420.03,"Phillips, Collins and Gardner",EDUCATION,NG,CREDIT_CARD,2,963,1,0,2188,0,0,1,ADVERSARIAL_LOW_AND_SLOW
CUST_79878,1968.88,Becker PLC,ENTERTAINMENT,GB,UPI,7,565,1,0,477,0,0,1,ADVERSARIAL_MULTI_SIGNAL
CUST_42298,1927.01,"Smith, Garcia and Taylor",OTHER,NG,UPI,2,275,1,0,546,0,0,1,ADVERSARIAL_LOW_AND_SLOW
CUST_13082,1616.92,Harper LLC,OTHER,US,NET_BANKING,3,725,0,0,1523,0,1,1,ADVERSARIAL_LOW_AND_SLOW
CUST_81776,1265.72,Bowers PLC,ENTERTAINMENT,IN,NET_BANKING,8,730,1,0,1771,0,0,1,ADVERSARIAL_MULTI_SIGNAL
CUST_21818,2436.27,Nielsen-Moreno,HEALTHCARE,US,UPI,4,593,0,1,1032,0,0,1,ADVERSARIAL_LOW_AND_SLOW
CUST_91922,3671.97,"West, Wilkins and Mercado",TRAVEL,NG,WALLET,2,205,0,0,1270,1,0,1,ADVERSARIAL_LOW_AND_SLOW
CUST_12621,1297.51,Gaines LLC,EDUCATION,US,NET_BANKING,1,136,1,0,2057,0,0,1,ADVERSARIAL_LOW_AND_SLOW
CUST_83935,3912.81,Johnson-Woods,HEALTHCARE,CN,WALLET,1,689,0,0,2034,0,1,1,ADVERSARIAL_LOW_AND_SLOW
CUST_70845,1597.83,Hansen-Snyder,ECOMMERCE,US,WALLET,2,353,0,1,1970,0,0,1,ADVERSARIAL_LOW_AND_SLOW
CUST_40641,890.73,"Peters, Stokes and Austin",GROCERY,NG,CREDIT_CARD,1,250,1,1,68,0,0,1,ADVERSARIAL_MULTI_SIGNAL
CUST_11037,1269.04,"Moore, Harris and Torres",TRAVEL,US,DEBIT_CARD,1,638,0,0,2170,1,0,1,ADVERSARIAL_LOW_AND_SLOW
CUST_68933,2284.98,"Ward, Harper and Payne",GROCERY,NG,NET_BANKING,2,456,0,1,808,0,0,1,ADVERSARIAL_LOW_AND_SLOW
CUST_82466,1378.87,"Deleon, Wong and Skinner",TRAVEL,IN,WALLET,3,397,0,0,2495,1,0,1,ADVERSARIAL_LOW_AND_SLOW
CUST_85539,2695.67,Mckinney Inc,OTHER,GB,DEBIT_CARD,3,425,1,0,2381,0,0,1,ADVERSARIAL_LOW_AND_SLOW
CUST_76757,1251.43,Ramsey-Miller,EDUCATION,IN,CREDIT_CARD,3,353,0,1,1965,0,0,1,ADVERSARIAL_LOW_AND_SLOW
CUST_63655,4437.55,"Moran, Henderson and Buck",ENTERTAINMENT,NG,UPI,8,576,1,0,475,0,0,1,ADVERSARIAL_MULTI_SIGNAL
CUST_85294,6717.57,"Phillips, Ward and Oconnor",HEALTHCARE,US,UPI,2,653,1,0,231,0,1,1,ADVERSARIAL_MULTI_SIGNAL
CUST_92638,11179.3,"Williams, Jones and Gregory",FOOD,CN,WALLET,6,670,0,0,203,0,1,1,ADVERSARIAL_MULTI_SIGNAL
CUST_37493,4811.57,"White, Goodman and Lee",FOOD,CN,DEBIT_CARD,2,935,1,0,1630,0,0,1,ADVERSARIAL_LOW_AND_SLOW
CUST_36225,3900.68,Wiggins-Wilson,OTHER,US,WALLET,1,810,0,1,257,0,1,1,ADVERSARIAL_MULTI_SIGNAL
CUST_26183,3295.76,Mason Inc,ENTERTAINMENT,GB,DEBIT_CARD,1,685,0,1,329,0,0,1,ADVERSARIAL_LOW_AND_SLOW
CUST_76197,1577.09,Banks-Davis,OTHER,GB,WALLET,6,112,0,0,1662,0,1,1,ADVERSARIAL_MULTI_SIGNAL
CUST_57975,3913.4,Welch-Lowe,OTHER,US,CREDIT_CARD,3,471,0,0,1430,1,0,1,ADVERSARIAL_LOW_AND_SLOW
CUST_44184,468.39,Foster-Warner,TRAVEL,CN,WALLET,4,146,1,0,1492,0,0,1,ADVERSARIAL_LOW_AND_SLOW
CUST_62609,2093.45,Gray-Pennington,ECOMMERCE,IN,CREDIT_CARD,5,684,1,0,1298,0,0,1,ADVERSARIAL_MULTI_SIGNAL
CUST_50850,1809.22,Anderson PLC,ECOMMERCE,IN,DEBIT_CARD,5,539,0,0,1223,1,0,1,ADVERSARIAL_MULTI_SIGNAL
CUST_33532,5142.76,Perry and Sons,GROCERY,GB,UPI,8,575,0,0,857,0,0,1,ADVERSARIAL_LOW_AND_SLOW
CUST_15207,2251.16,Carr Group,HEALTHCARE,NG,UPI,7,976,0,0,1265,1,0,1,ADVERSARIAL_MULTI_SIGNAL
CUST_74048,2719.37,"Fritz, Armstrong and Howard",EDUCATION,US,UPI,2,766,0,1,1783,1,0,1,ADVERSARIAL_MULTI_SIGNAL
CUST_42325,7750.99,"Hogan, Hudson and Hoover",ENTERTAINMENT,NG,NET_BANKING,2,589,0,0,575,0,1,1,ADVERSARIAL_LOW_AND_SLOW
CUST_76965,6686.42,Glenn Group,ECOMMERCE,NG,CREDIT_CARD,6,872,0,0,2446,0,0,1,ADVERSARIAL_LOW_AND_SLOW
CUST_32967,4392.84,Gilmore-Curtis,ENTERTAINMENT,US,UPI,4,675,0,0,1755,0,1,1,ADVERSARIAL_LOW_AND_SLOW
CUST_47386,3649.61,Valdez-Hayes,EDUCATION,US,WALLET,3,284,0,0,1089,1,0,1,ADVERSARIAL_LOW_AND_SLOW
CUST_13573,608.15,Gates-Cameron,EDUCATION,GB,NET_BANKING,3,365,1,0,910,0,0,1,ADVERSARIAL_LOW_AND_SLOW
CUST_54389,1542.64,Maxwell-Dougherty,HEALTHCARE,NG,NET_BANKING,6,281,0,0,1716,1,0,1,ADVERSARIAL_MULTI_SIGNAL
CUST_29531,3730.88,Nelson-Cannon,HEALTHCARE,NG,UPI,1,582,1,0,2398,1,0,1,ADVERSARIAL_MULTI_SIGNAL
CUST_40833,2842.5,Wells Inc,EDUCATION,NG,UPI,7,588,0,0,1798,0,0,1,ADVERSARIAL_LOW_AND_SLOW
CUST_23801,2484.57,Nguyen Ltd,FOOD,IN,CREDIT_CARD,2,544,0,1,631,0,1,1,ADVERSARIAL_MULTI_SIGNAL
CUST_35122,7734.28,"Thompson, Chapman and Johnson",ECOMMERCE,GB,UPI,6,77,0,0,1668,0,1,1,ADVERSARIAL_MULTI_SIGNAL
CUST_79335,2279.37,Wilson-Arias,HEALTHCARE,IN,UPI,1,462,0,0,2167,1,0,1,ADVERSARIAL_LOW_AND_SLOW
CUST_68953,9582.78,"Perez, Ferguson and Taylor",FOOD,CN,UPI,3,552,0,0,2237,1,1,1,ADVERSARIAL_MULTI_SIGNAL
CUST_13909,632.25,West-Pearson,TRAVEL,IN,DEBIT_CARD,1,151,0,1,567,1,0,1,ADVERSARIAL_MULTI_SIGNAL
CUST_84878,6268.38,Jennings PLC,EDUCATION,NG,UPI,1,859,1,0,1223,0,0,1,ADVERSARIAL_LOW_AND_SLOW
CUST_64225,6652.0,Jefferson-Smith,EDUCATION,US,WALLET,4,802,1,0,48,0,1,1,ADVERSARIAL_MULTI_SIGNAL
CUST_45925,3155.38,Boyle-Scott,FOOD,US,NET_BANKING,3,852,0,1,560,1,0,1,ADVERSARIAL_MULTI_SIGNAL
CUST_42855,6632.08,"Cook, Kane and Diaz",FOOD,GB,NET_BANKING,3,808,0,0,786,1,1,1,ADVERSARIAL_MULTI_SIGNAL
CUST_18345,1104.6,Howell-Johnson,OTHER,NG,CREDIT_CARD,7,505,0,0,572,1,0,1,ADVERSARIAL_MULTI_SIGNAL
CUST_83988,2527.47,Ruiz and Sons,GROCERY,NG,UPI,1,802,0,0,1721,1,1,1,ADVERSARIAL_MULTI_SIGNAL
CUST_73788,1348.36,"Dixon, Acosta and Gentry",TRAVEL,US,NET_BANKING,7,664,0,0,2231,0,0,1,ADVERSARIAL_LOW_AND_SLOW
CUST_47354,5079.8,"Valenzuela, Davis and Weiss",EDUCATION,NG,NET_BANKING,2,697,0,0,2201,1,0,1,ADVERSARIAL_LOW_AND_SLOW
CUST_58582,2692.98,Murray-Hernandez,HEALTHCARE,CN,DEBIT_CARD,2,511,1,1,450,0,0,1,ADVERSARIAL_MULTI_SIGNAL
CUST_89580,2144.26,Smith PLC,OTHER,IN,WALLET,7,336,0,1,2097,0,0,1,ADVERSARIAL_MULTI_SIGNAL
CUST_13256,13614.98,"Gonzalez, Smith and Jones",TRAVEL,US,CREDIT_CARD,2,499,0,1,2379,0,1,1,ADVERSARIAL_MULTI_SIGNAL
CUST_64160,690.28,Hunt Inc,OTHER,IN,DEBIT_CARD,2,41,0,0,655,1,0,1,ADVERSARIAL_LOW_AND_SLOW
CUST_75073,1053.64,Jacobs and Sons,FOOD,NG,NET_BANKING,1,242,0,1,34,0,1,1,ADVERSARIAL_MULTI_SIGNAL
CUST_80268,433.79,Fleming-Rodriguez,GROCERY,NG,WALLET,3,197,1,0,2315,0,0,1,ADVERSARIAL_LOW_AND_SLOW
CUST_13545,356.59,"Kim, White and Keller",OTHER,IN,DEBIT_CARD,6,591,1,0,1653,0,0,1,ADVERSARIAL_MULTI_SIGNAL
CUST_55852,4152.94,Lopez PLC,FOOD,NG,WALLET,3,637,0,1,1916,0,1,1,ADVERSARIAL_MULTI_SIGNAL
CUST_47003,2192.45,Cobb Group,EDUCATION,IN,UPI,2,429,0,1,246,0,0,1,ADVERSARIAL_LOW_AND_SLOW
CUST_89073,859.81,"Flowers, Acosta and Williams",OTHER,IN,UPI,4,771,0,0,980,0,1,1,ADVERSARIAL_LOW_AND_SLOW
CUST_63616,2386.9,Medina-Delgado,EDUCATION,IN,UPI,2,274,1,0,190,0,0,1,ADVERSARIAL_LOW_AND_SLOW
CUST_70069,1109.88,Bray Ltd,TRAVEL,CN,WALLET,4,441,0,0,2054,1,0,1,ADVERSARIAL_LOW_AND_SLOW
CUST_63438,423.13,Dillon and Sons,OTHER,CN,NET_BANKING,2,183,1,0,1001,0,0,1,ADVERSARIAL_LOW_AND_SLOW
CUST_90010,1082.7,Roberts PLC,HEALTHCARE,CN,WALLET,4,547,0,0,2209,1,0,1,ADVERSARIAL_LOW_AND_SLOW
CUST_19485,2792.62,"Dorsey, Juarez and Young",GROCERY,US,WALLET,3,836,0,1,662,0,0,1,ADVERSARIAL_LOW_AND_SLOW
CUST_27920,2435.54,Jackson and Sons,ECOMMERCE,US,DEBIT_CARD,6,279,1,0,1418,0,0,1,ADVERSARIAL_MULTI_SIGNAL
CUST_88855,1260.72,Douglas LLC,FOOD,GB,WALLET,2,849,1,0,1233,0,1,1,ADVERSARIAL_MULTI_SIGNAL
CUST_27369,2090.36,Baker and Sons,FOOD,CN,UPI,4,267,0,0,2430,1,0,1,ADVERSARIAL_LOW_AND_SLOW
CUST_98480,2748.28,Moody-Anderson,EDUCATION,NG,WALLET,2,231,0,0,1520,1,0,1,ADVERSARIAL_LOW_AND_SLOW
CUST_37014,926.94,Freeman LLC,EDUCATION,NG,UPI,6,493,0,0,2018,0,0,1,ADVERSARIAL_LOW_AND_SLOW
CUST_92592,2867.84,"Jensen, Johnson and Fisher",ECOMMERCE,GB,CREDIT_CARD,1,223,0,1,1411,1,0,1,ADVERSARIAL_MULTI_SIGNAL
CUST_43507,1906.01,Arroyo-Reynolds,TRAVEL,IN,DEBIT_CARD,4,144,1,0,1533,0,0,1,ADVERSARIAL_LOW_AND_SLOW
CUST_26545,4715.66,"Bennett, Holmes and West",HEALTHCARE,US,UPI,2,725,0,0,305,0,1,1,ADVERSARIAL_LOW_AND_SLOW
CUST_85195,777.76,Rios-Lewis,GROCERY,IN,DEBIT_CARD,3,304,1,0,778,0,0,1,ADVERSARIAL_LOW_AND_SLOW
CUST_47034,2915.52,Kirk PLC,ECOMMERCE,US,DEBIT_CARD,2,922,0,0,2396,1,1,1,ADVERSARIAL_MULTI_SIGNAL
CUST_27106,4518.02,Clarke PLC,OTHER,GB,CREDIT_CARD,6,643,0,1,811,0,0,1,ADVERSARIAL_MULTI_SIGNAL
CUST_80282,473.09,Adkins-Contreras,EDUCATION,NG,CREDIT_CARD,4,173,1,1,1944,0,0,1,ADVERSARIAL_MULTI_SIGNAL
CUST_84861,6960.13,Johnson Inc,ECOMMERCE,CN,DEBIT_CARD,3,34,1,0,93,1,0,1,ADVERSARIAL_MULTI_SIGNAL
CUST_69376,4034.89,"Ramirez, Anderson and Brooks",GROCERY,IN,CREDIT_CARD,5,432,1,0,1486,0,0,1,ADVERSARIAL_MULTI_SIGNAL
CUST_36227,1269.97,"Stokes, Costa and Lewis",FOOD,CN,UPI,3,104,0,1,1658,0,1,1,ADVERSARIAL_MULTI_SIGNAL
CUST_61205,2229.84,Johnson-Jones,ENTERTAINMENT,IN,UPI,4,515,0,1,2424,0,1,1,ADVERSARIAL_MULTI_SIGNAL
CUST_60001,3380.63,"Chen, Case and Vance",ENTERTAINMENT,GB,WALLET,1,985,0,1,1511,0,0,1,ADVERSARIAL_LOW_AND_SLOW
CUST_73369,3551.35,Thomas and Sons,HEALTHCARE,GB,NET_BANKING,7,240,0,1,2174,0,0,1,ADVERSARIAL_MULTI_SIGNAL
CUST_73079,2521.96,"Gates, Murray and Jones",TRAVEL,CN,WALLET,3,136,1,1,2432,0,0,1,ADVERSARIAL_MULTI_SIGNAL
CUST_36400,361.56,Ryan Group,ENTERTAINMENT,IN,UPI,7,313,0,0,2160,0,0,1,ADVERSARIAL_LOW_AND_SLOW
CUST_37052,236.82,"Gonzalez, Cardenas and Taylor",OTHER,IN,WALLET,1,967,1,0,469,0,0,1,ADVERSARIAL_LOW_AND_SLOW
CUST_23687,3023.35,"Knight, Rivera and Pearson",TRAVEL,NG,WALLET,3,513,0,0,2209,1,0,1,ADVERSARIAL_LOW_AND_SLOW
CUST_74223,6601.37,Ruiz-Mckee,ENTERTAINMENT,GB,NET_BANKING,3,73,0,1,1751,0,1,1,ADVERSARIAL_MULTI_SIGNAL
CUST_23591,5530.76,"Romero, Cobb and Nelson",TRAVEL,US,NET_BANKING,4,198,0,0,2473,1,1,1,ADVERSARIAL_MULTI_SIGNAL
CUST_49335,4040.83,Le-Garcia,FOOD,US,UPI,1,393,0,1,1642,0,0,1,ADVERSARIAL_LOW_AND_SLOW
CUST_88310,337.23,Newton-Stephens,GROCERY,GB,WALLET,5,765,1,0,694,0,0,1,ADVERSARIAL_MULTI_SIGNAL
CUST_92139,1870.82,"Brown, Dudley and White",GROCERY,IN,WALLET,4,402,0,0,2355,1,0,1,ADVERSARIAL_LOW_AND_SLOW
CUST_83716,3099.49,Webb-Anderson,HEALTHCARE,NG,UPI,8,634,1,0,953,0,0,1,ADVERSARIAL_MULTI_SIGNAL
CUST_65434,7609.27,"Robinson, Moore and Sanchez",ENTERTAINMENT,CN,DEBIT_CARD,1,325,1,0,703,0,1,1,ADVERSARIAL_MULTI_SIGNAL
CUST_34319,1604.92,Vargas LLC,EDUCATION,IN,UPI,2,360,0,1,1621,0,0,1,ADVERSARIAL_LOW_AND_SLOW
CUST_44445,2267.08,Pearson PLC,OTHER,GB,DEBIT_CARD,2,287,0,0,350,0,1,1,ADVERSARIAL_LOW_AND_SLOW
CUST_17562,1581.37,"Dawson, Orozco and Mata",EDUCATION,IN,UPI,4,606,1,0,1303,0,1,1,ADVERSARIAL_MULTI_SIGNAL
CUST_51712,1717.7,Bryant Group,EDUCATION,US,NET_BANKING,2,753,0,1,1058,0,1,1,ADVERSARIAL_MULTI_SIGNAL
CUST_79755,2100.92,Fry-Hartman,ENTERTAINMENT,CN,WALLET,1,804,1,0,1049,0,0,1,ADVERSARIAL_LOW_AND_SLOW
CUST_41002,1128.92,Guerrero-Ward,ECOMMERCE,US,WALLET,7,224,0,0,35,1,0,1,ADVERSARIAL_MULTI_SIGNAL
CUST_67164,1917.8,Bell Group,ECOMMERCE,US,DEBIT_CARD,5,316,0,0,1417,0,1,1,ADVERSARIAL_MULTI_SIGNAL
CUST_92773,3816.4,"Sheppard, Bishop and Hill",EDUCATION,GB,WALLET,1,614,1,0,2127,0,1,1,ADVERSARIAL_MULTI_SIGNAL
CUST_49432,690.03,Kim Ltd,FOOD,GB,NET_BANKING,8,55,1,0,1144,0,0,1,ADVERSARIAL_MULTI_SIGNAL
CUST_45477,4564.77,"Ramirez, Williams and Elliott",EDUCATION,GB,WALLET,1,514,1,0,614,0,0,1,ADVERSARIAL_LOW_AND_SLOW
CUST_70826,2862.89,"Powers, Hunt and Thomas",EDUCATION,NG,CREDIT_CARD,8,947,1,0,107,0,0,1,ADVERSARIAL_MULTI_SIGNAL
CUST_83617,2409.59,"Mitchell, Wolf and Hill",TRAVEL,NG,UPI,7,695,0,0,964,1,0,1,ADVERSARIAL_MULTI_SIGNAL
CUST_12360,3835.19,Daniels-Smith,TRAVEL,CN,WALLET,4,351,0,0,1844,0,1,1,ADVERSARIAL_LOW_AND_SLOW
CUST_42733,11904.93,"Evans, Hampton and Martinez",OTHER,NG,UPI,3,562,1,0,1889,0,1,1,ADVERSARIAL_MULTI_SIGNAL
CUST_71481,989.24,Wilson Group,EDUCATION,IN,CREDIT_CARD,4,896,1,0,1064,0,0,1,ADVERSARIAL_LOW_AND_SLOW
CUST_11190,3876.86,Jackson-Holt,TRAVEL,GB,WALLET,1,809,1,0,1808,0,0,1,ADVERSARIAL_LOW_AND_SLOW
CUST_68653,2851.12,Boyer PLC,GROCERY,IN,DEBIT_CARD,2,825,0,1,296,0,0,1,ADVERSARIAL_LOW_AND_SLOW
CUST_94135,3844.43,Adams-Deleon,TRAVEL,IN,DEBIT_CARD,2,618,1,0,307,0,0,1,ADVERSARIAL_LOW_AND_SLOW
CUST_62714,1886.65,"Salas, Hensley and Miles",HEALTHCARE,CN,DEBIT_CARD,3,760,0,0,563,1,0,1,ADVERSARIAL_LOW_AND_SLOW
CUST_41642,1366.63,Clark and Sons,HEALTHCARE,IN,NET_BANKING,1,874,1,0,363,0,0,1,ADVERSARIAL_LOW_AND_SLOW
CUST_41135,2478.66,"Wright, Carson and Wall",ENTERTAINMENT,GB,WALLET,1,399,1,0,422,1,0,1,ADVERSARIAL_MULTI_SIGNAL
CUST_23541,9474.08,Bauer Group,HEALTHCARE,IN,DEBIT_CARD,1,76,1,0,1551,0,1,1,ADVERSARIAL_MULTI_SIGNAL
CUST_68953,12510.58,"Perez, Ferguson and Taylor",ENTERTAINMENT,NG,UPI,3,552,1,0,2237,0,1,1,ADVERSARIAL_MULTI_SIGNAL
CUST_58569,1065.15,"Riley, Howe and Ho",GROCERY,IN,DEBIT_CARD,5,808,0,0,82,0,1,1,ADVERSARIAL_MULTI_SIGNAL
CUST_10827,1348.55,Nunez LLC,TRAVEL,US,CREDIT_CARD,2,746,0,1,355,1,0,1,ADVERSARIAL_MULTI_SIGNAL
CUST_63975,2032.26,Barnes Inc,EDUCATION,IN,NET_BANKING,8,547,0,0,1138,1,0,1,ADVERSARIAL_MULTI_SIGNAL
CUST_44162,1825.49,Mitchell Inc,ECOMMERCE,CN,WALLET,7,634,0,0,1631,0,0,1,ADVERSARIAL_LOW_AND_SLOW
CUST_99928,1716.48,Gonzalez-Hernandez,GROCERY,CN,UPI,3,835,0,1,1678,0,0,1,ADVERSARIAL_LOW_AND_SLOW
CUST_48367,4610.53,"Rivers, Valenzuela and Jennings",ENTERTAINMENT,NG,NET_BANKING,1,396,1,0,1812,0,1,1,ADVERSARIAL_MULTI_SIGNAL
CUST_94450,5136.19,Winters-Cain,TRAVEL,NG,CREDIT_CARD,2,861,0,1,2164,0,0,1,ADVERSARIAL_LOW_AND_SLOW
CUST_15175,2969.02,Beck-Bentley,ENTERTAINMENT,NG,NET_BANKING,2,586,1,1,2017,0,0,1,ADVERSARIAL_MULTI_SIGNAL
CUST_36920,3252.81,Jackson-Pacheco,HEALTHCARE,US,UPI,1,187,0,1,1511,1,0,1,ADVERSARIAL_MULTI_SIGNAL
CUST_79581,2677.14,Myers Group,ENTERTAINMENT,NG,WALLET,7,983,0,0,364,1,0,1,ADVERSARIAL_MULTI_SIGNAL
CUST_55188,1443.63,Shelton-Sullivan,OTHER,NG,UPI,8,94,0,0,1016,1,0,1,ADVERSARIAL_MULTI_SIGNAL
CUST_61036,3862.84,Waller Ltd,FOOD,GB,WALLET,3,63,0,0,632,1,0,1,ADVERSARIAL_LOW_AND_SLOW
CUST_77279,1218.75,"Rivera, Donovan and Rodriguez",EDUCATION,GB,WALLET,4,426,1,0,537,0,0,1,ADVERSARIAL_LOW_AND_SLOW
CUST_57934,2084.29,Smith-Lee,OTHER,IN,NET_BANKING,4,602,0,0,511,1,0,1,ADVERSARIAL_LOW_AND_SLOW
CUST_91870,6388.74,Cannon and Sons,HEALTHCARE,US,CREDIT_CARD,7,575,0,0,833,0,1,1,ADVERSARIAL_MULTI_SIGNAL
CUST_11738,286.45,"Hernandez, Gutierrez and Walsh",HEALTHCARE,CN,CREDIT_CARD,6,451,0,0,1460,0,0,1,ADVERSARIAL_LOW_AND_SLOW
CUST_84741,1516.68,Pace-White,GROCERY,IN,WALLET,8,205,0,0,309,0,1,1,ADVERSARIAL_MULTI_SIGNAL
CUST_77203,2062.76,Hall-Henderson,OTHER,IN,DEBIT_CARD,1,565,0,0,1367,1,0,1,ADVERSARIAL_LOW_AND_SLOW
CUST_35425,1604.47,"Clark, Howard and Long",HEALTHCARE,IN,CREDIT_CARD,2,420,1,1,1340,0,0,1,ADVERSARIAL_MULTI_SIGNAL
CUST_67620,5871.24,"Garcia, Johnson and Wilson",FOOD,US,WALLET,6,302,0,0,2045,0,1,1,ADVERSARIAL_MULTI_SIGNAL
CUST_26003,2241.0,Valencia-Lopez,ENTERTAINMENT,NG,CREDIT_CARD,8,427,0,0,2001,0,0,1,ADVERSARIAL_LOW_AND_SLOW
CUST_79901,1059.81,"Hernandez, Bradley and Harris",ECOMMERCE,IN,CREDIT_CARD,5,418,0,0,2327,0,0,1,ADVERSARIAL_LOW_AND_SLOW
CUST_99958,4832.07,Clark Ltd,TRAVEL,US,NET_BANKING,1,540,0,1,918,0,0,1,ADVERSARIAL_LOW_AND_SLOW
CUST_93872,1565.23,"Boyd, Smith and Kent",OTHER,GB,NET_BANKING,2,532,0,1,2234,0,1,1,ADVERSARIAL_MULTI_SIGNAL
CUST_56830,1308.21,Sanchez-Heath,EDUCATION,US,UPI,5,128,0,0,1537,0,0,1,ADVERSARIAL_LOW_AND_SLOW
CUST_48097,5424.02,Johnson and Sons,ECOMMERCE,CN,DEBIT_CARD,2,98,0,1,1270,1,0,1,ADVERSARIAL_MULTI_SIGNAL
CUST_26749,3802.42,"Kelley, Garcia and Hoover",EDUCATION,CN,UPI,1,555,1,0,1260,0,1,1,ADVERSARIAL_MULTI_SIGNAL
CUST_22495,1344.29,Taylor PLC,ECOMMERCE,CN,NET_BANKING,6,345,0,0,1273,1,0,1,ADVERSARIAL_MULTI_SIGNAL
CUST_51966,393.36,Barnett Group,GROCERY,NG,DEBIT_CARD,1,415,1,0,2337,0,0,1,ADVERSARIAL_LOW_AND_SLOW
CUST_48679,238.27,Monroe and Sons,TRAVEL,GB,CREDIT_CARD,6,151,0,0,138,0,0,1,ADVERSARIAL_LOW_AND_SLOW
CUST_62943,4931.24,"Gomez, Mclean and Matthews",ENTERTAINMENT,GB,WALLET,4,994,0,0,1067,1,0,1,ADVERSARIAL_LOW_AND_SLOW
CUST_27511,293.27,Matthews-Duffy,GROCERY,GB,CREDIT_CARD,1,547,0,1,1765,0,0,1,ADVERSARIAL_LOW_AND_SLOW
CUST_18965,2676.41,Barry Ltd,OTHER,US,WALLET,3,660,0,1,1428,0,0,1,ADVERSARIAL_LOW_AND_SLOW
CUST_74928,7128.63,Ellis Ltd,ECOMMERCE,IN,NET_BANKING,3,415,0,0,463,0,1,1,ADVERSARIAL_LOW_AND_SLOW
CUST_24634,4608.05,"Thompson, Walter and Thomas",EDUCATION,CN,UPI,5,361,0,1,585,0,0,1,ADVERSARIAL_MULTI_SIGNAL
CUST_51411,3373.54,"English, Ramirez and Bray",TRAVEL,IN,WALLET,1,326,0,1,568,1,0,1,ADVERSARIAL_MULTI_SIGNAL
CUST_99123,3648.2,"Douglas, Lowe and Williams",GROCERY,CN,CREDIT_CARD,8,118,0,1,1286,0,0,1,ADVERSARIAL_MULTI_SIGNAL
CUST_31697,1093.41,Robinson LLC,GROCERY,GB,UPI,6,826,0,1,691,0,0,1,ADVERSARIAL_MULTI_SIGNAL
CUST_40060,3436.68,Lawson Group,HEALTHCARE,GB,WALLET,4,527,0,1,793,1,0,1,ADVERSARIAL_MULTI_SIGNAL
CUST_39021,8199.97,"Espinoza, Giles and Gentry",FOOD,IN,NET_BANKING,1,266,0,1,318,0,1,1,ADVERSARIAL_MULTI_SIGNAL
CUST_69488,1414.71,"Salazar, Robinson and Bell",TRAVEL,US,WALLET,1,470,0,0,197,1,1,1,ADVERSARIAL_MULTI_SIGNAL
CUST_40765,618.16,Johns-Serrano,HEALTHCARE,US,DEBIT_CARD,4,923,0,0,129,1,1,1,ADVERSARIAL_MULTI_SIGNAL
CUST_81314,683.67,"Holloway, Reynolds and Russell",OTHER,US,CREDIT_CARD,6,469,0,0,586,0,0,1,ADVERSARIAL_LOW_AND_SLOW
CUST_94012,880.36,Meyer-Wall,EDUCATION,GB,UPI,4,499,0,0,2006,1,0,1,ADVERSARIAL_LOW_AND_SLOW
CUST_27624,1163.03,"Bruce, Schmidt and Mcdaniel",HEALTHCARE,IN,DEBIT_CARD,4,824,1,0,909,0,0,1,ADVERSARIAL_LOW_AND_SLOW
CUST_74033,6267.73,"Long, Castro and Price",HEALTHCARE,US,CREDIT_CARD,4,321,0,1,302,0,0,1,ADVERSARIAL_LOW_AND_SLOW
CUST_78293,5570.86,"Parker, Mata and Stanton",EDUCATION,US,CREDIT_CARD,5,642,0,0,2130,0,1,1,ADVERSARIAL_MULTI_SIGNAL
CUST_82308,7003.95,Perkins-Wood,FOOD,US,UPI,1,309,1,0,1158,0,1,1,ADVERSARIAL_MULTI_SIGNAL
CUST_93172,4280.74,"Stanton, Robinson and Hammond",OTHER,CN,NET_BANKING,6,618,0,0,1229,0,0,1,ADVERSARIAL_LOW_AND_SLOW
CUST_29966,3140.81,Jones PLC,ENTERTAINMENT,NG,NET_BANKING,5,654,0,0,1300,0,0,1,ADVERSARIAL_LOW_AND_SLOW
CUST_41125,349.75,"King, Meyer and Simmons",ECOMMERCE,GB,UPI,5,707,0,0,367,0,0,1,ADVERSARIAL_LOW_AND_SLOW
CUST_59841,926.15,Howell PLC,EDUCATION,NG,CREDIT_CARD,3,712,0,1,341,0,1,1,ADVERSARIAL_MULTI_SIGNAL
CUST_41442,634.47,"Brown, House and Wilkins",FOOD,CN,WALLET,3,875,0,1,958,1,0,1,ADVERSARIAL_MULTI_SIGNAL
CUST_32591,2023.36,"Lester, Robinson and Oconnor",ECOMMERCE,US,UPI,5,103,0,0,1736,0,0,1,ADVERSARIAL_LOW_AND_SLOW
CUST_62165,3547.37,Jones-Roberts,FOOD,CN,CREDIT_CARD,2,346,0,0,512,1,0,1,ADVERSARIAL_LOW_AND_SLOW
CUST_53791,3805.84,Velasquez-Barrera,FOOD,US,DEBIT_CARD,1,264,1,0,2429,0,1,1,ADVERSARIAL_MULTI_SIGNAL
CUST_45499,5041.3,James Ltd,ENTERTAINMENT,CN,DEBIT_CARD,4,72,0,1,292,1,0,1,ADVERSARIAL_MULTI_SIGNAL
CUST_30934,3099.21,Suarez LLC,FOOD,CN,DEBIT_CARD,7,674,0,1,1160,0,0,1,ADVERSARIAL_MULTI_SIGNAL
CUST_32621,1513.55,Mendoza-Gay,ENTERTAINMENT,CN,NET_BANKING,2,680,1,1,1846,0,0,1,ADVERSARIAL_MULTI_SIGNAL
CUST_56683,2891.84,"Hood, Brandt and Roberts",EDUCATION,IN,WALLET,8,120,0,0,1030,0,1,1,ADVERSARIAL_MULTI_SIGNAL
CUST_57026,3361.69,"Martin, Crosby and Turner",HEALTHCARE,IN,DEBIT_CARD,6,886,0,1,2453,0,0,1,ADVERSARIAL_MULTI_SIGNAL
CUST_83438,4856.23,Stanton-Hardy,FOOD,CN,DEBIT_CARD,2,393,0,1,1026,0,0,1,ADVERSARIAL_LOW_AND_SLOW
CUST_39005,768.92,"Moran, Stevens and West",TRAVEL,GB,DEBIT_CARD,2,542,0,0,546,1,0,1,ADVERSARIAL_LOW_AND_SLOW
CUST_90119,3538.28,"Davis, Buchanan and Norton",ENTERTAINMENT,NG,NET_BANKING,3,97,0,1,2397,0,0,1,ADVERSARIAL_LOW_AND_SLOW
CUST_23801,1751.87,Johnson and Sons,TRAVEL,CN,UPI,4,925,0,1,1220,0,0,1,ADVERSARIAL_LOW_AND_SLOW
CUST_81222,1003.23,Gibbs Group,GROCERY,IN,DEBIT_CARD,8,512,0,1,512,0,0,1,ADVERSARIAL_MULTI_SIGNAL
CUST_82308,8554.29,Perkins-Wood,FOOD,IN,NET_BANKING,1,309,0,1,1158,0,1,1,ADVERSARIAL_MULTI_SIGNAL
CUST_24077,2503.96,Peters and Sons,OTHER,GB,WALLET,2,525,0,0,1878,1,0,1,ADVERSARIAL_LOW_AND_SLOW
CUST_76680,5841.92,Myers PLC,HEALTHCARE,CN,UPI,1,1000,0,0,1855,1,0,1,ADVERSARIAL_LOW_AND_SLOW
CUST_51754,9138.53,Lewis Group,GROCERY,IN,UPI,2,845,0,0,2385,0,1,1,ADVERSARIAL_LOW_AND_SLOW
CUST_16713,2312.57,Stephenson PLC,HEALTHCARE,GB,NET_BANKING,4,591,1,0,825,0,0,1,ADVERSARIAL_LOW_AND_SLOW
CUST_85612,3628.63,Dixon Inc,ECOMMERCE,NG,WALLET,3,562,0,1,2056,0,1,1,ADVERSARIAL_MULTI_SIGNAL
CUST_33603,2954.6,Cooley Ltd,EDUCATION,IN,UPI,7,754,1,0,2173,0,0,1,ADVERSARIAL_MULTI_SIGNAL
CUST_98410,1648.53,Jones PLC,OTHER,IN,CREDIT_CARD,8,239,1,0,543,0,0,1,ADVERSARIAL_MULTI_SIGNAL
CUST_48982,724.6,"Garcia, Morgan and Gordon",ENTERTAINMENT,US,UPI,6,189,0,0,2144,1,0,1,ADVERSARIAL_MULTI_SIGNAL
CUST_15877,3502.39,"Hernandez, Cook and Simpson",OTHER,NG,UPI,3,893,0,0,1389,1,0,1,ADVERSARIAL_LOW_AND_SLOW
CUST_63903,866.32,Phillips Group,TRAVEL,CN,UPI,4,711,1,0,75,1,0,1,ADVERSARIAL_MULTI_SIGNAL
CUST_59278,1667.61,Collins-Conrad,GROCERY,GB,WALLET,1,641,0,0,313,0,1,1,ADVERSARIAL_LOW_AND_SLOW
CUST_66582,563.24,Miller Group,EDUCATION,US,NET_BANKING,3,794,1,0,1041,1,0,1,ADVERSARIAL_MULTI_SIGNAL
CUST_48435,2815.64,"Wallace, Dixon and Martin",HEALTHCARE,CN,NET_BANKING,1,395,0,0,1491,1,1,1,ADVERSARIAL_MULTI_SIGNAL
CUST_37530,5033.99,Jones Inc,ECOMMERCE,NG,DEBIT_CARD,3,381,0,0,2189,1,0,1,ADVERSARIAL_LOW_AND_SLOW
CUST_32606,5320.72,Brown-Robertson,FOOD,US,WALLET,6,65,0,0,352,0,1,1,ADVERSARIAL_MULTI_SIGNAL
CUST_11267,267.17,Simmons-Davis,TRAVEL,NG,WALLET,6,470,1,0,488,0,0,1,ADVERSARIAL_MULTI_SIGNAL
CUST_16259,2497.74,"Mckee, Larson and Perkins",HEALTHCARE,CN,UPI,1,820,1,0,2171,1,0,1,ADVERSARIAL_MULTI_SIGNAL
CUST_65334,8481.12,Ayala Group,FOOD,GB,NET_BANKING,1,162,0,0,1285,0,1,1,ADVERSARIAL_LOW_AND_SLOW
CUST_15726,7430.42,Obrien PLC,FOOD,US,CREDIT_CARD,1,548,0,0,2220,0,1,1,ADVERSARIAL_LOW_AND_SLOW
CUST_66491,1286.61,Benson and Sons,EDUCATION,US,CREDIT_CARD,2,868,0,0,2053,1,1,1,ADVERSARIAL_MULTI_SIGNAL
CUST_80837,650.63,"Martinez, Duncan and Jones",GROCERY,NG,UPI,3,278,1,0,100,0,0,1,ADVERSARIAL_LOW_AND_SLOW
CUST_96997,422.74,Armstrong-Hancock,ENTERTAINMENT,NG,UPI,1,510,0,1,349,0,0,1,ADVERSARIAL_LOW_AND_SLOW
CUST_74094,2857.48,"Hernandez, Henderson and Duncan",TRAVEL,GB,UPI,2,247,0,0,1411,1,0,1,ADVERSARIAL_LOW_AND_SLOW
CUST_68340,5365.32,Torres-Nelson,FOOD,NG,WALLET,7,250,0,0,1882,0,0,1,ADVERSARIAL_LOW_AND_SLOW
CUST_79415,6054.51,Palmer-Mitchell,ECOMMERCE,CN,WALLET,3,965,1,0,1006,0,0,1,ADVERSARIAL_LOW_AND_SLOW
CUST_14791,1700.5,Camacho-Howard,FOOD,CN,UPI,1,371,0,1,1911,0,0,1,ADVERSARIAL_LOW_AND_SLOW
CUST_70727,11924.18,Dunn LLC,HEALTHCARE,CN,NET_BANKING,2,281,1,0,1484,0,1,1,ADVERSARIAL_MULTI_SIGNAL
CUST_17165,972.32,"Smith, Lane and Graham",ECOMMERCE,NG,UPI,3,58,1,0,1551,0,0,1,ADVERSARIAL_LOW_AND_SLOW
CUST_56234,3417.14,"Lopez, Holden and Davis",EDUCATION,NG,NET_BANKING,1,76,0,0,2407,1,0,1,ADVERSARIAL_LOW_AND_SLOW
CUST_21537,2684.22,"Martin, Chaney and Leonard",EDUCATION,GB,WALLET,1,663,0,1,1263,0,1,1,ADVERSARIAL_MULTI_SIGNAL
CUST_89616,3167.73,"Gonzalez, Fox and Clark",EDUCATION,NG,DEBIT_CARD,2,132,1,0,392,0,0,1,ADVERSARIAL_LOW_AND_SLOW
CUST_77182,1049.44,Mcdowell Ltd,GROCERY,CN,NET_BANKING,3,974,0,0,2289,0,1,1,ADVERSARIAL_LOW_AND_SLOW
CUST_38099,3684.48,Garcia-Dixon,FOOD,CN,NET_BANKING,7,167,1,0,1126,0,0,1,ADVERSARIAL_MULTI_SIGNAL
CUST_87846,2773.78,"Turner, Young and Ritter",GROCERY,GB,CREDIT_CARD,5,156,1,0,226,0,0,1,ADVERSARIAL_MULTI_SIGNAL
CUST_80050,7036.06,Lyons-Stuart,HEALTHCARE,US,WALLET,3,176,1,0,2162,0,1,1,ADVERSARIAL_MULTI_SIGNAL
CUST_34423,1216.01,"Hale, Leonard and Lewis",TRAVEL,GB,NET_BANKING,7,592,0,0,699,0,0,1,ADVERSARIAL_LOW_AND_SLOW
CUST_19157,621.3,Wheeler-Green,EDUCATION,US,CREDIT_CARD,4,928,1,0,345,1,0,1,ADVERSARIAL_MULTI_SIGNAL
CUST_76439,2413.2,Tran Ltd,FOOD,CN,WALLET,1,112,1,0,58,0,0,1,ADVERSARIAL_LOW_AND_SLOW
CUST_41439,4621.99,Hahn PLC,EDUCATION,US,WALLET,4,958,0,0,2228,0,1,1,ADVERSARIAL_LOW_AND_SLOW
CUST_15259,1425.66,Blackwell-Mckinney,GROCERY,US,DEBIT_CARD,3,748,1,0,849,0,0,1,ADVERSARIAL_LOW_AND_SLOW
CUST_46675,759.78,"Green, Moore and Wilson",ECOMMERCE,GB,UPI,2,763,0,0,2057,1,0,1,ADVERSARIAL_LOW_AND_SLOW
CUST_96838,5420.5,Smith-Johnson,FOOD,IN,UPI,4,272,1,0,546,0,0,1,ADVERSARIAL_LOW_AND_SLOW
CUST_71990,9584.83,Paul Inc,ECOMMERCE,IN,UPI,3,920,0,0,1125,1,1,1,ADVERSARIAL_MULTI_SIGNAL
CUST_65313,4912.15,"Anderson, Martin and Davis",ECOMMERCE,CN,UPI,4,52,0,0,373,1,0,1,ADVERSARIAL_LOW_AND_SLOW
CUST_21684,914.28,Frederick and Sons,HEALTHCARE,CN,WALLET,2,246,1,0,501,0,0,1,ADVERSARIAL_LOW_AND_SLOW
CUST_10593,631.97,Snyder Ltd,HEALTHCARE,CN,UPI,4,247,1,0,184,0,0,1,ADVERSARIAL_LOW_AND_SLOW
CUST_13811,1765.82,Fernandez and Sons,ECOMMERCE,US,CREDIT_CARD,4,738,1,1,2021,0,0,1,ADVERSARIAL_MULTI_SIGNAL
CUST_68190,2915.0,Smith-Rodriguez,TRAVEL,GB,DEBIT_CARD,5,677,0,1,733,0,0,1,ADVERSARIAL_MULTI_SIGNAL
CUST_21297,805.54,Smith-Irwin,ECOMMERCE,GB,WALLET,4,409,0,0,1340,1,1,1,ADVERSARIAL_MULTI_SIGNAL
CUST_96868,3053.26,White Inc,EDUCATION,US,WALLET,2,588,1,0,1733,0,0,1,ADVERSARIAL_LOW_AND_SLOW
CUST_47413,1110.89,Price-Mccall,FOOD,GB,CREDIT_CARD,3,588,0,0,2365,1,0,1,ADVERSARIAL_LOW_AND_SLOW
CUST_79931,2128.19,Henderson and Sons,TRAVEL,NG,DEBIT_CARD,5,135,0,0,1978,1,0,1,ADVERSARIAL_MULTI_SIGNAL
CUST_91200,1553.78,Hart and Sons,ECOMMERCE,IN,UPI,4,357,0,0,593,1,0,1,ADVERSARIAL_LOW_AND_SLOW
CUST_32656,4222.7,"Parsons, Pace and Moran",OTHER,CN,CREDIT_CARD,2,418,1,0,1127,0,1,1,ADVERSARIAL_MULTI_SIGNAL
CUST_63329,2519.24,"Patterson, Bauer and Nielsen",OTHER,IN,NET_BANKING,3,162,1,0,2077,0,0,1,ADVERSARIAL_LOW_AND_SLOW
CUST_68438,1754.69,Garcia Inc,EDUCATION,IN,WALLET,2,147,1,1,1265,0,0,1,ADVERSARIAL_MULTI_SIGNAL
CUST_30968,1250.88,Baker Ltd,HEALTHCARE,GB,DEBIT_CARD,3,603,0,1,1585,0,0,1,ADVERSARIAL_LOW_AND_SLOW
CUST_59534,1852.37,Taylor-Stewart,ECOMMERCE,NG,DEBIT_CARD,1,570,0,0,2218,1,0,1,ADVERSARIAL_LOW_AND_SLOW
CUST_77697,2592.2,Boyd LLC,EDUCATION,GB,DEBIT_CARD,2,595,0,1,743,0,1,1,ADVERSARIAL_MULTI_SIGNAL
CUST_93215,4560.84,Barton-Buchanan,EDUCATION,NG,DEBIT_CARD,4,430,0,0,167,0,1,1,ADVERSARIAL_LOW_AND_SLOW
CUST_65075,1312.73,"Roberts, Nunez and Robinson",EDUCATION,CN,UPI,4,150,0,0,1243,1,0,1,ADVERSARIAL_LOW_AND_SLOW
CUST_86438,3396.97,"Vazquez, Cantu and Curry",TRAVEL,US,WALLET,4,236,1,0,917,0,1,1,ADVERSARIAL_MULTI_SIGNAL
CUST_94113,2857.46,"Sanders, Torres and Patel",EDUCATION,US,UPI,1,429,1,1,508,0,0,1,ADVERSARIAL_MULTI_SIGNAL
CUST_28904,6314.17,Reyes-Holland,HEALTHCARE,NG,CREDIT_CARD,6,631,0,0,2240,0,0,1,ADVERSARIAL_LOW_AND_SLOW
CUST_69597,3968.98,Guzman-Herman,HEALTHCARE,GB,CREDIT_CARD,6,900,0,0,2029,1,0,1,ADVERSARIAL_MULTI_SIGNAL
CUST_95878,3800.73,Johnson-Lane,OTHER,IN,DEBIT_CARD,4,264,1,0,1985,0,0,1,ADVERSARIAL_LOW_AND_SLOW
CUST_40041,3899.79,Hill Group,EDUCATION,GB,DEBIT_CARD,1,236,1,0,157,0,0,1,ADVERSARIAL_LOW_AND_SLOW
CUST_35403,1759.15,"Marquez, Peters and White",TRAVEL,IN,WALLET,3,307,0,0,780,0,1,1,ADVERSARIAL_LOW_AND_SLOW
CUST_65989,3057.98,Brown-Adams,FOOD,GB,DEBIT_CARD,3,500,0,0,32,1,0,1,ADVERSARIAL_LOW_AND_SLOW
CUST_91254,2932.32,Johnston LLC,EDUCATION,US,NET_BANKING,2,335,1,1,2132,0,0,1,ADVERSARIAL_MULTI_SIGNAL
CUST_61000,4732.01,"Hooper, Harris and Wilson",FOOD,NG,WALLET,1,542,0,0,977,0,1,1,ADVERSARIAL_LOW_AND_SLOW
CUST_64943,5114.46,Powell Ltd,ENTERTAINMENT,IN,DEBIT_CARD,6,467,0,1,1288,0,0,1,ADVERSARIAL_MULTI_SIGNAL
CUST_96536,2319.18,"Hanson, Freeman and Green",HEALTHCARE,CN,DEBIT_CARD,3,875,0,1,481,0,0,1,ADVERSARIAL_LOW_AND_SLOW
CUST_88263,2516.33,"Medina, Barton and Vasquez",ENTERTAINMENT,NG,WALLET,1,958,1,0,384,1,0,1,ADVERSARIAL_MULTI_SIGNAL
CUST_34319,3238.71,Vargas LLC,EDUCATION,IN,WALLET,5,360,0,0,1621,0,1,1,ADVERSARIAL_MULTI_SIGNAL
CUST_14546,1706.02,Martin and Sons,ECOMMERCE,NG,UPI,4,97,0,1,1829,0,0,1,ADVERSARIAL_LOW_AND_SLOW
CUST_99509,7260.65,Maxwell PLC,HEALTHCARE,CN,CREDIT_CARD,1,918,1,1,229,0,0,1,ADVERSARIAL_MULTI_SIGNAL
CUST_76965,6686.42,Glenn Group,ECOMMERCE,NG,CREDIT_CARD,7,872,0,0,2446,0,0,1,ADVERSARIAL_LOW_AND_SLOW
CUST_82223,2161.52,Watson Ltd,HEALTHCARE,US,CREDIT_CARD,5,508,0,1,2244,0,0,1,ADVERSARIAL_MULTI_SIGNAL
CUST_13910,4604.85,Hopkins Group,OTHER,US,WALLET,1,885,0,0,1886,1,0,1,ADVERSARIAL_LOW_AND_SLOW
CUST_86544,4911.26,Nichols LLC,HEALTHCARE,IN,NET_BANKING,2,980,0,0,1074,0,1,1,ADVERSARIAL_LOW_AND_SLOW
CUST_60458,5965.46,Herrera and Sons,GROCERY,US,NET_BANKING,4,66,1,0,1082,0,1,1,ADVERSARIAL_MULTI_SIGNAL
CUST_14445,1883.4,Norman LLC,TRAVEL,NG,DEBIT_CARD,7,979,0,0,2298,0,1,1,ADVERSARIAL_MULTI_SIGNAL
CUST_63841,3491.87,Reese-Mcmillan,EDUCATION,CN,CREDIT_CARD,3,46,0,0,1780,1,0,1,ADVERSARIAL_LOW_AND_SLOW
CUST_64943,12663.64,Powell Ltd,ENTERTAINMENT,IN,WALLET,3,467,0,1,1288,0,1,1,ADVERSARIAL_MULTI_SIGNAL
CUST_74041,6340.2,Morton Ltd,FOOD,US,UPI,4,344,1,0,1575,0,1,1,ADVERSARIAL_MULTI_SIGNAL
CUST_99472,1833.74,Nicholson-Costa,GROCERY,IN,NET_BANKING,7,155,0,0,2210,0,0,1,ADVERSARIAL_LOW_AND_SLOW
CUST_65255,2848.48,Sandoval-Webb,OTHER,GB,UPI,3,888,0,0,1640,1,0,1,ADVERSARIAL_LOW_AND_SLOW
CUST_26732,416.35,Carter-Green,ECOMMERCE,IN,UPI,5,511,0,1,1209,0,0,1,ADVERSARIAL_MULTI_SIGNAL
CUST_53952,3075.58,Moss Inc,ECOMMERCE,NG,DEBIT_CARD,4,296,1,0,710,1,0,1,ADVERSARIAL_MULTI_SIGNAL
CUST_58149,7849.36,Kennedy PLC,EDUCATION,US,WALLET,4,641,0,0,996,0,1,1,ADVERSARIAL_LOW_AND_SLOW
CUST_30250,1573.98,"Pruitt, Garcia and Donovan",HEALTHCARE,GB,WALLET,2,956,0,1,1868,1,0,1,ADVERSARIAL_MULTI_SIGNAL
CUST_83163,204.42,Elliott-Morales,HEALTHCARE,US,WALLET,6,723,0,1,2491,0,0,1,ADVERSARIAL_MULTI_SIGNAL
CUST_47794,2941.87,Downs and Sons,OTHER,IN,DEBIT_CARD,3,345,1,0,1809,0,0,1,ADVERSARIAL_LOW_AND_SLOW
CUST_90897,14969.02,Stephens-Hayes,OTHER,CN,NET_BANKING,2,408,0,0,682,0,1,1,ADVERSARIAL_LOW_AND_SLOW
CUST_81686,6465.98,Murillo and Sons,GROCERY,NG,DEBIT_CARD,2,206,1,0,609,0,1,1,ADVERSARIAL_MULTI_SIGNAL
CUST_85057,4793.62,Phillips-Barnes,EDUCATION,US,DEBIT_CARD,8,408,0,0,2006,1,0,1,ADVERSARIAL_MULTI_SIGNAL
CUST_61608,2568.24,Christensen LLC,OTHER,US,NET_BANKING,4,862,1,0,193,0,1,1,ADVERSARIAL_MULTI_SIGNAL
CUST_85459,4021.49,"Garcia, Velez and Fry",ENTERTAINMENT,NG,DEBIT_CARD,2,880,0,0,2202,1,0,1,ADVERSARIAL_LOW_AND_SLOW
CUST_45199,1960.86,Brewer Group,OTHER,NG,UPI,3,295,0,0,2457,0,1,1,ADVERSARIAL_LOW_AND_SLOW
CUST_39075,2038.06,Odonnell-Robinson,EDUCATION,CN,NET_BANKING,4,388,0,1,1792,1,0,1,ADVERSARIAL_MULTI_SIGNAL
CUST_45901,5136.64,Barker-Martin,EDUCATION,IN,NET_BANKING,2,545,0,0,2410,0,1,1,ADVERSARIAL_LOW_AND_SLOW
CUST_76920,1185.28,Garcia-Owens,ENTERTAINMENT,IN,WALLET,2,980,0,1,936,0,1,1,ADVERSARIAL_MULTI_SIGNAL
CUST_88090,5111.86,"Wiley, Washington and Mcdowell",GROCERY,US,UPI,1,367,0,0,811,1,1,1,ADVERSARIAL_MULTI_SIGNAL
CUST_76782,2627.77,Obrien Group,HEALTHCARE,IN,NET_BANKING,4,385,1,1,925,0,0,1,ADVERSARIAL_MULTI_SIGNAL
CUST_76920,489.36,Garcia-Owens,ENTERTAINMENT,IN,DEBIT_CARD,5,980,0,0,936,0,0,1,ADVERSARIAL_LOW_AND_SLOW
CUST_76676,6891.47,"Ellison, Walters and Morgan",GROCERY,NG,WALLET,4,882,1,0,721,0,1,1,ADVERSARIAL_MULTI_SIGNAL
CUST_93317,831.6,Flores PLC,EDUCATION,CN,NET_BANKING,1,812,0,1,1386,0,0,1,ADVERSARIAL_LOW_AND_SLOW
CUST_30093,3922.25,Williams-Gonzales,ENTERTAINMENT,GB,UPI,8,175,0,0,512,0,1,1,ADVERSARIAL_MULTI_SIGNAL
CUST_74033,13664.95,"Long, Castro and Price",HEALTHCARE,US,DEBIT_CARD,4,321,0,0,302,0,1,1,ADVERSARIAL_LOW_AND_SLOW
CUST_97905,1843.26,"Hoover, Rodriguez and Horton",TRAVEL,US,UPI,4,565,0,0,1271,0,1,1,ADVERSARIAL_LOW_AND_SLOW
CUST_91960,2905.31,"Hernandez, Price and Thomas",HEALTHCARE,GB,CREDIT_CARD,5,65,0,0,1558,0,0,1,ADVERSARIAL_LOW_AND_SLOW
CUST_41231,2347.7,"Zimmerman, Murphy and Rush",TRAVEL,NG,DEBIT_CARD,4,205,1,1,2451,0,0,1,ADVERSARIAL_MULTI_SIGNAL
CUST_24401,7470.38,Morgan-Stewart,TRAVEL,IN,NET_BANKING,1,972,0,0,2213,0,1,1,ADVERSARIAL_LOW_AND_SLOW
CUST_14067,1158.61,Rogers Ltd,GROCERY,US,DEBIT_CARD,1,607,0,1,1042,0,0,1,ADVERSARIAL_LOW_AND_SLOW
CUST_99658,3671.58,Mendoza-Anderson,FOOD,GB,NET_BANKING,4,598,1,0,1607,1,0,1,ADVERSARIAL_MULTI_SIGNAL
CUST_46472,2087.13,Robinson Ltd,HEALTHCARE,CN,CREDIT_CARD,3,499,0,1,443,0,0,1,ADVERSARIAL_LOW_AND_SLOW
CUST_67741,4258.86,"King, Moss and Warren",OTHER,GB,NET_BANKING,3,413,0,0,932,0,1,1,ADVERSARIAL_LOW_AND_SLOW
CUST_21328,6945.89,Rice-Velasquez,OTHER,NG,NET_BANKING,3,606,0,0,1611,1,1,1,ADVERSARIAL_MULTI_SIGNAL
CUST_22407,998.5,Thomas-Scott,HEALTHCARE,GB,UPI,2,515,1,0,2314,1,0,1,ADVERSARIAL_MULTI_SIGNAL
CUST_95426,3572.4,Rodriguez-Stanley,GROCERY,GB,NET_BANKING,6,565,0,0,2461,1,0,1,ADVERSARIAL_MULTI_SIGNAL
CUST_10829,1578.09,Mcdaniel and Sons,ENTERTAINMENT,CN,UPI,3,698,1,0,72,1,0,1,ADVERSARIAL_MULTI_SIGNAL
CUST_57820,5000.38,Evans and Sons,ENTERTAINMENT,GB,UPI,1,836,0,1,2013,0,0,1,ADVERSARIAL_LOW_AND_SLOW
CUST_50850,3764.07,Anderson PLC,HEALTHCARE,IN,DEBIT_CARD,1,539,0,0,1223,0,1,1,ADVERSARIAL_LOW_AND_SLOW
CUST_19216,6936.54,Olson-Daniel,ECOMMERCE,US,DEBIT_CARD,1,519,0,1,345,0,1,1,ADVERSARIAL_MULTI_SIGNAL
CUST_85511,4191.86,Garrison and Sons,HEALTHCARE,NG,UPI,2,453,0,1,1336,0,1,1,ADVERSARIAL_MULTI_SIGNAL
CUST_90808,2303.14,King-Johnson,FOOD,US,UPI,4,116,0,0,1267,1,0,1,ADVERSARIAL_LOW_AND_SLOW
CUST_11165,7184.7,Bryan Ltd,ENTERTAINMENT,GB,DEBIT_CARD,2,917,0,0,2387,0,1,1,ADVERSARIAL_LOW_AND_SLOW
CUST_73788,7994.65,Gibson PLC,GROCERY,NG,UPI,8,380,0,0,1110,0,1,1,ADVERSARIAL_MULTI_SIGNAL
CUST_69597,3968.98,Guzman-Herman,FOOD,GB,WALLET,3,900,0,1,2029,1,0,1,ADVERSARIAL_MULTI_SIGNAL
CUST_52879,3198.24,"Obrien, Collins and Weber",ECOMMERCE,CN,WALLET,4,153,1,0,1351,0,1,1,ADVERSARIAL_MULTI_SIGNAL
CUST_92727,3158.74,Kelly PLC,TRAVEL,NG,NET_BANKING,1,882,0,0,2440,1,0,1,ADVERSARIAL_LOW_AND_SLOW
CUST_70612,7300.78,"Carr, Cain and Mason",TRAVEL,GB,WALLET,7,142,1,0,2155,0,0,1,ADVERSARIAL_MULTI_SIGNAL
CUST_86039,2908.18,"Brooks, Strong and Sheppard",FOOD,NG,UPI,4,340,0,1,1925,0,0,1,ADVERSARIAL_LOW_AND_SLOW
CUST_70852,6401.92,Vance Inc,ENTERTAINMENT,GB,WALLET,4,334,0,0,1650,0,1,1,ADVERSARIAL_LOW_AND_SLOW
CUST_31354,4424.57,Nelson Inc,FOOD,IN,NET_BANKING,3,73,1,0,1386,0,1,1,ADVERSARIAL_MULTI_SIGNAL
CUST_54147,2142.2,Ruiz Ltd,GROCERY,IN,WALLET,3,454,1,1,2473,0,0,1,ADVERSARIAL_MULTI_SIGNAL
CUST_66560,1325.86,Phillips LLC,TRAVEL,IN,WALLET,1,296,1,0,1641,0,0,1,ADVERSARIAL_LOW_AND_SLOW
CUST_78131,729.9,Brown and Sons,EDUCATION,IN,CREDIT_CARD,2,418,0,1,53,0,0,1,ADVERSARIAL_LOW_AND_SLOW
CUST_29885,876.76,Odom Group,OTHER,GB,DEBIT_CARD,3,387,1,0,2114,0,0,1,ADVERSARIAL_LOW_AND_SLOW
CUST_46808,436.84,"Flores, Hoffman and Guerrero",EDUCATION,CN,UPI,8,270,0,0,1183,1,0,1,ADVERSARIAL_MULTI_SIGNAL
CUST_99192,6822.05,"Alvarez, Stone and Ramirez",ECOMMERCE,IN,NET_BANKING,3,707,0,0,322,1,0,1,ADVERSARIAL_LOW_AND_SLOW
CUST_67620,3531.37,"Garcia, Johnson and Wilson",EDUCATION,US,NET_BANKING,2,302,0,1,2045,1,0,1,ADVERSARIAL_MULTI_SIGNAL
CUST_55378,3392.76,Jordan Ltd,EDUCATION,US,NET_BANKING,3,731,1,0,449,0,1,1,ADVERSARIAL_MULTI_SIGNAL
CUST_71221,5348.12,Thompson LLC,ECOMMERCE,US,UPI,1,939,0,1,2428,0,1,1,ADVERSARIAL_MULTI_SIGNAL
CUST_97275,2727.48,Hall LLC,GROCERY,IN,DEBIT_CARD,4,823,0,0,2034,0,1,1,ADVERSARIAL_LOW_AND_SLOW
CUST_60353,3615.01,Cunningham Group,EDUCATION,IN,CREDIT_CARD,1,936,1,0,812,0,0,1,ADVERSARIAL_LOW_AND_SLOW
CUST_55382,1760.72,Velazquez LLC,ECOMMERCE,CN,NET_BANKING,6,970,1,0,1101,0,0,1,ADVERSARIAL_MULTI_SIGNAL
CUST_92085,2093.56,Morrow LLC,TRAVEL,CN,UPI,2,833,0,1,1372,0,1,1,ADVERSARIAL_MULTI_SIGNAL
CUST_16533,1205.76,Brown LLC,OTHER,CN,DEBIT_CARD,2,915,0,0,1700,1,1,1,ADVERSARIAL_MULTI_SIGNAL
CUST_49145,1857.0,Fernandez-Hill,OTHER,US,UPI,4,456,1,0,2455,0,0,1,ADVERSARIAL_LOW_AND_SLOW
CUST_63652,3962.45,"Rogers, Hayes and Johnson",HEALTHCARE,US,NET_BANKING,4,550,1,0,30,0,0,1,ADVERSARIAL_LOW_AND_SLOW
CUST_86838,3440.25,Hernandez Inc,HEALTHCARE,NG,WALLET,1,781,0,1,719,1,0,1,ADVERSARIAL_MULTI_SIGNAL
CUST_76680,5841.92,Myers PLC,GROCERY,NG,UPI,1,1000,1,0,1855,0,0,1,ADVERSARIAL_LOW_AND_SLOW
CUST_97542,1850.57,"Alvarado, Gonzales and Lamb",FOOD,CN,UPI,1,941,0,1,1528,0,1,1,ADVERSARIAL_MULTI_SIGNAL
CUST_72654,978.21,"Jones, Krueger and Morrison",HEALTHCARE,GB,DEBIT_CARD,8,441,0,0,57,0,0,1,ADVERSARIAL_LOW_AND_SLOW
CUST_20780,5475.81,"Butler, Duke and Aguirre",ENTERTAINMENT,IN,UPI,3,794,1,0,872,1,0,1,ADVERSARIAL_MULTI_SIGNAL
CUST_60344,3207.71,Moreno-Boyd,TRAVEL,US,NET_BANKING,8,613,0,1,2359,0,0,1,ADVERSARIAL_MULTI_SIGNAL
CUST_63184,7842.28,Brown-Stephenson,GROCERY,US,NET_BANKING,3,734,0,0,2354,1,1,1,ADVERSARIAL_MULTI_SIGNAL
CUST_55569,4030.57,Hale-Hatfield,ENTERTAINMENT,CN,WALLET,6,573,0,0,1355,0,0,1,ADVERSARIAL_LOW_AND_SLOW
CUST_78920,3280.81,"Diaz, Ellison and Taylor",OTHER,GB,DEBIT_CARD,5,353,0,1,2162,0,0,1,ADVERSARIAL_MULTI_SIGNAL
CUST_51530,1206.14,Williams PLC,OTHER,GB,CREDIT_CARD,6,446,0,0,602,1,0,1,ADVERSARIAL_MULTI_SIGNAL
CUST_41642,1366.63,Clark and Sons,HEALTHCARE,US,NET_BANKING,8,874,0,0,363,0,0,1,ADVERSARIAL_LOW_AND_SLOW
CUST_28043,4369.68,Harmon-Diaz,ECOMMERCE,NG,NET_BANKING,5,503,0,1,1255,0,0,1,ADVERSARIAL_MULTI_SIGNAL
CUST_37391,5436.0,George-Walker,HEALTHCARE,GB,CREDIT_CARD,6,979,0,0,2262,0,0,1,ADVERSARIAL_LOW_AND_SLOW
CUST_78461,7351.0,"Barnes, Romero and Chavez",HEALTHCARE,CN,WALLET,3,856,0,0,2435,0,1,1,ADVERSARIAL_LOW_AND_SLOW
CUST_17923,3350.83,Price-Matthews,GROCERY,IN,CREDIT_CARD,6,572,1,0,2009,0,0,1,ADVERSARIAL_MULTI_SIGNAL
CUST_29400,2257.84,Allison-Oliver,FOOD,IN,CREDIT_CARD,6,343,0,1,1466,0,0,1,ADVERSARIAL_MULTI_SIGNAL
CUST_49145,1857.0,Fernandez-Hill,FOOD,GB,UPI,4,456,0,0,2455,1,0,1,ADVERSARIAL_LOW_AND_SLOW
CUST_29480,5042.69,"Rodgers, Hamilton and Marks",OTHER,IN,CREDIT_CARD,6,227,1,0,1500,0,0,1,ADVERSARIAL_MULTI_SIGNAL
CUST_40065,1644.31,Mckee-Wong,EDUCATION,GB,CREDIT_CARD,2,466,1,0,523,0,0,1,ADVERSARIAL_LOW_AND_SLOW
CUST_53127,11685.63,Hayes Group,ENTERTAINMENT,GB,WALLET,4,307,0,1,456,0,1,1,ADVERSARIAL_MULTI_SIGNAL
CUST_48205,420.03,"Phillips, Collins and Gardner",OTHER,CN,CREDIT_CARD,2,963,0,0,2188,1,0,1,ADVERSARIAL_LOW_AND_SLOW
CUST_72365,5675.38,"Bradley, Flowers and Brown",ENTERTAINMENT,IN,DEBIT_CARD,8,45,0,0,486,0,1,1,ADVERSARIAL_MULTI_SIGNAL
CUST_72070,1250.62,Beasley Ltd,EDUCATION,GB,CREDIT_CARD,7,513,1,0,2164,0,0,1,ADVERSARIAL_MULTI_SIGNAL
CUST_43451,785.59,Kim LLC,OTHER,IN,NET_BANKING,4,258,0,1,1540,0,0,1,ADVERSARIAL_LOW_AND_SLOW
CUST_62892,2921.55,"Houston, Quinn and Jones",FOOD,NG,UPI,4,691,1,0,1104,0,0,1,ADVERSARIAL_LOW_AND_SLOW
CUST_62502,2012.37,Sanchez-Floyd,EDUCATION,NG,DEBIT_CARD,1,873,0,0,1416,1,0,1,ADVERSARIAL_LOW_AND_SLOW
CUST_81270,4981.16,Jackson and Sons,GROCERY,NG,CREDIT_CARD,7,980,1,0,135,0,0,1,ADVERSARIAL_MULTI_SIGNAL
CUST_20798,1479.33,Flynn PLC,OTHER,NG,CREDIT_CARD,7,343,1,0,2038,0,0,1,ADVERSARIAL_MULTI_SIGNAL
CUST_97563,820.02,"White, White and Gilbert",FOOD,NG,UPI,3,483,0,1,2245,0,0,1,ADVERSARIAL_LOW_AND_SLOW
CUST_73427,2587.68,Lee Ltd,GROCERY,NG,DEBIT_CARD,7,227,0,0,2487,0,0,1,ADVERSARIAL_LOW_AND_SLOW
CUST_57878,1915.42,Franklin Inc,HEALTHCARE,GB,NET_BANKING,3,693,1,0,1948,0,0,1,ADVERSARIAL_LOW_AND_SLOW
CUST_44208,396.98,Peterson-Johnson,ENTERTAINMENT,US,CREDIT_CARD,8,110,0,0,866,0,0,1,ADVERSARIAL_LOW_AND_SLOW
CUST_20597,1688.26,Day-Taylor,HEALTHCARE,NG,NET_BANKING,3,994,0,0,2478,1,0,1,ADVERSARIAL_LOW_AND_SLOW
CUST_54886,6752.45,Christian-Fischer,TRAVEL,GB,WALLET,3,370,0,0,2244,1,1,1,ADVERSARIAL_MULTI_SIGNAL
CUST_42544,3018.26,Jones Group,GROCERY,IN,DEBIT_CARD,1,420,0,0,929,0,1,1,ADVERSARIAL_LOW_AND_SLOW
CUST_45409,613.21,"Mcdonald, Bowen and Fields",ECOMMERCE,GB,NET_BANKING,2,774,1,0,993,1,0,1,ADVERSARIAL_MULTI_SIGNAL
CUST_73373,1656.02,"King, Adams and Vaughn",ECOMMERCE,IN,NET_BANKING,2,73,0,0,1499,0,1,1,ADVERSARIAL_LOW_AND_SLOW
CUST_19729,1417.54,Olsen-Graham,HEALTHCARE,IN,WALLET,5,938,0,0,56,0,0,1,ADVERSARIAL_LOW_AND_SLOW
CUST_10365,3203.41,Nash Group,HEALTHCARE,CN,WALLET,1,588,0,1,1744,0,1,1,ADVERSARIAL_MULTI_SIGNAL
CUST_93267,1645.49,"Rivera, Hernandez and Powell",ENTERTAINMENT,US,NET_BANKING,1,290,0,1,1251,0,0,1,ADVERSARIAL_LOW_AND_SLOW
CUST_62165,3547.37,Jones-Roberts,FOOD,CN,CREDIT_CARD,8,346,0,0,512,1,0,1,ADVERSARIAL_MULTI_SIGNAL
CUST_65908,9656.16,"Lester, Smith and White",HEALTHCARE,US,CREDIT_CARD,5,988,0,0,1464,0,1,1,ADVERSARIAL_MULTI_SIGNAL
CUST_52895,1719.98,Taylor Inc,HEALTHCARE,NG,CREDIT_CARD,5,620,0,0,1874,0,0,1,ADVERSARIAL_LOW_AND_SLOW
CUST_66559,2207.94,"Morrison, Wood and Smith",HEALTHCARE,CN,CREDIT_CARD,3,132,0,0,2428,1,0,1,ADVERSARIAL_LOW_AND_SLOW
CUST_68117,1015.57,Holder Inc,TRAVEL,CN,UPI,1,754,1,0,1260,0,0,1,ADVERSARIAL_LOW_AND_SLOW
CUST_98370,1701.11,"Evans, Wilson and Stewart",GROCERY,IN,NET_BANKING,1,695,0,1,357,1,0,1,ADVERSARIAL_MULTI_SIGNAL
CUST_55729,1465.58,Morgan PLC,HEALTHCARE,GB,WALLET,2,205,0,1,1637,0,1,1,ADVERSARIAL_MULTI_SIGNAL
CUST_95139,3989.34,Rivera-Wolfe,FOOD,IN,DEBIT_CARD,4,965,1,1,1171,0,0,1,ADVERSARIAL_MULTI_SIGNAL
CUST_14138,2282.34,Daniel Inc,FOOD,IN,CREDIT_CARD,6,75,0,1,2121,0,0,1,ADVERSARIAL_MULTI_SIGNAL
CUST_51105,357.38,Cardenas Inc,FOOD,NG,DEBIT_CARD,3,300,1,0,1375,0,0,1,ADVERSARIAL_LOW_AND_SLOW
CUST_68459,6398.84,Miller-Welch,OTHER,NG,WALLET,4,368,0,0,1782,0,1,1,ADVERSARIAL_LOW_AND_SLOW
CUST_73079,2521.96,"Gates, Murray and Jones",TRAVEL,US,UPI,7,136,0,1,2432,0,0,1,ADVERSARIAL_MULTI_SIGNAL
CUST_71943,3900.68,"Reynolds, Chavez and Duran",EDUCATION,IN,WALLET,3,462,0,1,2226,0,0,1,ADVERSARIAL_LOW_AND_SLOW
CUST_22927,1440.6,Wilson-Martinez,OTHER,GB,DEBIT_CARD,2,217,1,0,205,0,0,1,ADVERSARIAL_LOW_AND_SLOW
CUST_23913,2185.77,"Hall, Russell and Sullivan",GROCERY,IN,WALLET,4,296,0,1,277,0,1,1,ADVERSARIAL_MULTI_SIGNAL
CUST_14445,1097.38,Norman LLC,TRAVEL,GB,DEBIT_CARD,6,979,1,0,2298,0,0,1,ADVERSARIAL_MULTI_SIGNAL
CUST_31703,2628.19,Taylor-Haas,ENTERTAINMENT,IN,NET_BANKING,3,942,1,0,345,1,0,1,ADVERSARIAL_MULTI_SIGNAL
CUST_45039,1005.18,"Lee, Mcmahon and Kim",ECOMMERCE,GB,CREDIT_CARD,4,991,0,1,2319,1,0,1,ADVERSARIAL_MULTI_SIGNAL
CUST_82621,2528.85,"Williams, Fox and Goodwin",GROCERY,US,UPI,1,956,0,0,2356,1,1,1,ADVERSARIAL_MULTI_SIGNAL
CUST_87620,1603.57,Wilcox-Day,TRAVEL,NG,WALLET,2,559,0,0,1272,0,1,1,ADVERSARIAL_LOW_AND_SLOW
CUST_46226,3892.65,Santos LLC,ENTERTAINMENT,GB,CREDIT_CARD,1,421,0,1,1778,0,0,1,ADVERSARIAL_LOW_AND_SLOW
CUST_91955,2228.8,Rivera Group,TRAVEL,US,CREDIT_CARD,4,315,0,0,966,0,1,1,ADVERSARIAL_LOW_AND_SLOW
CUST_22216,2210.7,Fitzpatrick-Ortiz,GROCERY,IN,UPI,4,430,0,0,175,1,0,1,ADVERSARIAL_LOW_AND_SLOW
CUST_44429,2803.32,Bell-Martinez,TRAVEL,CN,UPI,7,59,0,0,1259,1,0,1,ADVERSARIAL_MULTI_SIGNAL
CUST_77677,1063.1,Allison-Porter,GROCERY,NG,DEBIT_CARD,3,120,0,1,2109,1,0,1,ADVERSARIAL_MULTI_SIGNAL
CUST_81288,5263.39,"Huang, Weber and Gordon",OTHER,US,NET_BANKING,4,321,0,0,884,1,1,1,ADVERSARIAL_MULTI_SIGNAL
CUST_36670,4779.67,Huerta Group,GROCERY,CN,DEBIT_CARD,4,931,0,1,1657,0,0,1,ADVERSARIAL_LOW_AND_SLOW
CUST_70233,996.09,"Smith, Campbell and Rojas",FOOD,IN,DEBIT_CARD,2,33,0,0,951,1,0,1,ADVERSARIAL_LOW_AND_SLOW
CUST_97275,1250.72,Hall LLC,GROCERY,IN,DEBIT_CARD,5,823,0,0,2034,0,0,1,ADVERSARIAL_LOW_AND_SLOW
CUST_26272,5195.27,"Williams, Tran and Russo",TRAVEL,US,CREDIT_CARD,3,187,1,0,2219,0,1,1,ADVERSARIAL_MULTI_SIGNAL
CUST_81258,7470.69,Nelson-Stephenson,HEALTHCARE,CN,NET_BANKING,6,427,0,0,109,0,1,1,ADVERSARIAL_MULTI_SIGNAL
CUST_76828,12093.54,Farley Inc,ENTERTAINMENT,CN,DEBIT_CARD,5,635,0,0,2416,0,1,1,ADVERSARIAL_MULTI_SIGNAL
CUST_82054,1204.41,Benjamin-Martin,FOOD,US,NET_BANKING,4,153,0,1,669,0,1,1,ADVERSARIAL_MULTI_SIGNAL
CUST_94720,8311.8,Morgan-Wallace,OTHER,IN,NET_BANKING,3,456,0,0,111,0,1,1,ADVERSARIAL_LOW_AND_SLOW
CUST_25825,2364.65,Williams-Hart,EDUCATION,NG,DEBIT_CARD,6,771,0,0,2086,1,0,1,ADVERSARIAL_MULTI_SIGNAL
CUST_83525,3867.79,Johnson-Jimenez,FOOD,US,WALLET,4,355,1,0,1168,0,0,1,ADVERSARIAL_LOW_AND_SLOW
CUST_64916,1334.97,"Bentley, Watson and Jones",EDUCATION,NG,WALLET,2,787,0,0,488,1,1,1,ADVERSARIAL_MULTI_SIGNAL
CUST_14207,1154.46,"Sheppard, Torres and Davis",ENTERTAINMENT,US,DEBIT_CARD,1,690,0,0,1667,1,0,1,ADVERSARIAL_LOW_AND_SLOW
CUST_89447,5407.53,Cook LLC,GROCERY,NG,NET_BANKING,1,312,0,0,751,1,1,1,ADVERSARIAL_MULTI_SIGNAL
CUST_29073,694.95,Jones-Hernandez,GROCERY,CN,DEBIT_CARD,4,182,0,0,1200,1,0,1,ADVERSARIAL_LOW_AND_SLOW
CUST_98575,2569.69,Haynes-Harrison,HEALTHCARE,CN,CREDIT_CARD,1,85,0,1,1870,0,0,1,ADVERSARIAL_LOW_AND_SLOW
CUST_92458,4409.81,Stevens-Gill,HEALTHCARE,IN,DEBIT_CARD,1,736,1,1,1791,0,0,1,ADVERSARIAL_MULTI_SIGNAL
CUST_88576,4247.56,Snyder-Carson,EDUCATION,NG,DEBIT_CARD,2,734,1,1,922,0,0,1,ADVERSARIAL_MULTI_SIGNAL
CUST_76782,5882.04,Obrien Group,HEALTHCARE,NG,CREDIT_CARD,7,385,0,0,925,0,1,1,ADVERSARIAL_MULTI_SIGNAL
CUST_20959,2782.94,"Wilkinson, Briggs and Charles",ENTERTAINMENT,CN,CREDIT_CARD,1,401,0,0,2409,1,1,1,ADVERSARIAL_MULTI_SIGNAL
CUST_61287,1230.42,"Allen, Glenn and Pitts",ENTERTAINMENT,US,CREDIT_CARD,2,340,0,1,1964,0,0,1,ADVERSARIAL_LOW_AND_SLOW
CUST_92396,3852.54,Johnston-Pearson,TRAVEL,IN,UPI,7,915,0,0,2169,0,0,1,ADVERSARIAL_LOW_AND_SLOW
CUST_76316,1433.69,Walton LLC,OTHER,GB,WALLET,3,983,0,1,1281,1,0,1,ADVERSARIAL_MULTI_SIGNAL
CUST_93648,1777.57,"Gonzalez, Wilson and Hernandez",OTHER,CN,CREDIT_CARD,4,946,1,0,1225,0,0,1,ADVERSARIAL_LOW_AND_SLOW
CUST_86901,4408.47,"Pitts, Robinson and Lawrence",ECOMMERCE,IN,CREDIT_CARD,2,281,0,1,2078,0,0,1,ADVERSARIAL_LOW_AND_SLOW
CUST_65143,2451.74,Ward-Singleton,HEALTHCARE,IN,CREDIT_CARD,6,968,0,0,2290,0,0,1,ADVERSARIAL_LOW_AND_SLOW
CUST_57081,558.03,Powers and Sons,FOOD,NG,DEBIT_CARD,3,417,1,0,1690,0,0,1,ADVERSARIAL_LOW_AND_SLOW
CUST_75478,4019.28,Buckley LLC,TRAVEL,US,NET_BANKING,2,267,0,1,2170,0,0,1,ADVERSARIAL_LOW_AND_SLOW
CUST_94239,373.89,"Cooper, Peterson and Salazar",FOOD,NG,WALLET,6,354,0,0,50,0,0,1,ADVERSARIAL_LOW_AND_SLOW
CUST_77291,882.28,Jones LLC,TRAVEL,NG,CREDIT_CARD,6,89,0,1,2082,0,0,1,ADVERSARIAL_MULTI_SIGNAL
CUST_51916,3702.32,Chandler-Ponce,OTHER,CN,UPI,7,432,1,0,2066,0,0,1,ADVERSARIAL_MULTI_SIGNAL
CUST_29400,2257.84,Allison-Oliver,EDUCATION,NG,WALLET,4,343,1,0,1466,1,0,1,ADVERSARIAL_MULTI_SIGNAL
CUST_67342,4613.97,"Ali, Garcia and Campbell",ECOMMERCE,CN,CREDIT_CARD,5,346,1,0,1007,0,0,1,ADVERSARIAL_MULTI_SIGNAL
CUST_21127,1171.98,James-Ferguson,FOOD,GB,NET_BANKING,2,641,0,1,2455,0,1,1,ADVERSARIAL_MULTI_SIGNAL
CUST_64519,4327.6,Stevens-Miller,EDUCATION,GB,UPI,1,745,0,1,43,0,0,1,ADVERSARIAL_LOW_AND_SLOW
CUST_26912,2829.57,"Bentley, Silva and Watkins",EDUCATION,GB,CREDIT_CARD,1,64,1,0,1847,0,0,1,ADVERSARIAL_LOW_AND_SLOW
CUST_90907,3062.01,Ashley Ltd,EDUCATION,GB,UPI,1,322,1,0,486,0,0,1,ADVERSARIAL_LOW_AND_SLOW
CUST_49156,1311.95,Johnson-Fox,OTHER,IN,UPI,2,417,0,1,1988,0,0,1,ADVERSARIAL_LOW_AND_SLOW
CUST_63990,5362.72,Ashley PLC,OTHER,NG,WALLET,8,982,0,0,141,0,0,1,ADVERSARIAL_LOW_AND_SLOW
CUST_83619,3592.93,Farmer-Holland,ENTERTAINMENT,GB,NET_BANKING,5,234,0,0,512,0,1,1,ADVERSARIAL_MULTI_SIGNAL
CUST_87610,1165.33,"Randolph, Wallace and Reynolds",EDUCATION,NG,WALLET,1,613,1,1,680,0,0,1,ADVERSARIAL_MULTI_SIGNAL
CUST_80073,674.82,"Whitney, Williams and Lopez",ECOMMERCE,NG,WALLET,3,434,0,0,1668,0,1,1,ADVERSARIAL_LOW_AND_SLOW
CUST_11738,286.45,"Hernandez, Gutierrez and Walsh",HEALTHCARE,CN,NET_BANKING,2,451,0,1,1460,0,0,1,ADVERSARIAL_LOW_AND_SLOW
CUST_68560,3086.6,Jones-Alvarez,ENTERTAINMENT,NG,WALLET,3,359,0,0,531,1,1,1,ADVERSARIAL_MULTI_SIGNAL
CUST_85706,846.16,Reed-Garcia,HEALTHCARE,US,DEBIT_CARD,7,107,0,0,1202,1,0,1,ADVERSARIAL_MULTI_SIGNAL
CUST_90439,4168.99,"Meyer, Thomas and Dillon",ENTERTAINMENT,US,UPI,1,495,0,1,2035,0,1,1,ADVERSARIAL_MULTI_SIGNAL
CUST_56363,1172.16,Nash Ltd,ENTERTAINMENT,IN,UPI,1,144,1,0,1812,1,0,1,ADVERSARIAL_MULTI_SIGNAL
CUST_92044,932.74,Harris Ltd,EDUCATION,IN,WALLET,7,943,0,0,2023,1,0,1,ADVERSARIAL_MULTI_SIGNAL
CUST_61630,1714.25,Anderson-Smith,EDUCATION,US,CREDIT_CARD,2,714,0,1,2405,0,1,1,ADVERSARIAL_MULTI_SIGNAL
CUST_89354,2827.93,White-Ponce,FOOD,NG,WALLET,8,939,1,0,1792,0,0,1,ADVERSARIAL_MULTI_SIGNAL
CUST_57802,4819.28,Hensley-Arnold,OTHER,IN,NET_BANKING,4,192,0,0,2306,1,0,1,ADVERSARIAL_LOW_AND_SLOW
CUST_23742,6259.36,"Brown, Turner and Callahan",GROCERY,CN,DEBIT_CARD,6,497,0,0,2280,0,1,1,ADVERSARIAL_MULTI_SIGNAL
CUST_69499,1253.18,Duncan Inc,GROCERY,US,WALLET,3,390,0,1,2387,1,0,1,ADVERSARIAL_MULTI_SIGNAL
CUST_30529,6702.29,"Barrera, Ward and Ruiz",ENTERTAINMENT,CN,WALLET,2,664,0,0,744,0,1,1,ADVERSARIAL_LOW_AND_SLOW
CUST_43265,3331.07,Morrison Group,ENTERTAINMENT,GB,NET_BANKING,4,63,0,0,2477,1,0,1,ADVERSARIAL_LOW_AND_SLOW
CUST_60167,3744.25,"Wright, Jimenez and Daugherty",ENTERTAINMENT,US,NET_BANKING,3,253,0,1,794,1,0,1,ADVERSARIAL_MULTI_SIGNAL
CUST_78950,1813.74,Mendez-Hammond,GROCERY,GB,WALLET,4,596,0,0,1570,1,1,1,ADVERSARIAL_MULTI_SIGNAL
CUST_69386,1108.14,Stone-Woods,ECOMMERCE,US,DEBIT_CARD,2,546,1,0,893,0,0,1,ADVERSARIAL_LOW_AND_SLOW
CUST_18962,2259.54,Chandler-Davila,ENTERTAINMENT,IN,UPI,4,154,0,1,1956,1,0,1,ADVERSARIAL_MULTI_SIGNAL
CUST_33942,4634.0,"Frazier, Blake and Martinez",OTHER,GB,NET_BANKING,1,210,0,1,1973,0,1,1,ADVERSARIAL_MULTI_SIGNAL
CUST_40714,5740.21,Silva Inc,ENTERTAINMENT,IN,CREDIT_CARD,3,634,0,0,80,1,1,1,ADVERSARIAL_MULTI_SIGNAL
CUST_68062,5728.15,Wright-Anderson,EDUCATION,US,DEBIT_CARD,2,686,0,1,127,0,1,1,ADVERSARIAL_MULTI_SIGNAL
CUST_12850,7244.86,"Gonzalez, Baird and Williams",OTHER,NG,UPI,4,514,0,1,1828,0,1,1,ADVERSARIAL_MULTI_SIGNAL
CUST_99139,2036.43,Shelton-Lucas,TRAVEL,NG,DEBIT_CARD,7,648,0,0,2478,1,0,1,ADVERSARIAL_MULTI_SIGNAL
CUST_86579,831.14,Bolton-Morales,OTHER,IN,CREDIT_CARD,3,980,1,0,2344,0,0,1,ADVERSARIAL_LOW_AND_SLOW
CUST_70978,4438.95,Gonzalez-Harmon,HEALTHCARE,US,CREDIT_CARD,5,556,0,0,1135,0,0,1,ADVERSARIAL_LOW_AND_SLOW
CUST_57232,539.05,West and Sons,OTHER,IN,DEBIT_CARD,4,233,1,0,73,0,0,1,ADVERSARIAL_LOW_AND_SLOW
CUST_78310,5402.94,Smith LLC,ECOMMERCE,US,WALLET,7,397,1,0,1384,0,0,1,ADVERSARIAL_MULTI_SIGNAL
CUST_56784,2246.54,Smith-Simpson,EDUCATION,NG,NET_BANKING,2,56,1,0,763,0,0,1,ADVERSARIAL_LOW_AND_SLOW
CUST_48312,4750.38,Gross-Cunningham,GROCERY,GB,NET_BANKING,2,456,1,0,1675,0,1,1,ADVERSARIAL_MULTI_SIGNAL
CUST_54050,8752.4,"Miller, Ford and Brown",EDUCATION,GB,CREDIT_CARD,4,535,0,0,178,1,1,1,ADVERSARIAL_MULTI_SIGNAL
CUST_45003,5441.42,Ortiz-Diaz,ECOMMERCE,US,NET_BANKING,5,675,0,0,2279,1,0,1,ADVERSARIAL_MULTI_SIGNAL
CUST_25473,1473.19,Smith-Cox,TRAVEL,IN,WALLET,2,418,1,0,1537,0,0,1,ADVERSARIAL_LOW_AND_SLOW
CUST_14944,1214.1,Whitehead-Acevedo,HEALTHCARE,CN,CREDIT_CARD,1,968,1,0,2318,0,0,1,ADVERSARIAL_LOW_AND_SLOW
CUST_48773,1130.7,"Wong, Gonzales and Keller",FOOD,CN,DEBIT_CARD,3,571,1,0,412,1,0,1,ADVERSARIAL_MULTI_SIGNAL
CUST_72545,521.97,"Lamb, Sanford and Freeman",ENTERTAINMENT,US,WALLET,1,611,1,0,870,0,0,1,ADVERSARIAL_LOW_AND_SLOW
CUST_60167,3744.25,"Wright, Jimenez and Daugherty",ECOMMERCE,CN,WALLET,3,253,1,0,794,0,0,1,ADVERSARIAL_LOW_AND_SLOW
CUST_34420,7574.5,Mack-Romero,GROCERY,IN,UPI,3,321,0,0,1215,0,1,1,ADVERSARIAL_LOW_AND_SLOW
CUST_36724,3908.63,Jones LLC,OTHER,NG,CREDIT_CARD,6,708,0,0,1710,0,0,1,ADVERSARIAL_LOW_AND_SLOW
CUST_70903,2168.5,Rhodes Group,GROCERY,CN,UPI,5,620,0,0,1585,0,0,1,ADVERSARIAL_LOW_AND_SLOW
CUST_22731,1080.46,Torres-Simmons,ECOMMERCE,IN,DEBIT_CARD,6,605,0,1,387,0,0,1,ADVERSARIAL_MULTI_SIGNAL
CUST_81350,2243.55,Taylor Group,TRAVEL,IN,NET_BANKING,2,106,0,0,1081,1,0,1,ADVERSARIAL_LOW_AND_SLOW
CUST_70422,3200.44,Duncan-Armstrong,HEALTHCARE,CN,DEBIT_CARD,1,717,1,1,1509,0,0,1,ADVERSARIAL_MULTI_SIGNAL
CUST_26616,11754.36,Lee PLC,FOOD,US,DEBIT_CARD,1,531,0,1,2495,0,1,1,ADVERSARIAL_MULTI_SIGNAL
CUST_33105,5066.65,Proctor Inc,OTHER,NG,WALLET,1,473,0,1,518,0,0,1,ADVERSARIAL_LOW_AND_SLOW
CUST_75902,2628.37,Kirby Inc,FOOD,IN,WALLET,2,336,0,1,347,0,0,1,ADVERSARIAL_LOW_AND_SLOW
CUST_44985,394.78,Schneider Ltd,GROCERY,US,NET_BANKING,3,259,0,1,659,0,0,1,ADVERSARIAL_LOW_AND_SLOW
CUST_52630,1354.43,Hunt Ltd,FOOD,US,DEBIT_CARD,4,463,1,1,2408,0,0,1,ADVERSARIAL_MULTI_SIGNAL
CUST_35934,2273.15,"Owens, Davis and Solomon",OTHER,CN,WALLET,5,721,0,0,676,0,0,1,ADVERSARIAL_LOW_AND_SLOW
CUST_60874,229.82,Campbell PLC,GROCERY,NG,CREDIT_CARD,5,993,0,0,2100,0,0,1,ADVERSARIAL_LOW_AND_SLOW
CUST_45328,4177.59,Mcgee Ltd,EDUCATION,NG,UPI,1,561,0,1,2266,0,0,1,ADVERSARIAL_LOW_AND_SLOW
CUST_82697,4066.19,"Frey, Matthews and Mckay",TRAVEL,NG,CREDIT_CARD,2,381,1,0,1314,0,0,1,ADVERSARIAL_LOW_AND_SLOW
CUST_48232,819.47,"Lee, Sullivan and White",HEALTHCARE,IN,WALLET,1,154,1,0,1681,1,0,1,ADVERSARIAL_MULTI_SIGNAL
CUST_26297,451.19,"Beltran, Wise and Flynn",FOOD,US,CREDIT_CARD,5,645,0,1,368,0,0,1,ADVERSARIAL_MULTI_SIGNAL
CUST_17702,1274.43,"Guerrero, Olson and Parker",FOOD,CN,DEBIT_CARD,6,255,0,0,532,1,0,1,ADVERSARIAL_MULTI_SIGNAL
CUST_64103,617.7,Jones-Hall,GROCERY,CN,NET_BANKING,7,238,0,0,843,0,0,1,ADVERSARIAL_LOW_AND_SLOW
CUST_49309,4219.28,"Jarvis, Martin and Ortega",ECOMMERCE,IN,WALLET,3,891,0,0,2201,1,1,1,ADVERSARIAL_MULTI_SIGNAL
CUST_73454,9098.37,Tran Inc,EDUCATION,CN,UPI,8,458,0,0,2389,0,1,1,ADVERSARIAL_MULTI_SIGNAL
CUST_86142,5785.38,Boyd LLC,OTHER,GB,NET_BANKING,2,637,0,0,1352,1,1,1,ADVERSARIAL_MULTI_SIGNAL
CUST_34482,8736.43,Wright-Morales,EDUCATION,NG,NET_BANKING,4,736,0,0,604,0,1,1,ADVERSARIAL_LOW_AND_SLOW
CUST_89011,2406.07,"Jones, Johnson and Bray",EDUCATION,US,DEBIT_CARD,3,562,1,0,2056,0,0,1,ADVERSARIAL_LOW_AND_SLOW
CUST_98714,3075.88,"Stevens, Wallace and Carter",EDUCATION,IN,WALLET,3,456,0,0,1608,0,1,1,ADVERSARIAL_LOW_AND_SLOW
CUST_77523,7156.25,Chavez-Reyes,TRAVEL,IN,NET_BANKING,7,302,0,0,1953,0,1,1,ADVERSARIAL_MULTI_SIGNAL
CUST_74041,6314.74,Morton Ltd,TRAVEL,CN,UPI,4,344,0,0,1575,1,1,1,ADVERSARIAL_MULTI_SIGNAL
CUST_36495,1466.83,Berger PLC,ECOMMERCE,GB,UPI,2,914,1,0,2144,0,0,1,ADVERSARIAL_LOW_AND_SLOW
CUST_24201,4730.49,"Love, Pennington and Burnett",ENTERTAINMENT,CN,UPI,2,693,0,1,987,1,0,1,ADVERSARIAL_MULTI_SIGNAL
CUST_64554,2191.84,"Juarez, Ashley and King",HEALTHCARE,IN,NET_BANKING,3,630,0,1,2471,1,0,1,ADVERSARIAL_MULTI_SIGNAL
CUST_53978,3303.36,Long-Clark,ENTERTAINMENT,NG,NET_BANKING,7,966,0,1,1224,0,0,1,ADVERSARIAL_MULTI_SIGNAL
CUST_36261,2880.13,Hall and Sons,ENTERTAINMENT,GB,NET_BANKING,2,452,1,0,2135,1,0,1,ADVERSARIAL_MULTI_SIGNAL
CUST_80758,2299.95,Johnson-Owens,EDUCATION,US,DEBIT_CARD,2,355,1,0,244,0,0,1,ADVERSARIAL_LOW_AND_SLOW
CUST_61363,1825.82,Blevins Inc,TRAVEL,GB,DEBIT_CARD,6,420,1,0,628,0,0,1,ADVERSARIAL_MULTI_SIGNAL
CUST_69278,2234.72,Martinez-Hardy,ECOMMERCE,GB,CREDIT_CARD,7,94,0,0,95,0,1,1,ADVERSARIAL_MULTI_SIGNAL
CUST_15436,3282.29,Gardner and Sons,EDUCATION,GB,UPI,5,956,0,1,902,0,0,1,ADVERSARIAL_MULTI_SIGNAL
CUST_32232,2790.01,"Wright, Hughes and Meyer",OTHER,GB,WALLET,4,574,1,0,2290,1,0,1,ADVERSARIAL_MULTI_SIGNAL
CUST_28372,4158.0,"Torres, Martin and Thomas",ECOMMERCE,GB,WALLET,1,723,0,0,907,1,0,1,ADVERSARIAL_LOW_AND_SLOW
CUST_72735,2441.48,Jimenez PLC,GROCERY,NG,NET_BANKING,6,190,0,1,751,0,0,1,ADVERSARIAL_MULTI_SIGNAL
CUST_58019,5957.08,Webb PLC,TRAVEL,NG,NET_BANKING,4,970,0,0,2375,0,1,1,ADVERSARIAL_LOW_AND_SLOW
CUST_17870,1078.84,Fox-Green,GROCERY,NG,WALLET,2,819,0,0,267,1,0,1,ADVERSARIAL_LOW_AND_SLOW
CUST_11738,618.11,"Hernandez, Gutierrez and Walsh",HEALTHCARE,CN,CREDIT_CARD,2,451,0,0,1460,0,1,1,ADVERSARIAL_LOW_AND_SLOW
CUST_38473,8277.37,Nelson-Harris,ECOMMERCE,NG,CREDIT_CARD,2,143,0,1,1958,0,1,1,ADVERSARIAL_MULTI_SIGNAL
CUST_85181,2083.7,Bruce LLC,TRAVEL,GB,UPI,2,556,1,0,2407,0,0,1,ADVERSARIAL_LOW_AND_SLOW
CUST_29802,391.32,Powers-Edwards,ECOMMERCE,IN,DEBIT_CARD,1,372,0,1,89,0,0,1,ADVERSARIAL_LOW_AND_SLOW
CUST_89391,4287.61,Gonzalez Ltd,GROCERY,GB,UPI,2,443,0,0,1494,1,1,1,ADVERSARIAL_MULTI_SIGNAL
CUST_30129,2820.76,"Olsen, Harmon and Reyes",TRAVEL,IN,WALLET,5,748,0,0,1177,1,0,1,ADVERSARIAL_MULTI_SIGNAL
CUST_30262,2355.98,Yates and Sons,EDUCATION,NG,WALLET,8,150,0,0,2148,1,0,1,ADVERSARIAL_MULTI_SIGNAL
CUST_23142,2677.33,Escobar Ltd,OTHER,IN,CREDIT_CARD,8,854,0,0,2056,0,0,1,ADVERSARIAL_LOW_AND_SLOW
CUST_97970,4781.66,Page-Anderson,ECOMMERCE,GB,NET_BANKING,3,535,0,0,53,0,1,1,ADVERSARIAL_LOW_AND_SLOW
CUST_40750,804.17,Mcguire Group,ECOMMERCE,GB,WALLET,5,108,0,0,229,1,0,1,ADVERSARIAL_MULTI_SIGNAL
CUST_11313,3243.87,Ray-Graham,ECOMMERCE,CN,DEBIT_CARD,2,178,0,0,588,0,1,1,ADVERSARIAL_LOW_AND_SLOW
CUST_62413,2868.43,"Davis, Buchanan and Kerr",EDUCATION,GB,DEBIT_CARD,4,715,0,1,1369,0,1,1,ADVERSARIAL_MULTI_SIGNAL
CUST_36849,564.9,"Doyle, Anderson and Cruz",ENTERTAINMENT,GB,UPI,1,798,0,0,933,1,0,1,ADVERSARIAL_LOW_AND_SLOW
CUST_32525,5484.1,Brown Group,HEALTHCARE,CN,DEBIT_CARD,1,413,0,1,1652,0,1,1,ADVERSARIAL_MULTI_SIGNAL
CUST_81307,616.43,"Jones, Gibson and Byrd",OTHER,IN,NET_BANKING,4,156,0,1,566,0,1,1,ADVERSARIAL_MULTI_SIGNAL
CUST_88836,1244.52,Leonard Ltd,EDUCATION,IN,NET_BANKING,1,367,0,1,1052,1,0,1,ADVERSARIAL_MULTI_SIGNAL
CUST_47125,933.84,Spencer Ltd,EDUCATION,GB,UPI,4,244,0,0,214,1,0,1,ADVERSARIAL_LOW_AND_SLOW
CUST_34791,2077.6,"Johnson, Moran and Turner",ENTERTAINMENT,IN,UPI,2,812,1,0,567,0,1,1,ADVERSARIAL_MULTI_SIGNAL
CUST_49381,1168.65,Neal and Sons,OTHER,IN,CREDIT_CARD,4,389,0,0,320,1,0,1,ADVERSARIAL_LOW_AND_SLOW
CUST_69689,3381.77,Kennedy-Hall,ECOMMERCE,CN,DEBIT_CARD,6,95,1,0,2057,0,0,1,ADVERSARIAL_MULTI_SIGNAL
CUST_61340,2362.92,Hale Ltd,HEALTHCARE,US,CREDIT_CARD,2,279,1,0,900,0,0,1,ADVERSARIAL_LOW_AND_SLOW
CUST_21344,2558.66,"Wolf, Olsen and Campbell",ECOMMERCE,GB,CREDIT_CARD,8,750,0,0,173,1,0,1,ADVERSARIAL_MULTI_SIGNAL
CUST_42348,310.36,Hawkins-Carroll,FOOD,CN,CREDIT_CARD,3,992,0,1,2004,1,0,1,ADVERSARIAL_MULTI_SIGNAL
CUST_53263,450.48,"Sexton, Clark and Chandler",ENTERTAINMENT,US,DEBIT_CARD,6,674,0,1,1154,0,0,1,ADVERSARIAL_MULTI_SIGNAL
CUST_99658,3450.62,"Robinson, Mann and Steele",FOOD,US,NET_BANKING,1,682,1,0,360,0,1,1,ADVERSARIAL_MULTI_SIGNAL
CUST_36476,2728.66,"King, Myers and Moore",GROCERY,IN,DEBIT_CARD,3,942,1,0,2215,0,1,1,ADVERSARIAL_MULTI_SIGNAL
CUST_89935,797.56,Smith-Romero,HEALTHCARE,US,DEBIT_CARD,4,443,1,0,919,0,0,1,ADVERSARIAL_LOW_AND_SLOW
CUST_74536,3060.9,Davis-Olson,OTHER,CN,CREDIT_CARD,7,466,0,0,1649,1,0,1,ADVERSARIAL_MULTI_SIGNAL
CUST_61303,4852.27,"Miller, Jones and Oliver",TRAVEL,IN,UPI,6,478,1,0,304,0,0,1,ADVERSARIAL_MULTI_SIGNAL
CUST_41293,2310.94,"Soto, Cox and Mcfarland",FOOD,NG,DEBIT_CARD,3,385,1,0,1165,0,0,1,ADVERSARIAL_LOW_AND_SLOW
CUST_10836,2582.64,Hamilton-Snyder,GROCERY,US,WALLET,1,176,0,0,2395,1,0,1,ADVERSARIAL_LOW_AND_SLOW
CUST_70002,553.07,Wright-Moore,OTHER,CN,NET_BANKING,6,816,0,1,921,0,0,1,ADVERSARIAL_MULTI_SIGNAL
CUST_21242,4175.29,Walker-Morris,HEALTHCARE,NG,WALLET,1,543,0,0,690,0,1,1,ADVERSARIAL_LOW_AND_SLOW
CUST_91861,4492.74,Frost PLC,EDUCATION,GB,UPI,8,838,0,0,1772,0,0,1,ADVERSARIAL_LOW_AND_SLOW
CUST_97091,920.19,Reid-Brown,ECOMMERCE,US,UPI,2,849,0,0,2443,1,0,1,ADVERSARIAL_LOW_AND_SLOW
CUST_65981,2949.12,Jackson and Sons,OTHER,GB,UPI,1,672,0,1,1459,0,0,1,ADVERSARIAL_LOW_AND_SLOW
CUST_55240,5387.81,Perez-Smith,FOOD,NG,UPI,4,689,0,1,1454,0,0,1,ADVERSARIAL_LOW_AND_SLOW
CUST_64876,16507.37,"Swanson, Evans and Wright",ENTERTAINMENT,CN,CREDIT_CARD,2,318,1,0,1187,0,1,1,ADVERSARIAL_MULTI_SIGNAL
CUST_47944,7518.17,Weaver Ltd,OTHER,US,UPI,3,887,0,0,339,1,1,1,ADVERSARIAL_MULTI_SIGNAL
CUST_14968,1625.88,Nelson-Olson,OTHER,NG,UPI,7,563,0,0,1005,0,1,1,ADVERSARIAL_MULTI_SIGNAL
CUST_80179,4630.99,"Stewart, Jimenez and Ford",ECOMMERCE,US,UPI,6,59,0,1,533,0,0,1,ADVERSARIAL_MULTI_SIGNAL
CUST_20063,3858.3,"Bailey, Marshall and Williams",FOOD,GB,WALLET,8,672,1,0,1609,0,0,1,ADVERSARIAL_MULTI_SIGNAL
CUST_43686,4568.45,Wallace Ltd,TRAVEL,CN,CREDIT_CARD,6,332,0,0,1957,0,1,1,ADVERSARIAL_MULTI_SIGNAL
CUST_24034,2842.19,"Thompson, Jensen and Cole",OTHER,NG,WALLET,5,60,0,0,1760,1,0,1,ADVERSARIAL_MULTI_SIGNAL
CUST_30301,991.77,Landry Ltd,TRAVEL,IN,WALLET,8,184,1,0,283,0,0,1,ADVERSARIAL_MULTI_SIGNAL
CUST_83867,1885.75,Fletcher-Phillips,GROCERY,CN,UPI,3,886,1,0,977,0,0,1,ADVERSARIAL_LOW_AND_SLOW
CUST_25644,4955.86,Hayes Inc,HEALTHCARE,CN,WALLET,4,919,0,0,1165,1,0,1,ADVERSARIAL_LOW_AND_SLOW
CUST_12209,3911.91,"Graham, Horn and Sims",ENTERTAINMENT,CN,CREDIT_CARD,5,616,0,0,273,0,1,1,ADVERSARIAL_MULTI_SIGNAL
CUST_22606,1847.78,"Ryan, Wright and Gross",EDUCATION,US,DEBIT_CARD,5,167,1,0,209,0,0,1,ADVERSARIAL_MULTI_SIGNAL
CUST_68062,4765.56,Wright-Anderson,OTHER,US,WALLET,2,686,0,0,127,1,1,1,ADVERSARIAL_MULTI_SIGNAL
CUST_53337,1786.38,"Bean, Smith and Simmons",TRAVEL,GB,WALLET,3,514,1,1,126,0,0,1,ADVERSARIAL_MULTI_SIGNAL
CUST_30359,3615.9,Guzman Inc,GROCERY,IN,UPI,2,394,1,0,1341,0,1,1,ADVERSARIAL_MULTI_SIGNAL
CUST_37555,8761.49,Jimenez Inc,ENTERTAINMENT,US,UPI,3,758,0,0,1681,0,1,1,ADVERSARIAL_LOW_AND_SLOW
CUST_47510,2574.68,Wise-Russell,GROCERY,GB,DEBIT_CARD,5,356,0,0,2216,1,0,1,ADVERSARIAL_MULTI_SIGNAL
CUST_69791,2247.18,Ross-Gonzales,ENTERTAINMENT,CN,DEBIT_CARD,5,697,1,0,1369,0,0,1,ADVERSARIAL_MULTI_SIGNAL
CUST_34876,4118.1,Maldonado-Warner,GROCERY,NG,CREDIT_CARD,1,859,0,0,2355,1,0,1,ADVERSARIAL_LOW_AND_SLOW
CUST_19165,3184.22,Lindsey-Medina,TRAVEL,US,DEBIT_CARD,3,195,1,0,1247,1,0,1,ADVERSARIAL_MULTI_SIGNAL
CUST_40833,2842.5,Wells Inc,EDUCATION,NG,NET_BANKING,4,588,0,1,1798,0,0,1,ADVERSARIAL_LOW_AND_SLOW
CUST_20798,1479.33,Flynn PLC,ECOMMERCE,CN,CREDIT_CARD,4,343,1,0,2038,1,0,1,ADVERSARIAL_MULTI_SIGNAL
CUST_14595,4266.92,"Fox, Cortez and Fernandez",TRAVEL,CN,NET_BANKING,2,112,0,0,454,0,1,1,ADVERSARIAL_LOW_AND_SLOW
CUST_57397,1556.08,Nichols-Oliver,FOOD,NG,WALLET,6,948,0,0,87,1,0,1,ADVERSARIAL_MULTI_SIGNAL
CUST_29048,376.22,"Guerrero, Strong and Norris",EDUCATION,US,CREDIT_CARD,6,653,1,0,1961,0,0,1,ADVERSARIAL_MULTI_SIGNAL
CUST_41310,1356.88,Brady-Watson,TRAVEL,NG,CREDIT_CARD,2,783,0,1,709,0,0,1,ADVERSARIAL_LOW_AND_SLOW
CUST_71537,1825.05,"Kennedy, Montoya and Hogan",HEALTHCARE,US,WALLET,5,789,0,1,1341,0,0,1,ADVERSARIAL_MULTI_SIGNAL
CUST_27373,2294.95,Wilkerson-Waters,OTHER,US,CREDIT_CARD,2,412,1,0,1870,1,0,1,ADVERSARIAL_MULTI_SIGNAL
CUST_22836,2695.18,"Patel, Rodriguez and Oliver",ECOMMERCE,CN,WALLET,1,145,0,0,1891,1,0,1,ADVERSARIAL_LOW_AND_SLOW
CUST_35499,956.26,Berger-Martin,ENTERTAINMENT,GB,NET_BANKING,2,531,0,0,1712,0,1,1,ADVERSARIAL_LOW_AND_SLOW
CUST_65075,1312.73,"Roberts, Nunez and Robinson",HEALTHCARE,CN,UPI,7,150,0,0,1243,1,0,1,ADVERSARIAL_MULTI_SIGNAL
CUST_51766,4053.38,"Murphy, Griffin and Garcia",EDUCATION,US,CREDIT_CARD,3,733,0,1,293,0,0,1,ADVERSARIAL_LOW_AND_SLOW
CUST_86438,1693.78,"Vazquez, Cantu and Curry",TRAVEL,IN,WALLET,4,236,1,0,917,0,0,1,ADVERSARIAL_LOW_AND_SLOW
CUST_60237,5358.24,"Rodriguez, Ross and King",TRAVEL,CN,NET_BANKING,4,424,0,0,981,1,0,1,ADVERSARIAL_LOW_AND_SLOW
CUST_62067,2385.12,"Mckay, Gonzalez and Tucker",GROCERY,NG,DEBIT_CARD,8,881,0,1,1524,0,0,1,ADVERSARIAL_MULTI_SIGNAL
CUST_45409,613.21,"Mcdonald, Bowen and Fields",EDUCATION,IN,NET_BANKING,6,774,0,0,993,1,0,1,ADVERSARIAL_MULTI_SIGNAL
CUST_98642,2585.97,Cruz Inc,FOOD,NG,NET_BANKING,2,42,1,0,1950,0,0,1,ADVERSARIAL_LOW_AND_SLOW
CUST_91568,2300.07,"Simpson, Scott and Harrell",TRAVEL,GB,WALLET,8,312,0,0,1749,1,0,1,ADVERSARIAL_MULTI_SIGNAL
CUST_68804,6932.82,"Morris, Jones and Ramirez",EDUCATION,US,UPI,3,716,0,0,2146,1,1,1,ADVERSARIAL_MULTI_SIGNAL
CUST_85481,3748.82,Payne-Ortega,ENTERTAINMENT,GB,CREDIT_CARD,2,825,1,0,659,0,0,1,ADVERSARIAL_LOW_AND_SLOW
CUST_60874,527.64,Campbell PLC,GROCERY,US,CREDIT_CARD,3,993,1,0,2100,0,1,1,ADVERSARIAL_MULTI_SIGNAL
CUST_25982,11592.98,Martinez Group,ENTERTAINMENT,US,WALLET,3,204,0,0,2174,0,1,1,ADVERSARIAL_LOW_AND_SLOW
CUST_65989,3057.98,Brown-Adams,EDUCATION,GB,DEBIT_CARD,3,500,0,0,32,1,0,1,ADVERSARIAL_LOW_AND_SLOW
CUST_89444,7156.83,Francis Group,GROCERY,NG,WALLET,3,147,0,0,151,0,1,1,ADVERSARIAL_LOW_AND_SLOW
CUST_23756,2120.49,Rivera-Christian,TRAVEL,IN,UPI,4,120,0,1,2230,0,0,1,ADVERSARIAL_LOW_AND_SLOW
CUST_44098,2906.41,"Russell, Williams and Allen",OTHER,IN,CREDIT_CARD,3,289,1,0,1497,1,0,1,ADVERSARIAL_MULTI_SIGNAL
CUST_77324,3969.87,Parrish-Gibson,FOOD,IN,DEBIT_CARD,2,757,0,0,2029,1,1,1,ADVERSARIAL_MULTI_SIGNAL
CUST_98181,3633.38,Tran Ltd,GROCERY,GB,WALLET,4,875,1,0,2444,0,1,1,ADVERSARIAL_MULTI_SIGNAL
CUST_91200,3288.27,Hart and Sons,GROCERY,IN,UPI,4,357,0,0,593,0,1,1,ADVERSARIAL_LOW_AND_SLOW
CUST_52051,5074.02,Johnson-Cain,ENTERTAINMENT,US,NET_BANKING,6,79,0,0,1866,1,0,1,ADVERSARIAL_MULTI_SIGNAL
CUST_45407,2053.6,Fischer Ltd,TRAVEL,CN,WALLET,3,388,1,0,173,1,0,1,ADVERSARIAL_MULTI_SIGNAL
CUST_89902,933.86,"Jones, Ibarra and Ortiz",FOOD,US,UPI,3,475,0,0,708,1,0,1,ADVERSARIAL_LOW_AND_SLOW
CUST_48328,3510.67,"Banks, Harper and Bray",FOOD,NG,CREDIT_CARD,2,822,1,0,705,0,0,1,ADVERSARIAL_LOW_AND_SLOW
CUST_98954,2129.76,"Olson, Clements and Campbell",ECOMMERCE,IN,CREDIT_CARD,5,736,0,0,1709,0,0,1,ADVERSARIAL_LOW_AND_SLOW
CUST_56526,3880.74,Rodriguez-Mitchell,FOOD,IN,WALLET,5,81,0,0,1638,0,1,1,ADVERSARIAL_MULTI_SIGNAL
CUST_59778,1867.03,"Campos, Carter and Terry",EDUCATION,US,WALLET,6,796,1,0,1750,0,0,1,ADVERSARIAL_MULTI_SIGNAL
CUST_74041,3334.57,Morton Ltd,FOOD,US,UPI,7,344,1,0,1575,0,0,1,ADVERSARIAL_MULTI_SIGNAL
CUST_50545,2043.73,Miles Inc,EDUCATION,GB,WALLET,6,421,1,0,165,0,0,1,ADVERSARIAL_MULTI_SIGNAL
CUST_34749,4243.01,"Bryant, Munoz and Chase",EDUCATION,US,UPI,8,630,0,0,1762,0,0,1,ADVERSARIAL_LOW_AND_SLOW
CUST_30943,4067.54,Kramer-Maddox,GROCERY,NG,DEBIT_CARD,8,276,0,1,87,0,0,1,ADVERSARIAL_MULTI_SIGNAL
CUST_23792,1585.93,Ramos-Johnson,ECOMMERCE,IN,CREDIT_CARD,4,878,1,1,1372,0,0,1,ADVERSARIAL_MULTI_SIGNAL
CUST_22369,532.76,"Harper, Shepherd and Hamilton",OTHER,NG,NET_BANKING,7,767,1,0,950,0,0,1,ADVERSARIAL_MULTI_SIGNAL
CUST_51872,1233.77,Yates-Ford,HEALTHCARE,NG,WALLET,2,127,1,0,1262,0,0,1,ADVERSARIAL_LOW_AND_SLOW
CUST_16181,6235.09,Ali-Smith,HEALTHCARE,GB,CREDIT_CARD,2,274,0,0,1139,0,1,1,ADVERSARIAL_LOW_AND_SLOW
CUST_63727,540.17,Stephens Ltd,HEALTHCARE,US,WALLET,5,995,0,1,461,0,0,1,ADVERSARIAL_MULTI_SIGNAL
CUST_58348,1248.87,"Potts, White and Molina",GROCERY,NG,CREDIT_CARD,4,437,0,1,1069,0,0,1,ADVERSARIAL_LOW_AND_SLOW
CUST_20084,8038.45,Hensley Group,TRAVEL,GB,CREDIT_CARD,1,718,1,0,2065,0,1,1,ADVERSARIAL_MULTI_SIGNAL
CUST_96838,5420.5,Smith-Johnson,GROCERY,GB,UPI,4,272,0,0,546,1,0,1,ADVERSARIAL_LOW_AND_SLOW
CUST_32873,563.54,"Garcia, Tucker and Hawkins",ECOMMERCE,GB,NET_BANKING,7,805,1,0,248,0,0,1,ADVERSARIAL_MULTI_SIGNAL
CUST_34551,1763.88,Mcneil and Sons,ENTERTAINMENT,IN,NET_BANKING,7,207,0,0,2040,1,0,1,ADVERSARIAL_MULTI_SIGNAL
CUST_18682,2677.87,"Gomez, Arnold and Dominguez",HEALTHCARE,CN,WALLET,3,895,0,1,2156,0,0,1,ADVERSARIAL_LOW_AND_SLOW
CUST_97983,609.38,Kaiser-York,ENTERTAINMENT,US,DEBIT_CARD,4,982,0,1,1549,1,0,1,ADVERSARIAL_MULTI_SIGNAL
CUST_25849,2492.01,Pham-Davis,ECOMMERCE,GB,DEBIT_CARD,1,627,0,0,110,1,1,1,ADVERSARIAL_MULTI_SIGNAL
CUST_59670,1593.26,Gonzalez-Davis,GROCERY,IN,DEBIT_CARD,4,88,0,0,1552,1,0,1,ADVERSARIAL_LOW_AND_SLOW
CUST_78718,2804.86,Mccarthy Group,TRAVEL,IN,CREDIT_CARD,2,465,0,0,1341,0,1,1,ADVERSARIAL_LOW_AND_SLOW
CUST_36552,2857.04,Glover-West,OTHER,US,DEBIT_CARD,2,510,0,1,602,1,0,1,ADVERSARIAL_MULTI_SIGNAL
CUST_64746,1477.21,"Evans, Oconnor and Perez",OTHER,NG,NET_BANKING,2,116,1,0,1640,1,0,1,ADVERSARIAL_MULTI_SIGNAL
CUST_94537,3780.19,"Brown, Baker and Chen",FOOD,US,UPI,3,914,0,0,1118,1,0,1,ADVERSARIAL_LOW_AND_SLOW
CUST_32789,2128.78,Williams-King,ECOMMERCE,CN,CREDIT_CARD,8,762,0,0,1032,0,0,1,ADVERSARIAL_LOW_AND_SLOW
CUST_44016,2121.64,Dean-Lin,ENTERTAINMENT,US,UPI,1,280,0,1,2304,0,0,1,ADVERSARIAL_LOW_AND_SLOW
CUST_87672,2018.36,Ingram-Mejia,OTHER,US,WALLET,2,441,0,1,1180,0,0,1,ADVERSARIAL_LOW_AND_SLOW
CUST_51766,4053.38,"Murphy, Griffin and Garcia",EDUCATION,CN,DEBIT_CARD,3,733,1,1,293,0,0,1,ADVERSARIAL_MULTI_SIGNAL
CUST_62618,2811.08,Robinson-Morales,EDUCATION,NG,CREDIT_CARD,6,132,1,0,238,0,0,1,ADVERSARIAL_MULTI_SIGNAL
CUST_59454,3189.78,"Porter, Moore and Mckenzie",EDUCATION,NG,NET_BANKING,3,188,0,0,300,1,0,1,ADVERSARIAL_LOW_AND_SLOW
CUST_92932,2865.44,Roberts-Foster,GROCERY,CN,NET_BANKING,6,958,0,1,1599,0,0,1,ADVERSARIAL_MULTI_SIGNAL
CUST_13041,3923.36,Roy Inc,OTHER,GB,CREDIT_CARD,7,503,0,0,193,1,0,1,ADVERSARIAL_MULTI_SIGNAL
CUST_49103,1198.48,Murphy-Lyons,EDUCATION,IN,UPI,4,380,1,0,1879,1,0,1,ADVERSARIAL_MULTI_SIGNAL
CUST_87879,5132.58,Cabrera-Dougherty,TRAVEL,GB,CREDIT_CARD,3,71,0,0,437,1,1,1,ADVERSARIAL_MULTI_SIGNAL
CUST_17641,1547.2,Charles-Sanders,ENTERTAINMENT,IN,UPI,2,937,1,0,2270,0,0,1,ADVERSARIAL_LOW_AND_SLOW
CUST_33872,4208.78,Hill Group,OTHER,US,WALLET,1,462,0,0,2031,0,1,1,ADVERSARIAL_LOW_AND_SLOW
CUST_33241,1411.85,Miller Inc,EDUCATION,GB,NET_BANKING,2,854,0,0,625,1,0,1,ADVERSARIAL_LOW_AND_SLOW
CUST_71606,6327.84,"Romero, Walker and Macdonald",GROCERY,IN,WALLET,1,266,0,1,366,0,1,1,ADVERSARIAL_MULTI_SIGNAL
CUST_81279,1265.84,Allen-Smith,ENTERTAINMENT,CN,DEBIT_CARD,1,893,0,0,470,1,0,1,ADVERSARIAL_LOW_AND_SLOW
CUST_31476,248.41,"Collins, Martin and Montgomery",ENTERTAINMENT,NG,UPI,4,375,1,0,1851,1,0,1,ADVERSARIAL_MULTI_SIGNAL
CUST_70233,996.09,"Smith, Campbell and Rojas",EDUCATION,CN,WALLET,2,33,1,1,951,0,0,1,ADVERSARIAL_MULTI_SIGNAL
CUST_42968,3779.3,Garcia-Torres,OTHER,US,DEBIT_CARD,7,348,0,0,780,0,1,1,ADVERSARIAL_MULTI_SIGNAL
CUST_44320,5728.04,Roberson-Washington,FOOD,US,DEBIT_CARD,3,314,0,1,1404,0,0,1,ADVERSARIAL_LOW_AND_SLOW
CUST_27569,3265.62,Roman PLC,TRAVEL,NG,DEBIT_CARD,8,379,0,0,983,0,0,1,ADVERSARIAL_LOW_AND_SLOW
CUST_13772,1465.1,"Ramirez, Ibarra and Berger",HEALTHCARE,IN,UPI,1,285,1,0,842,0,0,1,ADVERSARIAL_LOW_AND_SLOW
CUST_63887,1839.64,"Johnson, Jones and Gonzales",TRAVEL,US,UPI,3,775,0,0,2042,0,1,1,ADVERSARIAL_LOW_AND_SLOW
CUST_62378,10468.33,"Torres, Larson and Steele",GROCERY,IN,NET_BANKING,3,213,0,0,1393,0,1,1,ADVERSARIAL_LOW_AND_SLOW
CUST_34935,1986.29,Velez-Martinez,GROCERY,CN,CREDIT_CARD,8,526,0,1,674,0,0,1,ADVERSARIAL_MULTI_SIGNAL
CUST_77107,6832.23,"Allison, Mercado and Pacheco",EDUCATION,IN,NET_BANKING,2,785,0,0,322,0,1,1,ADVERSARIAL_LOW_AND_SLOW
CUST_41398,4286.56,Jennings and Sons,FOOD,GB,CREDIT_CARD,4,553,0,0,300,1,0,1,ADVERSARIAL_LOW_AND_SLOW
CUST_33254,487.84,Rice-Watson,OTHER,US,WALLET,6,933,0,0,2419,0,0,1,ADVERSARIAL_LOW_AND_SLOW
CUST_68051,1989.38,Jones-Kirk,FOOD,NG,NET_BANKING,2,788,0,1,919,1,0,1,ADVERSARIAL_MULTI_SIGNAL
CUST_87919,1139.11,"Francis, Levine and Mitchell",ENTERTAINMENT,IN,UPI,1,64,0,1,869,0,0,1,ADVERSARIAL_LOW_AND_SLOW
CUST_84536,4880.19,"Gonzales, Cobb and Mckay",TRAVEL,GB,UPI,2,808,0,1,274,0,1,1,ADVERSARIAL_MULTI_SIGNAL
CUST_60237,5358.24,"Rodriguez, Ross and King",OTHER,CN,WALLET,4,424,0,1,981,0,0,1,ADVERSARIAL_LOW_AND_SLOW
CUST_14270,3784.0,Houston LLC,FOOD,GB,UPI,8,611,0,0,1775,0,1,1,ADVERSARIAL_MULTI_SIGNAL
CUST_81276,2145.75,Anderson-Thomas,EDUCATION,IN,CREDIT_CARD,8,710,0,0,1314,1,0,1,ADVERSARIAL_MULTI_SIGNAL
CUST_99123,3648.2,"Douglas, Lowe and Williams",FOOD,CN,WALLET,3,118,0,0,1286,1,0,1,ADVERSARIAL_LOW_AND_SLOW
CUST_59934,6714.46,"Andrews, Gallegos and Grimes",EDUCATION,US,NET_BANKING,3,386,1,0,113,0,0,1,ADVERSARIAL_LOW_AND_SLOW
CUST_56883,1758.33,Malone-Fisher,GROCERY,NG,UPI,3,645,1,1,1217,0,0,1,ADVERSARIAL_MULTI_SIGNAL
CUST_21396,1309.58,Fischer LLC,OTHER,US,DEBIT_CARD,4,723,1,0,1281,1,0,1,ADVERSARIAL_MULTI_SIGNAL
CUST_15185,2732.62,Cantrell Ltd,EDUCATION,IN,UPI,3,944,0,0,2005,1,0,1,ADVERSARIAL_LOW_AND_SLOW
CUST_32329,1035.02,"Cook, Durham and Carter",GROCERY,IN,UPI,6,379,0,0,1813,1,0,1,ADVERSARIAL_MULTI_SIGNAL
CUST_73124,529.06,Marshall-Simmons,ECOMMERCE,CN,NET_BANKING,1,519,0,0,1629,1,1,1,ADVERSARIAL_MULTI_SIGNAL
CUST_95172,7079.15,Pittman LLC,HEALTHCARE,CN,UPI,4,64,0,0,2332,1,0,1,ADVERSARIAL_LOW_AND_SLOW
CUST_23642,1686.46,"Valdez, Gray and Matthews",TRAVEL,IN,DEBIT_CARD,3,522,1,0,523,0,0,1,ADVERSARIAL_LOW_AND_SLOW
CUST_44039,2955.5,"Silva, Conway and Russell",GROCERY,IN,UPI,4,879,0,0,1527,1,0,1,ADVERSARIAL_LOW_AND_SLOW
CUST_54532,1816.62,Arias-Mcintosh,ENTERTAINMENT,IN,NET_BANKING,3,183,0,1,2119,1,0,1,ADVERSARIAL_MULTI_SIGNAL
CUST_60933,2405.65,"Cooper, Lewis and Mitchell",ENTERTAINMENT,IN,UPI,8,654,0,0,1392,0,1,1,ADVERSARIAL_MULTI_SIGNAL
CUST_56220,670.25,Horton Inc,EDUCATION,CN,UPI,4,142,1,0,1953,0,1,1,ADVERSARIAL_MULTI_SIGNAL
CUST_46022,2311.62,Perez-Collins,HEALTHCARE,IN,WALLET,6,550,0,0,350,1,0,1,ADVERSARIAL_MULTI_SIGNAL
CUST_59361,1473.18,Holloway LLC,ECOMMERCE,CN,NET_BANKING,4,476,1,0,189,0,0,1,ADVERSARIAL_LOW_AND_SLOW
CUST_81090,1828.9,"Rhodes, Sims and Wright",ENTERTAINMENT,IN,CREDIT_CARD,3,426,0,1,2223,0,0,1,ADVERSARIAL_LOW_AND_SLOW
CUST_80258,4884.21,"Hernandez, Arnold and Wise",EDUCATION,GB,DEBIT_CARD,4,797,0,1,2309,0,1,1,ADVERSARIAL_MULTI_SIGNAL
CUST_62570,2197.96,"Austin, Stout and Peterson",GROCERY,IN,DEBIT_CARD,6,79,0,0,1205,0,0,1,ADVERSARIAL_LOW_AND_SLOW
CUST_25627,1389.22,Owens-Herring,FOOD,GB,CREDIT_CARD,7,969,0,1,1099,0,0,1,ADVERSARIAL_MULTI_SIGNAL
CUST_23574,8328.51,"Anderson, Atkins and Fernandez",GROCERY,NG,WALLET,1,621,0,1,384,0,1,1,ADVERSARIAL_MULTI_SIGNAL
CUST_41640,2748.44,"Gray, Hall and West",OTHER,CN,WALLET,8,993,1,0,1445,0,0,1,ADVERSARIAL_MULTI_SIGNAL
CUST_86062,1290.74,Phillips LLC,ECOMMERCE,GB,DEBIT_CARD,2,680,0,1,1157,0,0,1,ADVERSARIAL_LOW_AND_SLOW
CUST_56248,3009.9,Brown and Sons,FOOD,US,DEBIT_CARD,2,531,1,0,1917,1,0,1,ADVERSARIAL_MULTI_SIGNAL
CUST_68078,2834.74,Martinez PLC,GROCERY,IN,WALLET,3,578,0,1,1464,0,1,1,ADVERSARIAL_MULTI_SIGNAL
CUST_67314,9514.28,Callahan-Dawson,ENTERTAINMENT,CN,DEBIT_CARD,4,623,0,0,64,0,1,1,ADVERSARIAL_LOW_AND_SLOW
CUST_28439,260.87,Robinson Inc,ECOMMERCE,IN,UPI,2,269,1,1,769,0,0,1,ADVERSARIAL_MULTI_SIGNAL
CUST_39662,3406.07,"Johnson, Russo and Delgado",EDUCATION,US,WALLET,2,240,0,1,1161,0,0,1,ADVERSARIAL_LOW_AND_SLOW
CUST_72070,1250.62,Beasley Ltd,EDUCATION,NG,CREDIT_CARD,7,513,1,0,2164,0,0,1,ADVERSARIAL_MULTI_SIGNAL
CUST_16896,1020.09,Glass Inc,OTHER,GB,UPI,3,692,0,1,2408,1,0,1,ADVERSARIAL_MULTI_SIGNAL
CUST_20277,428.42,Reyes Ltd,OTHER,IN,CREDIT_CARD,2,628,1,0,1468,0,0,1,ADVERSARIAL_LOW_AND_SLOW
CUST_52330,2221.58,Hale Group,OTHER,US,UPI,2,933,1,0,1194,0,0,1,ADVERSARIAL_LOW_AND_SLOW
CUST_88117,2855.76,Peters-Williams,ENTERTAINMENT,IN,NET_BANKING,2,633,0,0,180,1,0,1,ADVERSARIAL_LOW_AND_SLOW
CUST_12274,1064.81,"Chase, Hart and Wagner",TRAVEL,US,UPI,6,680,0,0,1362,0,0,1,ADVERSARIAL_LOW_AND_SLOW
CUST_23913,970.83,"Hall, Russell and Sullivan",FOOD,IN,UPI,4,296,0,0,277,1,0,1,ADVERSARIAL_LOW_AND_SLOW
CUST_20364,7208.72,Moyer-Cooper,HEALTHCARE,NG,DEBIT_CARD,3,240,0,0,480,0,1,1,ADVERSARIAL_LOW_AND_SLOW
CUST_79878,1968.88,Becker PLC,TRAVEL,CN,NET_BANKING,4,565,0,1,477,1,0,1,ADVERSARIAL_MULTI_SIGNAL
CUST_45712,482.32,Monroe-Johnson,FOOD,IN,NET_BANKING,7,908,0,0,876,0,0,1,ADVERSARIAL_LOW_AND_SLOW
CUST_88263,2516.33,"Medina, Barton and Vasquez",TRAVEL,GB,WALLET,5,958,0,0,384,0,0,1,ADVERSARIAL_LOW_AND_SLOW
CUST_19290,3654.37,"Thomas, Castillo and Miller",ENTERTAINMENT,CN,UPI,6,114,0,0,1867,0,1,1,ADVERSARIAL_MULTI_SIGNAL
CUST_77393,3465.67,Weber-Kelly,ENTERTAINMENT,CN,DEBIT_CARD,1,758,0,1,463,1,0,1,ADVERSARIAL_MULTI_SIGNAL
CUST_22454,1516.69,Smith LLC,EDUCATION,US,NET_BANKING,2,799,1,0,280,0,0,1,ADVERSARIAL_LOW_AND_SLOW
CUST_61514,597.99,Miranda Group,GROCERY,US,NET_BANKING,4,119,1,0,2030,1,0,1,ADVERSARIAL_MULTI_SIGNAL
CUST_49156,1311.95,Johnson-Fox,OTHER,CN,CREDIT_CARD,2,417,1,0,1988,0,0,1,ADVERSARIAL_LOW_AND_SLOW
CUST_44445,1397.19,Pearson PLC,OTHER,GB,UPI,2,287,0,1,350,0,0,1,ADVERSARIAL_LOW_AND_SLOW
CUST_77051,1607.4,Martin-Kaiser,OTHER,CN,CREDIT_CARD,1,769,0,0,1832,1,1,1,ADVERSARIAL_MULTI_SIGNAL
CUST_58946,2648.87,Torres-Hoover,ENTERTAINMENT,IN,WALLET,5,465,0,0,1103,0,1,1,ADVERSARIAL_MULTI_SIGNAL
CUST_73577,2735.96,"Anderson, Richards and Henderson",FOOD,IN,DEBIT_CARD,8,459,0,0,2139,0,0,1,ADVERSARIAL_LOW_AND_SLOW
CUST_60203,6835.93,Anderson Inc,HEALTHCARE,NG,UPI,1,457,0,0,284,0,1,1,ADVERSARIAL_LOW_AND_SLOW
CUST_93303,1063.3,Russell-Guzman,ENTERTAINMENT,GB,DEBIT_CARD,2,545,0,1,721,0,0,1,ADVERSARIAL_LOW_AND_SLOW
CUST_88466,1171.82,"Allen, Clayton and Pacheco",ECOMMERCE,US,UPI,3,693,0,0,2173,1,0,1,ADVERSARIAL_LOW_AND_SLOW
CUST_87499,4139.74,"Haney, Dalton and Hernandez",OTHER,NG,UPI,8,210,0,0,1950,0,0,1,ADVERSARIAL_LOW_AND_SLOW
CUST_10734,4461.37,Gonzalez-Juarez,ECOMMERCE,US,CREDIT_CARD,1,669,0,0,1307,0,1,1,ADVERSARIAL_LOW_AND_SLOW
CUST_83353,836.81,Jackson and Sons,FOOD,IN,NET_BANKING,4,464,0,1,2047,0,0,1,ADVERSARIAL_LOW_AND_SLOW
CUST_96543,2263.9,Rodriguez PLC,OTHER,GB,DEBIT_CARD,5,463,0,0,1780,1,0,1,ADVERSARIAL_MULTI_SIGNAL
CUST_91870,3505.97,Cannon and Sons,ENTERTAINMENT,CN,CREDIT_CARD,2,575,1,0,833,1,0,1,ADVERSARIAL_MULTI_SIGNAL
CUST_50187,2372.97,Garcia Group,ECOMMERCE,CN,UPI,4,519,0,1,2402,0,0,1,ADVERSARIAL_LOW_AND_SLOW
CUST_47520,8124.81,"Adams, Powell and Williams",OTHER,US,DEBIT_CARD,6,657,0,0,2468,0,1,1,ADVERSARIAL_MULTI_SIGNAL
CUST_19046,1344.76,Torres-Lee,OTHER,IN,NET_BANKING,4,413,0,0,1963,1,1,1,ADVERSARIAL_MULTI_SIGNAL
CUST_64627,4954.35,"Coleman, Sparks and Newman",OTHER,GB,UPI,4,807,1,1,395,0,0,1,ADVERSARIAL_MULTI_SIGNAL
CUST_81015,2835.5,"Jones, Smith and Flowers",HEALTHCARE,IN,DEBIT_CARD,3,890,0,1,1253,1,0,1,ADVERSARIAL_MULTI_SIGNAL
CUST_71665,2874.65,Rodriguez Group,HEALTHCARE,NG,UPI,1,683,0,1,2177,0,0,1,ADVERSARIAL_LOW_AND_SLOW
CUST_73269,3287.11,"Galloway, Calhoun and Wheeler",ENTERTAINMENT,IN,WALLET,2,705,0,1,955,0,0,1,ADVERSARIAL_LOW_AND_SLOW
CUST_60001,1015.06,Solis-Villanueva,OTHER,IN,CREDIT_CARD,2,87,0,0,911,0,1,1,ADVERSARIAL_LOW_AND_SLOW
CUST_27336,3531.51,Mcneil LLC,FOOD,US,UPI,1,402,0,0,1698,1,0,1,ADVERSARIAL_LOW_AND_SLOW
CUST_71257,3081.82,Herman Group,GROCERY,GB,CREDIT_CARD,6,586,0,0,539,0,0,1,ADVERSARIAL_LOW_AND_SLOW
CUST_73794,2363.78,Gray-Poole,OTHER,GB,DEBIT_CARD,6,722,0,1,1837,0,0,1,ADVERSARIAL_MULTI_SIGNAL
CUST_33513,3237.49,Schultz-Ramos,ECOMMERCE,US,DEBIT_CARD,8,261,0,0,832,0,1,1,ADVERSARIAL_MULTI_SIGNAL
CUST_27332,1476.75,Ellis-Moreno,TRAVEL,NG,WALLET,1,898,0,1,143,0,1,1,ADVERSARIAL_MULTI_SIGNAL
CUST_79582,3320.42,Marquez-Chandler,TRAVEL,CN,DEBIT_CARD,4,767,1,0,1967,0,0,1,ADVERSARIAL_LOW_AND_SLOW
CUST_89039,2692.08,Sosa Ltd,FOOD,CN,UPI,6,907,0,0,2351,0,0,1,ADVERSARIAL_LOW_AND_SLOW
CUST_35336,254.24,"Allen, Oneill and Saunders",TRAVEL,CN,CREDIT_CARD,8,598,0,0,1976,0,0,1,ADVERSARIAL_LOW_AND_SLOW
CUST_96536,2319.18,"Hanson, Freeman and Green",HEALTHCARE,IN,CREDIT_CARD,3,875,1,0,481,0,0,1,ADVERSARIAL_LOW_AND_SLOW
CUST_69488,753.59,"Salazar, Robinson and Bell",ENTERTAINMENT,GB,WALLET,5,470,1,0,197,0,0,1,ADVERSARIAL_MULTI_SIGNAL
CUST_37530,5033.99,Jones Inc,HEALTHCARE,IN,DEBIT_CARD,3,381,1,0,2189,0,0,1,ADVERSARIAL_LOW_AND_SLOW
CUST_41462,2562.2,Walter PLC,GROCERY,IN,NET_BANKING,4,857,1,1,413,0,0,1,ADVERSARIAL_MULTI_SIGNAL
CUST_91721,2939.57,Ford-Young,TRAVEL,IN,DEBIT_CARD,8,700,0,1,2136,0,0,1,ADVERSARIAL_MULTI_SIGNAL
CUST_45909,1368.76,Zavala LLC,ECOMMERCE,NG,CREDIT_CARD,1,948,0,0,63,1,0,1,ADVERSARIAL_LOW_AND_SLOW
CUST_39743,9807.24,Hill-Meyer,ECOMMERCE,CN,WALLET,7,769,0,0,889,0,1,1,ADVERSARIAL_MULTI_SIGNAL
CUST_55566,3242.11,Browning-White,GROCERY,IN,WALLET,4,240,0,1,2239,0,0,1,ADVERSARIAL_LOW_AND_SLOW
CUST_33812,2615.05,Burns PLC,OTHER,US,NET_BANKING,4,830,0,1,295,1,0,1,ADVERSARIAL_MULTI_SIGNAL
CUST_31558,2339.8,Stephens Inc,FOOD,CN,DEBIT_CARD,6,560,1,0,173,0,0,1,ADVERSARIAL_MULTI_SIGNAL
CUST_94853,4905.92,Wade-Lane,EDUCATION,NG,WALLET,4,846,0,1,1353,0,0,1,ADVERSARIAL_LOW_AND_SLOW
CUST_98110,3503.06,Levy-Wall,GROCERY,CN,DEBIT_CARD,3,526,0,1,1608,0,0,1,ADVERSARIAL_LOW_AND_SLOW
CUST_13210,2361.59,Nelson Inc,ENTERTAINMENT,NG,CREDIT_CARD,4,243,0,1,1640,1,0,1,ADVERSARIAL_MULTI_SIGNAL
CUST_60220,4248.54,"Tucker, Hinton and Smith",FOOD,US,NET_BANKING,2,321,1,0,1456,0,0,1,ADVERSARIAL_LOW_AND_SLOW
CUST_80832,424.11,Johnson and Sons,GROCERY,US,CREDIT_CARD,8,711,0,0,1554,0,0,1,ADVERSARIAL_LOW_AND_SLOW
CUST_33552,1031.94,Rodriguez PLC,TRAVEL,NG,DEBIT_CARD,3,527,0,1,920,0,0,1,ADVERSARIAL_LOW_AND_SLOW
CUST_18840,845.2,"Goodwin, Chung and Cook",ENTERTAINMENT,GB,UPI,4,258,1,0,1201,0,0,1,ADVERSARIAL_LOW_AND_SLOW
CUST_14723,1524.78,Snyder-Conner,GROCERY,NG,DEBIT_CARD,3,348,0,0,1935,1,0,1,ADVERSARIAL_LOW_AND_SLOW
CUST_10497,2360.2,Taylor-Harper,EDUCATION,NG,UPI,2,635,1,1,528,0,0,1,ADVERSARIAL_MULTI_SIGNAL
CUST_32873,563.54,"Garcia, Tucker and Hawkins",ECOMMERCE,CN,NET_BANKING,6,805,0,0,248,0,0,1,ADVERSARIAL_LOW_AND_SLOW
CUST_28015,3663.8,"Rogers, Smith and Solomon",HEALTHCARE,NG,UPI,5,576,0,0,1437,0,0,1,ADVERSARIAL_LOW_AND_SLOW
CUST_47034,3012.12,Kirk PLC,OTHER,US,WALLET,2,922,0,1,2396,0,1,1,ADVERSARIAL_MULTI_SIGNAL
CUST_62227,5097.77,Johnson PLC,ECOMMERCE,NG,WALLET,3,981,0,0,1936,1,1,1,ADVERSARIAL_MULTI_SIGNAL
CUST_47787,698.04,"Miller, Murray and Thornton",GROCERY,IN,CREDIT_CARD,3,960,0,1,1312,1,0,1,ADVERSARIAL_MULTI_SIGNAL
CUST_53871,1615.92,Mcdonald-Wagner,TRAVEL,IN,UPI,5,800,0,0,1409,0,0,1,ADVERSARIAL_LOW_AND_SLOW
CUST_74450,2665.99,Hernandez-Clark,HEALTHCARE,CN,CREDIT_CARD,6,417,0,0,1297,0,0,1,ADVERSARIAL_LOW_AND_SLOW
CUST_34126,74.02,"Sherman, Camacho and Mckay",ECOMMERCE,IN,DEBIT_CARD,2,475,0,1,165,1,0,1,ADVERSARIAL_MULTI_SIGNAL
CUST_13772,2764.95,"Ramirez, Ibarra and Berger",HEALTHCARE,US,UPI,7,285,0,0,842,0,1,1,ADVERSARIAL_MULTI_SIGNAL
CUST_26369,7365.89,"Davis, Humphrey and Montoya",ECOMMERCE,CN,WALLET,2,49,0,0,346,0,1,1,ADVERSARIAL_LOW_AND_SLOW
CUST_93281,1175.64,Hart Group,EDUCATION,US,DEBIT_CARD,8,212,0,0,1705,1,0,1,ADVERSARIAL_MULTI_SIGNAL
CUST_84294,3637.7,"Henderson, Guzman and Kemp",EDUCATION,GB,WALLET,5,380,0,1,439,0,0,1,ADVERSARIAL_MULTI_SIGNAL
CUST_62291,3803.62,Kramer PLC,EDUCATION,IN,NET_BANKING,5,408,0,1,2333,0,0,1,ADVERSARIAL_MULTI_SIGNAL
CUST_85275,4875.14,Cortez-Ingram,ENTERTAINMENT,IN,DEBIT_CARD,3,844,0,0,940,1,1,1,ADVERSARIAL_MULTI_SIGNAL
CUST_64550,3104.83,Zimmerman LLC,TRAVEL,NG,DEBIT_CARD,2,120,0,0,325,1,0,1,ADVERSARIAL_LOW_AND_SLOW
CUST_97085,1031.57,Conrad LLC,EDUCATION,GB,UPI,4,792,1,0,1439,0,0,1,ADVERSARIAL_LOW_AND_SLOW
CUST_85481,3748.82,Payne-Ortega,ENTERTAINMENT,IN,CREDIT_CARD,2,825,1,0,659,0,0,1,ADVERSARIAL_LOW_AND_SLOW
CUST_38369,3032.09,"Reed, Gregory and Thomas",ENTERTAINMENT,NG,NET_BANKING,1,546,0,1,628,1,0,1,ADVERSARIAL_MULTI_SIGNAL
CUST_75665,1414.46,"Phillips, Hodges and Bridges",TRAVEL,GB,DEBIT_CARD,3,835,0,1,2370,0,1,1,ADVERSARIAL_MULTI_SIGNAL
CUST_83428,4335.12,Odonnell-Browning,OTHER,US,DEBIT_CARD,1,416,0,0,2348,1,0,1,ADVERSARIAL_LOW_AND_SLOW
CUST_10567,4594.9,"Mccarthy, Hopkins and Davis",TRAVEL,CN,DEBIT_CARD,3,756,1,0,947,0,0,1,ADVERSARIAL_LOW_AND_SLOW
CUST_58900,1234.64,"Kane, Phillips and Stone",ENTERTAINMENT,IN,CREDIT_CARD,3,599,0,0,1136,1,1,1,ADVERSARIAL_MULTI_SIGNAL
CUST_34791,6652.86,"Butler, Petty and Harvey",ECOMMERCE,CN,NET_BANKING,1,468,0,0,512,0,1,1,ADVERSARIAL_LOW_AND_SLOW
CUST_68406,7042.22,Hill LLC,OTHER,NG,DEBIT_CARD,1,930,0,0,2230,1,1,1,ADVERSARIAL_MULTI_SIGNAL
CUST_37976,9620.39,King-Perez,EDUCATION,US,DEBIT_CARD,4,508,0,0,663,0,1,1,ADVERSARIAL_LOW_AND_SLOW
CUST_68727,479.2,"Chase, Abbott and Hall",HEALTHCARE,NG,UPI,3,897,0,0,362,0,1,1,ADVERSARIAL_LOW_AND_SLOW
CUST_24634,4608.05,"Thompson, Walter and Thomas",EDUCATION,CN,CREDIT_CARD,7,361,0,0,585,0,0,1,ADVERSARIAL_LOW_AND_SLOW
CUST_72802,988.36,Thompson-Gilbert,ENTERTAINMENT,GB,UPI,4,778,1,0,760,0,0,1,ADVERSARIAL_LOW_AND_SLOW
CUST_72032,440.8,"Ross, Fisher and Jackson",ECOMMERCE,IN,UPI,5,458,1,0,1520,0,0,1,ADVERSARIAL_MULTI_SIGNAL
CUST_15769,1135.5,Moore PLC,ENTERTAINMENT,NG,NET_BANKING,1,41,0,0,559,1,0,1,ADVERSARIAL_LOW_AND_SLOW
CUST_96840,601.01,"Hoffman, Rangel and Mitchell",HEALTHCARE,CN,NET_BANKING,3,458,0,1,2366,0,0,1,ADVERSARIAL_LOW_AND_SLOW
CUST_62745,3627.25,"Porter, Black and Hernandez",ECOMMERCE,GB,DEBIT_CARD,8,968,0,0,1607,0,0,1,ADVERSARIAL_LOW_AND_SLOW
CUST_95128,2673.4,"Shepard, Mills and Clark",ECOMMERCE,IN,NET_BANKING,3,528,0,0,2103,0,1,1,ADVERSARIAL_LOW_AND_SLOW
CUST_87945,1334.52,"Jimenez, Simmons and Bailey",GROCERY,NG,UPI,1,244,0,1,1859,0,1,1,ADVERSARIAL_MULTI_SIGNAL
CUST_64225,2941.39,Black PLC,ECOMMERCE,IN,NET_BANKING,2,773,1,1,98,0,0,1,ADVERSARIAL_MULTI_SIGNAL
CUST_35637,5491.4,Bishop Ltd,OTHER,CN,NET_BANKING,4,77,1,0,36,0,0,1,ADVERSARIAL_LOW_AND_SLOW
CUST_42590,3503.93,Curtis-Moses,TRAVEL,IN,CREDIT_CARD,2,632,1,0,2266,0,0,1,ADVERSARIAL_LOW_AND_SLOW
CUST_11655,2573.89,Phillips-Sharp,ENTERTAINMENT,US,NET_BANKING,1,53,1,0,1938,0,0,1,ADVERSARIAL_LOW_AND_SLOW
CUST_19604,2796.33,Parker-Lozano,GROCERY,NG,DEBIT_CARD,1,370,0,1,1940,0,0,1,ADVERSARIAL_LOW_AND_SLOW
CUST_73227,4870.94,Smith-Mullins,OTHER,NG,CREDIT_CARD,4,365,0,0,675,1,1,1,ADVERSARIAL_MULTI_SIGNAL
CUST_23924,2422.95,Guerrero Ltd,ENTERTAINMENT,US,UPI,4,701,1,0,141,0,1,1,ADVERSARIAL_MULTI_SIGNAL
CUST_71575,6250.57,Jackson-Cox,HEALTHCARE,US,CREDIT_CARD,4,414,0,0,1341,0,1,1,ADVERSARIAL_LOW_AND_SLOW
CUST_20430,2198.71,"Hicks, Mitchell and Edwards",ECOMMERCE,IN,NET_BANKING,2,508,0,1,1487,0,0,1,ADVERSARIAL_LOW_AND_SLOW
CUST_12080,8400.76,"Ramirez, Lewis and Bradley",EDUCATION,IN,DEBIT_CARD,3,662,0,0,2083,1,1,1,ADVERSARIAL_MULTI_SIGNAL
CUST_47308,1429.91,Garcia LLC,ECOMMERCE,IN,NET_BANKING,3,421,0,1,2029,0,0,1,ADVERSARIAL_LOW_AND_SLOW
CUST_33567,4394.6,Mckee-Jensen,ECOMMERCE,CN,DEBIT_CARD,4,455,0,0,324,1,0,1,ADVERSARIAL_LOW_AND_SLOW
CUST_63144,4999.79,Palmer LLC,FOOD,NG,WALLET,4,115,1,0,2289,0,0,1,ADVERSARIAL_LOW_AND_SLOW
CUST_23242,476.95,"Johnson, Lopez and Horton",EDUCATION,US,UPI,7,845,0,0,818,1,0,1,ADVERSARIAL_MULTI_SIGNAL
CUST_80248,4991.77,Coffey LLC,OTHER,US,DEBIT_CARD,2,368,0,0,681,1,0,1,ADVERSARIAL_LOW_AND_SLOW
CUST_96810,4821.68,Nelson Group,FOOD,CN,DEBIT_CARD,2,243,1,0,388,1,0,1,ADVERSARIAL_MULTI_SIGNAL
CUST_63760,2026.58,"Jackson, Le and Rivera",FOOD,IN,WALLET,8,412,0,0,1032,1,0,1,ADVERSARIAL_MULTI_SIGNAL
CUST_63437,6634.25,"Vasquez, Anderson and Lawrence",ENTERTAINMENT,GB,UPI,3,539,0,0,107,1,0,1,ADVERSARIAL_LOW_AND_SLOW
CUST_68051,1989.38,Jones-Kirk,TRAVEL,CN,UPI,2,788,1,1,919,0,0,1,ADVERSARIAL_MULTI_SIGNAL
CUST_43916,8443.5,Browning-Williams,FOOD,NG,NET_BANKING,2,923,0,1,2280,0,1,1,ADVERSARIAL_MULTI_SIGNAL
CUST_89707,7859.83,Morgan Group,ECOMMERCE,US,NET_BANKING,6,892,0,1,197,0,0,1,ADVERSARIAL_MULTI_SIGNAL
CUST_48500,9428.47,Graham and Sons,FOOD,IN,DEBIT_CARD,1,575,0,0,2318,1,1,1,ADVERSARIAL_MULTI_SIGNAL
CUST_87965,3252.81,Rush-Cruz,GROCERY,IN,DEBIT_CARD,3,372,0,1,1486,0,0,1,ADVERSARIAL_LOW_AND_SLOW
CUST_76847,6814.77,Long Ltd,FOOD,IN,CREDIT_CARD,1,929,0,0,467,1,1,1,ADVERSARIAL_MULTI_SIGNAL
CUST_91815,4258.12,Hoffman-Thompson,EDUCATION,NG,UPI,4,553,0,1,1918,0,0,1,ADVERSARIAL_LOW_AND_SLOW
CUST_91922,3671.97,"West, Wilkins and Mercado",FOOD,NG,WALLET,5,205,0,0,1270,0,0,1,ADVERSARIAL_LOW_AND_SLOW
CUST_85029,7627.2,"Moran, Aguirre and Smith",TRAVEL,IN,UPI,4,580,0,0,95,0,1,1,ADVERSARIAL_LOW_AND_SLOW
CUST_76406,5931.57,Perry-Stuart,EDUCATION,US,CREDIT_CARD,8,876,0,0,1926,0,1,1,ADVERSARIAL_MULTI_SIGNAL
CUST_42650,714.27,"Smith, Gallegos and King",FOOD,CN,WALLET,1,152,0,1,798,0,0,1,ADVERSARIAL_LOW_AND_SLOW
CUST_47097,1244.43,"Steele, Monroe and Poole",EDUCATION,CN,UPI,6,382,0,0,399,0,0,1,ADVERSARIAL_LOW_AND_SLOW
CUST_98348,3023.43,"Nichols, Perez and Price",HEALTHCARE,NG,DEBIT_CARD,1,745,0,1,130,0,1,1,ADVERSARIAL_MULTI_SIGNAL
CUST_70586,2292.63,"Vazquez, Chavez and Clark",TRAVEL,GB,DEBIT_CARD,7,540,0,0,1177,0,0,1,ADVERSARIAL_LOW_AND_SLOW
CUST_22579,1133.16,Bird-Hart,TRAVEL,CN,UPI,6,664,1,0,1286,0,0,1,ADVERSARIAL_MULTI_SIGNAL
CUST_50820,2565.71,"Barton, Robertson and Goodman",ECOMMERCE,GB,NET_BANKING,6,200,0,0,2139,0,0,1,ADVERSARIAL_LOW_AND_SLOW
CUST_99779,4562.59,"Brown, Rosales and Conway",FOOD,IN,UPI,4,517,1,0,567,0,1,1,ADVERSARIAL_MULTI_SIGNAL
CUST_64158,1884.02,Miller-Martinez,OTHER,CN,UPI,4,416,0,1,2072,0,1,1,ADVERSARIAL_MULTI_SIGNAL
CUST_61363,3633.13,Blevins Inc,TRAVEL,CN,NET_BANKING,2,420,0,1,628,0,1,1,ADVERSARIAL_MULTI_SIGNAL
CUST_70622,11591.2,Hahn and Sons,TRAVEL,IN,WALLET,1,780,0,0,1173,0,1,1,ADVERSARIAL_LOW_AND_SLOW
CUST_61013,1875.66,Nelson Group,HEALTHCARE,CN,NET_BANKING,4,59,0,1,587,0,0,1,ADVERSARIAL_LOW_AND_SLOW
CUST_61920,3076.06,"Gomez, Glenn and Wheeler",EDUCATION,CN,NET_BANKING,3,536,0,1,1815,0,0,1,ADVERSARIAL_LOW_AND_SLOW
CUST_46168,13922.1,"Brown, Johnson and Sawyer",OTHER,US,CREDIT_CARD,1,330,0,1,488,0,1,1,ADVERSARIAL_MULTI_SIGNAL
CUST_98727,3997.51,Williams Ltd,ECOMMERCE,US,CREDIT_CARD,5,126,0,0,2151,0,0,1,ADVERSARIAL_LOW_AND_SLOW
CUST_34371,1425.94,"Brown, Gray and Ward",FOOD,GB,DEBIT_CARD,6,705,0,1,1492,0,0,1,ADVERSARIAL_MULTI_SIGNAL
CUST_56723,1912.69,Wood-Ramirez,FOOD,NG,CREDIT_CARD,2,97,1,0,1981,0,0,1,ADVERSARIAL_LOW_AND_SLOW
CUST_86439,330.64,"Vang, Hill and Jackson",OTHER,GB,DEBIT_CARD,3,552,0,1,295,0,0,1,ADVERSARIAL_LOW_AND_SLOW
CUST_57839,531.6,"Poole, Jones and Patterson",ECOMMERCE,CN,DEBIT_CARD,8,71,1,0,853,0,0,1,ADVERSARIAL_MULTI_SIGNAL
CUST_30601,2777.53,"Austin, Fernandez and Gallagher",GROCERY,GB,DEBIT_CARD,1,104,0,0,1398,0,1,1,ADVERSARIAL_LOW_AND_SLOW
CUST_20911,1577.17,Vasquez-Williams,FOOD,US,WALLET,2,717,0,1,926,0,0,1,ADVERSARIAL_LOW_AND_SLOW
CUST_64117,484.83,Miller PLC,GROCERY,GB,NET_BANKING,2,951,1,0,259,0,0,1,ADVERSARIAL_LOW_AND_SLOW
CUST_76532,7898.27,Taylor Inc,HEALTHCARE,CN,NET_BANKING,1,320,1,0,2079,0,1,1,ADVERSARIAL_MULTI_SIGNAL
CUST_13060,3380.78,"Stevens, Diaz and Hawkins",EDUCATION,GB,NET_BANKING,3,821,1,0,2460,0,0,1,ADVERSARIAL_LOW_AND_SLOW
CUST_78035,2062.66,"Moore, Pope and Cooley",ECOMMERCE,CN,WALLET,4,53,1,0,1654,0,0,1,ADVERSARIAL_LOW_AND_SLOW
CUST_23896,2712.92,"Munoz, Miller and Henderson",HEALTHCARE,CN,NET_BANKING,4,61,0,1,2366,1,0,1,ADVERSARIAL_MULTI_SIGNAL
CUST_64510,1883.25,Gonzalez-Reyes,ENTERTAINMENT,IN,NET_BANKING,3,74,0,0,1735,1,0,1,ADVERSARIAL_LOW_AND_SLOW
CUST_12491,4073.39,Powell-Knox,HEALTHCARE,IN,CREDIT_CARD,3,457,1,0,1036,0,0,1,ADVERSARIAL_LOW_AND_SLOW
CUST_70002,1130.05,Wright-Moore,OTHER,CN,CREDIT_CARD,3,816,0,1,921,0,1,1,ADVERSARIAL_MULTI_SIGNAL
CUST_41853,1186.44,Walker and Sons,HEALTHCARE,NG,WALLET,7,608,1,0,2255,0,0,1,ADVERSARIAL_MULTI_SIGNAL
CUST_89682,3198.88,Oconnor-Gonzalez,OTHER,CN,UPI,6,290,1,0,1254,0,0,1,ADVERSARIAL_MULTI_SIGNAL
CUST_72273,2742.6,Smith Inc,FOOD,US,CREDIT_CARD,3,669,1,0,106,1,0,1,ADVERSARIAL_MULTI_SIGNAL
CUST_70868,3910.02,"Hatfield, Taylor and Sanchez",TRAVEL,US,WALLET,2,980,0,0,2047,1,0,1,ADVERSARIAL_LOW_AND_SLOW
CUST_32250,2654.77,"Bell, Gonzales and Sexton",FOOD,IN,NET_BANKING,2,383,1,0,1794,0,0,1,ADVERSARIAL_LOW_AND_SLOW
CUST_27373,2294.95,Wilkerson-Waters,EDUCATION,CN,WALLET,2,412,0,1,1870,0,0,1,ADVERSARIAL_LOW_AND_SLOW
CUST_76316,3456.21,Walton LLC,ECOMMERCE,GB,CREDIT_CARD,3,983,0,0,1281,0,1,1,ADVERSARIAL_LOW_AND_SLOW
CUST_11190,3876.86,Jackson-Holt,TRAVEL,US,WALLET,6,809,0,0,1808,0,0,1,ADVERSARIAL_LOW_AND_SLOW
CUST_69887,4566.45,Ware PLC,FOOD,NG,CREDIT_CARD,2,310,0,0,1466,1,0,1,ADVERSARIAL_LOW_AND_SLOW
CUST_39811,376.41,"Carter, Morrison and Johnson",TRAVEL,US,NET_BANKING,1,577,1,0,250,0,0,1,ADVERSARIAL_LOW_AND_SLOW
CUST_39902,1373.28,Jackson-Lopez,EDUCATION,NG,WALLET,4,117,0,1,1487,0,0,1,ADVERSARIAL_LOW_AND_SLOW
CUST_95931,2787.94,Combs Inc,FOOD,IN,WALLET,1,212,0,1,879,0,0,1,ADVERSARIAL_LOW_AND_SLOW
CUST_98849,3125.07,Hicks-Mcmillan,HEALTHCARE,IN,CREDIT_CARD,1,991,0,0,2183,0,1,1,ADVERSARIAL_LOW_AND_SLOW
CUST_76736,1309.28,Myers LLC,EDUCATION,CN,DEBIT_CARD,4,762,0,0,1562,1,0,1,ADVERSARIAL_LOW_AND_SLOW
CUST_72802,988.36,Thompson-Gilbert,ENTERTAINMENT,IN,DEBIT_CARD,4,778,0,1,760,0,0,1,ADVERSARIAL_LOW_AND_SLOW
CUST_62044,2769.25,"Mills, Bishop and Williams",HEALTHCARE,US,CREDIT_CARD,3,953,0,0,683,1,0,1,ADVERSARIAL_LOW_AND_SLOW
CUST_73625,4671.71,Bailey Inc,HEALTHCARE,US,WALLET,7,37,1,0,339,0,0,1,ADVERSARIAL_MULTI_SIGNAL
CUST_76880,4066.59,"Barnes, Evans and Castillo",GROCERY,NG,UPI,6,914,0,0,1272,1,0,1,ADVERSARIAL_MULTI_SIGNAL
CUST_87772,5423.72,"Rodriguez, Campbell and Barnett",OTHER,NG,DEBIT_CARD,3,205,0,1,2201,0,1,1,ADVERSARIAL_MULTI_SIGNAL
CUST_74825,4987.8,"Hoffman, Taylor and Lowe",EDUCATION,US,NET_BANKING,2,203,0,0,2325,0,1,1,ADVERSARIAL_LOW_AND_SLOW
CUST_92723,1935.63,"Weaver, Parks and Best",OTHER,GB,CREDIT_CARD,3,918,0,1,753,0,0,1,ADVERSARIAL_LOW_AND_SLOW
CUST_76882,845.33,"Stewart, Arnold and Crawford",ENTERTAINMENT,CN,NET_BANKING,8,423,0,0,1295,0,0,1,ADVERSARIAL_LOW_AND_SLOW
CUST_91991,3315.1,Turner-Owens,TRAVEL,US,NET_BANKING,6,582,0,0,343,1,0,1,ADVERSARIAL_MULTI_SIGNAL
CUST_39840,5434.08,Miller-Myers,ENTERTAINMENT,CN,DEBIT_CARD,3,970,1,0,1383,1,0,1,ADVERSARIAL_MULTI_SIGNAL
CUST_67699,3886.59,Mclaughlin Ltd,OTHER,GB,CREDIT_CARD,3,727,1,0,1014,0,0,1,ADVERSARIAL_LOW_AND_SLOW
CUST_27313,443.25,Harris-Diaz,TRAVEL,CN,CREDIT_CARD,4,421,0,0,2028,1,0,1,ADVERSARIAL_LOW_AND_SLOW
CUST_25471,1561.78,Adams-Hill,FOOD,CN,UPI,7,680,0,0,1034,0,1,1,ADVERSARIAL_MULTI_SIGNAL
CUST_58163,961.53,Moore-Walker,OTHER,IN,NET_BANKING,8,393,1,0,396,0,0,1,ADVERSARIAL_MULTI_SIGNAL
CUST_63656,458.83,"Jordan, Fernandez and Hurst",EDUCATION,IN,UPI,3,719,1,0,750,0,0,1,ADVERSARIAL_LOW_AND_SLOW
CUST_14187,742.08,Williams-Scott,FOOD,US,DEBIT_CARD,4,273,0,1,533,0,1,1,ADVERSARIAL_MULTI_SIGNAL
CUST_66464,918.11,"Black, Alexander and King",ECOMMERCE,IN,NET_BANKING,6,138,0,0,601,0,1,1,ADVERSARIAL_MULTI_SIGNAL
CUST_64767,2328.31,Edwards-Dunlap,ENTERTAINMENT,CN,NET_BANKING,2,232,0,0,2180,0,1,1,ADVERSARIAL_LOW_AND_SLOW
CUST_56057,1062.01,Ayala-Johnson,TRAVEL,IN,WALLET,8,394,0,1,1660,0,0,1,ADVERSARIAL_MULTI_SIGNAL
CUST_65556,1941.96,Rogers-Price,HEALTHCARE,IN,NET_BANKING,2,247,1,1,1500,0,0,1,ADVERSARIAL_MULTI_SIGNAL
CUST_34420,3343.86,Mack-Romero,GROCERY,CN,UPI,5,321,1,0,1215,0,0,1,ADVERSARIAL_MULTI_SIGNAL
CUST_28560,3355.96,Kim-Francis,ENTERTAINMENT,NG,UPI,8,834,0,1,940,0,0,1,ADVERSARIAL_MULTI_SIGNAL
CUST_64464,1844.85,"King, Stevenson and Hamilton",ECOMMERCE,CN,CREDIT_CARD,8,124,0,0,1756,0,0,1,ADVERSARIAL_LOW_AND_SLOW
CUST_27716,5102.36,Payne PLC,FOOD,IN,CREDIT_CARD,3,199,1,0,817,0,1,1,ADVERSARIAL_MULTI_SIGNAL
CUST_47043,2605.21,"Mahoney, Vaughn and Moody",ENTERTAINMENT,GB,DEBIT_CARD,4,666,0,1,61,0,0,1,ADVERSARIAL_LOW_AND_SLOW
CUST_24660,4393.85,Bishop PLC,FOOD,IN,WALLET,2,928,0,0,1465,0,1,1,ADVERSARIAL_LOW_AND_SLOW
CUST_73556,2121.43,"Patterson, Warren and Norris",FOOD,GB,CREDIT_CARD,2,844,0,0,1717,1,1,1,ADVERSARIAL_MULTI_SIGNAL
CUST_17039,4613.41,Alvarez-Oliver,FOOD,IN,CREDIT_CARD,1,82,0,0,1371,0,1,1,ADVERSARIAL_LOW_AND_SLOW
CUST_94405,1401.39,"Hughes, Shea and Sanders",FOOD,US,CREDIT_CARD,8,555,0,1,95,0,0,1,ADVERSARIAL_MULTI_SIGNAL
CUST_76723,2279.75,Boyd LLC,FOOD,NG,WALLET,4,561,0,1,822,1,0,1,ADVERSARIAL_MULTI_SIGNAL
CUST_95198,137.46,Fleming-Nguyen,FOOD,US,NET_BANKING,2,285,0,0,2051,0,1,1,ADVERSARIAL_LOW_AND_SLOW
CUST_60458,6493.87,Herrera and Sons,GROCERY,CN,UPI,4,66,0,1,1082,0,1,1,ADVERSARIAL_MULTI_SIGNAL
CUST_18345,1104.6,Howell-Johnson,ECOMMERCE,IN,CREDIT_CARD,4,505,1,0,572,1,0,1,ADVERSARIAL_MULTI_SIGNAL
CUST_24891,10041.66,Cruz-Johnson,ECOMMERCE,US,NET_BANKING,4,663,0,1,1855,0,1,1,ADVERSARIAL_MULTI_SIGNAL
CUST_41310,1356.88,Brady-Watson,TRAVEL,GB,NET_BANKING,8,783,1,0,709,0,0,1,ADVERSARIAL_MULTI_SIGNAL
CUST_33415,2730.05,"Mcknight, Duncan and Roberts",TRAVEL,IN,NET_BANKING,2,826,0,0,1447,1,0,1,ADVERSARIAL_LOW_AND_SLOW
CUST_17012,4420.34,"Terry, Hernandez and Daniels",FOOD,CN,WALLET,8,482,0,0,1483,1,0,1,ADVERSARIAL_MULTI_SIGNAL
CUST_87847,658.24,Hopkins Ltd,TRAVEL,NG,UPI,1,612,1,0,677,0,0,1,ADVERSARIAL_LOW_AND_SLOW
CUST_29331,385.19,Lowery-Golden,ENTERTAINMENT,IN,UPI,2,477,1,0,850,0,0,1,ADVERSARIAL_LOW_AND_SLOW
CUST_67314,4579.98,Callahan-Dawson,ENTERTAINMENT,IN,CREDIT_CARD,4,623,1,1,64,0,0,1,ADVERSARIAL_MULTI_SIGNAL
CUST_61287,1230.42,"Allen, Glenn and Pitts",ENTERTAINMENT,US,UPI,8,340,0,0,1964,0,0,1,ADVERSARIAL_LOW_AND_SLOW
CUST_80748,880.96,Henderson-Stewart,HEALTHCARE,CN,WALLET,2,215,1,0,2186,0,0,1,ADVERSARIAL_LOW_AND_SLOW
CUST_42032,2482.85,"Carter, Grant and Hernandez",ECOMMERCE,GB,NET_BANKING,1,772,0,0,1575,1,1,1,ADVERSARIAL_MULTI_SIGNAL
CUST_89616,6568.8,"Gonzalez, Fox and Clark",EDUCATION,IN,WALLET,2,132,0,1,392,0,1,1,ADVERSARIAL_MULTI_SIGNAL
CUST_81015,2835.5,"Jones, Smith and Flowers",ECOMMERCE,GB,WALLET,5,890,1,0,1253,0,0,1,ADVERSARIAL_MULTI_SIGNAL
CUST_79015,3355.88,"Williams, Becker and Montgomery",ENTERTAINMENT,CN,NET_BANKING,3,147,0,0,208,1,1,1,ADVERSARIAL_MULTI_SIGNAL
CUST_78250,4486.31,Hurst-Moses,HEALTHCARE,GB,NET_BANKING,4,710,0,1,683,0,1,1,ADVERSARIAL_MULTI_SIGNAL
CUST_14445,1097.38,Norman LLC,TRAVEL,NG,UPI,1,979,0,1,2298,0,0,1,ADVERSARIAL_LOW_AND_SLOW
CUST_14874,4618.04,"Mcdaniel, Moyer and Miller",EDUCATION,NG,CREDIT_CARD,3,427,0,1,2404,0,0,1,ADVERSARIAL_LOW_AND_SLOW
CUST_81210,3252.45,"Simmons, Yates and Gutierrez",EDUCATION,CN,CREDIT_CARD,2,584,0,0,1807,1,0,1,ADVERSARIAL_LOW_AND_SLOW
CUST_39375,3556.64,"Williams, Lane and Ryan",TRAVEL,CN,UPI,3,116,1,0,1718,0,0,1,ADVERSARIAL_LOW_AND_SLOW
CUST_60001,908.5,Solis-Villanueva,OTHER,CN,CREDIT_CARD,2,87,1,0,911,0,1,1,ADVERSARIAL_MULTI_SIGNAL
CUST_38116,606.71,Butler and Sons,FOOD,IN,CREDIT_CARD,1,256,0,0,1784,1,0,1,ADVERSARIAL_LOW_AND_SLOW
CUST_81938,11932.83,"Garcia, Orr and Ross",TRAVEL,US,NET_BANKING,2,280,0,0,867,1,1,1,ADVERSARIAL_MULTI_SIGNAL
CUST_56391,5646.24,"Davis, Perkins and Combs",TRAVEL,NG,NET_BANKING,7,582,0,1,2182,0,0,1,ADVERSARIAL_MULTI_SIGNAL
CUST_16092,1826.43,"Lawrence, Lopez and Brooks",TRAVEL,CN,NET_BANKING,6,134,0,0,2314,0,1,1,ADVERSARIAL_MULTI_SIGNAL
CUST_39464,2249.18,Weber Group,ENTERTAINMENT,IN,WALLET,3,820,0,0,1185,1,0,1,ADVERSARIAL_LOW_AND_SLOW
CUST_48448,6323.54,Sullivan-Kramer,ECOMMERCE,US,CREDIT_CARD,4,376,1,0,2474,0,0,1,ADVERSARIAL_LOW_AND_SLOW
CUST_59673,12087.05,"Sanchez, Yu and Hoover",ENTERTAINMENT,IN,NET_BANKING,1,106,0,0,751,1,1,1,ADVERSARIAL_MULTI_SIGNAL
CUST_97579,5841.77,"Carson, Turner and Love",GROCERY,IN,NET_BANKING,1,658,0,1,1972,1,0,1,ADVERSARIAL_MULTI_SIGNAL
CUST_23086,5818.76,Benjamin Group,HEALTHCARE,IN,DEBIT_CARD,3,627,0,0,735,1,0,1,ADVERSARIAL_LOW_AND_SLOW
CUST_17544,2748.45,Williams-Hopkins,GROCERY,CN,UPI,3,946,0,0,1288,1,0,1,ADVERSARIAL_LOW_AND_SLOW
CUST_45214,5811.79,Rivera and Sons,EDUCATION,US,NET_BANKING,3,474,0,1,329,0,1,1,ADVERSARIAL_MULTI_SIGNAL
CUST_76676,3744.76,"Ellison, Walters and Morgan",HEALTHCARE,CN,WALLET,4,882,1,0,721,1,0,1,ADVERSARIAL_MULTI_SIGNAL
CUST_73572,5087.07,"Hudson, Taylor and Rogers",ECOMMERCE,NG,NET_BANKING,2,534,0,0,1038,1,0,1,ADVERSARIAL_LOW_AND_SLOW
CUST_99653,2998.13,"Green, Lucas and Moore",ENTERTAINMENT,CN,WALLET,1,666,1,1,112,0,0,1,ADVERSARIAL_MULTI_SIGNAL
CUST_86698,5713.06,Johnson-Taylor,ECOMMERCE,GB,DEBIT_CARD,6,622,0,0,2049,0,0,1,ADVERSARIAL_LOW_AND_SLOW
CUST_49344,4800.17,Holmes Ltd,EDUCATION,US,CREDIT_CARD,8,561,0,0,2401,0,1,1,ADVERSARIAL_MULTI_SIGNAL
CUST_70851,6708.68,"Pennington, Webb and Hoover",GROCERY,GB,WALLET,4,188,0,0,1344,1,1,1,ADVERSARIAL_MULTI_SIGNAL
CUST_89011,2406.07,"Jones, Johnson and Bray",EDUCATION,CN,DEBIT_CARD,3,562,1,0,2056,0,0,1,ADVERSARIAL_LOW_AND_SLOW
CUST_15726,3265.78,Obrien PLC,FOOD,IN,CREDIT_CARD,1,548,1,0,2220,0,0,1,ADVERSARIAL_LOW_AND_SLOW
CUST_24882,5608.81,Ellis PLC,FOOD,IN,DEBIT_CARD,3,607,1,0,1956,0,1,1,ADVERSARIAL_MULTI_SIGNAL
CUST_38478,3462.83,Torres Ltd,ENTERTAINMENT,US,UPI,1,394,1,1,1623,0,0,1,ADVERSARIAL_MULTI_SIGNAL
CUST_92044,3199.98,Alvarado-Wells,EDUCATION,IN,DEBIT_CARD,7,939,0,1,893,0,0,1,ADVERSARIAL_MULTI_SIGNAL
CUST_94853,4905.92,Wade-Lane,EDUCATION,CN,NET_BANKING,8,846,1,0,1353,0,0,1,ADVERSARIAL_MULTI_SIGNAL
CUST_66480,9769.16,"Spencer, Miles and Moore",EDUCATION,IN,CREDIT_CARD,1,887,0,0,290,1,1,1,ADVERSARIAL_MULTI_SIGNAL
CUST_48657,7055.01,"Wells, Guerrero and Garrett",GROCERY,IN,DEBIT_CARD,3,224,1,0,933,0,1,1,ADVERSARIAL_MULTI_SIGNAL
CUST_82569,456.27,Soto Group,ECOMMERCE,NG,CREDIT_CARD,2,301,0,0,2124,1,0,1,ADVERSARIAL_LOW_AND_SLOW
CUST_34410,3029.07,Smith-Knight,ENTERTAINMENT,IN,WALLET,1,938,0,0,1165,0,1,1,ADVERSARIAL_LOW_AND_SLOW
CUST_47396,4886.88,Stevenson PLC,ECOMMERCE,NG,WALLET,5,373,0,0,2248,0,0,1,ADVERSARIAL_LOW_AND_SLOW
CUST_85707,5832.68,Gallegos and Sons,FOOD,US,WALLET,1,530,0,0,2242,1,0,1,ADVERSARIAL_LOW_AND_SLOW
CUST_38973,6254.46,Campbell PLC,TRAVEL,IN,DEBIT_CARD,2,610,0,0,1872,1,0,1,ADVERSARIAL_LOW_AND_SLOW
CUST_58485,9512.48,Michael-Velasquez,FOOD,IN,CREDIT_CARD,1,928,0,1,2357,0,1,1,ADVERSARIAL_MULTI_SIGNAL
CUST_64380,1948.33,Vargas-Swanson,ECOMMERCE,IN,DEBIT_CARD,6,958,0,1,1211,0,0,1,ADVERSARIAL_MULTI_SIGNAL
CUST_27404,1050.98,Everett PLC,ECOMMERCE,NG,WALLET,4,965,0,0,2185,0,1,1,ADVERSARIAL_LOW_AND_SLOW
CUST_10578,2634.55,Smith-Russell,HEALTHCARE,GB,UPI,5,257,1,0,1962,0,0,1,ADVERSARIAL_MULTI_SIGNAL
CUST_51599,6493.1,Phillips-Bowers,ENTERTAINMENT,CN,NET_BANKING,1,830,0,1,363,0,1,1,ADVERSARIAL_MULTI_SIGNAL
CUST_33950,8596.28,"Wilson, Sanchez and Sanders",EDUCATION,GB,NET_BANKING,2,111,0,0,815,0,1,1,ADVERSARIAL_LOW_AND_SLOW
CUST_86909,1336.39,Johnson-Brown,HEALTHCARE,US,CREDIT_CARD,6,138,0,0,2279,0,0,1,ADVERSARIAL_LOW_AND_SLOW
CUST_75985,4558.84,Cooper-Cox,ENTERTAINMENT,GB,WALLET,4,638,1,0,1277,0,1,1,ADVERSARIAL_MULTI_SIGNAL
CUST_20084,6994.97,Williams-Foster,TRAVEL,NG,CREDIT_CARD,3,116,0,1,867,0,1,1,ADVERSARIAL_MULTI_SIGNAL
CUST_19677,2931.83,"Richardson, Cox and Graham",ENTERTAINMENT,IN,WALLET,3,618,0,0,1373,0,1,1,ADVERSARIAL_LOW_AND_SLOW
CUST_14607,3957.18,Larsen-Peterson,ENTERTAINMENT,GB,NET_BANKING,3,591,0,0,1491,1,0,1,ADVERSARIAL_LOW_AND_SLOW
CUST_54057,11144.81,Massey Ltd,OTHER,CN,DEBIT_CARD,4,636,1,0,1686,0,1,1,ADVERSARIAL_MULTI_SIGNAL
CUST_88967,2111.44,Foster-Morris,OTHER,GB,NET_BANKING,3,498,0,0,1002,1,0,1,ADVERSARIAL_LOW_AND_SLOW
CUST_13909,632.25,West-Pearson,EDUCATION,CN,UPI,1,151,1,0,567,1,0,1,ADVERSARIAL_MULTI_SIGNAL
CUST_53318,5036.14,"Chen, Compton and Hull",ECOMMERCE,IN,UPI,4,264,1,0,1022,0,0,1,ADVERSARIAL_LOW_AND_SLOW
CUST_41135,2478.66,"Wright, Carson and Wall",EDUCATION,NG,NET_BANKING,1,399,1,1,422,0,0,1,ADVERSARIAL_MULTI_SIGNAL
CUST_86547,4807.98,"Reid, Smith and Johnson",GROCERY,NG,DEBIT_CARD,2,204,1,0,1954,0,0,1,ADVERSARIAL_LOW_AND_SLOW
CUST_39802,8652.23,Jarvis Inc,OTHER,NG,UPI,2,508,0,0,1241,1,1,1,ADVERSARIAL_MULTI_SIGNAL
CUST_62067,5325.19,"Mckay, Gonzalez and Tucker",GROCERY,NG,CREDIT_CARD,1,881,0,0,1524,0,1,1,ADVERSARIAL_LOW_AND_SLOW
CUST_81636,2698.45,Owens and Sons,ENTERTAINMENT,CN,WALLET,2,576,1,0,1737,0,0,1,ADVERSARIAL_LOW_AND_SLOW
CUST_26094,2385.54,Humphrey Group,EDUCATION,CN,UPI,3,242,0,1,361,0,0,1,ADVERSARIAL_LOW_AND_SLOW
CUST_58872,5483.99,Gonzalez-Welch,OTHER,GB,CREDIT_CARD,1,569,0,1,575,1,0,1,ADVERSARIAL_MULTI_SIGNAL
CUST_25360,1631.55,Hughes PLC,HEALTHCARE,GB,NET_BANKING,8,718,0,0,524,0,0,1,ADVERSARIAL_LOW_AND_SLOW
CUST_43725,1202.47,White-Reyes,ECOMMERCE,CN,WALLET,7,402,1,0,963,0,0,1,ADVERSARIAL_MULTI_SIGNAL
CUST_52000,420.31,Hale-Lozano,ENTERTAINMENT,GB,DEBIT_CARD,5,928,0,0,2027,0,0,1,ADVERSARIAL_LOW_AND_SLOW
CUST_56240,8074.68,Kelly Group,HEALTHCARE,IN,NET_BANKING,3,849,1,0,2038,0,1,1,ADVERSARIAL_MULTI_SIGNAL
CUST_77156,6274.63,"Kidd, Smith and Michael",OTHER,NG,NET_BANKING,3,718,0,0,362,1,0,1,ADVERSARIAL_LOW_AND_SLOW
CUST_34126,74.02,"Sherman, Camacho and Mckay",EDUCATION,GB,CREDIT_CARD,2,475,1,0,165,0,0,1,ADVERSARIAL_LOW_AND_SLOW
CUST_21242,2680.88,Walker-Morris,HEALTHCARE,IN,WALLET,1,543,1,0,690,0,0,1,ADVERSARIAL_LOW_AND_SLOW
CUST_67250,3585.47,Delgado-Kelley,ECOMMERCE,GB,NET_BANKING,4,526,1,0,2118,1,0,1,ADVERSARIAL_MULTI_SIGNAL
CUST_58019,2674.64,Webb PLC,TRAVEL,NG,CREDIT_CARD,4,970,0,1,2375,0,0,1,ADVERSARIAL_LOW_AND_SLOW
CUST_27187,1091.96,Christensen Inc,ENTERTAINMENT,CN,CREDIT_CARD,3,849,0,0,620,0,1,1,ADVERSARIAL_LOW_AND_SLOW
CUST_42536,4109.09,Mcmillan-Jackson,TRAVEL,CN,DEBIT_CARD,4,158,0,0,650,1,1,1,ADVERSARIAL_MULTI_SIGNAL
CUST_36922,3691.42,Flores-Howell,FOOD,GB,WALLET,2,555,1,0,2418,0,0,1,ADVERSARIAL_LOW_AND_SLOW
CUST_97656,4543.97,"Gomez, Bradley and Mahoney",OTHER,GB,NET_BANKING,6,444,1,0,557,0,0,1,ADVERSARIAL_MULTI_SIGNAL
CUST_79063,679.67,Wade-Martinez,OTHER,GB,UPI,7,640,0,0,1369,0,0,1,ADVERSARIAL_LOW_AND_SLOW
CUST_19216,9525.11,Olson-Daniel,ECOMMERCE,US,WALLET,1,519,0,1,345,0,1,1,ADVERSARIAL_MULTI_SIGNAL
CUST_22993,2593.43,Potts-Kramer,ENTERTAINMENT,GB,DEBIT_CARD,4,540,0,0,380,1,1,1,ADVERSARIAL_MULTI_SIGNAL
CUST_52770,6020.03,Neal-Cox,OTHER,IN,UPI,4,190,1,0,2271,1,0,1,ADVERSARIAL_MULTI_SIGNAL
CUST_10578,2634.55,Smith-Russell,ENTERTAINMENT,IN,UPI,8,257,0,0,1962,1,0,1,ADVERSARIAL_MULTI_SIGNAL
CUST_38564,1264.36,Ibarra-Hernandez,EDUCATION,IN,UPI,2,418,1,0,1317,0,0,1,ADVERSARIAL_LOW_AND_SLOW
CUST_29648,1188.45,Barton-Newton,OTHER,IN,NET_BANKING,2,686,1,0,741,1,0,1,ADVERSARIAL_MULTI_SIGNAL
CUST_45896,912.33,"Pittman, Stewart and Brown",GROCERY,US,UPI,4,222,0,1,2182,0,0,1,ADVERSARIAL_LOW_AND_SLOW
CUST_11423,6117.15,Carson-Stewart,GROCERY,CN,WALLET,2,872,0,0,1735,1,1,1,ADVERSARIAL_MULTI_SIGNAL
CUST_41837,3535.87,Walker Inc,ECOMMERCE,NG,WALLET,7,661,0,1,1081,0,0,1,ADVERSARIAL_MULTI_SIGNAL
CUST_95909,1454.03,Cole-Martin,GROCERY,CN,DEBIT_CARD,7,125,0,0,242,0,0,1,ADVERSARIAL_LOW_AND_SLOW
CUST_35008,1183.78,Johnson-Juarez,FOOD,CN,CREDIT_CARD,8,950,0,0,1309,0,0,1,ADVERSARIAL_LOW_AND_SLOW
CUST_40779,999.57,Dunn Ltd,FOOD,US,CREDIT_CARD,2,610,0,1,1055,0,0,1,ADVERSARIAL_LOW_AND_SLOW
CUST_80292,1562.97,Jones Group,EDUCATION,NG,DEBIT_CARD,1,483,1,0,1867,0,0,1,ADVERSARIAL_LOW_AND_SLOW
CUST_79536,1869.09,Knapp-Woods,GROCERY,CN,NET_BANKING,3,262,0,1,2131,0,0,1,ADVERSARIAL_LOW_AND_SLOW
CUST_26449,1888.37,Daniel-Cook,OTHER,CN,NET_BANKING,3,726,0,1,2330,0,0,1,ADVERSARIAL_LOW_AND_SLOW
CUST_53327,3352.13,Crawford-Martinez,TRAVEL,US,WALLET,6,945,0,0,1609,1,0,1,ADVERSARIAL_MULTI_SIGNAL
CUST_23847,7878.28,Faulkner-Thomas,HEALTHCARE,GB,DEBIT_CARD,1,154,0,0,1903,0,1,1,ADVERSARIAL_LOW_AND_SLOW
CUST_39589,1936.4,Hoover and Sons,GROCERY,GB,WALLET,1,450,0,1,991,0,0,1,ADVERSARIAL_LOW_AND_SLOW
CUST_74276,603.96,"Long, Brown and Bryant",ENTERTAINMENT,GB,NET_BANKING,8,377,0,0,1121,1,0,1,ADVERSARIAL_MULTI_SIGNAL
CUST_41746,1922.65,Atkinson PLC,EDUCATION,US,WALLET,2,864,0,1,1819,0,0,1,ADVERSARIAL_LOW_AND_SLOW
CUST_64916,771.55,"Bentley, Watson and Jones",TRAVEL,NG,WALLET,7,787,0,0,488,1,0,1,ADVERSARIAL_MULTI_SIGNAL
CUST_83975,3125.09,Mitchell Ltd,HEALTHCARE,IN,DEBIT_CARD,5,50,0,0,178,0,0,1,ADVERSARIAL_LOW_AND_SLOW
CUST_19036,4039.57,Brown PLC,TRAVEL,IN,DEBIT_CARD,3,321,1,0,1324,1,0,1,ADVERSARIAL_MULTI_SIGNAL
CUST_14187,347.92,Williams-Scott,FOOD,US,NET_BANKING,4,273,0,1,533,0,0,1,ADVERSARIAL_LOW_AND_SLOW
CUST_42092,1937.2,Hatfield Inc,FOOD,NG,NET_BANKING,7,765,0,0,1976,0,0,1,ADVERSARIAL_LOW_AND_SLOW
CUST_16256,9886.63,"Trujillo, Walters and Butler",ENTERTAINMENT,US,CREDIT_CARD,8,444,0,0,150,0,1,1,ADVERSARIAL_MULTI_SIGNAL
CUST_69552,5501.59,Christensen Group,ENTERTAINMENT,NG,DEBIT_CARD,2,858,0,0,2255,1,0,1,ADVERSARIAL_LOW_AND_SLOW
CUST_62810,765.1,Young Inc,HEALTHCARE,GB,WALLET,4,340,1,0,2407,1,0,1,ADVERSARIAL_MULTI_SIGNAL
CUST_35393,398.23,Hays-Williams,FOOD,GB,DEBIT_CARD,1,723,1,0,2487,0,0,1,ADVERSARIAL_LOW_AND_SLOW
CUST_41163,1228.92,"Gonzalez, Sawyer and Dorsey",HEALTHCARE,CN,UPI,1,181,0,1,2041,0,0,1,ADVERSARIAL_LOW_AND_SLOW
CUST_92189,1784.45,Smith PLC,TRAVEL,CN,WALLET,4,51,1,0,508,0,0,1,ADVERSARIAL_LOW_AND_SLOW
CUST_67009,2640.88,Boone-Rubio,HEALTHCARE,NG,DEBIT_CARD,5,314,1,0,1460,0,0,1,ADVERSARIAL_MULTI_SIGNAL
CUST_80441,617.88,Rivera-Craig,OTHER,NG,UPI,6,240,1,0,1881,0,0,1,ADVERSARIAL_MULTI_SIGNAL
CUST_53871,3249.88,Mcdonald-Wagner,TRAVEL,GB,UPI,2,800,1,0,1409,0,1,1,ADVERSARIAL_MULTI_SIGNAL
CUST_92175,1142.87,Hale-Pena,TRAVEL,GB,WALLET,1,914,0,1,333,0,1,1,ADVERSARIAL_MULTI_SIGNAL
CUST_48460,5469.2,Gomez and Sons,EDUCATION,GB,NET_BANKING,1,797,0,0,1016,1,0,1,ADVERSARIAL_LOW_AND_SLOW
CUST_65780,2909.91,Zamora and Sons,ECOMMERCE,CN,NET_BANKING,2,936,1,0,1003,0,0,1,ADVERSARIAL_LOW_AND_SLOW
CUST_46406,4107.01,Lee-Patel,GROCERY,GB,NET_BANKING,1,31,0,1,574,0,0,1,ADVERSARIAL_LOW_AND_SLOW
CUST_51824,1391.3,"Garcia, Maddox and Anderson",HEALTHCARE,US,NET_BANKING,4,819,0,0,436,1,0,1,ADVERSARIAL_LOW_AND_SLOW
CUST_92686,3060.7,"Delgado, Moore and Guzman",GROCERY,US,WALLET,3,800,0,1,135,1,0,1,ADVERSARIAL_MULTI_SIGNAL
CUST_51303,3726.42,Smith Group,GROCERY,US,UPI,3,70,1,1,859,0,0,1,ADVERSARIAL_MULTI_SIGNAL
CUST_48970,2560.38,Rodriguez-Payne,ECOMMERCE,CN,UPI,1,636,0,1,2379,0,0,1,ADVERSARIAL_LOW_AND_SLOW
CUST_79870,2715.02,"Martin, Turner and Sanchez",GROCERY,IN,NET_BANKING,1,735,0,1,183,0,1,1,ADVERSARIAL_MULTI_SIGNAL
CUST_29449,1528.57,"Thompson, Gregory and Hunter",EDUCATION,CN,WALLET,5,92,1,0,1585,0,0,1,ADVERSARIAL_MULTI_SIGNAL
CUST_26704,13037.02,Blair Ltd,HEALTHCARE,CN,CREDIT_CARD,2,712,1,0,201,0,1,1,ADVERSARIAL_MULTI_SIGNAL
CUST_94821,781.75,"Turner, Lawrence and Walker",FOOD,IN,NET_BANKING,2,509,0,0,873,0,1,1,ADVERSARIAL_LOW_AND_SLOW
CUST_85706,1804.2,Reed-Garcia,ECOMMERCE,US,DEBIT_CARD,1,107,0,0,1202,0,1,1,ADVERSARIAL_LOW_AND_SLOW
CUST_58354,1645.95,Anderson PLC,OTHER,GB,WALLET,4,821,0,0,851,1,0,1,ADVERSARIAL_LOW_AND_SLOW
CUST_23086,5818.76,Benjamin Group,GROCERY,IN,NET_BANKING,3,627,0,1,735,1,0,1,ADVERSARIAL_MULTI_SIGNAL
CUST_91254,2932.32,Johnston LLC,EDUCATION,GB,WALLET,6,335,0,0,2132,0,0,1,ADVERSARIAL_LOW_AND_SLOW
CUST_26545,1998.42,"Bennett, Holmes and West",HEALTHCARE,US,UPI,6,725,0,0,305,0,0,1,ADVERSARIAL_LOW_AND_SLOW
CUST_97143,4744.67,"Carter, Keller and Foster",HEALTHCARE,GB,UPI,2,108,1,1,1777,0,0,1,ADVERSARIAL_MULTI_SIGNAL
CUST_84941,2156.76,Dudley-Williams,EDUCATION,US,UPI,3,269,1,0,1680,0,0,1,ADVERSARIAL_LOW_AND_SLOW
CUST_17553,522.3,West and Sons,ECOMMERCE,US,UPI,2,854,0,1,2040,0,0,1,ADVERSARIAL_LOW_AND_SLOW
CUST_84618,324.04,Martinez LLC,ENTERTAINMENT,US,DEBIT_CARD,8,765,0,1,1283,0,0,1,ADVERSARIAL_MULTI_SIGNAL
CUST_22950,4611.34,Murphy Group,FOOD,CN,CREDIT_CARD,4,405,0,1,1719,0,0,1,ADVERSARIAL_LOW_AND_SLOW
CUST_73124,218.81,Marshall-Simmons,GROCERY,GB,NET_BANKING,7,519,1,0,1629,0,0,1,ADVERSARIAL_MULTI_SIGNAL
CUST_28083,1466.84,Rogers Group,TRAVEL,GB,NET_BANKING,2,317,0,1,2029,1,0,1,ADVERSARIAL_MULTI_SIGNAL
CUST_93303,1063.3,Russell-Guzman,ENTERTAINMENT,GB,DEBIT_CARD,2,545,0,1,721,0,0,1,ADVERSARIAL_LOW_AND_SLOW
CUST_86916,509.54,Osborn-Miller,ENTERTAINMENT,CN,UPI,2,723,0,0,142,1,0,1,ADVERSARIAL_LOW_AND_SLOW
CUST_98108,989.32,Ballard-James,GROCERY,IN,DEBIT_CARD,1,671,0,1,1214,1,0,1,ADVERSARIAL_MULTI_SIGNAL
CUST_31548,3879.64,Miller and Sons,OTHER,US,WALLET,1,437,0,1,635,0,1,1,ADVERSARIAL_MULTI_SIGNAL
CUST_69574,1513.08,Morris-Kennedy,EDUCATION,CN,DEBIT_CARD,1,471,1,0,1966,1,0,1,ADVERSARIAL_MULTI_SIGNAL
CUST_75697,10511.14,Johnson Inc,GROCERY,NG,UPI,1,278,0,0,354,1,1,1,ADVERSARIAL_MULTI_SIGNAL
CUST_97269,766.48,Bailey and Sons,ENTERTAINMENT,US,CREDIT_CARD,3,327,1,0,2371,0,0,1,ADVERSARIAL_LOW_AND_SLOW
CUST_68570,951.81,"Gonzalez, Keller and Macdonald",GROCERY,CN,DEBIT_CARD,5,136,0,1,1279,0,0,1,ADVERSARIAL_MULTI_SIGNAL
CUST_31278,4657.09,Hunter-Williams,GROCERY,IN,UPI,3,613,1,0,1802,1,0,1,ADVERSARIAL_MULTI_SIGNAL
CUST_38782,3627.71,Turner PLC,OTHER,US,UPI,2,249,0,0,2139,0,1,1,ADVERSARIAL_LOW_AND_SLOW
CUST_17255,4089.56,Frederick PLC,HEALTHCARE,IN,UPI,1,137,1,0,1702,0,0,1,ADVERSARIAL_LOW_AND_SLOW
CUST_51483,3383.49,Harris LLC,EDUCATION,GB,WALLET,3,693,1,1,189,0,0,1,ADVERSARIAL_MULTI_SIGNAL
CUST_15076,1717.58,Farmer LLC,EDUCATION,IN,WALLET,3,811,0,0,878,0,1,1,ADVERSARIAL_LOW_AND_SLOW
CUST_46743,4259.48,Aguilar Group,HEALTHCARE,CN,WALLET,5,607,0,0,2043,0,1,1,ADVERSARIAL_MULTI_SIGNAL
CUST_73204,4642.63,Smith-Lutz,OTHER,US,WALLET,6,866,1,0,686,0,0,1,ADVERSARIAL_MULTI_SIGNAL
CUST_43735,2309.88,West Ltd,GROCERY,US,CREDIT_CARD,3,969,1,0,869,0,1,1,ADVERSARIAL_MULTI_SIGNAL
CUST_17012,10900.09,"Terry, Hernandez and Daniels",ENTERTAINMENT,CN,WALLET,5,482,0,0,1483,0,1,1,ADVERSARIAL_MULTI_SIGNAL
CUST_91210,4289.06,Henderson LLC,OTHER,NG,UPI,8,871,0,0,932,0,1,1,ADVERSARIAL_MULTI_SIGNAL
CUST_46848,4783.8,Golden-Sanchez,EDUCATION,GB,DEBIT_CARD,2,955,0,1,1779,0,0,1,ADVERSARIAL_LOW_AND_SLOW
CUST_26732,416.35,Carter-Green,GROCERY,IN,NET_BANKING,2,511,0,0,1209,1,0,1,ADVERSARIAL_LOW_AND_SLOW
CUST_90366,2352.42,"Anderson, Petty and Smith",ENTERTAINMENT,IN,DEBIT_CARD,1,501,0,0,1178,1,0,1,ADVERSARIAL_LOW_AND_SLOW
CUST_84353,3252.24,Berger-Baldwin,ECOMMERCE,NG,CREDIT_CARD,4,158,0,1,305,0,1,1,ADVERSARIAL_MULTI_SIGNAL
CUST_22465,2169.65,Byrd-Cameron,FOOD,US,WALLET,1,397,0,0,432,1,0,1,ADVERSARIAL_LOW_AND_SLOW
CUST_73777,8406.07,Murphy and Sons,GROCERY,CN,NET_BANKING,8,102,0,0,553,0,1,1,ADVERSARIAL_MULTI_SIGNAL
CUST_76296,2495.67,Holloway-Brown,TRAVEL,NG,CREDIT_CARD,2,869,1,0,1847,1,0,1,ADVERSARIAL_MULTI_SIGNAL
CUST_87711,2738.58,"Adams, Johnson and Garner",ECOMMERCE,IN,WALLET,1,783,0,1,1361,0,0,1,ADVERSARIAL_LOW_AND_SLOW
CUST_83410,125.65,Lewis Ltd,ECOMMERCE,GB,DEBIT_CARD,2,507,1,0,1939,0,0,1,ADVERSARIAL_LOW_AND_SLOW
CUST_62913,6584.68,"Williams, Smith and Martin",OTHER,IN,NET_BANKING,4,102,0,0,1907,1,1,1,ADVERSARIAL_MULTI_SIGNAL
CUST_55894,5163.21,"Branch, Jones and Wilson",TRAVEL,NG,CREDIT_CARD,5,875,0,1,1202,0,0,1,ADVERSARIAL_MULTI_SIGNAL
CUST_87656,12223.87,Steele LLC,ENTERTAINMENT,CN,DEBIT_CARD,8,593,0,0,1992,0,1,1,ADVERSARIAL_MULTI_SIGNAL
CUST_74672,1531.89,Freeman PLC,ENTERTAINMENT,US,CREDIT_CARD,4,645,0,0,1502,1,0,1,ADVERSARIAL_LOW_AND_SLOW
CUST_89589,958.29,Johnson-Gray,TRAVEL,GB,CREDIT_CARD,5,930,1,0,1142,0,0,1,ADVERSARIAL_MULTI_SIGNAL
CUST_52299,4435.34,Robinson-Hubbard,TRAVEL,NG,WALLET,1,550,0,1,1770,0,0,1,ADVERSARIAL_LOW_AND_SLOW
CUST_45851,301.14,"Miller, Griffin and Williams",TRAVEL,CN,WALLET,4,433,1,0,387,0,0,1,ADVERSARIAL_LOW_AND_SLOW
CUST_97275,1250.72,Hall LLC,EDUCATION,IN,CREDIT_CARD,4,823,0,1,2034,1,0,1,ADVERSARIAL_MULTI_SIGNAL
CUST_25203,3328.41,Mejia Ltd,OTHER,US,NET_BANKING,5,418,0,0,245,0,0,1,ADVERSARIAL_LOW_AND_SLOW
CUST_23936,616.53,Miller Group,ENTERTAINMENT,NG,CREDIT_CARD,3,935,0,1,1760,0,0,1,ADVERSARIAL_LOW_AND_SLOW
CUST_91103,2659.8,"Serrano, Parker and Hines",ECOMMERCE,CN,NET_BANKING,8,720,0,0,1180,0,0,1,ADVERSARIAL_LOW_AND_SLOW
CUST_88386,1117.62,"Kline, Mccoy and Arnold",ECOMMERCE,CN,WALLET,5,838,0,1,2464,0,0,1,ADVERSARIAL_MULTI_SIGNAL
CUST_34463,6550.43,Smith-Mora,FOOD,NG,UPI,5,578,0,0,106,0,1,1,ADVERSARIAL_MULTI_SIGNAL
CUST_54118,2655.33,"Carson, Pierce and Ortiz",EDUCATION,US,CREDIT_CARD,3,856,1,0,448,0,0,1,ADVERSARIAL_LOW_AND_SLOW
CUST_67253,3045.85,Williams-Gomez,TRAVEL,NG,UPI,3,530,0,0,2439,1,0,1,ADVERSARIAL_LOW_AND_SLOW
CUST_87462,4540.84,Berry LLC,TRAVEL,IN,WALLET,3,197,1,1,931,0,0,1,ADVERSARIAL_MULTI_SIGNAL
CUST_59371,2741.21,Cooper-Jones,FOOD,CN,WALLET,1,832,0,1,140,1,0,1,ADVERSARIAL_MULTI_SIGNAL
CUST_19390,7142.14,Hernandez-Jordan,HEALTHCARE,US,CREDIT_CARD,3,810,1,0,150,0,1,1,ADVERSARIAL_MULTI_SIGNAL
CUST_67028,1192.22,"Price, Carr and Golden",HEALTHCARE,US,NET_BANKING,3,538,1,0,774,0,0,1,ADVERSARIAL_LOW_AND_SLOW
CUST_17628,5550.55,Price-Rojas,OTHER,US,CREDIT_CARD,5,280,1,0,2484,0,0,1,ADVERSARIAL_MULTI_SIGNAL
CUST_98663,1865.98,Clark Ltd,ENTERTAINMENT,CN,DEBIT_CARD,5,343,1,0,1573,0,0,1,ADVERSARIAL_MULTI_SIGNAL
CUST_37394,446.87,Schmidt Group,OTHER,GB,CREDIT_CARD,5,991,1,0,496,0,0,1,ADVERSARIAL_MULTI_SIGNAL
CUST_19180,12523.01,Baker-Ross,ENTERTAINMENT,CN,WALLET,4,321,0,0,2313,0,1,1,ADVERSARIAL_LOW_AND_SLOW
CUST_84808,2339.72,Brown LLC,ECOMMERCE,CN,NET_BANKING,2,458,1,0,1215,1,0,1,ADVERSARIAL_MULTI_SIGNAL
CUST_46422,5559.44,Fisher Ltd,FOOD,CN,WALLET,1,307,0,1,2176,1,0,1,ADVERSARIAL_MULTI_SIGNAL
CUST_28135,4502.97,"Carlson, Owens and Davis",TRAVEL,NG,CREDIT_CARD,5,651,0,1,1496,0,0,1,ADVERSARIAL_MULTI_SIGNAL
CUST_77842,1447.34,Howe PLC,HEALTHCARE,GB,DEBIT_CARD,4,152,1,0,1231,0,0,1,ADVERSARIAL_LOW_AND_SLOW
CUST_74677,5280.78,Anderson-Holmes,FOOD,GB,NET_BANKING,4,71,0,0,1795,1,1,1,ADVERSARIAL_MULTI_SIGNAL
CUST_54282,3435.57,Rodriguez and Sons,EDUCATION,GB,WALLET,4,797,0,1,1268,0,1,1,ADVERSARIAL_MULTI_SIGNAL
CUST_31283,994.51,"Richardson, Leon and Miller",ENTERTAINMENT,US,NET_BANKING,4,921,0,1,921,1,0,1,ADVERSARIAL_MULTI_SIGNAL
CUST_91480,5435.31,Jones-Howell,EDUCATION,IN,DEBIT_CARD,2,265,0,0,1624,0,1,1,ADVERSARIAL_LOW_AND_SLOW
CUST_44523,1897.14,"Shaw, Henson and Norton",FOOD,US,NET_BANKING,2,965,0,0,1436,1,0,1,ADVERSARIAL_LOW_AND_SLOW
CUST_12025,5613.85,Mcfarland PLC,EDUCATION,CN,UPI,2,956,1,0,2463,0,0,1,ADVERSARIAL_LOW_AND_SLOW
CUST_36971,397.54,"Wells, Donovan and Jackson",ECOMMERCE,CN,DEBIT_CARD,6,181,0,1,251,0,0,1,ADVERSARIAL_MULTI_SIGNAL
CUST_22795,3199.37,Bridges-Vargas,ECOMMERCE,CN,CREDIT_CARD,2,180,0,1,100,0,0,1,ADVERSARIAL_LOW_AND_SLOW
CUST_51966,393.36,Barnett Group,OTHER,US,NET_BANKING,1,415,0,1,2337,1,0,1,ADVERSARIAL_MULTI_SIGNAL
CUST_51195,1023.63,"Hutchinson, Watkins and Jennings",TRAVEL,NG,NET_BANKING,3,901,1,1,533,0,0,1,ADVERSARIAL_MULTI_SIGNAL
CUST_68366,4699.3,Hall-Palmer,ECOMMERCE,US,DEBIT_CARD,8,115,1,0,902,0,0,1,ADVERSARIAL_MULTI_SIGNAL
CUST_25096,1349.77,"Thompson, Jones and Taylor",EDUCATION,NG,NET_BANKING,5,171,0,1,406,0,0,1,ADVERSARIAL_MULTI_SIGNAL
CUST_83494,2944.43,Jones PLC,GROCERY,NG,WALLET,2,592,1,0,1717,0,1,1,ADVERSARIAL_MULTI_SIGNAL
CUST_91382,800.9,"Bailey, Stanley and Johnson",OTHER,US,WALLET,2,462,1,0,205,1,0,1,ADVERSARIAL_MULTI_SIGNAL
CUST_79536,3603.91,Knapp-Woods,GROCERY,CN,UPI,3,262,0,0,2131,0,1,1,ADVERSARIAL_LOW_AND_SLOW
CUST_59208,3301.41,Phillips-Osborne,ENTERTAINMENT,NG,CREDIT_CARD,4,291,1,0,1333,0,1,1,ADVERSARIAL_MULTI_SIGNAL
CUST_27757,5487.89,"Johnson, Diaz and Young",ENTERTAINMENT,US,NET_BANKING,3,162,1,0,718,0,1,1,ADVERSARIAL_MULTI_SIGNAL
CUST_84870,6971.86,Moran-Freeman,EDUCATION,IN,DEBIT_CARD,1,809,0,0,142,0,1,1,ADVERSARIAL_LOW_AND_SLOW
CUST_16857,3081.26,Miller PLC,FOOD,US,CREDIT_CARD,8,707,0,0,1138,0,0,1,ADVERSARIAL_LOW_AND_SLOW
CUST_16431,6778.18,Cobb and Sons,TRAVEL,CN,NET_BANKING,3,921,0,0,615,1,1,1,ADVERSARIAL_MULTI_SIGNAL
CUST_61196,1403.01,"Gutierrez, Hampton and Burns",OTHER,US,UPI,2,690,0,1,1134,0,0,1,ADVERSARIAL_LOW_AND_SLOW
CUST_32718,387.15,White Inc,FOOD,US,NET_BANKING,5,655,0,1,2141,0,0,1,ADVERSARIAL_MULTI_SIGNAL
CUST_81680,4647.9,"Powell, Hernandez and Adams",OTHER,IN,UPI,5,39,0,0,479,0,0,1,ADVERSARIAL_LOW_AND_SLOW
CUST_20570,2646.3,Hoffman Ltd,FOOD,NG,DEBIT_CARD,3,754,0,1,1776,1,0,1,ADVERSARIAL_MULTI_SIGNAL
CUST_82725,1334.0,Wyatt-Miller,HEALTHCARE,US,WALLET,7,448,0,1,1810,0,0,1,ADVERSARIAL_MULTI_SIGNAL
CUST_82813,4844.34,"Nolan, Smith and Walker",ENTERTAINMENT,CN,WALLET,7,948,0,0,2345,0,1,1,ADVERSARIAL_MULTI_SIGNAL
CUST_26359,9407.83,"Smith, Hogan and Brown",EDUCATION,US,CREDIT_CARD,2,275,0,0,2200,0,1,1,ADVERSARIAL_LOW_AND_SLOW
CUST_87972,1673.03,Obrien-Ramos,ECOMMERCE,IN,DEBIT_CARD,5,419,0,1,2386,0,0,1,ADVERSARIAL_MULTI_SIGNAL
CUST_48392,1655.55,Walker Ltd,EDUCATION,NG,UPI,4,887,1,0,804,0,0,1,ADVERSARIAL_LOW_AND_SLOW
CUST_46106,251.01,"Thompson, Sanchez and French",ECOMMERCE,GB,DEBIT_CARD,1,297,0,0,1057,1,0,1,ADVERSARIAL_LOW_AND_SLOW
CUST_47366,913.25,Jones-Estrada,HEALTHCARE,US,UPI,4,892,1,0,1615,0,0,1,ADVERSARIAL_LOW_AND_SLOW
CUST_58610,5193.49,"Brown, Moon and Thomas",ENTERTAINMENT,GB,UPI,5,712,0,0,682,1,0,1,ADVERSARIAL_MULTI_SIGNAL
CUST_45123,4070.3,Graham PLC,GROCERY,CN,DEBIT_CARD,1,490,0,1,2342,0,1,1,ADVERSARIAL_MULTI_SIGNAL
CUST_67009,2640.88,Boone-Rubio,EDUCATION,US,DEBIT_CARD,1,314,0,0,1460,1,0,1,ADVERSARIAL_LOW_AND_SLOW
CUST_17664,1035.05,Acosta Inc,ECOMMERCE,US,DEBIT_CARD,4,352,0,0,1717,0,1,1,ADVERSARIAL_LOW_AND_SLOW
CUST_95198,140.34,Fleming-Nguyen,ECOMMERCE,US,NET_BANKING,2,285,0,0,2051,1,1,1,ADVERSARIAL_MULTI_SIGNAL
CUST_49858,4085.93,"Cantrell, Boyd and Brown",EDUCATION,GB,CREDIT_CARD,2,772,0,1,1920,0,1,1,ADVERSARIAL_MULTI_SIGNAL
CUST_43725,1815.01,White-Reyes,ECOMMERCE,IN,WALLET,7,402,0,0,963,0,1,1,ADVERSARIAL_MULTI_SIGNAL
CUST_73072,7469.47,Kemp-Thomas,ECOMMERCE,IN,CREDIT_CARD,1,586,1,0,772,0,1,1,ADVERSARIAL_MULTI_SIGNAL
CUST_43509,2304.49,Conley Ltd,HEALTHCARE,CN,CREDIT_CARD,5,384,0,1,2471,0,0,1,ADVERSARIAL_MULTI_SIGNAL
CUST_54009,7709.56,Kennedy-Hudson,TRAVEL,IN,DEBIT_CARD,6,994,0,0,62,0,1,1,ADVERSARIAL_MULTI_SIGNAL
CUST_62884,494.44,Edwards PLC,ECOMMERCE,US,UPI,2,769,0,0,2006,1,0,1,ADVERSARIAL_LOW_AND_SLOW
CUST_48392,1655.55,Walker Ltd,EDUCATION,US,UPI,5,887,1,0,804,0,0,1,ADVERSARIAL_MULTI_SIGNAL
CUST_70460,581.0,"Wilson, Alvarez and Cowan",GROCERY,NG,CREDIT_CARD,6,976,0,0,1421,1,0,1,ADVERSARIAL_MULTI_SIGNAL
CUST_88835,3842.62,Soto-Hodges,ENTERTAINMENT,CN,UPI,4,996,1,0,1586,0,0,1,ADVERSARIAL_LOW_AND_SLOW
CUST_59673,4966.95,"Sanchez, Yu and Hoover",FOOD,IN,WALLET,6,106,0,1,751,0,0,1,ADVERSARIAL_MULTI_SIGNAL
CUST_69762,6827.32,"Bennett, Escobar and Russell",EDUCATION,NG,UPI,6,644,0,0,1244,0,1,1,ADVERSARIAL_MULTI_SIGNAL
CUST_54363,415.58,Dixon LLC,OTHER,NG,CREDIT_CARD,3,313,0,0,414,0,1,1,ADVERSARIAL_LOW_AND_SLOW
CUST_54363,259.8,Dixon LLC,EDUCATION,NG,NET_BANKING,3,313,0,1,414,1,0,1,ADVERSARIAL_MULTI_SIGNAL
CUST_37876,882.84,Walker PLC,GROCERY,NG,DEBIT_CARD,8,895,0,1,1601,0,0,1,ADVERSARIAL_MULTI_SIGNAL
CUST_61285,9555.33,"Garrison, White and Ball",EDUCATION,CN,WALLET,1,354,0,0,285,1,1,1,ADVERSARIAL_MULTI_SIGNAL
CUST_58869,2247.34,"Logan, Mathis and Flores",HEALTHCARE,NG,DEBIT_CARD,5,54,0,1,312,0,0,1,ADVERSARIAL_MULTI_SIGNAL
CUST_26449,3733.42,Stevens and Sons,ECOMMERCE,NG,WALLET,6,370,0,0,1280,0,0,1,ADVERSARIAL_LOW_AND_SLOW
CUST_59410,222.22,"Burns, Holder and Jimenez",GROCERY,NG,NET_BANKING,3,206,0,1,959,1,0,1,ADVERSARIAL_MULTI_SIGNAL
CUST_61214,1661.95,"Graham, Mercado and Williams",EDUCATION,CN,UPI,4,754,0,1,499,1,0,1,ADVERSARIAL_MULTI_SIGNAL
CUST_62714,1886.65,"Salas, Hensley and Miles",ECOMMERCE,NG,WALLET,3,760,1,1,563,0,0,1,ADVERSARIAL_MULTI_SIGNAL
CUST_52331,1572.6,Roberts Group,EDUCATION,GB,WALLET,6,917,0,0,851,1,0,1,ADVERSARIAL_MULTI_SIGNAL
CUST_53148,646.65,White-Bradshaw,TRAVEL,GB,CREDIT_CARD,1,688,0,1,757,0,0,1,ADVERSARIAL_LOW_AND_SLOW
CUST_17681,3492.82,"Davis, Valenzuela and Hawkins",TRAVEL,CN,NET_BANKING,2,905,0,1,1498,0,0,1,ADVERSARIAL_LOW_AND_SLOW
CUST_11645,1829.2,Mitchell Group,FOOD,US,UPI,5,39,0,0,935,0,0,1,ADVERSARIAL_LOW_AND_SLOW
CUST_46259,7997.73,Ortiz-Snyder,OTHER,US,DEBIT_CARD,2,613,0,1,1465,0,1,1,ADVERSARIAL_MULTI_SIGNAL
CUST_95839,670.87,Baker Ltd,GROCERY,IN,UPI,3,596,0,0,231,0,1,1,ADVERSARIAL_LOW_AND_SLOW
CUST_13010,4948.68,"Stark, Parrish and Ortega",ENTERTAINMENT,US,DEBIT_CARD,6,968,0,1,1962,0,0,1,ADVERSARIAL_MULTI_SIGNAL
CUST_71669,5993.04,Brown and Sons,GROCERY,IN,CREDIT_CARD,1,582,1,0,1094,1,0,1,ADVERSARIAL_MULTI_SIGNAL
CUST_92651,630.69,Larson-Jennings,HEALTHCARE,IN,CREDIT_CARD,4,353,0,0,2003,0,1,1,ADVERSARIAL_LOW_AND_SLOW
CUST_69322,2128.81,Haynes-Gordon,TRAVEL,NG,WALLET,3,739,0,0,449,1,0,1,ADVERSARIAL_LOW_AND_SLOW
CUST_28461,4390.91,Fisher-Hill,GROCERY,GB,CREDIT_CARD,1,272,0,0,1650,0,1,1,ADVERSARIAL_LOW_AND_SLOW
CUST_73571,4458.45,"Ramos, Johnston and Ritter",ENTERTAINMENT,US,NET_BANKING,4,101,0,1,1572,0,0,1,ADVERSARIAL_LOW_AND_SLOW
CUST_22974,1697.21,"Mathews, Stewart and Leonard",EDUCATION,CN,WALLET,1,994,1,0,1852,0,0,1,ADVERSARIAL_LOW_AND_SLOW
CUST_78794,1397.21,Garcia-Brooks,ECOMMERCE,GB,CREDIT_CARD,3,119,0,1,205,1,0,1,ADVERSARIAL_MULTI_SIGNAL
CUST_13772,7400.12,"James, Valdez and Dixon",ENTERTAINMENT,GB,UPI,5,778,0,0,1619,1,0,1,ADVERSARIAL_MULTI_SIGNAL
CUST_76285,561.18,"Adams, Martinez and Ewing",OTHER,IN,NET_BANKING,7,582,0,0,1312,0,1,1,ADVERSARIAL_MULTI_SIGNAL
CUST_18067,791.55,Malone-Guzman,OTHER,IN,WALLET,1,770,1,0,1901,0,0,1,ADVERSARIAL_LOW_AND_SLOW
CUST_87455,2020.77,Thompson Ltd,ECOMMERCE,CN,CREDIT_CARD,2,386,0,1,2039,1,0,1,ADVERSARIAL_MULTI_SIGNAL
CUST_63754,2743.21,Chung-Watts,ENTERTAINMENT,US,UPI,2,293,0,1,813,0,0,1,ADVERSARIAL_LOW_AND_SLOW
CUST_73852,4100.0,"Arnold, Morris and Hughes",OTHER,CN,WALLET,4,765,0,0,1520,0,1,1,ADVERSARIAL_LOW_AND_SLOW
CUST_17353,4287.32,Strong-Barajas,HEALTHCARE,IN,UPI,4,814,1,1,2354,0,0,1,ADVERSARIAL_MULTI_SIGNAL
CUST_61226,934.25,"Turner, Lewis and Bishop",ENTERTAINMENT,GB,UPI,4,377,1,1,1718,0,0,1,ADVERSARIAL_MULTI_SIGNAL
CUST_41234,4000.07,Ramirez Ltd,ECOMMERCE,US,NET_BANKING,3,564,0,1,1412,1,0,1,ADVERSARIAL_MULTI_SIGNAL
CUST_37800,5089.11,Graham Inc,FOOD,NG,NET_BANKING,2,559,1,1,2336,0,0,1,ADVERSARIAL_MULTI_SIGNAL
CUST_38362,3332.57,Little Ltd,OTHER,US,NET_BANKING,5,299,0,0,980,0,1,1,ADVERSARIAL_MULTI_SIGNAL
CUST_59008,3776.55,Macias and Sons,ECOMMERCE,IN,CREDIT_CARD,5,912,0,0,450,0,0,1,ADVERSARIAL_LOW_AND_SLOW
CUST_87901,4725.4,Gregory-Terry,ECOMMERCE,GB,UPI,8,748,0,0,428,1,0,1,ADVERSARIAL_MULTI_SIGNAL
CUST_73991,3228.52,"Ellis, Vasquez and Knox",GROCERY,IN,WALLET,1,651,1,0,36,0,0,1,ADVERSARIAL_LOW_AND_SLOW
CUST_69286,2665.49,"Bryant, Wallace and Montoya",HEALTHCARE,CN,WALLET,1,925,1,0,2050,1,0,1,ADVERSARIAL_MULTI_SIGNAL
CUST_43546,1015.59,"Bentley, Hahn and Harper",ECOMMERCE,US,DEBIT_CARD,3,886,1,0,2263,0,0,1,ADVERSARIAL_LOW_AND_SLOW
CUST_97940,6199.66,"Walsh, Walters and Weiss",HEALTHCARE,CN,NET_BANKING,2,305,0,1,1303,0,1,1,ADVERSARIAL_MULTI_SIGNAL
CUST_97150,4669.0,Turner-Carlson,GROCERY,GB,NET_BANKING,1,160,1,1,1502,0,0,1,ADVERSARIAL_MULTI_SIGNAL
CUST_45808,3788.21,"Duncan, Guzman and Gray",ENTERTAINMENT,GB,WALLET,3,148,0,1,796,0,0,1,ADVERSARIAL_LOW_AND_SLOW
CUST_40207,3409.0,Mercer-Daniels,ENTERTAINMENT,NG,WALLET,7,546,0,0,1171,0,1,1,ADVERSARIAL_MULTI_SIGNAL
CUST_80687,742.81,Monroe and Sons,EDUCATION,US,DEBIT_CARD,3,734,0,0,1637,1,1,1,ADVERSARIAL_MULTI_SIGNAL
CUST_11937,3132.8,"Clark, Hernandez and Walker",FOOD,NG,WALLET,5,676,0,0,2020,0,0,1,ADVERSARIAL_LOW_AND_SLOW
CUST_17553,2297.07,Johnson-Thornton,ENTERTAINMENT,IN,DEBIT_CARD,1,322,1,1,150,0,0,1,ADVERSARIAL_MULTI_SIGNAL
CUST_15136,3554.34,"Turner, Gutierrez and Garza",ENTERTAINMENT,NG,DEBIT_CARD,2,973,0,0,2106,1,1,1,ADVERSARIAL_MULTI_SIGNAL
CUST_84876,1873.57,Ali Group,OTHER,GB,NET_BANKING,4,190,0,0,1798,0,1,1,ADVERSARIAL_LOW_AND_SLOW
CUST_80065,978.19,"Russo, Black and Espinoza",OTHER,US,CREDIT_CARD,1,900,1,0,992,0,1,1,ADVERSARIAL_MULTI_SIGNAL
CUST_49546,1973.66,"Graves, Coleman and Wright",ENTERTAINMENT,GB,DEBIT_CARD,2,370,0,0,2091,1,1,1,ADVERSARIAL_MULTI_SIGNAL
CUST_35997,4763.23,Humphrey Inc,HEALTHCARE,US,DEBIT_CARD,2,785,0,1,478,1,0,1,ADVERSARIAL_MULTI_SIGNAL
CUST_67558,503.34,"Mckinney, Porter and Schneider",EDUCATION,IN,WALLET,4,398,0,0,73,0,1,1,ADVERSARIAL_LOW_AND_SLOW
CUST_68100,4089.89,Daugherty-Lawrence,TRAVEL,US,DEBIT_CARD,8,225,0,1,1541,0,0,1,ADVERSARIAL_MULTI_SIGNAL
CUST_55729,1160.67,Morgan PLC,HEALTHCARE,GB,DEBIT_CARD,7,205,0,0,1637,0,1,1,ADVERSARIAL_MULTI_SIGNAL
CUST_16431,3231.86,Cobb and Sons,TRAVEL,CN,NET_BANKING,3,921,0,0,615,1,0,1,ADVERSARIAL_LOW_AND_SLOW
CUST_71575,2724.51,Jackson-Cox,HEALTHCARE,US,CREDIT_CARD,7,414,0,0,1341,0,0,1,ADVERSARIAL_LOW_AND_SLOW
CUST_70584,9115.23,Henry-Tapia,TRAVEL,GB,NET_BANKING,1,37,1,0,2119,0,1,1,ADVERSARIAL_MULTI_SIGNAL
CUST_85344,3396.25,Brown-Martin,EDUCATION,NG,UPI,5,814,1,0,734,0,0,1,ADVERSARIAL_MULTI_SIGNAL
CUST_34670,3728.05,"Harris, Bean and Lawrence",OTHER,GB,DEBIT_CARD,2,118,1,0,139,0,0,1,ADVERSARIAL_LOW_AND_SLOW
CUST_16832,1792.97,Koch Inc,HEALTHCARE,NG,NET_BANKING,4,219,1,0,1347,1,0,1,ADVERSARIAL_MULTI_SIGNAL
CUST_99139,2036.43,Shelton-Lucas,FOOD,IN,DEBIT_CARD,2,648,1,0,2478,0,0,1,ADVERSARIAL_LOW_AND_SLOW
CUST_66815,543.15,Simpson Group,TRAVEL,IN,NET_BANKING,4,702,0,1,1912,1,0,1,ADVERSARIAL_MULTI_SIGNAL
CUST_45697,979.18,Love Inc,OTHER,GB,CREDIT_CARD,3,198,0,1,365,1,0,1,ADVERSARIAL_MULTI_SIGNAL
CUST_93411,2128.25,Noble-Frank,HEALTHCARE,CN,DEBIT_CARD,4,356,0,1,164,0,0,1,ADVERSARIAL_LOW_AND_SLOW
CUST_54087,5227.38,Miller PLC,OTHER,CN,DEBIT_CARD,1,904,1,0,288,0,0,1,ADVERSARIAL_LOW_AND_SLOW
CUST_46408,9386.08,"Lopez, Nguyen and Peterson",HEALTHCARE,US,NET_BANKING,1,351,0,0,2285,1,1,1,ADVERSARIAL_MULTI_SIGNAL
CUST_12948,6078.27,Terry-Poole,FOOD,US,UPI,5,824,0,0,1292,0,0,1,ADVERSARIAL_LOW_AND_SLOW
CUST_11024,5736.67,Miles-Le,ECOMMERCE,IN,DEBIT_CARD,5,367,0,0,943,0,0,1,ADVERSARIAL_LOW_AND_SLOW
CUST_51912,3512.1,Steele LLC,FOOD,CN,DEBIT_CARD,3,152,0,0,1900,1,0,1,ADVERSARIAL_LOW_AND_SLOW
CUST_91391,11067.53,Stafford-Howard,HEALTHCARE,CN,WALLET,2,171,1,0,1761,0,1,1,ADVERSARIAL_MULTI_SIGNAL
CUST_41852,8975.15,"Owens, Hill and Robinson",HEALTHCARE,GB,UPI,4,633,1,0,734,0,1,1,ADVERSARIAL_MULTI_SIGNAL
CUST_96529,3533.34,Jenkins LLC,GROCERY,CN,NET_BANKING,2,715,0,0,2057,1,1,1,ADVERSARIAL_MULTI_SIGNAL
CUST_46743,2185.11,Aguilar Group,HEALTHCARE,CN,WALLET,6,607,0,0,2043,0,0,1,ADVERSARIAL_LOW_AND_SLOW
CUST_26387,3278.95,Rangel Group,HEALTHCARE,US,NET_BANKING,4,484,0,0,1475,1,0,1,ADVERSARIAL_LOW_AND_SLOW
CUST_25147,1031.83,Huffman-Ramos,TRAVEL,CN,DEBIT_CARD,1,248,1,1,1723,0,0,1,ADVERSARIAL_MULTI_SIGNAL
CUST_62750,3347.38,Caldwell and Sons,HEALTHCARE,NG,CREDIT_CARD,4,770,0,0,2224,1,1,1,ADVERSARIAL_MULTI_SIGNAL
CUST_48362,1344.04,"Bennett, Young and Dixon",TRAVEL,IN,WALLET,3,661,0,0,1088,1,0,1,ADVERSARIAL_LOW_AND_SLOW
CUST_88579,5391.37,"Lamb, Melton and Chavez",HEALTHCARE,IN,CREDIT_CARD,1,718,0,0,1375,1,1,1,ADVERSARIAL_MULTI_SIGNAL
CUST_12948,6078.27,Terry-Poole,FOOD,US,NET_BANKING,6,824,0,1,1292,0,0,1,ADVERSARIAL_MULTI_SIGNAL
CUST_71805,4223.61,Mora-Nguyen,ENTERTAINMENT,IN,DEBIT_CARD,1,239,0,0,247,0,1,1,ADVERSARIAL_LOW_AND_SLOW
CUST_15205,4196.74,Knight LLC,EDUCATION,NG,WALLET,4,506,0,0,837,1,0,1,ADVERSARIAL_LOW_AND_SLOW
CUST_63026,390.92,Price PLC,ENTERTAINMENT,IN,WALLET,2,953,1,0,2006,0,0,1,ADVERSARIAL_LOW_AND_SLOW
CUST_40705,1717.37,Rodriguez-Gutierrez,HEALTHCARE,CN,DEBIT_CARD,3,33,0,1,1123,0,0,1,ADVERSARIAL_LOW_AND_SLOW
CUST_86978,4888.52,Schmitt PLC,EDUCATION,GB,WALLET,3,928,1,0,1135,0,1,1,ADVERSARIAL_MULTI_SIGNAL
CUST_76880,4066.59,"Barnes, Evans and Castillo",OTHER,CN,UPI,3,914,1,0,1272,0,0,1,ADVERSARIAL_LOW_AND_SLOW
CUST_55793,2688.81,"Walker, Smith and Ferguson",ECOMMERCE,US,CREDIT_CARD,2,808,0,0,1468,0,1,1,ADVERSARIAL_LOW_AND_SLOW
CUST_84985,4119.14,Parrish PLC,FOOD,IN,DEBIT_CARD,4,515,1,1,1852,0,0,1,ADVERSARIAL_MULTI_SIGNAL
CUST_83133,1202.43,Archer-Reynolds,ECOMMERCE,GB,UPI,4,111,1,1,254,0,0,1,ADVERSARIAL_MULTI_SIGNAL
CUST_68791,1008.44,Thompson PLC,ENTERTAINMENT,IN,WALLET,4,765,0,1,2277,0,0,1,ADVERSARIAL_LOW_AND_SLOW
CUST_45311,672.63,"Miller, Edwards and Mooney",TRAVEL,NG,DEBIT_CARD,4,747,0,1,1960,1,0,1,ADVERSARIAL_MULTI_SIGNAL
CUST_47546,4594.72,Johnson-Carr,ENTERTAINMENT,CN,UPI,1,525,0,1,2337,0,1,1,ADVERSARIAL_MULTI_SIGNAL
CUST_71016,4683.91,Roberts LLC,ECOMMERCE,US,CREDIT_CARD,2,721,1,0,1485,0,0,1,ADVERSARIAL_LOW_AND_SLOW
CUST_94560,3231.24,"Wright, Marshall and Allen",HEALTHCARE,IN,DEBIT_CARD,7,858,0,0,2364,0,0,1,ADVERSARIAL_LOW_AND_SLOW
CUST_95762,2743.21,"Kirby, Brewer and Parrish",EDUCATION,NG,DEBIT_CARD,2,514,0,1,1240,0,0,1,ADVERSARIAL_LOW_AND_SLOW
CUST_70002,1309.74,Wright-Moore,OTHER,CN,UPI,6,816,0,0,921,0,1,1,ADVERSARIAL_MULTI_SIGNAL
CUST_64916,1464.55,"Bentley, Watson and Jones",ENTERTAINMENT,NG,WALLET,2,787,0,0,488,1,1,1,ADVERSARIAL_MULTI_SIGNAL
CUST_34884,691.62,Spencer and Sons,FOOD,CN,NET_BANKING,7,644,0,0,1442,0,0,1,ADVERSARIAL_LOW_AND_SLOW
CUST_86423,7298.36,"Bradley, Smith and Byrd",HEALTHCARE,IN,CREDIT_CARD,2,37,0,0,1618,1,1,1,ADVERSARIAL_MULTI_SIGNAL
CUST_86865,1098.27,Tran-Malone,GROCERY,IN,NET_BANKING,7,463,0,0,416,0,0,1,ADVERSARIAL_LOW_AND_SLOW
CUST_68517,4694.86,Colon PLC,GROCERY,IN,CREDIT_CARD,1,831,0,0,2401,1,0,1,ADVERSARIAL_LOW_AND_SLOW
CUST_19485,4646.07,"Dorsey, Juarez and Young",GROCERY,US,CREDIT_CARD,3,836,0,0,662,0,1,1,ADVERSARIAL_LOW_AND_SLOW
CUST_25590,5535.08,"Crawford, Bennett and Kelly",FOOD,IN,DEBIT_CARD,8,36,0,0,1848,0,1,1,ADVERSARIAL_MULTI_SIGNAL
CUST_82018,4021.75,Macdonald-Baker,HEALTHCARE,NG,UPI,1,361,0,1,691,0,0,1,ADVERSARIAL_LOW_AND_SLOW
CUST_48773,1130.7,"Wong, Gonzales and Keller",ECOMMERCE,CN,DEBIT_CARD,3,571,1,0,412,1,0,1,ADVERSARIAL_MULTI_SIGNAL
CUST_58381,5178.15,Sellers-Blevins,EDUCATION,NG,WALLET,1,701,0,1,1828,1,0,1,ADVERSARIAL_MULTI_SIGNAL
CUST_39263,4054.3,"Martinez, Estrada and Edwards",EDUCATION,NG,DEBIT_CARD,4,249,1,0,1458,1,0,1,ADVERSARIAL_MULTI_SIGNAL
CUST_71358,3815.56,Clark Group,GROCERY,GB,CREDIT_CARD,6,981,0,0,2004,0,0,1,ADVERSARIAL_LOW_AND_SLOW
CUST_82170,4502.46,Carpenter Ltd,EDUCATION,NG,CREDIT_CARD,2,45,0,1,1596,0,1,1,ADVERSARIAL_MULTI_SIGNAL
CUST_57113,1900.67,Torres-Reynolds,GROCERY,CN,WALLET,5,297,0,1,956,0,0,1,ADVERSARIAL_MULTI_SIGNAL
CUST_27305,6715.28,Clark-Allen,HEALTHCARE,US,UPI,4,416,0,0,869,1,1,1,ADVERSARIAL_MULTI_SIGNAL
CUST_34548,4618.74,Jackson-Wells,ECOMMERCE,NG,NET_BANKING,7,625,0,0,2051,0,1,1,ADVERSARIAL_MULTI_SIGNAL
CUST_56526,1824.0,Rodriguez-Mitchell,FOOD,IN,DEBIT_CARD,3,81,0,1,1638,0,0,1,ADVERSARIAL_LOW_AND_SLOW
CUST_74517,381.01,Anderson Ltd,OTHER,GB,WALLET,2,50,0,1,2250,1,0,1,ADVERSARIAL_MULTI_SIGNAL
CUST_80607,4146.09,Turner Group,EDUCATION,NG,CREDIT_CARD,3,390,0,0,506,1,0,1,ADVERSARIAL_LOW_AND_SLOW
CUST_50181,6705.15,"Hamilton, Miller and Pratt",FOOD,NG,DEBIT_CARD,4,33,0,1,1232,0,1,1,ADVERSARIAL_MULTI_SIGNAL
CUST_45896,912.33,"Pittman, Stewart and Brown",ENTERTAINMENT,US,CREDIT_CARD,4,222,0,1,2182,1,0,1,ADVERSARIAL_MULTI_SIGNAL
CUST_94811,5807.37,Salas-Scott,HEALTHCARE,GB,CREDIT_CARD,7,691,1,0,1851,0,0,1,ADVERSARIAL_MULTI_SIGNAL
CUST_87134,307.9,"Robertson, Phillips and Moss",HEALTHCARE,CN,UPI,6,662,0,0,642,1,0,1,ADVERSARIAL_MULTI_SIGNAL
CUST_12038,1588.27,Sanders Group,TRAVEL,GB,DEBIT_CARD,4,978,1,0,30,1,0,1,ADVERSARIAL_MULTI_SIGNAL
CUST_11645,1829.2,Mitchell Group,ECOMMERCE,US,UPI,4,39,0,0,935,1,0,1,ADVERSARIAL_LOW_AND_SLOW
CUST_51814,2906.22,"Brooks, Cain and Lopez",ENTERTAINMENT,US,UPI,1,157,1,0,1200,0,0,1,ADVERSARIAL_LOW_AND_SLOW
CUST_38063,8004.95,"Barnes, Noble and Johnson",EDUCATION,CN,CREDIT_CARD,3,746,0,1,1154,0,1,1,ADVERSARIAL_MULTI_SIGNAL
CUST_48799,436.07,Lyons Group,ECOMMERCE,GB,WALLET,2,240,0,1,146,0,0,1,ADVERSARIAL_LOW_AND_SLOW
CUST_64313,2649.87,"Wood, Powell and Brock",GROCERY,IN,UPI,1,602,0,1,1433,0,0,1,ADVERSARIAL_LOW_AND_SLOW
CUST_47949,1163.31,Wright PLC,ECOMMERCE,NG,DEBIT_CARD,6,190,0,1,1129,0,0,1,ADVERSARIAL_MULTI_SIGNAL
CUST_63546,4902.0,"Rodriguez, Holt and Green",EDUCATION,CN,UPI,4,394,0,1,1240,1,0,1,ADVERSARIAL_MULTI_SIGNAL
CUST_13085,2426.86,Johnson-Rhodes,TRAVEL,CN,UPI,4,657,0,0,549,1,0,1,ADVERSARIAL_LOW_AND_SLOW
CUST_45568,3704.83,"Franklin, Smith and Williams",GROCERY,CN,UPI,2,277,0,0,946,0,1,1,ADVERSARIAL_LOW_AND_SLOW
CUST_26209,2381.06,Parker-Butler,TRAVEL,US,CREDIT_CARD,6,681,0,0,49,0,1,1,ADVERSARIAL_MULTI_SIGNAL
CUST_48170,686.26,Perez LLC,ENTERTAINMENT,US,DEBIT_CARD,7,368,0,0,1235,1,0,1,ADVERSARIAL_MULTI_SIGNAL
CUST_93267,1645.49,"Rivera, Hernandez and Powell",OTHER,US,CREDIT_CARD,8,290,0,0,1251,1,0,1,ADVERSARIAL_MULTI_SIGNAL
CUST_49081,3834.58,"Mason, Sampson and Rodriguez",EDUCATION,CN,WALLET,4,570,0,0,466,1,0,1,ADVERSARIAL_LOW_AND_SLOW
CUST_40299,2836.32,Ruiz-Combs,HEALTHCARE,IN,CREDIT_CARD,1,850,1,0,1615,1,0,1,ADVERSARIAL_MULTI_SIGNAL
CUST_41439,4900.2,Hahn PLC,EDUCATION,US,WALLET,4,958,0,0,2228,0,1,1,ADVERSARIAL_LOW_AND_SLOW
CUST_78168,8061.67,Hamilton-Carr,GROCERY,GB,WALLET,2,925,1,0,457,0,1,1,ADVERSARIAL_MULTI_SIGNAL
CUST_88836,1244.52,Leonard Ltd,GROCERY,IN,WALLET,6,367,0,0,1052,0,0,1,ADVERSARIAL_LOW_AND_SLOW
CUST_98714,1701.92,"Stevens, Wallace and Carter",ECOMMERCE,IN,WALLET,3,456,0,0,1608,1,0,1,ADVERSARIAL_LOW_AND_SLOW
CUST_98453,5619.12,Johnston-Smith,ECOMMERCE,NG,UPI,2,190,0,0,359,1,0,1,ADVERSARIAL_LOW_AND_SLOW
CUST_17012,4420.34,"Terry, Hernandez and Daniels",ENTERTAINMENT,IN,NET_BANKING,3,482,1,1,1483,0,0,1,ADVERSARIAL_MULTI_SIGNAL
CUST_99620,5218.36,Simmons Ltd,GROCERY,US,WALLET,7,485,0,0,1273,0,1,1,ADVERSARIAL_MULTI_SIGNAL
CUST_35473,6870.43,Smith-Fuller,FOOD,GB,WALLET,1,93,0,0,623,1,1,1,ADVERSARIAL_MULTI_SIGNAL
CUST_83525,3867.79,Johnson-Jimenez,FOOD,NG,WALLET,6,355,0,0,1168,0,0,1,ADVERSARIAL_LOW_AND_SLOW
CUST_97122,4587.49,"Williams, Santiago and Martinez",ENTERTAINMENT,US,NET_BANKING,4,146,0,1,70,0,0,1,ADVERSARIAL_LOW_AND_SLOW
CUST_40305,4762.39,"Cook, Wilson and Ochoa",HEALTHCARE,NG,DEBIT_CARD,8,285,0,0,59,0,1,1,ADVERSARIAL_MULTI_SIGNAL
CUST_26449,1888.37,Daniel-Cook,OTHER,CN,UPI,3,726,0,1,2330,0,0,1,ADVERSARIAL_LOW_AND_SLOW
CUST_48232,1892.1,"Lee, Sullivan and White",ECOMMERCE,GB,WALLET,1,154,1,0,1681,0,1,1,ADVERSARIAL_MULTI_SIGNAL
CUST_78770,7438.56,Morales PLC,EDUCATION,NG,WALLET,3,943,0,0,1733,1,1,1,ADVERSARIAL_MULTI_SIGNAL
CUST_50770,2128.23,Curtis-Mann,EDUCATION,US,NET_BANKING,1,474,0,0,1963,0,1,1,ADVERSARIAL_LOW_AND_SLOW
CUST_84754,1511.56,Dixon PLC,EDUCATION,CN,UPI,3,337,0,0,2127,1,1,1,ADVERSARIAL_MULTI_SIGNAL
CUST_40274,337.21,"Jones, Torres and Bennett",ENTERTAINMENT,IN,WALLET,4,88,1,0,1818,0,0,1,ADVERSARIAL_LOW_AND_SLOW
CUST_84888,3394.35,"Pierce, Foster and Jackson",OTHER,US,WALLET,2,330,0,0,222,1,0,1,ADVERSARIAL_LOW_AND_SLOW
CUST_56064,4214.98,Torres-Price,HEALTHCARE,CN,UPI,2,550,0,0,1990,1,0,1,ADVERSARIAL_LOW_AND_SLOW
CUST_78140,3283.65,Mcdaniel LLC,EDUCATION,GB,CREDIT_CARD,2,199,0,0,1077,1,1,1,ADVERSARIAL_MULTI_SIGNAL
CUST_80829,7478.24,Hansen Inc,ECOMMERCE,IN,CREDIT_CARD,6,274,0,1,1983,0,0,1,ADVERSARIAL_MULTI_SIGNAL
CUST_43029,3739.75,Bullock-Santos,ECOMMERCE,CN,WALLET,1,37,0,0,923,1,0,1,ADVERSARIAL_LOW_AND_SLOW
CUST_57715,2265.32,"Frazier, Mcbride and Williams",ECOMMERCE,NG,NET_BANKING,8,270,0,0,2163,0,0,1,ADVERSARIAL_LOW_AND_SLOW
CUST_20567,468.81,Silva-Ward,OTHER,CN,UPI,7,916,0,0,406,0,0,1,ADVERSARIAL_LOW_AND_SLOW
CUST_22950,4611.34,Murphy Group,EDUCATION,CN,UPI,4,405,0,0,1719,1,0,1,ADVERSARIAL_LOW_AND_SLOW
CUST_24785,7613.65,Nguyen LLC,GROCERY,GB,CREDIT_CARD,3,925,0,0,1254,0,1,1,ADVERSARIAL_LOW_AND_SLOW
CUST_43516,2719.75,"Carter, Craig and Washington",TRAVEL,US,CREDIT_CARD,5,978,0,0,2452,0,1,1,ADVERSARIAL_MULTI_SIGNAL
CUST_61911,8993.15,Douglas-Rowland,EDUCATION,NG,CREDIT_CARD,3,35,0,0,165,0,1,1,ADVERSARIAL_LOW_AND_SLOW
CUST_33583,10048.31,George-Johnson,ENTERTAINMENT,US,WALLET,3,85,0,0,2038,0,1,1,ADVERSARIAL_LOW_AND_SLOW
CUST_79084,865.87,"Williams, Wilson and Crawford",HEALTHCARE,NG,CREDIT_CARD,2,778,1,0,2027,0,0,1,ADVERSARIAL_LOW_AND_SLOW
CUST_90842,9890.33,Moore Inc,TRAVEL,NG,CREDIT_CARD,4,847,0,0,743,0,1,1,ADVERSARIAL_LOW_AND_SLOW
CUST_15941,2193.97,"Davis, Vazquez and Simon",GROCERY,IN,UPI,3,546,1,0,1236,0,0,1,ADVERSARIAL_LOW_AND_SLOW
CUST_89622,4311.99,"Knox, Shaw and Johnson",HEALTHCARE,GB,DEBIT_CARD,1,766,0,1,1253,0,0,1,ADVERSARIAL_LOW_AND_SLOW
CUST_62109,3190.82,Mcdonald and Sons,GROCERY,CN,DEBIT_CARD,8,647,0,0,1745,1,0,1,ADVERSARIAL_MULTI_SIGNAL
CUST_83032,5506.6,Wright-Fox,ENTERTAINMENT,US,WALLET,5,144,0,1,128,0,0,1,ADVERSARIAL_MULTI_SIGNAL
CUST_64285,4376.95,"Meyer, Huber and Moreno",HEALTHCARE,NG,CREDIT_CARD,6,248,0,0,747,0,0,1,ADVERSARIAL_LOW_AND_SLOW
CUST_18799,522.91,Sullivan-Jennings,ENTERTAINMENT,IN,UPI,2,288,0,1,1425,1,0,1,ADVERSARIAL_MULTI_SIGNAL
CUST_24316,3854.94,"Hutchinson, Collier and Rowe",TRAVEL,US,DEBIT_CARD,2,83,0,1,2433,1,0,1,ADVERSARIAL_MULTI_SIGNAL
CUST_13136,1208.22,Davis-Silva,TRAVEL,US,DEBIT_CARD,2,590,1,0,909,0,0,1,ADVERSARIAL_LOW_AND_SLOW
CUST_29571,4536.92,Norris Inc,ECOMMERCE,GB,CREDIT_CARD,6,241,0,0,675,1,0,1,ADVERSARIAL_MULTI_SIGNAL
CUST_44939,1754.86,"Campbell, Coleman and Greene",OTHER,US,DEBIT_CARD,5,429,0,0,1935,0,0,1,ADVERSARIAL_LOW_AND_SLOW
CUST_48086,7492.66,"Cabrera, Horton and White",HEALTHCARE,US,CREDIT_CARD,3,208,0,0,1833,0,1,1,ADVERSARIAL_LOW_AND_SLOW
CUST_59814,8495.68,Diaz Group,FOOD,NG,DEBIT_CARD,1,393,0,0,1941,0,1,1,ADVERSARIAL_LOW_AND_SLOW
CUST_52421,1149.06,Carter-Barrera,TRAVEL,NG,DEBIT_CARD,3,914,0,0,463,1,0,1,ADVERSARIAL_LOW_AND_SLOW
CUST_78812,3899.73,Lawson-Brown,HEALTHCARE,CN,DEBIT_CARD,1,429,0,0,1410,0,1,1,ADVERSARIAL_LOW_AND_SLOW
CUST_80417,9939.75,Kim Inc,ENTERTAINMENT,IN,WALLET,1,242,0,1,1026,0,1,1,ADVERSARIAL_MULTI_SIGNAL
CUST_73896,1058.66,Black-Miller,FOOD,IN,UPI,4,856,0,0,923,1,0,1,ADVERSARIAL_LOW_AND_SLOW
CUST_46014,2352.22,"Jackson, Miller and Watkins",EDUCATION,NG,WALLET,6,633,0,1,1196,0,0,1,ADVERSARIAL_MULTI_SIGNAL
CUST_51599,3723.75,Phillips-Bowers,ENTERTAINMENT,CN,NET_BANKING,6,830,0,1,363,0,0,1,ADVERSARIAL_MULTI_SIGNAL
CUST_12255,182.11,Price PLC,ENTERTAINMENT,NG,UPI,1,701,1,0,1003,1,0,1,ADVERSARIAL_MULTI_SIGNAL
CUST_46716,713.2,Johnson PLC,TRAVEL,IN,DEBIT_CARD,1,910,1,0,1216,1,0,1,ADVERSARIAL_MULTI_SIGNAL
CUST_70118,770.59,"Turner, Kemp and Johnson",HEALTHCARE,IN,WALLET,4,855,1,0,523,1,0,1,ADVERSARIAL_MULTI_SIGNAL
CUST_53820,162.43,Jackson Ltd,EDUCATION,CN,DEBIT_CARD,1,880,1,0,1354,0,0,1,ADVERSARIAL_LOW_AND_SLOW
CUST_55376,3147.25,Espinoza-Curry,FOOD,US,UPI,3,780,0,1,1597,1,0,1,ADVERSARIAL_MULTI_SIGNAL
CUST_71419,4500.57,Knight Inc,GROCERY,IN,WALLET,1,276,1,0,1837,0,0,1,ADVERSARIAL_LOW_AND_SLOW
CUST_32455,1028.25,Gibson Ltd,FOOD,NG,UPI,1,502,0,0,875,1,0,1,ADVERSARIAL_LOW_AND_SLOW
CUST_29876,4182.55,"Newton, Lopez and Smith",HEALTHCARE,US,UPI,7,527,0,0,1003,0,1,1,ADVERSARIAL_MULTI_SIGNAL
CUST_84941,2156.76,Dudley-Williams,EDUCATION,NG,DEBIT_CARD,7,269,0,1,1680,0,0,1,ADVERSARIAL_MULTI_SIGNAL
CUST_90356,5802.59,Knapp Ltd,EDUCATION,US,WALLET,3,549,0,0,1334,0,1,1,ADVERSARIAL_LOW_AND_SLOW
CUST_82482,4580.6,Gomez PLC,OTHER,GB,WALLET,1,782,0,0,1295,0,1,1,ADVERSARIAL_LOW_AND_SLOW
CUST_59106,853.32,"Rowland, Mendez and Walters",GROCERY,IN,CREDIT_CARD,4,442,0,0,2033,1,0,1,ADVERSARIAL_LOW_AND_SLOW
CUST_51149,7417.29,Hernandez-Baldwin,OTHER,CN,DEBIT_CARD,2,246,0,1,2435,0,1,1,ADVERSARIAL_MULTI_SIGNAL
CUST_32606,6262.6,Brown-Robertson,FOOD,IN,WALLET,3,65,1,0,352,0,1,1,ADVERSARIAL_MULTI_SIGNAL
CUST_18801,2713.69,Davis LLC,EDUCATION,US,WALLET,7,767,0,0,1808,1,0,1,ADVERSARIAL_MULTI_SIGNAL
CUST_74677,5286.55,Anderson-Holmes,HEALTHCARE,NG,NET_BANKING,4,71,1,0,1795,0,1,1,ADVERSARIAL_MULTI_SIGNAL
CUST_28966,1742.1,"Lopez, Willis and Howard",OTHER,US,NET_BANKING,1,643,0,0,1245,0,1,1,ADVERSARIAL_LOW_AND_SLOW
CUST_91489,3575.12,Williams LLC,TRAVEL,IN,WALLET,4,693,1,0,1186,0,0,1,ADVERSARIAL_LOW_AND_SLOW
CUST_54445,1552.26,Moore-Tran,OTHER,GB,UPI,3,341,1,1,1249,0,0,1,ADVERSARIAL_MULTI_SIGNAL
CUST_12348,10145.87,"Mitchell, Wilkins and Rodgers",FOOD,IN,NET_BANKING,4,966,1,0,1698,0,1,1,ADVERSARIAL_MULTI_SIGNAL
CUST_60237,5358.24,"Rodriguez, Ross and King",OTHER,CN,NET_BANKING,5,424,0,0,981,0,0,1,ADVERSARIAL_LOW_AND_SLOW
CUST_36447,2294.38,Leonard and Sons,GROCERY,IN,WALLET,7,998,0,0,2054,0,0,1,ADVERSARIAL_LOW_AND_SLOW
CUST_97232,3586.3,"Beard, Hendricks and Jimenez",EDUCATION,US,WALLET,5,776,0,1,2442,0,0,1,ADVERSARIAL_MULTI_SIGNAL
CUST_45712,482.32,Monroe-Johnson,FOOD,IN,NET_BANKING,5,908,0,0,876,0,0,1,ADVERSARIAL_LOW_AND_SLOW
CUST_32007,7434.93,Maldonado LLC,TRAVEL,CN,NET_BANKING,2,391,0,1,2474,0,1,1,ADVERSARIAL_MULTI_SIGNAL
CUST_41958,926.4,"Ellis, Coleman and Day",EDUCATION,NG,DEBIT_CARD,2,51,1,0,942,1,0,1,ADVERSARIAL_MULTI_SIGNAL
CUST_99658,2751.83,"Robinson, Mann and Steele",ENTERTAINMENT,IN,NET_BANKING,1,682,0,0,360,1,1,1,ADVERSARIAL_MULTI_SIGNAL
CUST_66444,5297.46,Stevens-Bryant,FOOD,CN,CREDIT_CARD,1,482,1,0,1169,0,1,1,ADVERSARIAL_MULTI_SIGNAL
CUST_49369,3872.05,Smith-Copeland,ENTERTAINMENT,GB,NET_BANKING,6,736,0,1,2135,0,0,1,ADVERSARIAL_MULTI_SIGNAL
CUST_75223,15943.17,Holden Ltd,GROCERY,NG,DEBIT_CARD,2,686,1,0,1206,0,1,1,ADVERSARIAL_MULTI_SIGNAL
CUST_25575,4778.2,Parker-Sparks,OTHER,GB,WALLET,2,748,0,0,316,1,0,1,ADVERSARIAL_LOW_AND_SLOW
CUST_14703,5497.29,Grimes PLC,HEALTHCARE,GB,UPI,3,144,0,1,2448,1,0,1,ADVERSARIAL_MULTI_SIGNAL
CUST_25122,4355.01,"Silva, Calderon and Hale",OTHER,NG,UPI,1,140,0,1,482,1,0,1,ADVERSARIAL_MULTI_SIGNAL
CUST_13010,4948.68,"Stark, Parrish and Ortega",OTHER,US,WALLET,5,968,0,0,1962,1,0,1,ADVERSARIAL_MULTI_SIGNAL
CUST_92801,1880.89,"Smith, Jefferson and Ruiz",EDUCATION,US,UPI,2,177,0,0,915,1,0,1,ADVERSARIAL_LOW_AND_SLOW
CUST_90221,1552.04,"Rhodes, Murphy and Aguirre",TRAVEL,GB,WALLET,4,263,1,0,847,0,0,1,ADVERSARIAL_LOW_AND_SLOW
CUST_19604,2796.33,Parker-Lozano,HEALTHCARE,NG,UPI,1,370,0,0,1940,1,0,1,ADVERSARIAL_LOW_AND_SLOW
CUST_83783,546.38,Howard PLC,ENTERTAINMENT,IN,WALLET,1,731,1,0,1913,1,0,1,ADVERSARIAL_MULTI_SIGNAL
CUST_26109,3447.95,Taylor-Roth,ENTERTAINMENT,IN,NET_BANKING,3,877,0,1,1879,1,0,1,ADVERSARIAL_MULTI_SIGNAL
CUST_76666,494.51,"Cohen, White and Murphy",TRAVEL,CN,NET_BANKING,4,97,0,1,2096,1,0,1,ADVERSARIAL_MULTI_SIGNAL
CUST_85074,294.22,"Yoder, Griffin and Young",OTHER,CN,WALLET,2,84,1,0,2107,1,0,1,ADVERSARIAL_MULTI_SIGNAL
CUST_69689,3381.77,Kennedy-Hall,TRAVEL,NG,DEBIT_CARD,4,95,0,0,2057,1,0,1,ADVERSARIAL_LOW_AND_SLOW
CUST_22420,2959.36,Barnes Inc,FOOD,GB,WALLET,1,132,1,0,2134,1,0,1,ADVERSARIAL_MULTI_SIGNAL
CUST_91043,5281.21,Chase Ltd,ECOMMERCE,US,WALLET,5,179,1,0,2182,0,0,1,ADVERSARIAL_MULTI_SIGNAL
CUST_65313,4912.15,"Anderson, Martin and Davis",FOOD,GB,UPI,6,52,1,0,373,0,0,1,ADVERSARIAL_MULTI_SIGNAL
CUST_24517,726.72,Walker and Sons,EDUCATION,US,DEBIT_CARD,8,417,0,1,1441,0,0,1,ADVERSARIAL_MULTI_SIGNAL
CUST_89444,6692.7,Francis Group,GROCERY,NG,WALLET,3,147,0,0,151,0,1,1,ADVERSARIAL_LOW_AND_SLOW
CUST_74843,4942.66,"Stevens, Fitzpatrick and Peterson",ENTERTAINMENT,US,DEBIT_CARD,3,262,1,0,1895,0,1,1,ADVERSARIAL_MULTI_SIGNAL
CUST_46716,713.2,Johnson PLC,FOOD,NG,DEBIT_CARD,1,910,1,0,1216,0,0,1,ADVERSARIAL_LOW_AND_SLOW
CUST_29628,1353.74,"Cooper, Wiley and Silva",HEALTHCARE,CN,NET_BANKING,4,760,1,0,2249,1,0,1,ADVERSARIAL_MULTI_SIGNAL
CUST_23122,2725.57,"Lee, Porter and Sweeney",ECOMMERCE,CN,UPI,8,369,0,1,1306,0,0,1,ADVERSARIAL_MULTI_SIGNAL
CUST_89802,2817.21,"Chase, Callahan and Lyons",EDUCATION,NG,DEBIT_CARD,4,534,1,0,1326,1,0,1,ADVERSARIAL_MULTI_SIGNAL
CUST_47340,4745.04,Parrish-Hayes,ENTERTAINMENT,IN,WALLET,3,907,0,1,1910,0,0,1,ADVERSARIAL_LOW_AND_SLOW
CUST_88415,338.74,Mckenzie-Foley,TRAVEL,NG,UPI,3,970,0,0,164,1,0,1,ADVERSARIAL_LOW_AND_SLOW
CUST_28606,4738.85,Wells LLC,ENTERTAINMENT,US,WALLET,8,120,1,0,1406,0,0,1,ADVERSARIAL_MULTI_SIGNAL
CUST_78393,1927.19,Austin-Shea,GROCERY,IN,UPI,3,262,0,0,1930,0,1,1,ADVERSARIAL_LOW_AND_SLOW
CUST_69574,1513.08,Morris-Kennedy,OTHER,IN,DEBIT_CARD,1,471,0,0,1966,1,0,1,ADVERSARIAL_LOW_AND_SLOW
CUST_71179,7193.88,"Harris, Vang and Peterson",ECOMMERCE,US,DEBIT_CARD,4,132,0,1,1408,0,0,1,ADVERSARIAL_LOW_AND_SLOW
CUST_22611,1842.69,Friedman LLC,HEALTHCARE,US,NET_BANKING,4,137,0,1,1078,0,0,1,ADVERSARIAL_LOW_AND_SLOW
CUST_88576,776.85,"Collins, Taylor and Miller",OTHER,CN,CREDIT_CARD,3,856,0,0,258,0,1,1,ADVERSARIAL_LOW_AND_SLOW
CUST_68181,1892.07,"Brown, Gonzalez and Glenn",TRAVEL,IN,UPI,2,566,0,0,1300,1,1,1,ADVERSARIAL_MULTI_SIGNAL
CUST_63310,6108.44,Holden LLC,ENTERTAINMENT,GB,UPI,1,114,0,1,2315,0,1,1,ADVERSARIAL_MULTI_SIGNAL
CUST_57638,3055.08,Ortiz-Ross,HEALTHCARE,IN,NET_BANKING,4,145,1,1,1635,0,0,1,ADVERSARIAL_MULTI_SIGNAL
CUST_76083,2009.74,Grimes Group,OTHER,GB,UPI,4,453,0,0,2381,1,1,1,ADVERSARIAL_MULTI_SIGNAL
CUST_81600,1253.71,"Delgado, Green and Mccarthy",TRAVEL,GB,UPI,3,326,1,0,2055,1,0,1,ADVERSARIAL_MULTI_SIGNAL
CUST_70978,10361.15,Gonzalez-Harmon,GROCERY,US,CREDIT_CARD,2,556,0,0,1135,1,1,1,ADVERSARIAL_MULTI_SIGNAL
CUST_95322,8454.76,Kramer-Ritter,ENTERTAINMENT,CN,WALLET,2,854,0,0,540,0,1,1,ADVERSARIAL_LOW_AND_SLOW
CUST_35584,2327.39,Lewis Ltd,HEALTHCARE,CN,WALLET,1,890,0,1,2113,0,1,1,ADVERSARIAL_MULTI_SIGNAL
CUST_18905,1552.27,Barnes Inc,HEALTHCARE,IN,NET_BANKING,6,626,0,0,480,0,0,1,ADVERSARIAL_LOW_AND_SLOW
CUST_94537,3780.19,"Brown, Baker and Chen",ECOMMERCE,GB,WALLET,3,914,1,1,1118,0,0,1,ADVERSARIAL_MULTI_SIGNAL
CUST_18399,4253.9,"Fox, Flores and Williams",ECOMMERCE,CN,DEBIT_CARD,2,562,1,0,1754,0,1,1,ADVERSARIAL_MULTI_SIGNAL
CUST_64893,4002.51,"Jackson, Bonilla and Johnson",FOOD,NG,UPI,6,84,0,0,2192,0,0,1,ADVERSARIAL_LOW_AND_SLOW
CUST_96840,1390.45,"Hoffman, Rangel and Mitchell",HEALTHCARE,CN,CREDIT_CARD,6,458,0,0,2366,0,1,1,ADVERSARIAL_MULTI_SIGNAL
CUST_28583,2104.26,Obrien-Johnson,TRAVEL,NG,UPI,2,349,0,1,1853,1,0,1,ADVERSARIAL_MULTI_SIGNAL
CUST_85170,4093.61,Shepard LLC,OTHER,GB,UPI,4,73,0,0,1972,1,1,1,ADVERSARIAL_MULTI_SIGNAL
CUST_45409,613.21,"Mcdonald, Bowen and Fields",ENTERTAINMENT,IN,UPI,5,774,0,1,993,0,0,1,ADVERSARIAL_MULTI_SIGNAL
CUST_28198,1074.88,Silva LLC,ENTERTAINMENT,IN,NET_BANKING,3,461,1,0,1131,0,0,1,ADVERSARIAL_LOW_AND_SLOW
CUST_39070,3102.59,"Ross, Young and Villa",ENTERTAINMENT,US,UPI,7,538,0,1,2135,0,0,1,ADVERSARIAL_MULTI_SIGNAL
CUST_98532,1252.31,Torres-Flores,GROCERY,NG,UPI,7,159,0,0,470,0,0,1,ADVERSARIAL_LOW_AND_SLOW
CUST_85195,777.76,Rios-Lewis,GROCERY,NG,DEBIT_CARD,5,304,0,0,778,0,0,1,ADVERSARIAL_LOW_AND_SLOW
CUST_30953,1326.58,Thomas Group,OTHER,IN,CREDIT_CARD,1,457,1,0,1724,1,0,1,ADVERSARIAL_MULTI_SIGNAL
CUST_10656,3185.48,Pacheco-Ponce,TRAVEL,GB,NET_BANKING,8,439,0,0,324,1,0,1,ADVERSARIAL_MULTI_SIGNAL
CUST_63144,10124.95,Palmer LLC,FOOD,US,CREDIT_CARD,4,115,0,1,2289,0,1,1,ADVERSARIAL_MULTI_SIGNAL
CUST_42092,1937.2,Hatfield Inc,EDUCATION,NG,NET_BANKING,2,765,0,0,1976,1,0,1,ADVERSARIAL_LOW_AND_SLOW
CUST_48528,5060.87,Harrington-Vaughn,HEALTHCARE,NG,CREDIT_CARD,8,273,0,0,562,1,0,1,ADVERSARIAL_MULTI_SIGNAL
CUST_68760,2165.31,"Brown, Aguilar and Hall",HEALTHCARE,IN,DEBIT_CARD,2,598,1,1,1522,0,0,1,ADVERSARIAL_MULTI_SIGNAL
CUST_82714,2011.53,Brady-Hill,TRAVEL,US,WALLET,1,635,0,0,431,1,0,1,ADVERSARIAL_LOW_AND_SLOW
CUST_63903,866.32,Phillips Group,GROCERY,IN,UPI,8,711,0,0,75,0,0,1,ADVERSARIAL_LOW_AND_SLOW
CUST_90616,1548.72,Sanchez-Haney,ENTERTAINMENT,CN,NET_BANKING,8,79,0,0,1821,0,0,1,ADVERSARIAL_LOW_AND_SLOW
CUST_99479,4831.24,"Garcia, Byrd and Jones",FOOD,IN,UPI,7,403,0,1,749,0,0,1,ADVERSARIAL_MULTI_SIGNAL
CUST_96625,543.45,Carter Inc,HEALTHCARE,CN,CREDIT_CARD,1,931,1,0,48,1,0,1,ADVERSARIAL_MULTI_SIGNAL
CUST_86026,1318.86,Payne and Sons,OTHER,NG,UPI,5,195,0,0,130,0,0,1,ADVERSARIAL_LOW_AND_SLOW
CUST_58708,1769.12,"Miller, Simon and Lamb",ECOMMERCE,CN,CREDIT_CARD,3,472,1,0,834,0,0,1,ADVERSARIAL_LOW_AND_SLOW
CUST_11503,8036.58,"Morgan, Evans and Miller",ECOMMERCE,IN,WALLET,1,327,0,0,1450,0,1,1,ADVERSARIAL_LOW_AND_SLOW
CUST_87292,471.0,Brooks Ltd,ECOMMERCE,US,DEBIT_CARD,7,977,0,1,351,0,0,1,ADVERSARIAL_MULTI_SIGNAL
CUST_33241,1411.85,Miller Inc,OTHER,NG,NET_BANKING,2,854,1,0,625,0,0,1,ADVERSARIAL_LOW_AND_SLOW
CUST_33295,2125.95,Robinson Inc,OTHER,US,NET_BANKING,5,575,0,1,1031,0,0,1,ADVERSARIAL_MULTI_SIGNAL
CUST_73693,1794.12,Blair-Shepherd,FOOD,GB,DEBIT_CARD,8,986,1,0,516,0,0,1,ADVERSARIAL_MULTI_SIGNAL
CUST_10378,3155.23,Hebert Ltd,TRAVEL,US,WALLET,1,990,0,1,2397,0,1,1,ADVERSARIAL_MULTI_SIGNAL
CUST_98505,3433.77,Barnes-West,OTHER,NG,CREDIT_CARD,7,850,0,0,145,0,0,1,ADVERSARIAL_LOW_AND_SLOW
CUST_52067,2007.63,Rodriguez PLC,GROCERY,IN,DEBIT_CARD,7,495,0,0,517,1,0,1,ADVERSARIAL_MULTI_SIGNAL
CUST_54459,1347.65,"Dixon, Roberts and Garcia",ECOMMERCE,NG,NET_BANKING,4,760,1,0,287,0,0,1,ADVERSARIAL_LOW_AND_SLOW
CUST_61000,3093.02,"Hooper, Harris and Wilson",FOOD,NG,CREDIT_CARD,1,542,0,1,977,0,0,1,ADVERSARIAL_LOW_AND_SLOW
CUST_12851,2662.85,Rodriguez-Nielsen,OTHER,GB,DEBIT_CARD,2,289,0,1,940,0,0,1,ADVERSARIAL_LOW_AND_SLOW
CUST_95583,508.19,"Harrison, Wells and Arnold",ENTERTAINMENT,NG,NET_BANKING,3,814,0,1,1741,0,0,1,ADVERSARIAL_LOW_AND_SLOW
CUST_87178,4605.37,"Hill, Landry and Kaiser",EDUCATION,US,CREDIT_CARD,2,240,0,0,2349,1,0,1,ADVERSARIAL_LOW_AND_SLOW
CUST_84482,1966.07,"Long, Thompson and Kent",ECOMMERCE,GB,CREDIT_CARD,1,959,1,1,242,0,0,1,ADVERSARIAL_MULTI_SIGNAL
CUST_30993,1450.35,Collins Ltd,HEALTHCARE,NG,DEBIT_CARD,1,705,0,1,2277,1,0,1,ADVERSARIAL_MULTI_SIGNAL
CUST_23547,1917.74,Hensley-Flowers,ENTERTAINMENT,NG,CREDIT_CARD,1,120,0,1,1744,0,0,1,ADVERSARIAL_LOW_AND_SLOW
CUST_25309,2334.29,Herman Inc,GROCERY,IN,NET_BANKING,2,276,0,1,727,1,0,1,ADVERSARIAL_MULTI_SIGNAL
CUST_40003,6720.82,"Mcconnell, Parsons and Blackwell",GROCERY,CN,NET_BANKING,4,442,0,0,2374,0,1,1,ADVERSARIAL_LOW_AND_SLOW
CUST_62289,1777.86,Collins-Newman,GROCERY,GB,UPI,4,436,1,0,1920,0,0,1,ADVERSARIAL_LOW_AND_SLOW
CUST_36472,898.28,"Maxwell, Barker and Young",ENTERTAINMENT,IN,NET_BANKING,2,221,0,0,179,1,0,1,ADVERSARIAL_LOW_AND_SLOW
CUST_90626,763.68,Johnson-Harris,ENTERTAINMENT,NG,DEBIT_CARD,2,860,0,0,409,0,1,1,ADVERSARIAL_LOW_AND_SLOW
CUST_64117,1070.06,Miller PLC,GROCERY,US,WALLET,2,951,0,1,259,0,1,1,ADVERSARIAL_MULTI_SIGNAL
CUST_16763,2882.9,Franco-Stein,ENTERTAINMENT,NG,WALLET,4,131,0,0,1111,1,0,1,ADVERSARIAL_LOW_AND_SLOW
CUST_40251,263.34,Johnson-Alexander,ECOMMERCE,GB,WALLET,2,209,0,1,2325,1,0,1,ADVERSARIAL_MULTI_SIGNAL
CUST_71805,2379.73,Mora-Nguyen,EDUCATION,IN,WALLET,1,239,0,1,247,1,0,1,ADVERSARIAL_MULTI_SIGNAL
CUST_48328,3510.67,"Banks, Harper and Bray",FOOD,GB,CREDIT_CARD,2,822,1,0,705,0,0,1,ADVERSARIAL_LOW_AND_SLOW
CUST_49413,851.6,Mercer-Long,HEALTHCARE,GB,CREDIT_CARD,4,92,0,1,1594,1,0,1,ADVERSARIAL_MULTI_SIGNAL
CUST_64728,3550.05,"Bailey, Hooper and Abbott",FOOD,GB,DEBIT_CARD,2,492,0,0,2180,0,1,1,ADVERSARIAL_LOW_AND_SLOW
CUST_81554,4272.54,"Martinez, Coffey and Ray",OTHER,US,CREDIT_CARD,4,362,0,0,809,1,0,1,ADVERSARIAL_LOW_AND_SLOW
CUST_22927,1440.6,Wilson-Martinez,ECOMMERCE,NG,DEBIT_CARD,2,217,1,0,205,1,0,1,ADVERSARIAL_MULTI_SIGNAL
CUST_16494,1344.07,Martinez Group,EDUCATION,NG,CREDIT_CARD,2,571,0,0,1549,1,0,1,ADVERSARIAL_LOW_AND_SLOW
CUST_69380,7718.51,Williams-Ross,EDUCATION,US,CREDIT_CARD,2,691,0,0,685,0,1,1,ADVERSARIAL_LOW_AND_SLOW
CUST_37486,2863.98,Welch Group,ECOMMERCE,IN,DEBIT_CARD,2,784,1,1,477,0,0,1,ADVERSARIAL_MULTI_SIGNAL
CUST_87292,793.79,Brooks Ltd,ECOMMERCE,US,NET_BANKING,4,977,0,0,351,0,1,1,ADVERSARIAL_LOW_AND_SLOW
CUST_77386,3856.54,Chan Group,ENTERTAINMENT,US,WALLET,1,387,0,1,1561,0,0,1,ADVERSARIAL_LOW_AND_SLOW
CUST_58839,2638.82,"Huffman, Carey and Gutierrez",HEALTHCARE,CN,CREDIT_CARD,4,616,0,1,1905,0,0,1,ADVERSARIAL_LOW_AND_SLOW
CUST_40750,1906.31,Mcguire Group,OTHER,GB,NET_BANKING,2,108,0,1,229,0,1,1,ADVERSARIAL_MULTI_SIGNAL
CUST_44478,3099.3,Elliott-Olson,HEALTHCARE,IN,NET_BANKING,5,172,0,0,152,0,1,1,ADVERSARIAL_MULTI_SIGNAL
CUST_87292,1047.81,Brooks Ltd,TRAVEL,US,NET_BANKING,4,977,0,0,351,1,1,1,ADVERSARIAL_MULTI_SIGNAL
CUST_46933,4425.38,Ward-Greene,ECOMMERCE,IN,WALLET,4,383,1,0,305,0,0,1,ADVERSARIAL_LOW_AND_SLOW
CUST_91721,2939.57,Ford-Young,TRAVEL,GB,CREDIT_CARD,5,700,1,0,2136,0,0,1,ADVERSARIAL_MULTI_SIGNAL
CUST_37953,2031.1,Parker LLC,EDUCATION,US,WALLET,2,809,0,1,2427,0,0,1,ADVERSARIAL_LOW_AND_SLOW
CUST_65112,4204.62,"Blake, Davis and Kennedy",HEALTHCARE,IN,NET_BANKING,4,835,0,0,1617,1,0,1,ADVERSARIAL_LOW_AND_SLOW
CUST_84973,242.23,"Patel, Mckinney and Williams",GROCERY,GB,DEBIT_CARD,7,925,1,0,384,0,0,1,ADVERSARIAL_MULTI_SIGNAL
CUST_11955,2816.58,"Jones, Thomas and Nelson",ENTERTAINMENT,IN,NET_BANKING,6,762,0,0,2010,0,0,1,ADVERSARIAL_LOW_AND_SLOW
CUST_47994,577.7,"Hodge, Cooper and Skinner",GROCERY,US,CREDIT_CARD,3,630,0,0,1682,1,0,1,ADVERSARIAL_LOW_AND_SLOW
CUST_90136,1194.7,"Martin, Miller and Gonzales",OTHER,CN,DEBIT_CARD,2,972,0,0,2110,1,0,1,ADVERSARIAL_LOW_AND_SLOW
CUST_24140,1542.12,Gibson LLC,HEALTHCARE,CN,CREDIT_CARD,4,131,1,0,2215,1,0,1,ADVERSARIAL_MULTI_SIGNAL
CUST_58650,315.72,"Franklin, White and Stone",OTHER,NG,WALLET,5,710,0,1,1189,0,0,1,ADVERSARIAL_MULTI_SIGNAL
CUST_40198,2519.64,"Evans, Harrison and Hayden",OTHER,US,UPI,3,781,0,0,1786,1,0,1,ADVERSARIAL_LOW_AND_SLOW
CUST_72741,2499.95,"Martinez, Smith and Mendez",TRAVEL,CN,NET_BANKING,5,44,0,0,1512,0,0,1,ADVERSARIAL_LOW_AND_SLOW
CUST_18905,1552.27,Barnes Inc,TRAVEL,IN,CREDIT_CARD,2,626,0,1,480,1,0,1,ADVERSARIAL_MULTI_SIGNAL
CUST_49883,1151.4,"Chavez, Becker and Wright",GROCERY,GB,WALLET,2,977,0,0,337,1,0,1,ADVERSARIAL_LOW_AND_SLOW
CUST_60328,4234.18,Snyder-Nguyen,ECOMMERCE,CN,UPI,1,827,0,1,2054,0,0,1,ADVERSARIAL_LOW_AND_SLOW
CUST_87467,4810.93,Miller-Miller,ECOMMERCE,GB,WALLET,1,734,0,0,1082,1,0,1,ADVERSARIAL_LOW_AND_SLOW
CUST_13010,4948.68,"Stark, Parrish and Ortega",OTHER,US,WALLET,1,968,0,0,1962,1,0,1,ADVERSARIAL_LOW_AND_SLOW
CUST_85832,3360.5,Young Inc,EDUCATION,US,NET_BANKING,3,546,0,0,741,1,0,1,ADVERSARIAL_LOW_AND_SLOW
CUST_23031,2698.12,Smith Ltd,TRAVEL,CN,NET_BANKING,4,140,0,1,1580,1,0,1,ADVERSARIAL_MULTI_SIGNAL
CUST_94239,373.89,"Cooper, Peterson and Salazar",FOOD,GB,WALLET,1,354,1,0,50,0,0,1,ADVERSARIAL_LOW_AND_SLOW
CUST_28260,1390.86,Erickson-Lewis,GROCERY,CN,CREDIT_CARD,3,373,0,1,1766,1,0,1,ADVERSARIAL_MULTI_SIGNAL
CUST_62814,1830.29,Hernandez PLC,OTHER,CN,CREDIT_CARD,7,371,0,0,54,0,1,1,ADVERSARIAL_MULTI_SIGNAL
CUST_40675,1687.11,Parrish Group,HEALTHCARE,IN,WALLET,4,94,1,1,1601,0,0,1,ADVERSARIAL_MULTI_SIGNAL
CUST_56221,986.52,Jimenez-Cannon,TRAVEL,NG,CREDIT_CARD,1,811,1,1,99,0,0,1,ADVERSARIAL_MULTI_SIGNAL
CUST_27610,5950.28,"Larson, Ford and Simmons",OTHER,US,DEBIT_CARD,3,175,1,0,2460,0,1,1,ADVERSARIAL_MULTI_SIGNAL
CUST_41148,860.45,Sullivan Inc,ENTERTAINMENT,GB,WALLET,7,546,0,0,798,0,1,1,ADVERSARIAL_MULTI_SIGNAL
CUST_96551,9922.72,Patterson Ltd,FOOD,CN,CREDIT_CARD,1,665,0,1,373,0,1,1,ADVERSARIAL_MULTI_SIGNAL
CUST_16565,3272.44,Rojas LLC,GROCERY,IN,WALLET,2,729,0,1,1461,1,0,1,ADVERSARIAL_MULTI_SIGNAL
CUST_85251,618.2,Cook PLC,ENTERTAINMENT,CN,DEBIT_CARD,3,452,0,0,1952,1,0,1,ADVERSARIAL_LOW_AND_SLOW
CUST_63438,1009.43,Dillon and Sons,OTHER,US,NET_BANKING,2,183,0,0,1001,0,1,1,ADVERSARIAL_LOW_AND_SLOW
CUST_16896,2430.56,Glass Inc,EDUCATION,GB,DEBIT_CARD,3,692,0,0,2408,0,1,1,ADVERSARIAL_LOW_AND_SLOW
CUST_83426,4089.5,"Warren, Lopez and Parks",GROCERY,US,CREDIT_CARD,1,275,0,1,2063,0,0,1,ADVERSARIAL_LOW_AND_SLOW
CUST_22568,671.84,Green-Warren,GROCERY,NG,DEBIT_CARD,3,321,1,1,1763,0,0,1,ADVERSARIAL_MULTI_SIGNAL
CUST_20435,3575.62,"Kelley, Palmer and Valdez",ENTERTAINMENT,GB,WALLET,5,889,0,0,1843,1,0,1,ADVERSARIAL_MULTI_SIGNAL
CUST_99922,10154.99,"Johnson, Costa and Anderson",GROCERY,NG,DEBIT_CARD,1,758,0,0,1276,0,1,1,ADVERSARIAL_LOW_AND_SLOW
CUST_12014,9139.27,Gonzalez Ltd,ENTERTAINMENT,IN,NET_BANKING,3,261,0,1,311,0,1,1,ADVERSARIAL_MULTI_SIGNAL
CUST_47242,3702.61,Smith Ltd,FOOD,GB,DEBIT_CARD,3,799,0,1,2389,0,0,1,ADVERSARIAL_LOW_AND_SLOW
CUST_98106,5701.3,"White, Drake and Walker",OTHER,GB,DEBIT_CARD,3,231,0,0,2233,1,1,1,ADVERSARIAL_MULTI_SIGNAL
CUST_52111,8051.46,Harris LLC,GROCERY,NG,CREDIT_CARD,1,298,0,0,2446,0,1,1,ADVERSARIAL_LOW_AND_SLOW
CUST_88843,3672.36,Davis-Crosby,GROCERY,US,NET_BANKING,6,998,0,0,764,0,0,1,ADVERSARIAL_LOW_AND_SLOW
CUST_26112,5450.33,"Romero, Villanueva and Russo",OTHER,IN,UPI,1,461,1,0,2345,0,0,1,ADVERSARIAL_LOW_AND_SLOW
CUST_77541,3283.41,"Newman, Petersen and Hogan",EDUCATION,IN,CREDIT_CARD,5,241,0,0,355,1,0,1,ADVERSARIAL_MULTI_SIGNAL
CUST_38799,2057.74,Salas Ltd,TRAVEL,US,UPI,6,401,0,0,1594,1,0,1,ADVERSARIAL_MULTI_SIGNAL
CUST_67213,1675.72,"Johnston, Schmidt and Marsh",GROCERY,US,WALLET,1,872,1,0,986,0,0,1,ADVERSARIAL_LOW_AND_SLOW
CUST_63493,1370.65,Davis LLC,HEALTHCARE,CN,NET_BANKING,7,333,0,0,1566,0,0,1,ADVERSARIAL_LOW_AND_SLOW
CUST_61213,3719.73,"Martinez, Mccall and Ibarra",EDUCATION,CN,CREDIT_CARD,8,334,0,0,599,0,0,1,ADVERSARIAL_LOW_AND_SLOW
CUST_47060,4767.81,Jackson-Guerrero,FOOD,CN,CREDIT_CARD,3,832,0,0,767,1,1,1,ADVERSARIAL_MULTI_SIGNAL
CUST_65823,2961.5,Wallace-Rice,ECOMMERCE,NG,CREDIT_CARD,7,557,0,0,1135,0,0,1,ADVERSARIAL_LOW_AND_SLOW
CUST_21923,2043.45,"Davis, Burke and Hernandez",EDUCATION,IN,UPI,2,498,0,1,1546,0,0,1,ADVERSARIAL_LOW_AND_SLOW
CUST_69012,10113.59,Ramirez Group,OTHER,CN,NET_BANKING,6,476,0,0,266,0,1,1,ADVERSARIAL_MULTI_SIGNAL
CUST_96220,4081.83,Zavala and Sons,FOOD,GB,NET_BANKING,1,30,0,1,899,0,0,1,ADVERSARIAL_LOW_AND_SLOW
CUST_55758,8137.91,Howard-Pearson,TRAVEL,CN,DEBIT_CARD,8,865,0,0,1617,0,1,1,ADVERSARIAL_MULTI_SIGNAL
CUST_17272,3958.25,Moore-Howard,FOOD,NG,UPI,5,750,0,0,833,0,0,1,ADVERSARIAL_LOW_AND_SLOW
CUST_48291,3006.72,Stevenson LLC,OTHER,US,WALLET,4,324,0,0,1098,1,0,1,ADVERSARIAL_LOW_AND_SLOW
CUST_29368,709.24,"Reed, Walker and Kane",ENTERTAINMENT,CN,CREDIT_CARD,1,119,1,0,2367,0,0,1,ADVERSARIAL_LOW_AND_SLOW
CUST_13010,4898.28,"King, Green and Duncan",TRAVEL,NG,CREDIT_CARD,7,80,0,0,2317,1,0,1,ADVERSARIAL_MULTI_SIGNAL
CUST_90730,712.24,"Weiss, Bell and Brown",EDUCATION,IN,UPI,4,988,0,1,2463,0,0,1,ADVERSARIAL_LOW_AND_SLOW
CUST_22993,3357.47,Potts-Kramer,EDUCATION,IN,DEBIT_CARD,4,540,1,0,380,0,1,1,ADVERSARIAL_MULTI_SIGNAL
CUST_35793,3133.68,Williamson-Stevenson,TRAVEL,US,DEBIT_CARD,8,307,0,0,210,0,0,1,ADVERSARIAL_LOW_AND_SLOW
CUST_75409,5227.57,"Sanchez, Cook and Villarreal",GROCERY,NG,UPI,5,463,0,0,1406,0,1,1,ADVERSARIAL_MULTI_SIGNAL
CUST_65282,1376.89,"Cox, Gardner and Nunez",TRAVEL,IN,UPI,7,982,0,0,2031,0,0,1,ADVERSARIAL_LOW_AND_SLOW
CUST_60529,2339.41,"Knight, Willis and Stewart",FOOD,US,UPI,3,343,1,0,1832,0,0,1,ADVERSARIAL_LOW_AND_SLOW
CUST_19564,3567.48,"Fitzgerald, Winters and Hodges",HEALTHCARE,IN,UPI,3,334,1,1,1456,0,0,1,ADVERSARIAL_MULTI_SIGNAL
CUST_52932,4072.42,"Jackson, Berry and Whitehead",GROCERY,IN,DEBIT_CARD,3,726,1,0,1729,0,0,1,ADVERSARIAL_LOW_AND_SLOW
CUST_50906,3164.3,"Anderson, Vargas and Williams",EDUCATION,GB,WALLET,5,335,1,0,558,0,0,1,ADVERSARIAL_MULTI_SIGNAL
CUST_23317,1896.43,"George, Lawrence and Velez",EDUCATION,IN,CREDIT_CARD,1,119,0,1,740,1,0,1,ADVERSARIAL_MULTI_SIGNAL
CUST_34126,120.08,"Sherman, Camacho and Mckay",ENTERTAINMENT,IN,CREDIT_CARD,2,475,0,0,165,1,1,1,ADVERSARIAL_MULTI_SIGNAL
CUST_63961,2265.17,Medina Inc,ECOMMERCE,US,WALLET,1,777,1,0,2167,0,0,1,ADVERSARIAL_LOW_AND_SLOW
CUST_46188,335.48,Barrett Ltd,HEALTHCARE,IN,DEBIT_CARD,8,734,0,0,2424,1,0,1,ADVERSARIAL_MULTI_SIGNAL
CUST_58764,900.93,Howard-Fisher,GROCERY,CN,WALLET,4,334,1,0,2162,1,0,1,ADVERSARIAL_MULTI_SIGNAL
CUST_60017,1606.18,Moss and Sons,FOOD,NG,WALLET,3,269,0,0,1802,1,1,1,ADVERSARIAL_MULTI_SIGNAL
CUST_85958,1795.38,"Carter, Graves and Lang",GROCERY,US,NET_BANKING,7,617,0,0,105,1,0,1,ADVERSARIAL_MULTI_SIGNAL
CUST_61903,4455.35,Schmitt Ltd,FOOD,NG,DEBIT_CARD,3,262,0,0,664,0,1,1,ADVERSARIAL_LOW_AND_SLOW
CUST_51404,2695.47,"Moore, Paul and Rivera",ENTERTAINMENT,IN,WALLET,5,702,0,0,170,0,0,1,ADVERSARIAL_LOW_AND_SLOW
CUST_39136,923.01,Garcia Inc,TRAVEL,IN,UPI,6,660,0,0,2335,1,0,1,ADVERSARIAL_MULTI_SIGNAL
CUST_65818,2450.23,Maynard-Anderson,ENTERTAINMENT,US,WALLET,1,52,0,0,684,0,1,1,ADVERSARIAL_LOW_AND_SLOW
CUST_39536,322.92,Wilson Group,GROCERY,IN,NET_BANKING,4,58,1,0,1105,0,0,1,ADVERSARIAL_LOW_AND_SLOW
CUST_91065,516.53,Ramos Group,GROCERY,IN,NET_BANKING,2,638,0,1,396,1,0,1,ADVERSARIAL_MULTI_SIGNAL
CUST_82356,182.62,Villegas PLC,ENTERTAINMENT,NG,WALLET,7,354,0,0,308,0,0,1,ADVERSARIAL_LOW_AND_SLOW
CUST_48766,2053.31,Gutierrez-Lee,GROCERY,NG,DEBIT_CARD,1,214,0,0,1647,0,1,1,ADVERSARIAL_LOW_AND_SLOW
CUST_90136,1194.7,"Martin, Miller and Gonzales",FOOD,NG,DEBIT_CARD,2,972,1,0,2110,1,0,1,ADVERSARIAL_MULTI_SIGNAL
CUST_98558,6639.05,Fritz Ltd,HEALTHCARE,US,DEBIT_CARD,4,258,0,1,1587,0,1,1,ADVERSARIAL_MULTI_SIGNAL
CUST_54346,1078.68,Johnson-Evans,EDUCATION,CN,DEBIT_CARD,6,668,0,0,772,1,0,1,ADVERSARIAL_MULTI_SIGNAL
CUST_86438,1693.78,"Vazquez, Cantu and Curry",GROCERY,NG,WALLET,4,236,0,0,917,1,0,1,ADVERSARIAL_LOW_AND_SLOW
CUST_10662,6847.64,"Jackson, Wang and White",GROCERY,US,NET_BANKING,4,643,0,0,1697,0,1,1,ADVERSARIAL_LOW_AND_SLOW
CUST_34935,1986.29,Velez-Martinez,GROCERY,IN,NET_BANKING,2,526,1,1,674,0,0,1,ADVERSARIAL_MULTI_SIGNAL
CUST_88117,6388.35,Peters-Williams,GROCERY,IN,DEBIT_CARD,2,633,0,1,180,0,1,1,ADVERSARIAL_MULTI_SIGNAL
CUST_92458,4409.81,Stevens-Gill,TRAVEL,GB,UPI,1,736,0,1,1791,1,0,1,ADVERSARIAL_MULTI_SIGNAL
CUST_82843,3581.11,Salas LLC,ENTERTAINMENT,GB,WALLET,3,863,0,1,412,0,1,1,ADVERSARIAL_MULTI_SIGNAL
CUST_10593,1565.54,Snyder Ltd,HEALTHCARE,NG,DEBIT_CARD,4,247,0,1,184,0,1,1,ADVERSARIAL_MULTI_SIGNAL
CUST_10494,3768.8,Davis Inc,OTHER,GB,WALLET,4,447,1,0,2474,0,0,1,ADVERSARIAL_LOW_AND_SLOW
CUST_25360,1631.55,Hughes PLC,HEALTHCARE,IN,NET_BANKING,1,718,1,0,524,0,0,1,ADVERSARIAL_LOW_AND_SLOW
CUST_19180,5068.22,Baker-Ross,ENTERTAINMENT,CN,UPI,4,321,0,1,2313,0,0,1,ADVERSARIAL_LOW_AND_SLOW
CUST_84605,3947.39,Johnson-Lewis,TRAVEL,NG,DEBIT_CARD,2,632,1,0,2419,0,0,1,ADVERSARIAL_LOW_AND_SLOW
CUST_49223,1576.26,Davis Ltd,ENTERTAINMENT,CN,DEBIT_CARD,2,480,0,0,591,1,1,1,ADVERSARIAL_MULTI_SIGNAL
CUST_38437,5630.56,Thomas LLC,FOOD,NG,WALLET,4,413,0,0,812,1,1,1,ADVERSARIAL_MULTI_SIGNAL
CUST_48500,4043.46,Graham and Sons,GROCERY,IN,CREDIT_CARD,1,575,0,1,2318,0,0,1,ADVERSARIAL_LOW_AND_SLOW
CUST_95029,2785.58,Martin and Sons,ENTERTAINMENT,GB,DEBIT_CARD,1,852,0,1,1501,0,0,1,ADVERSARIAL_LOW_AND_SLOW
CUST_51079,4866.64,"Smith, Daniel and Carpenter",EDUCATION,NG,CREDIT_CARD,6,209,0,1,1378,0,0,1,ADVERSARIAL_MULTI_SIGNAL
CUST_43092,578.52,"Blair, Hernandez and Sanchez",EDUCATION,IN,UPI,6,408,0,0,1864,0,1,1,ADVERSARIAL_MULTI_SIGNAL
CUST_33982,3291.94,"Thomas, Pennington and Morgan",OTHER,US,UPI,3,553,0,0,814,1,0,1,ADVERSARIAL_LOW_AND_SLOW
CUST_69581,7096.45,Morris-Rodriguez,HEALTHCARE,NG,NET_BANKING,2,481,0,1,1175,0,0,1,ADVERSARIAL_LOW_AND_SLOW
CUST_15769,1757.56,Moore PLC,FOOD,NG,NET_BANKING,1,41,0,0,559,0,1,1,ADVERSARIAL_LOW_AND_SLOW
CUST_91958,3634.49,Duncan PLC,TRAVEL,GB,DEBIT_CARD,1,300,1,0,1929,1,0,1,ADVERSARIAL_MULTI_SIGNAL
CUST_48442,4141.15,"Anderson, Fry and Wilkerson",HEALTHCARE,US,NET_BANKING,4,924,0,1,1362,1,0,1,ADVERSARIAL_MULTI_SIGNAL
CUST_81210,3252.45,"Simmons, Yates and Gutierrez",ECOMMERCE,CN,NET_BANKING,5,584,0,1,1807,0,0,1,ADVERSARIAL_MULTI_SIGNAL
CUST_31094,3389.75,Boone and Sons,GROCERY,GB,CREDIT_CARD,1,397,0,0,1203,1,0,1,ADVERSARIAL_LOW_AND_SLOW
CUST_11273,11957.28,"Harris, Blair and Miller",FOOD,NG,CREDIT_CARD,2,123,0,0,43,0,1,1,ADVERSARIAL_LOW_AND_SLOW
CUST_29597,4569.98,Dunn-Lewis,EDUCATION,NG,DEBIT_CARD,1,78,0,1,2277,0,0,1,ADVERSARIAL_LOW_AND_SLOW
CUST_47568,11887.69,Murphy-Morris,HEALTHCARE,GB,WALLET,4,800,0,1,1769,0,1,1,ADVERSARIAL_MULTI_SIGNAL
CUST_28475,2028.28,"Moran, Baker and Turner",OTHER,NG,WALLET,3,570,1,0,501,0,0,1,ADVERSARIAL_LOW_AND_SLOW
CUST_56692,3172.52,Johnson Group,EDUCATION,NG,DEBIT_CARD,7,32,0,0,2195,0,1,1,ADVERSARIAL_MULTI_SIGNAL
CUST_72950,2117.97,Ryan-Salazar,OTHER,GB,DEBIT_CARD,7,133,0,0,1650,0,0,1,ADVERSARIAL_LOW_AND_SLOW
CUST_95039,1241.47,Smith and Sons,GROCERY,US,UPI,2,207,1,0,630,0,0,1,ADVERSARIAL_LOW_AND_SLOW
CUST_59448,3029.64,Peterson-Wagner,ECOMMERCE,IN,CREDIT_CARD,4,804,0,1,303,1,0,1,ADVERSARIAL_MULTI_SIGNAL
CUST_57145,1282.78,Howard Ltd,GROCERY,US,NET_BANKING,3,82,0,1,2336,0,0,1,ADVERSARIAL_LOW_AND_SLOW
CUST_55475,760.08,Johnson-Scott,GROCERY,GB,DEBIT_CARD,8,389,0,0,2306,1,0,1,ADVERSARIAL_MULTI_SIGNAL
CUST_78922,1105.13,"Martin, Aguilar and Osborn",ECOMMERCE,CN,CREDIT_CARD,8,324,0,0,1812,1,0,1,ADVERSARIAL_MULTI_SIGNAL
CUST_92801,1880.89,"Smith, Jefferson and Ruiz",ENTERTAINMENT,US,UPI,5,177,0,0,915,0,0,1,ADVERSARIAL_LOW_AND_SLOW
CUST_51220,328.42,"Hayden, Cooper and Phillips",ENTERTAINMENT,IN,DEBIT_CARD,3,66,1,0,940,1,0,1,ADVERSARIAL_MULTI_SIGNAL
CUST_46337,9319.46,"James, Moody and Roth",ENTERTAINMENT,NG,NET_BANKING,5,831,0,0,118,0,1,1,ADVERSARIAL_MULTI_SIGNAL
CUST_12599,1244.87,"Barrett, Fry and Cruz",HEALTHCARE,IN,WALLET,5,829,0,0,1716,0,0,1,ADVERSARIAL_LOW_AND_SLOW
CUST_46631,2146.41,Adams-Munoz,ENTERTAINMENT,CN,UPI,8,987,0,0,1192,0,1,1,ADVERSARIAL_MULTI_SIGNAL
CUST_28460,7569.36,Powell-Sutton,EDUCATION,CN,UPI,3,911,0,0,702,1,1,1,ADVERSARIAL_MULTI_SIGNAL
CUST_27872,4294.14,Duarte-Fisher,GROCERY,GB,WALLET,2,853,0,0,967,1,0,1,ADVERSARIAL_LOW_AND_SLOW
CUST_80243,943.99,Santos Ltd,FOOD,IN,WALLET,1,990,1,1,1997,0,0,1,ADVERSARIAL_MULTI_SIGNAL
CUST_31142,10396.41,Butler-Thomas,ECOMMERCE,US,WALLET,4,142,1,0,600,0,1,1,ADVERSARIAL_MULTI_SIGNAL
CUST_83988,2940.2,Ruiz and Sons,TRAVEL,NG,UPI,8,802,0,0,1721,0,1,1,ADVERSARIAL_MULTI_SIGNAL
CUST_54499,11110.4,Mueller-Smith,FOOD,IN,CREDIT_CARD,4,910,1,0,1960,0,1,1,ADVERSARIAL_MULTI_SIGNAL
CUST_65226,2516.8,Owens Group,FOOD,CN,WALLET,3,645,0,1,1462,0,1,1,ADVERSARIAL_MULTI_SIGNAL
CUST_11756,2365.63,"Thomas, Martinez and Smith",HEALTHCARE,CN,CREDIT_CARD,3,256,1,0,221,0,0,1,ADVERSARIAL_LOW_AND_SLOW
CUST_30808,6781.25,Freeman-Young,TRAVEL,GB,WALLET,5,82,0,0,1576,0,1,1,ADVERSARIAL_MULTI_SIGNAL
CUST_28904,6314.17,Reyes-Holland,ECOMMERCE,NG,CREDIT_CARD,3,631,0,0,2240,1,0,1,ADVERSARIAL_LOW_AND_SLOW
CUST_76228,891.15,Evans Ltd,GROCERY,CN,WALLET,1,458,1,1,583,0,0,1,ADVERSARIAL_MULTI_SIGNAL
CUST_52885,2213.67,Chan-Tate,HEALTHCARE,US,DEBIT_CARD,5,549,0,0,1987,0,0,1,ADVERSARIAL_LOW_AND_SLOW
CUST_49335,4040.83,Le-Garcia,OTHER,US,UPI,1,393,0,1,1642,1,0,1,ADVERSARIAL_MULTI_SIGNAL
CUST_87176,976.23,Simmons Ltd,OTHER,IN,WALLET,3,557,0,1,1077,0,0,1,ADVERSARIAL_LOW_AND_SLOW
CUST_75525,3862.81,"Carpenter, Huang and Hebert",ENTERTAINMENT,CN,UPI,7,965,0,0,1569,0,0,1,ADVERSARIAL_LOW_AND_SLOW
CUST_89578,1930.55,Henderson-Gallagher,TRAVEL,CN,DEBIT_CARD,4,157,1,0,2069,0,0,1,ADVERSARIAL_LOW_AND_SLOW
CUST_78148,3492.49,Schmidt-Hurst,ENTERTAINMENT,GB,NET_BANKING,6,535,1,0,2316,0,0,1,ADVERSARIAL_MULTI_SIGNAL
CUST_66820,3189.85,Carr-Kemp,ECOMMERCE,NG,WALLET,5,79,0,1,833,0,0,1,ADVERSARIAL_MULTI_SIGNAL
CUST_63903,866.32,Phillips Group,GROCERY,IN,DEBIT_CARD,5,711,0,1,75,0,0,1,ADVERSARIAL_MULTI_SIGNAL
CUST_45981,965.7,York-Greene,GROCERY,NG,NET_BANKING,3,861,0,0,1548,1,0,1,ADVERSARIAL_LOW_AND_SLOW
CUST_26973,3759.35,"Lee, Crawford and Johnson",FOOD,NG,CREDIT_CARD,4,236,1,0,1041,1,0,1,ADVERSARIAL_MULTI_SIGNAL
CUST_74580,7812.32,"Johnson, Little and Nelson",FOOD,GB,CREDIT_CARD,4,701,0,1,1123,0,1,1,ADVERSARIAL_MULTI_SIGNAL
CUST_37106,1289.06,Davidson Group,EDUCATION,IN,WALLET,1,547,1,1,2084,0,0,1,ADVERSARIAL_MULTI_SIGNAL
CUST_18200,3326.21,Gillespie and Sons,HEALTHCARE,IN,UPI,3,716,0,0,2394,1,1,1,ADVERSARIAL_MULTI_SIGNAL
CUST_23787,828.99,Fowler-Nicholson,ECOMMERCE,IN,NET_BANKING,5,545,0,0,679,0,0,1,ADVERSARIAL_LOW_AND_SLOW
CUST_13226,14241.21,"Torres, Wheeler and Medina",ECOMMERCE,IN,DEBIT_CARD,2,713,0,0,2404,0,1,1,ADVERSARIAL_LOW_AND_SLOW
CUST_64621,457.65,Harris Group,ENTERTAINMENT,US,CREDIT_CARD,3,448,0,1,170,0,0,1,ADVERSARIAL_LOW_AND_SLOW
CUST_30529,2955.7,"Barrera, Ward and Ruiz",ENTERTAINMENT,CN,NET_BANKING,2,664,0,1,744,0,0,1,ADVERSARIAL_LOW_AND_SLOW
CUST_62630,836.48,"Parker, Gonzalez and Dean",FOOD,NG,NET_BANKING,1,250,0,0,1075,0,1,1,ADVERSARIAL_LOW_AND_SLOW
CUST_45160,2619.77,Rowe-Cameron,EDUCATION,NG,UPI,4,155,1,1,1521,0,0,1,ADVERSARIAL_MULTI_SIGNAL
CUST_26003,3325.33,"Ramirez, Williams and Haynes",HEALTHCARE,NG,DEBIT_CARD,1,369,0,1,622,0,1,1,ADVERSARIAL_MULTI_SIGNAL
CUST_72483,5499.46,Austin-Moore,FOOD,CN,CREDIT_CARD,3,905,0,1,47,0,1,1,ADVERSARIAL_MULTI_SIGNAL
CUST_54146,412.05,"Taylor, Davis and Butler",EDUCATION,CN,WALLET,1,900,0,1,314,0,0,1,ADVERSARIAL_LOW_AND_SLOW
CUST_56363,2132.03,"Wilson, Phillips and Martin",FOOD,CN,DEBIT_CARD,1,741,1,1,2162,0,0,1,ADVERSARIAL_MULTI_SIGNAL
CUST_73102,2240.51,Mercado PLC,FOOD,US,CREDIT_CARD,2,920,0,1,1355,1,0,1,ADVERSARIAL_MULTI_SIGNAL
CUST_95990,1931.17,Preston LLC,FOOD,NG,UPI,3,862,1,0,1635,0,0,1,ADVERSARIAL_LOW_AND_SLOW
CUST_13480,3509.35,Smith-Flowers,FOOD,IN,WALLET,4,573,1,0,1505,0,0,1,ADVERSARIAL_LOW_AND_SLOW
CUST_27372,4470.21,"Doyle, Hall and Carney",TRAVEL,GB,CREDIT_CARD,5,704,0,0,1180,1,0,1,ADVERSARIAL_MULTI_SIGNAL
CUST_34423,1216.01,"Hale, Leonard and Lewis",TRAVEL,GB,NET_BANKING,5,592,0,0,699,0,0,1,ADVERSARIAL_LOW_AND_SLOW
CUST_91999,7659.84,Reed-Hubbard,EDUCATION,GB,CREDIT_CARD,4,109,1,0,1281,0,1,1,ADVERSARIAL_MULTI_SIGNAL
CUST_20957,5677.49,"Brown, Evans and Smith",ECOMMERCE,IN,DEBIT_CARD,8,347,0,0,1299,0,1,1,ADVERSARIAL_MULTI_SIGNAL
CUST_39333,3891.71,Carpenter LLC,HEALTHCARE,NG,CREDIT_CARD,2,964,0,0,1326,0,1,1,ADVERSARIAL_LOW_AND_SLOW
CUST_88836,2114.91,Leonard Ltd,GROCERY,IN,WALLET,5,367,0,0,1052,0,1,1,ADVERSARIAL_MULTI_SIGNAL
CUST_96199,3731.98,"Howe, Snyder and Williams",ENTERTAINMENT,US,NET_BANKING,7,308,0,0,445,0,0,1,ADVERSARIAL_LOW_AND_SLOW
CUST_79116,297.29,Santiago Group,FOOD,US,UPI,5,734,0,1,1885,0,0,1,ADVERSARIAL_MULTI_SIGNAL
CUST_87462,4540.84,Berry LLC,ENTERTAINMENT,US,CREDIT_CARD,3,197,0,0,931,1,0,1,ADVERSARIAL_LOW_AND_SLOW
CUST_97792,2406.62,"Lewis, Hogan and Butler",EDUCATION,GB,WALLET,8,162,0,0,2414,1,0,1,ADVERSARIAL_MULTI_SIGNAL
CUST_81549,6896.45,Anderson Inc,ENTERTAINMENT,IN,WALLET,8,291,0,0,1831,0,1,1,ADVERSARIAL_MULTI_SIGNAL
CUST_36050,1423.04,"Leblanc, Hanson and Pittman",FOOD,US,CREDIT_CARD,4,920,0,1,1364,0,1,1,ADVERSARIAL_MULTI_SIGNAL
CUST_73015,4617.5,Mullins-Green,TRAVEL,IN,NET_BANKING,2,646,0,1,2229,0,1,1,ADVERSARIAL_MULTI_SIGNAL
CUST_82170,3767.78,Carpenter Ltd,EDUCATION,NG,NET_BANKING,2,45,0,1,1596,0,1,1,ADVERSARIAL_MULTI_SIGNAL
CUST_73088,2327.19,Ellis-Christian,ECOMMERCE,IN,CREDIT_CARD,1,184,1,1,1953,0,0,1,ADVERSARIAL_MULTI_SIGNAL
CUST_24369,4705.89,Shea Inc,ENTERTAINMENT,GB,CREDIT_CARD,8,141,0,0,2045,0,0,1,ADVERSARIAL_LOW_AND_SLOW
CUST_41746,1922.65,Atkinson PLC,EDUCATION,IN,UPI,2,864,1,0,1819,0,0,1,ADVERSARIAL_LOW_AND_SLOW
CUST_79791,4058.74,Serrano PLC,ECOMMERCE,US,NET_BANKING,5,249,0,1,459,0,0,1,ADVERSARIAL_MULTI_SIGNAL
CUST_53452,3520.59,Davis PLC,HEALTHCARE,IN,DEBIT_CARD,3,395,0,0,1490,1,1,1,ADVERSARIAL_MULTI_SIGNAL
CUST_82813,2660.9,"Nolan, Smith and Walker",ENTERTAINMENT,NG,WALLET,1,948,1,0,2345,0,0,1,ADVERSARIAL_LOW_AND_SLOW
CUST_29465,3145.84,Cantu Ltd,ECOMMERCE,US,NET_BANKING,1,938,0,0,2141,1,0,1,ADVERSARIAL_LOW_AND_SLOW
CUST_43362,1030.39,Fleming Group,ENTERTAINMENT,GB,UPI,8,44,1,0,1083,0,0,1,ADVERSARIAL_MULTI_SIGNAL
CUST_63867,738.67,Day-Smith,FOOD,IN,NET_BANKING,7,342,0,0,1878,0,0,1,ADVERSARIAL_LOW_AND_SLOW
CUST_13526,343.49,"Orozco, Nelson and Reid",TRAVEL,US,UPI,7,959,0,0,702,1,0,1,ADVERSARIAL_MULTI_SIGNAL
CUST_97820,4960.76,Griffin and Sons,ENTERTAINMENT,NG,DEBIT_CARD,2,666,1,1,1969,0,0,1,ADVERSARIAL_MULTI_SIGNAL
CUST_31012,6401.5,Barton PLC,ENTERTAINMENT,IN,CREDIT_CARD,7,857,0,1,1538,0,0,1,ADVERSARIAL_MULTI_SIGNAL
CUST_76666,494.51,"Cohen, White and Murphy",FOOD,IN,UPI,4,97,1,0,2096,0,0,1,ADVERSARIAL_LOW_AND_SLOW
CUST_10557,2876.54,"Shields, Adams and Huber",ENTERTAINMENT,US,UPI,1,257,0,1,2405,0,1,1,ADVERSARIAL_MULTI_SIGNAL
CUST_62109,3190.82,Mcdonald and Sons,ECOMMERCE,CN,UPI,1,647,0,1,1745,0,0,1,ADVERSARIAL_LOW_AND_SLOW
CUST_93798,3834.86,Brown-Thomas,ECOMMERCE,GB,CREDIT_CARD,4,460,0,0,631,1,1,1,ADVERSARIAL_MULTI_SIGNAL
CUST_74216,2916.83,Stevenson-Green,GROCERY,US,UPI,8,271,0,0,1641,0,0,1,ADVERSARIAL_LOW_AND_SLOW
CUST_20461,3263.09,Sims Group,OTHER,GB,UPI,6,600,0,1,2412,0,0,1,ADVERSARIAL_MULTI_SIGNAL
CUST_47283,467.14,Bullock-Thompson,ENTERTAINMENT,CN,CREDIT_CARD,7,550,0,0,2074,0,0,1,ADVERSARIAL_LOW_AND_SLOW
CUST_87919,1139.11,"Francis, Levine and Mitchell",ENTERTAINMENT,IN,UPI,1,64,0,1,869,0,0,1,ADVERSARIAL_LOW_AND_SLOW
CUST_54650,3745.38,"Johnson, Reed and Lozano",ENTERTAINMENT,CN,CREDIT_CARD,4,271,0,0,385,1,0,1,ADVERSARIAL_LOW_AND_SLOW
CUST_28603,4596.56,"Griffith, Sims and Brock",GROCERY,US,WALLET,3,114,0,0,2333,1,0,1,ADVERSARIAL_LOW_AND_SLOW
CUST_39451,3083.41,Phelps-Leonard,ECOMMERCE,GB,WALLET,1,102,0,0,292,1,0,1,ADVERSARIAL_LOW_AND_SLOW
CUST_54786,5229.47,Wilson-Gamble,FOOD,CN,UPI,4,436,0,0,789,1,0,1,ADVERSARIAL_LOW_AND_SLOW
CUST_26903,2009.7,Watts LLC,HEALTHCARE,US,NET_BANKING,6,197,0,0,644,0,0,1,ADVERSARIAL_LOW_AND_SLOW
CUST_66782,3118.16,Smith LLC,ECOMMERCE,GB,NET_BANKING,2,906,1,1,681,0,0,1,ADVERSARIAL_MULTI_SIGNAL
CUST_63460,3922.99,"Brooks, Harper and Young",TRAVEL,CN,DEBIT_CARD,4,207,0,1,1148,0,0,1,ADVERSARIAL_LOW_AND_SLOW
CUST_76965,6686.42,Glenn Group,ECOMMERCE,NG,WALLET,4,872,0,1,2446,0,0,1,ADVERSARIAL_LOW_AND_SLOW
CUST_93756,2036.41,Potter-Page,ECOMMERCE,GB,CREDIT_CARD,4,371,1,0,868,0,0,1,ADVERSARIAL_LOW_AND_SLOW
CUST_15208,2648.63,Wilson PLC,OTHER,NG,CREDIT_CARD,1,720,1,0,2448,0,0,1,ADVERSARIAL_LOW_AND_SLOW
CUST_23924,2688.31,Guerrero Ltd,ENTERTAINMENT,IN,UPI,4,701,0,0,141,0,1,1,ADVERSARIAL_LOW_AND_SLOW
CUST_11340,444.04,Salinas Inc,TRAVEL,NG,DEBIT_CARD,1,955,0,1,453,0,0,1,ADVERSARIAL_LOW_AND_SLOW
CUST_19123,5548.52,Holder-Carrillo,EDUCATION,GB,WALLET,1,435,0,1,1978,1,0,1,ADVERSARIAL_MULTI_SIGNAL
CUST_92604,3079.3,"Grant, Olson and Becker",TRAVEL,CN,UPI,6,473,0,0,806,0,0,1,ADVERSARIAL_LOW_AND_SLOW
CUST_43049,5299.37,Davis PLC,HEALTHCARE,GB,DEBIT_CARD,8,697,0,0,1424,0,1,1,ADVERSARIAL_MULTI_SIGNAL
CUST_55813,1241.04,Garcia-Bailey,OTHER,US,UPI,4,973,1,0,1437,1,0,1,ADVERSARIAL_MULTI_SIGNAL
CUST_52963,5099.06,Henry Group,EDUCATION,IN,WALLET,2,183,1,0,1563,0,0,1,ADVERSARIAL_LOW_AND_SLOW
CUST_73234,4250.37,"Ayers, Murphy and Davis",ECOMMERCE,US,NET_BANKING,1,400,0,1,1222,0,0,1,ADVERSARIAL_LOW_AND_SLOW
CUST_56445,3875.19,Jones and Sons,ECOMMERCE,US,NET_BANKING,4,386,0,0,1232,0,1,1,ADVERSARIAL_LOW_AND_SLOW
CUST_85578,734.89,"Hernandez, Martin and Cisneros",FOOD,NG,CREDIT_CARD,8,792,0,1,785,0,0,1,ADVERSARIAL_MULTI_SIGNAL
CUST_41939,2865.42,"Roberts, Wong and Brown",ENTERTAINMENT,NG,NET_BANKING,2,427,1,0,1997,1,0,1,ADVERSARIAL_MULTI_SIGNAL
CUST_24651,3908.47,Price and Sons,OTHER,US,NET_BANKING,4,881,0,0,1153,0,1,1,ADVERSARIAL_LOW_AND_SLOW
CUST_91480,3614.74,Jones-Howell,ECOMMERCE,IN,DEBIT_CARD,2,265,0,0,1624,1,0,1,ADVERSARIAL_LOW_AND_SLOW
CUST_87465,1763.24,Warren Group,GROCERY,US,WALLET,4,934,0,1,2450,1,0,1,ADVERSARIAL_MULTI_SIGNAL
