customer_id,amount,merchant_name,merchant_category,country,payment_method,velocity_1h,device_age_days,location_change,new_payment_method,account_age_days,merchant_anomaly,amount_anomaly,is_fraud,attack_type
CUST_93810,1429.29,Ho PLC,ENTERTAINMENT,IN,CREDIT_CARD,1,634,0,1,486,0,0,1,PAYMENT_METHOD_ABUSE
CUST_13905,2982.89,Bryant-White,ECOMMERCE,US,WALLET,4,255,0,0,413,0,0,0,LEGITIMATE
CUST_68878,4126.07,"Davis, Rodriguez and Wang",GROCERY,GB,DEBIT_CARD,2,250,0,0,2443,0,0,0,LEGITIMATE
CUST_54118,2655.33,"Carson, Pierce and Ortiz",EDUCATION,IN,CREDIT_CARD,3,856,0,0,448,0,0,0,LEGITIMATE
CUST_15695,544.39,Hill LLC,FOOD,NG,NET_BANKING,3,621,0,0,1911,0,0,0,LEGITIMATE
CUST_35203,4640.54,Hodges-Morgan,ECOMMERCE,NG,UPI,1,419,1,0,314,0,0,1,GEOGRAPHIC_ANOMALY
CUST_93320,1681.62,Smith Inc,HEALTHCARE,US,UPI,1,653,0,0,1524,0,0,0,LEGITIMATE
CUST_93227,2882.93,"Mcdonald, Shaw and Shields",ECOMMERCE,NG,DEBIT_CARD,2,731,0,0,730,0,0,0,LEGITIMATE
CUST_52504,1876.11,Moody-Thompson,GROCERY,US,UPI,3,247,0,0,259,0,0,0,LEGITIMATE
CUST_95909,1671.0,Costa-Montoya,OTHER,CN,DEBIT_CARD,3,794,0,0,2074,0,0,0,LEGITIMATE
CUST_86622,9064.91,Irwin PLC,EDUCATION,US,UPI,15,1,1,1,1784,1,1,1,ACCOUNT_TAKEOVER
CUST_99192,12681.41,Rivas PLC,FOOD,IN,NET_BANKING,15,2,1,1,1759,1,1,1,ACCOUNT_TAKEOVER
CUST_94012,1017.18,Nichols LLC,ENTERTAINMENT,IN,NET_BANKING,3,542,0,0,1423,0,0,0,LEGITIMATE
CUST_33416,1629.24,Morrison Ltd,ENTERTAINMENT,IN,WALLET,2,582,0,0,2109,0,0,0,LEGITIMATE
CUST_79514,1122.54,Cox-Mcbride,HEALTHCARE,IN,NET_BANKING,6,3,1,1,32,1,1,1,ACCOUNT_TAKEOVER
CUST_19071,4077.87,"Johnson, Davis and Johnson",TRAVEL,US,NET_BANKING,4,246,0,0,2211,0,0,0,LEGITIMATE
CUST_80686,1719.77,"Ortiz, Colon and Scott",EDUCATION,GB,UPI,1,283,0,0,853,0,0,0,LEGITIMATE
CUST_39451,3083.41,Phelps-Leonard,GROCERY,GB,WALLET,1,102,0,0,292,0,0,0,LEGITIMATE
CUST_92719,3344.17,Horton Group,FOOD,US,CREDIT_CARD,2,315,0,0,271,0,0,0,LEGITIMATE
CUST_97684,1918.66,"Johns, Mcdowell and Fletcher",TRAVEL,US,WALLET,4,856,0,0,2018,0,0,0,LEGITIMATE
CUST_63354,2597.04,Jackson PLC,FOOD,IN,NET_BANKING,1,719,0,0,809,0,0,0,LEGITIMATE
CUST_95649,3814.65,Jackson-Murray,EDUCATION,IN,UPI,2,224,0,0,433,0,0,0,LEGITIMATE
CUST_80292,1562.97,Jones Group,EDUCATION,US,DEBIT_CARD,1,483,0,0,1867,0,0,0,LEGITIMATE
CUST_82132,18666.36,Wagner-Johnson,GROCERY,NG,CREDIT_CARD,20,1,1,1,431,1,1,1,MULTI_SIGNAL_ATTACK
CUST_61173,2568.158534934662,"Herrera, Crawford and Ray",ENTERTAINMENT,CN,NET_BANKING,19,188,0,0,1116,0,0,1,VELOCITY_ABUSE
CUST_17665,487.55,Carr Ltd,GROCERY,NG,UPI,2,88,0,0,2402,0,0,0,LEGITIMATE
CUST_76562,6147.931958567691,Lynch-Adams,FOOD,US,WALLET,28,152,0,0,358,0,0,1,VELOCITY_ABUSE
CUST_91183,1291.31,"Gonzales, Martin and Walker",HEALTHCARE,CN,DEBIT_CARD,2,301,0,1,365,0,0,1,PAYMENT_METHOD_ABUSE
CUST_98039,184.65,"Serrano, Black and Nixon",HEALTHCARE,CN,CREDIT_CARD,1,105,0,0,1258,0,0,0,LEGITIMATE
CUST_80468,4338.39,Potter-Jones,ENTERTAINMENT,US,DEBIT_CARD,2,408,1,0,903,0,0,1,GEOGRAPHIC_ANOMALY
CUST_67433,5889.971398154276,Hernandez-Combs,TRAVEL,GB,UPI,7,9,0,1,29,1,1,1,SYNTHETIC_IDENTITY
CUST_37607,3723.44,Nelson Group,ENTERTAINMENT,US,UPI,1,124,0,1,1434,0,0,1,PAYMENT_METHOD_ABUSE
CUST_15778,972.3,Thompson-Hamilton,TRAVEL,GB,UPI,4,604,0,0,44,0,0,0,LEGITIMATE
CUST_11267,267.17,Simmons-Davis,TRAVEL,IN,WALLET,2,470,0,0,488,0,0,0,LEGITIMATE
CUST_26704,5443.25,Blair Ltd,HEALTHCARE,GB,CREDIT_CARD,2,712,0,0,201,0,0,0,LEGITIMATE
CUST_23473,56058.78,"Meyer, Perry and Smith",TRAVEL,NG,WALLET,2,915,0,0,1478,1,1,1,TRANSACTION_ANOMALY
CUST_64040,52148.07,"Jones, Martinez and Mccall",FOOD,US,NET_BANKING,2,303,0,0,131,1,1,1,TRANSACTION_ANOMALY
CUST_60140,2101.35,Smith Ltd,ECOMMERCE,CN,DEBIT_CARD,3,870,0,0,188,0,0,0,LEGITIMATE
CUST_39831,1186.06,Johnson-Harris,ECOMMERCE,IN,UPI,3,389,0,1,943,0,0,1,PAYMENT_METHOD_ABUSE
CUST_13617,5057.39,Todd Inc,TRAVEL,GB,WALLET,1,640,0,0,502,0,0,0,LEGITIMATE
CUST_66959,5833.44,Friedman-Phillips,EDUCATION,GB,WALLET,2,290,0,0,1445,0,0,0,LEGITIMATE
CUST_15817,2367.49,Alvarez-Vaughan,EDUCATION,IN,UPI,3,668,0,0,1816,1,0,1,MERCHANT_ANOMALY
CUST_26334,1714.63,Lane Group,ENTERTAINMENT,NG,WALLET,2,226,0,1,1260,0,0,1,PAYMENT_METHOD_ABUSE
CUST_98777,2617.06,Schmidt PLC,ENTERTAINMENT,NG,NET_BANKING,3,245,0,0,742,0,0,0,LEGITIMATE
CUST_66346,26891.94,"Benson, Holmes and Beard",ENTERTAINMENT,NG,NET_BANKING,4,842,0,0,2405,1,1,1,TRANSACTION_ANOMALY
CUST_77561,1048.24,"Butler, Alvarado and Gibbs",ECOMMERCE,IN,UPI,1,77,0,0,1402,0,0,0,LEGITIMATE
CUST_42092,1937.2,Hatfield Inc,FOOD,NG,NET_BANKING,2,765,0,0,1976,0,0,0,LEGITIMATE
CUST_60328,4234.18,Snyder-Nguyen,ECOMMERCE,CN,DEBIT_CARD,1,827,0,0,2054,0,0,0,LEGITIMATE
CUST_65724,37422.89,Moreno Inc,HEALTHCARE,US,CREDIT_CARD,1,497,0,0,926,1,1,1,TRANSACTION_ANOMALY
CUST_68008,2108.08,Lam Ltd,OTHER,CN,DEBIT_CARD,3,799,0,0,2097,0,0,0,LEGITIMATE
CUST_42406,1641.07,"Mooney, Miller and Collier",OTHER,NG,DEBIT_CARD,3,270,0,0,1165,0,0,0,LEGITIMATE
CUST_45614,835.04,"Golden, Cole and Braun",FOOD,GB,DEBIT_CARD,2,753,0,0,1405,0,0,0,LEGITIMATE
CUST_38043,2329.92,Walls-Alexander,EDUCATION,CN,UPI,2,882,0,0,293,0,0,0,LEGITIMATE
CUST_65069,2335.62,"Newton, Hicks and Jenkins",GROCERY,NG,WALLET,3,335,0,0,1625,0,0,0,LEGITIMATE
CUST_61116,1576.24,Barnett-Garcia,ECOMMERCE,NG,NET_BANKING,1,428,0,0,1746,0,0,0,LEGITIMATE
CUST_54057,6050.03,Massey Ltd,OTHER,US,DEBIT_CARD,4,636,0,0,1686,0,0,0,LEGITIMATE
CUST_83975,3445.96,Page-Johnson,EDUCATION,IN,DEBIT_CARD,3,418,0,0,141,0,0,0,LEGITIMATE
CUST_52906,3555.98,Cordova and Sons,HEALTHCARE,CN,UPI,4,288,0,0,896,0,0,0,LEGITIMATE
CUST_20735,1381.97,Humphrey Ltd,GROCERY,IN,UPI,1,802,0,0,1956,0,0,0,LEGITIMATE
CUST_14067,1158.61,Rogers Ltd,GROCERY,US,WALLET,1,607,0,0,1042,0,0,0,LEGITIMATE
CUST_38569,45527.62,Johnson-Brown,FOOD,GB,DEBIT_CARD,1,826,0,0,1934,1,1,1,TRANSACTION_ANOMALY
CUST_85849,4500.03,Lindsey-Young,EDUCATION,GB,NET_BANKING,2,134,0,0,135,0,0,0,LEGITIMATE
CUST_49529,1994.59,Gordon-Mercado,FOOD,IN,UPI,1,548,0,0,2489,1,0,1,MERCHANT_ANOMALY
CUST_65057,40108.34,Oliver PLC,ENTERTAINMENT,IN,UPI,2,475,0,0,2037,1,1,1,TRANSACTION_ANOMALY
CUST_90728,5009.27,Duarte and Sons,OTHER,CN,NET_BANKING,3,902,0,0,2234,0,0,0,LEGITIMATE
CUST_42177,5091.49,White-Martinez,OTHER,GB,DEBIT_CARD,4,374,0,0,384,0,0,0,LEGITIMATE
CUST_13761,1196.25,Johnson and Sons,TRAVEL,IN,NET_BANKING,3,316,1,0,2054,0,0,1,GEOGRAPHIC_ANOMALY
CUST_77715,18414.84,Ross and Sons,ECOMMERCE,US,NET_BANKING,15,2,1,1,812,1,1,1,MULTI_SIGNAL_ATTACK
CUST_41890,3114.94,Gregory-Ellis,HEALTHCARE,NG,NET_BANKING,3,390,0,0,1284,0,0,0,LEGITIMATE
CUST_69473,653.49,"Weaver, Juarez and Harris",ENTERTAINMENT,GB,DEBIT_CARD,1,790,0,0,1139,0,0,0,LEGITIMATE
CUST_80236,1665.18,Olsen-Wheeler,ECOMMERCE,US,NET_BANKING,3,132,0,0,788,0,0,0,LEGITIMATE
CUST_35443,12973.64,Walker Group,HEALTHCARE,CN,DEBIT_CARD,7,3,1,1,1243,1,1,1,ACCOUNT_TAKEOVER
CUST_23446,2475.46,"Castillo, Barajas and Meza",ENTERTAINMENT,NG,NET_BANKING,1,288,0,0,80,0,0,0,LEGITIMATE
CUST_72616,772.92,"Lawson, Brennan and Barnes",EDUCATION,IN,NET_BANKING,1,185,0,0,497,0,0,0,LEGITIMATE
CUST_29555,265.21,Mendez LLC,FOOD,GB,WALLET,2,824,0,1,2335,0,0,1,PAYMENT_METHOD_ABUSE
CUST_68028,3531.34,Webb Inc,EDUCATION,NG,UPI,1,1000,0,0,1247,0,0,0,LEGITIMATE
CUST_37235,1380.76,Burns PLC,FOOD,GB,DEBIT_CARD,2,32,0,0,894,0,0,0,LEGITIMATE
CUST_63545,326.77,"Bernard, Conley and Miller",OTHER,NG,UPI,3,749,0,0,1875,0,0,0,LEGITIMATE
CUST_69510,1915.3993102156276,Vargas-Morrow,ENTERTAINMENT,US,WALLET,30,147,0,0,321,0,0,1,VELOCITY_ABUSE
CUST_44816,2014.76,"Hill, Schultz and Evans",GROCERY,IN,DEBIT_CARD,3,479,0,0,612,0,0,0,LEGITIMATE
CUST_26299,2459.36,"Flynn, Hayes and Martin",EDUCATION,GB,UPI,1,642,0,0,1949,0,0,0,LEGITIMATE
CUST_15224,695.36,Schultz Group,ENTERTAINMENT,IN,CREDIT_CARD,1,813,1,0,1799,0,0,1,GEOGRAPHIC_ANOMALY
CUST_32962,1466.91,"Sanchez, Fleming and Poole",OTHER,NG,UPI,4,123,0,0,1957,0,0,0,LEGITIMATE
CUST_71605,16073.51,Hays Ltd,HEALTHCARE,NG,UPI,22,0,1,1,1455,1,1,1,MULTI_SIGNAL_ATTACK
CUST_43082,3318.89,Ross Inc,EDUCATION,IN,WALLET,4,453,0,0,1354,0,0,0,LEGITIMATE
CUST_17104,3350.38,Bailey-Reynolds,HEALTHCARE,NG,WALLET,1,238,0,0,798,0,0,0,LEGITIMATE
CUST_45003,5441.42,Ortiz-Diaz,ENTERTAINMENT,US,NET_BANKING,1,675,0,0,2279,0,0,0,LEGITIMATE
CUST_89806,298.52,Hicks-Hunt,ENTERTAINMENT,US,WALLET,2,891,0,0,1010,0,0,0,LEGITIMATE
CUST_24871,4057.34,"Perez, Montgomery and Gonzalez",TRAVEL,IN,NET_BANKING,3,455,0,0,1920,0,0,0,LEGITIMATE
CUST_73242,1009.03,"Collins, Williams and Solis",OTHER,US,WALLET,2,914,0,0,1964,0,0,0,LEGITIMATE
CUST_19150,1518.41,White Group,HEALTHCARE,CN,WALLET,3,887,0,0,1161,0,0,0,LEGITIMATE
CUST_86931,3459.66,"Tanner, Schmitt and Wu",TRAVEL,CN,NET_BANKING,4,496,0,0,2405,0,0,0,LEGITIMATE
CUST_52176,3552.6,Aguilar Inc,EDUCATION,US,DEBIT_CARD,3,792,0,0,802,0,0,0,LEGITIMATE
CUST_71993,4435.41,Underwood LLC,TRAVEL,CN,NET_BANKING,3,920,0,0,1591,0,0,0,LEGITIMATE
CUST_23154,3308.19,Smith Group,OTHER,IN,CREDIT_CARD,2,106,0,0,1833,0,0,0,LEGITIMATE
CUST_71537,38807.6,Miller-Brown,EDUCATION,IN,CREDIT_CARD,15,0,1,1,1115,1,1,1,MULTI_SIGNAL_ATTACK
CUST_47667,45966.3,Garcia-Rodriguez,GROCERY,IN,CREDIT_CARD,1,484,0,0,961,1,1,1,TRANSACTION_ANOMALY
CUST_16028,2129.72,Hamilton-Cooper,ENTERTAINMENT,IN,UPI,4,609,0,0,1358,0,0,0,LEGITIMATE
CUST_99364,3129.56,Price Group,TRAVEL,US,CREDIT_CARD,2,539,0,0,767,0,0,0,LEGITIMATE
CUST_86435,2264.84,"Smith, Franco and Johnson",OTHER,GB,UPI,4,952,1,0,616,0,0,1,GEOGRAPHIC_ANOMALY
CUST_19681,2270.27,"Glenn, Hartman and Powell",ENTERTAINMENT,GB,NET_BANKING,3,233,0,0,1839,0,0,0,LEGITIMATE
CUST_60422,2635.51,Garrett-Campbell,ECOMMERCE,IN,NET_BANKING,3,52,0,0,2009,0,0,0,LEGITIMATE
CUST_96275,39575.4,Long LLC,GROCERY,CN,WALLET,15,2,1,1,1651,1,1,1,MULTI_SIGNAL_ATTACK
CUST_91381,1345.35,Mccarty-Hooper,FOOD,US,CREDIT_CARD,3,779,0,0,1056,0,0,0,LEGITIMATE
CUST_27224,1001.01,Nelson Inc,HEALTHCARE,GB,NET_BANKING,3,573,0,0,399,0,0,0,LEGITIMATE
CUST_75771,5332.69,Graham-Marquez,ENTERTAINMENT,US,NET_BANKING,3,853,0,0,1146,0,0,0,LEGITIMATE
CUST_25095,6369.84,Davis-Daniels,GROCERY,IN,DEBIT_CARD,4,896,0,0,1948,1,0,1,MERCHANT_ANOMALY
CUST_61717,2055.16,James Inc,FOOD,GB,UPI,3,628,0,1,87,0,0,1,PAYMENT_METHOD_ABUSE
CUST_24201,4730.49,"Love, Pennington and Burnett",GROCERY,CN,WALLET,2,693,0,0,987,0,0,0,LEGITIMATE
CUST_18285,9339.600875645885,Bates and Sons,TRAVEL,GB,NET_BANKING,10,5,0,1,4,1,1,1,SYNTHETIC_IDENTITY
CUST_97881,1739.71,Black-Leonard,TRAVEL,IN,NET_BANKING,4,991,1,0,2242,0,0,1,GEOGRAPHIC_ANOMALY
CUST_58566,4277.62,Carlson LLC,OTHER,CN,DEBIT_CARD,3,587,0,0,919,0,0,0,LEGITIMATE
CUST_94518,1127.81,Jones Ltd,EDUCATION,IN,UPI,4,123,0,0,1499,0,0,0,LEGITIMATE
CUST_96870,6425.45,Wright-Chen,GROCERY,NG,CREDIT_CARD,2,835,0,0,898,0,0,0,LEGITIMATE
CUST_84000,15934.98,Vargas-Perkins,GROCERY,IN,WALLET,3,822,0,0,870,1,1,1,TRANSACTION_ANOMALY
CUST_46342,782.51,"Clark, Peterson and Tucker",OTHER,US,DEBIT_CARD,2,45,0,0,622,1,0,1,MERCHANT_ANOMALY
CUST_41186,1460.97,"Wilson, Foley and Williams",GROCERY,GB,DEBIT_CARD,4,568,0,0,2441,0,0,0,LEGITIMATE
CUST_24896,1885.33,"Williams, Mack and Curry",OTHER,CN,UPI,2,998,0,0,290,0,0,0,LEGITIMATE
CUST_90623,4227.45,"Rivas, Austin and Reid",ENTERTAINMENT,NG,NET_BANKING,4,897,0,0,207,0,0,0,LEGITIMATE
CUST_62640,656.67,"Fowler, Warren and Marshall",OTHER,IN,NET_BANKING,2,97,0,0,1776,0,0,0,LEGITIMATE
CUST_26540,5957.9,Moody-Stewart,HEALTHCARE,NG,NET_BANKING,4,547,0,0,1156,0,0,0,LEGITIMATE
CUST_89354,2827.93,White-Ponce,FOOD,IN,WALLET,4,939,0,0,1792,0,0,0,LEGITIMATE
CUST_39949,2967.15,King-Daniels,OTHER,GB,NET_BANKING,4,350,0,0,1724,0,0,0,LEGITIMATE
CUST_97177,22947.491959195322,Wallace-Joseph,TRAVEL,GB,WALLET,3,9,0,1,24,1,1,1,SYNTHETIC_IDENTITY
CUST_83608,14848.4,Barton LLC,FOOD,CN,NET_BANKING,10,0,1,1,2330,1,1,1,ACCOUNT_TAKEOVER
CUST_85748,1975.34,Beck and Sons,TRAVEL,US,NET_BANKING,3,147,0,0,2108,0,0,0,LEGITIMATE
CUST_46512,3669.91,"Rojas, Wright and Oneal",EDUCATION,IN,WALLET,1,653,1,0,2381,0,0,1,GEOGRAPHIC_ANOMALY
CUST_33647,2845.67,Vaughan-Harvey,GROCERY,GB,UPI,4,101,0,0,1149,1,1,1,TRANSACTION_ANOMALY
CUST_22026,2436.73,Gray-Perez,EDUCATION,US,NET_BANKING,3,768,0,0,2202,0,0,0,LEGITIMATE
CUST_52517,14964.050306918803,"Watson, Miller and Jones",EDUCATION,NG,NET_BANKING,10,6,0,1,9,1,1,1,SYNTHETIC_IDENTITY
CUST_45804,1386.07,Lane LLC,FOOD,NG,UPI,4,569,0,0,912,0,0,0,LEGITIMATE
CUST_97442,5009.76,Garcia-Rodriguez,ECOMMERCE,IN,NET_BANKING,2,338,0,0,1293,0,0,0,LEGITIMATE
CUST_37686,569.85,"Hall, Duarte and Luna",ENTERTAINMENT,GB,UPI,4,209,0,0,592,0,0,0,LEGITIMATE
CUST_26932,3223.08,"Washington, Thomas and Clark",ECOMMERCE,NG,CREDIT_CARD,3,103,0,1,1587,0,0,1,PAYMENT_METHOD_ABUSE
CUST_67176,2282.43,"Brown, Schmidt and Thornton",FOOD,CN,UPI,4,326,0,0,106,0,0,0,LEGITIMATE
CUST_25096,5614.24,Garza Inc,HEALTHCARE,IN,DEBIT_CARD,3,120,0,0,1689,0,0,0,LEGITIMATE
CUST_67240,1706.61,Kirk-Barnett,EDUCATION,US,WALLET,3,793,0,0,463,0,0,0,LEGITIMATE
CUST_54500,2436.93,"Kim, Flores and Hancock",TRAVEL,GB,CREDIT_CARD,2,957,0,0,937,0,0,0,LEGITIMATE
CUST_55793,1086.57,"Walker, Smith and Ferguson",ECOMMERCE,US,CREDIT_CARD,2,808,0,0,1468,0,0,0,LEGITIMATE
CUST_95918,2645.45,Wall Inc,EDUCATION,US,NET_BANKING,4,727,0,0,338,1,0,1,MERCHANT_ANOMALY
CUST_92210,2590.19,Pierce-Wyatt,OTHER,US,CREDIT_CARD,3,635,0,0,1324,0,0,0,LEGITIMATE
CUST_17362,3205.99,Ellis LLC,FOOD,NG,UPI,3,881,0,0,1471,0,0,0,LEGITIMATE
CUST_47627,6247.555423665611,Smith-Smith,EDUCATION,IN,NET_BANKING,20,490,0,0,344,0,0,1,VELOCITY_ABUSE
CUST_75715,22065.15,Edwards LLC,OTHER,IN,CREDIT_CARD,1,546,0,0,647,0,1,1,TRANSACTION_ANOMALY
CUST_67595,2118.96,Avila-Parker,TRAVEL,NG,UPI,4,823,0,0,2176,0,0,0,LEGITIMATE
CUST_54350,2130.92,Brown Group,HEALTHCARE,IN,CREDIT_CARD,4,320,0,0,2478,0,0,0,LEGITIMATE
CUST_43029,2070.32,"Martinez, Ruiz and Green",HEALTHCARE,US,CREDIT_CARD,3,347,0,0,2498,0,0,0,LEGITIMATE
CUST_95990,1931.17,Preston LLC,FOOD,US,UPI,3,862,0,0,1635,0,0,0,LEGITIMATE
CUST_26750,2189.49,"Hahn, Thornton and Page",EDUCATION,IN,WALLET,2,249,0,0,2186,0,0,0,LEGITIMATE
CUST_54791,1013.81,"Meyer, Marshall and Morrow",ECOMMERCE,US,DEBIT_CARD,1,549,0,0,2021,0,0,0,LEGITIMATE
CUST_80748,880.96,Henderson-Stewart,HEALTHCARE,IN,WALLET,2,215,0,0,2186,0,0,0,LEGITIMATE
CUST_91885,2117.42,Parker Group,GROCERY,NG,NET_BANKING,4,655,1,0,708,0,0,1,GEOGRAPHIC_ANOMALY
CUST_40671,3767.41,Stone PLC,ENTERTAINMENT,US,NET_BANKING,4,502,0,0,2217,0,0,0,LEGITIMATE
CUST_46932,4360.36,Wagner-Boone,EDUCATION,IN,DEBIT_CARD,2,923,1,0,1594,0,0,1,GEOGRAPHIC_ANOMALY
CUST_94040,4599.6,"Franklin, Payne and Johnson",FOOD,GB,WALLET,2,309,0,0,1998,0,0,0,LEGITIMATE
CUST_68893,3895.78,Henry-Bautista,EDUCATION,US,CREDIT_CARD,4,935,0,0,2132,0,0,0,LEGITIMATE
CUST_55820,3826.88,Cummings-Long,GROCERY,CN,NET_BANKING,1,413,0,0,139,0,0,0,LEGITIMATE
CUST_39430,4472.3,Wood and Sons,FOOD,GB,UPI,3,969,0,0,145,0,0,0,LEGITIMATE
CUST_71925,106.08,Parker-Hester,OTHER,CN,WALLET,3,250,0,0,598,0,0,0,LEGITIMATE
CUST_29597,4569.98,Dunn-Lewis,EDUCATION,NG,CREDIT_CARD,1,78,0,0,2277,0,0,0,LEGITIMATE
CUST_41252,3267.0838838649497,Stone and Sons,OTHER,NG,CREDIT_CARD,14,677,0,0,1749,0,0,1,VELOCITY_ABUSE
CUST_10205,4055.83,"Hoffman, Hernandez and West",EDUCATION,US,DEBIT_CARD,3,99,0,0,1475,0,0,0,LEGITIMATE
CUST_78951,5664.13,"Harris, Galvan and Mcclain",GROCERY,NG,NET_BANKING,4,412,0,0,2258,0,0,0,LEGITIMATE
CUST_43246,1078.9,Ritter-Bauer,TRAVEL,GB,UPI,1,820,0,0,96,1,0,1,MERCHANT_ANOMALY
CUST_15811,54897.19,Gutierrez-Owen,FOOD,NG,DEBIT_CARD,4,676,0,0,1473,1,1,1,TRANSACTION_ANOMALY
CUST_69988,4409.82,Smith-Rice,ECOMMERCE,NG,CREDIT_CARD,3,985,1,0,181,0,0,1,GEOGRAPHIC_ANOMALY
CUST_81176,1896.67,"Austin, Schmidt and Pearson",ECOMMERCE,GB,DEBIT_CARD,1,916,0,0,1969,1,0,1,MERCHANT_ANOMALY
CUST_26315,6625.43,Blair PLC,EDUCATION,CN,NET_BANKING,2,538,0,0,1537,0,0,0,LEGITIMATE
CUST_75211,3463.62,Olson-Spencer,ENTERTAINMENT,NG,CREDIT_CARD,2,588,0,0,1534,0,0,0,LEGITIMATE
CUST_48504,2736.93,"Stanley, Morrison and Thomas",FOOD,IN,UPI,4,200,0,0,1345,0,0,0,LEGITIMATE
CUST_68183,2450.51,Hawkins Ltd,GROCERY,CN,UPI,1,106,0,0,1469,0,0,0,LEGITIMATE
CUST_97973,704.77,Smith-Bailey,TRAVEL,GB,CREDIT_CARD,4,65,0,0,1693,0,0,0,LEGITIMATE
CUST_26545,1998.42,"Bennett, Holmes and West",HEALTHCARE,US,UPI,2,725,0,0,305,0,0,0,LEGITIMATE
CUST_68972,3206.83,"Rodriguez, Mathews and Hardin",OTHER,GB,CREDIT_CARD,4,351,0,0,1549,0,0,0,LEGITIMATE
CUST_95139,3989.34,Rivera-Wolfe,FOOD,US,CREDIT_CARD,4,965,0,0,1171,0,0,0,LEGITIMATE
CUST_83619,1484.29,Farmer-Holland,ENTERTAINMENT,GB,NET_BANKING,4,234,0,0,512,0,0,0,LEGITIMATE
CUST_26074,4528.33,Garcia-Thomas,OTHER,IN,DEBIT_CARD,1,859,0,0,585,0,0,0,LEGITIMATE
CUST_99381,36254.81,Coleman-Baldwin,ECOMMERCE,GB,WALLET,2,758,0,0,1339,1,1,1,TRANSACTION_ANOMALY
CUST_25907,299.69,Davidson Group,ECOMMERCE,US,NET_BANKING,3,508,0,0,853,0,0,0,LEGITIMATE
CUST_82305,2830.2,Wilson Group,FOOD,NG,WALLET,4,568,0,1,561,0,0,1,PAYMENT_METHOD_ABUSE
CUST_85353,29918.13,"Cooley, Schmitt and Elliott",TRAVEL,US,CREDIT_CARD,3,161,0,0,332,1,1,1,TRANSACTION_ANOMALY
CUST_66704,734.22,"Burch, Houston and White",FOOD,IN,WALLET,3,987,0,0,2089,0,0,0,LEGITIMATE
CUST_39552,1027.32,Snyder-Johnson,ENTERTAINMENT,NG,CREDIT_CARD,3,158,0,0,1447,0,0,0,LEGITIMATE
CUST_91922,3671.97,"West, Wilkins and Mercado",FOOD,NG,WALLET,2,205,0,0,1270,0,0,0,LEGITIMATE
CUST_96341,4457.574444800839,"Gardner, Harris and Russell",GROCERY,NG,CREDIT_CARD,28,696,0,0,1412,0,0,1,VELOCITY_ABUSE
CUST_93753,19827.86,Miller-Simpson,ENTERTAINMENT,IN,UPI,21,3,1,1,154,1,1,1,MULTI_SIGNAL_ATTACK
CUST_36741,4848.02,"Cuevas, Cooper and White",TRAVEL,NG,UPI,3,438,0,0,1423,0,0,0,LEGITIMATE
CUST_27139,1335.57,Lee LLC,FOOD,NG,UPI,4,283,0,0,1547,0,0,0,LEGITIMATE
CUST_28465,3427.53,Bender and Sons,ENTERTAINMENT,IN,NET_BANKING,2,863,0,0,426,0,0,0,LEGITIMATE
CUST_52917,1610.17,Smith Group,ECOMMERCE,GB,DEBIT_CARD,4,930,0,0,2396,0,0,0,LEGITIMATE
CUST_50441,2332.98,Wells LLC,GROCERY,IN,NET_BANKING,2,627,0,0,2067,1,0,1,MERCHANT_ANOMALY
CUST_16624,3370.49,Zamora Inc,OTHER,GB,UPI,4,167,1,0,1182,0,0,1,GEOGRAPHIC_ANOMALY
CUST_62855,3094.57,"Smith, Henson and Jackson",EDUCATION,IN,CREDIT_CARD,3,105,0,0,1528,0,0,0,LEGITIMATE
CUST_60639,2386.51,"Vega, Garcia and Walker",ENTERTAINMENT,CN,WALLET,1,433,0,0,2095,0,0,0,LEGITIMATE
CUST_58915,1205.51,"Adkins, Watson and Lewis",HEALTHCARE,NG,DEBIT_CARD,1,76,0,0,1418,0,0,0,LEGITIMATE
CUST_15100,2624.12,Martin-Wong,OTHER,GB,WALLET,2,365,0,0,591,0,0,0,LEGITIMATE
CUST_90356,2920.39,Knapp Ltd,EDUCATION,US,WALLET,3,549,0,0,1334,0,0,0,LEGITIMATE
CUST_76809,4273.76,Velasquez-Joseph,ENTERTAINMENT,CN,NET_BANKING,1,456,0,0,2210,0,0,0,LEGITIMATE
CUST_86507,27644.47,Gonzales LLC,OTHER,GB,UPI,13,3,1,1,1290,1,1,1,ACCOUNT_TAKEOVER
CUST_29369,176.6,Moore-Harris,FOOD,IN,DEBIT_CARD,2,452,0,0,1022,0,0,0,LEGITIMATE
CUST_36724,3908.63,Jones LLC,OTHER,NG,CREDIT_CARD,3,708,0,0,1710,0,0,0,LEGITIMATE
CUST_72701,2743.75,"Smith, Washington and Robertson",HEALTHCARE,CN,DEBIT_CARD,3,722,0,0,2182,0,0,0,LEGITIMATE
CUST_99226,6093.59,Hunter-Pruitt,OTHER,NG,DEBIT_CARD,3,260,0,0,1112,0,0,0,LEGITIMATE
CUST_49008,3162.49,Schmidt PLC,OTHER,US,UPI,3,324,0,0,1213,0,0,0,LEGITIMATE
CUST_25974,16851.22,"Black, Taylor and Hurst",EDUCATION,IN,NET_BANKING,10,3,1,1,2378,1,1,1,ACCOUNT_TAKEOVER
CUST_95979,3195.51,"Trujillo, Pacheco and Ford",ECOMMERCE,CN,DEBIT_CARD,3,170,0,0,1080,0,0,0,LEGITIMATE
CUST_24316,3854.94,"Hutchinson, Collier and Rowe",ECOMMERCE,US,CREDIT_CARD,2,83,0,0,2433,0,0,0,LEGITIMATE
CUST_23133,3915.39,Curry-Becker,OTHER,GB,CREDIT_CARD,2,446,0,0,1722,0,0,0,LEGITIMATE
CUST_95575,1965.85,Hudson-Maynard,ECOMMERCE,CN,UPI,1,697,0,0,1978,0,0,0,LEGITIMATE
CUST_85252,4330.49,Campbell-Shaw,GROCERY,NG,WALLET,1,886,0,1,981,0,0,1,PAYMENT_METHOD_ABUSE
CUST_34420,3343.86,Mack-Romero,GROCERY,IN,UPI,3,321,0,0,1215,0,0,0,LEGITIMATE
CUST_69552,5501.59,Christensen Group,OTHER,NG,DEBIT_CARD,2,858,0,0,2255,0,0,0,LEGITIMATE
CUST_24764,4519.62,"Brooks, Norris and Mendez",OTHER,US,UPI,3,839,0,0,1384,0,0,0,LEGITIMATE
CUST_48669,5011.29,Evans Group,GROCERY,US,WALLET,4,557,0,0,2355,1,0,1,MERCHANT_ANOMALY
CUST_62538,1615.1,Perry-Meyer,TRAVEL,US,NET_BANKING,3,422,0,0,420,0,0,0,LEGITIMATE
CUST_40870,3564.24,Alvarado-Harris,HEALTHCARE,GB,UPI,3,699,0,0,1859,0,0,0,LEGITIMATE
CUST_57127,1349.5,Barry and Sons,FOOD,IN,NET_BANKING,3,736,0,0,997,0,0,0,LEGITIMATE
CUST_25389,4511.42,Hutchinson LLC,ECOMMERCE,GB,DEBIT_CARD,4,795,0,0,1238,0,0,0,LEGITIMATE
CUST_89395,15062.19539240505,Ingram-Hernandez,HEALTHCARE,CN,CREDIT_CARD,4,0,0,1,17,1,1,1,SYNTHETIC_IDENTITY
CUST_81781,1811.29,Watson Group,TRAVEL,US,DEBIT_CARD,1,726,0,0,2100,0,0,0,LEGITIMATE
CUST_36922,3691.42,Flores-Howell,FOOD,CN,WALLET,2,555,0,0,2418,0,0,0,LEGITIMATE
CUST_64450,1290.0,"Williams, Stark and Oneal",GROCERY,IN,WALLET,1,435,1,0,1901,0,0,1,GEOGRAPHIC_ANOMALY
CUST_38560,2171.78,"Washington, Galloway and Howard",GROCERY,IN,NET_BANKING,1,987,0,0,2398,0,0,0,LEGITIMATE
CUST_19046,634.96,Torres-Lee,ENTERTAINMENT,IN,NET_BANKING,4,413,0,0,1963,0,0,0,LEGITIMATE
CUST_60132,3066.87,Weiss-Woods,GROCERY,CN,CREDIT_CARD,2,699,0,0,1867,1,0,1,MERCHANT_ANOMALY
CUST_33392,5352.48,Larsen-Poole,TRAVEL,CN,WALLET,3,504,0,1,2230,0,0,1,PAYMENT_METHOD_ABUSE
CUST_40102,1547.6,Ayers-Taylor,HEALTHCARE,CN,CREDIT_CARD,1,62,0,1,1043,0,0,1,PAYMENT_METHOD_ABUSE
CUST_41544,253.4,"West, White and Tucker",FOOD,IN,WALLET,1,280,0,0,874,0,0,0,LEGITIMATE
CUST_15798,1020.63,"Fox, Hansen and Thompson",ECOMMERCE,US,WALLET,1,173,1,0,1677,0,0,1,GEOGRAPHIC_ANOMALY
CUST_85511,1928.54,Garrison and Sons,HEALTHCARE,NG,DEBIT_CARD,2,453,0,0,1336,0,0,0,LEGITIMATE
CUST_49387,2344.39,Doyle-Everett,TRAVEL,IN,NET_BANKING,3,994,0,0,1157,0,0,0,LEGITIMATE
CUST_94320,2276.51,Archer and Sons,HEALTHCARE,NG,NET_BANKING,2,802,0,0,1591,0,0,0,LEGITIMATE
CUST_80507,4365.37,Sanchez Group,ECOMMERCE,US,UPI,4,966,0,0,1969,0,0,0,LEGITIMATE
CUST_17552,2296.97,Walker-Perez,EDUCATION,CN,WALLET,3,238,0,0,2333,0,0,0,LEGITIMATE
CUST_53288,4256.29,"Perez, Reyes and Reynolds",HEALTHCARE,CN,DEBIT_CARD,1,304,0,1,353,0,0,1,PAYMENT_METHOD_ABUSE
CUST_19539,4407.72,"Drake, Diaz and Brown",ECOMMERCE,US,NET_BANKING,6,3,1,1,800,1,1,1,ACCOUNT_TAKEOVER
CUST_41797,860.91,"Clark, Schneider and Wagner",ECOMMERCE,CN,WALLET,4,576,0,0,867,0,0,0,LEGITIMATE
CUST_95029,2785.58,Martin and Sons,ENTERTAINMENT,GB,UPI,1,852,0,0,1501,0,0,0,LEGITIMATE
CUST_71537,1825.05,"Kennedy, Montoya and Hogan",HEALTHCARE,US,UPI,2,789,0,0,1341,0,0,0,LEGITIMATE
CUST_29126,1130.1,"Allen, Park and Porter",EDUCATION,GB,UPI,4,613,0,0,96,0,0,0,LEGITIMATE
CUST_42208,3098.53,Welch-Gray,HEALTHCARE,NG,UPI,4,501,0,0,2075,0,0,0,LEGITIMATE
CUST_32050,18099.68,Anderson-Burton,TRAVEL,IN,WALLET,15,0,1,1,1472,1,1,1,ACCOUNT_TAKEOVER
CUST_10836,4048.19,"Duffy, Ford and Fuentes",ECOMMERCE,US,CREDIT_CARD,4,412,0,0,1719,0,0,0,LEGITIMATE
CUST_17923,3350.83,Price-Matthews,GROCERY,CN,CREDIT_CARD,1,572,0,0,2009,0,0,0,LEGITIMATE
CUST_46010,7020.232114986764,Ward-Oliver,ECOMMERCE,GB,WALLET,7,5,0,1,17,1,1,1,SYNTHETIC_IDENTITY
CUST_45038,2202.22,"Johnson, Smith and Padilla",HEALTHCARE,IN,NET_BANKING,2,337,0,0,1655,0,0,0,LEGITIMATE
CUST_99658,1780.57,"Robinson, Mann and Steele",FOOD,IN,NET_BANKING,1,682,0,0,360,0,0,0,LEGITIMATE
CUST_11238,2757.28,Lee LLC,OTHER,IN,NET_BANKING,1,946,0,0,731,0,0,0,LEGITIMATE
CUST_79226,3578.04,Anderson Inc,ECOMMERCE,US,WALLET,1,730,0,0,204,0,0,0,LEGITIMATE
CUST_46749,5129.69,"Tate, Wilson and Solomon",GROCERY,NG,DEBIT_CARD,2,631,0,0,2254,0,0,0,LEGITIMATE
CUST_28899,1990.65,Garcia-Wagner,ENTERTAINMENT,IN,DEBIT_CARD,4,723,0,0,1661,0,0,0,LEGITIMATE
CUST_80852,3201.29,Hernandez PLC,TRAVEL,CN,UPI,1,130,0,1,1388,0,0,1,PAYMENT_METHOD_ABUSE
CUST_19963,554.42,Rios Group,EDUCATION,NG,UPI,4,532,0,0,1425,0,0,0,LEGITIMATE
CUST_39902,1373.28,Jackson-Lopez,EDUCATION,NG,NET_BANKING,4,117,0,0,1487,0,0,0,LEGITIMATE
CUST_91083,921.72,Young-Blake,FOOD,US,CREDIT_CARD,2,787,0,0,1239,0,0,0,LEGITIMATE
CUST_61068,176.52,Mcpherson and Sons,FOOD,GB,CREDIT_CARD,3,809,0,0,1327,0,0,0,LEGITIMATE
CUST_45358,2987.26,Murphy PLC,FOOD,US,DEBIT_CARD,4,135,0,0,448,0,0,0,LEGITIMATE
CUST_13442,2527.37,Becker and Sons,FOOD,GB,WALLET,4,42,0,0,397,0,0,0,LEGITIMATE
CUST_48253,5049.29,Alexander and Sons,FOOD,CN,DEBIT_CARD,2,731,0,1,1724,0,0,1,PAYMENT_METHOD_ABUSE
CUST_28198,1074.88,Silva LLC,ENTERTAINMENT,GB,NET_BANKING,3,461,0,0,1131,0,0,0,LEGITIMATE
CUST_49289,1516.237492018569,Lopez PLC,HEALTHCARE,IN,UPI,24,638,0,0,2013,0,0,1,VELOCITY_ABUSE
CUST_49932,1993.36,"Sutton, Lamb and Norman",HEALTHCARE,CN,DEBIT_CARD,4,372,0,1,57,0,0,1,PAYMENT_METHOD_ABUSE
CUST_49378,17989.42,Jones-Avila,ECOMMERCE,US,NET_BANKING,16,3,1,1,1343,1,1,1,MULTI_SIGNAL_ATTACK
CUST_61502,3709.75,Bailey-Ferguson,ECOMMERCE,IN,WALLET,1,774,0,0,1525,0,0,0,LEGITIMATE
CUST_70505,40161.42,"Bean, Wilkins and Golden",ENTERTAINMENT,GB,CREDIT_CARD,12,2,1,1,888,1,1,1,MULTI_SIGNAL_ATTACK
CUST_59412,1461.33,"Morgan, White and Cisneros",OTHER,CN,WALLET,4,586,0,0,332,0,0,0,LEGITIMATE
CUST_14818,21780.58,Clayton and Sons,FOOD,CN,CREDIT_CARD,10,3,1,1,1502,1,1,1,ACCOUNT_TAKEOVER
CUST_23886,1703.33,Wilson Ltd,ENTERTAINMENT,IN,DEBIT_CARD,2,486,0,0,73,0,0,0,LEGITIMATE
CUST_59036,4440.13,Walter PLC,TRAVEL,CN,UPI,3,455,0,0,1632,0,0,0,LEGITIMATE
CUST_21253,8047.02,Martin-Nelson,HEALTHCARE,NG,UPI,17,0,1,1,505,1,1,1,MULTI_SIGNAL_ATTACK
CUST_25084,38754.28,"Bryant, Klein and Vance",EDUCATION,GB,DEBIT_CARD,2,595,0,0,122,1,1,1,TRANSACTION_ANOMALY
CUST_70562,2098.94,Bauer and Sons,TRAVEL,CN,DEBIT_CARD,1,785,0,0,979,0,0,0,LEGITIMATE
CUST_90492,337.68,Strickland and Sons,EDUCATION,CN,NET_BANKING,3,800,0,0,838,0,0,0,LEGITIMATE
CUST_18200,1769.24,Gillespie and Sons,TRAVEL,IN,UPI,3,716,0,0,2394,0,0,0,LEGITIMATE
CUST_74157,1572.79,Parker PLC,EDUCATION,GB,WALLET,3,895,0,0,2191,0,0,0,LEGITIMATE
CUST_70012,1900.06,Schneider-Flowers,FOOD,GB,DEBIT_CARD,1,217,0,0,736,0,0,0,LEGITIMATE
CUST_58929,3215.26,Potter-Cummings,EDUCATION,NG,NET_BANKING,4,220,0,0,609,0,0,0,LEGITIMATE
CUST_73788,1348.36,"Dixon, Acosta and Gentry",TRAVEL,US,NET_BANKING,4,664,0,0,2231,0,0,0,LEGITIMATE
CUST_17026,1156.45,Miller Inc,OTHER,IN,DEBIT_CARD,4,448,0,0,1500,0,0,0,LEGITIMATE
CUST_99744,906.22,Garcia Ltd,OTHER,CN,NET_BANKING,2,329,0,0,2044,0,0,0,LEGITIMATE
CUST_14285,4059.58,Webb Inc,ENTERTAINMENT,US,DEBIT_CARD,4,592,0,0,1155,0,0,0,LEGITIMATE
CUST_76952,26189.3,"Moore, Brown and Martinez",FOOD,CN,UPI,13,1,1,1,493,1,1,1,ACCOUNT_TAKEOVER
CUST_65725,3293.96,Mccormick-Rogers,ENTERTAINMENT,US,CREDIT_CARD,1,479,0,0,449,0,0,0,LEGITIMATE
CUST_25386,2235.5,Daniels-Walker,HEALTHCARE,US,WALLET,2,833,0,0,1000,0,0,0,LEGITIMATE
CUST_37082,2375.34,Wright LLC,HEALTHCARE,IN,WALLET,3,750,0,0,877,0,0,0,LEGITIMATE
CUST_48356,2524.23,"Scott, Humphrey and Hernandez",ENTERTAINMENT,NG,CREDIT_CARD,1,168,0,1,1215,0,0,1,PAYMENT_METHOD_ABUSE
CUST_46349,38945.7,"Hudson, Elliott and Davidson",ENTERTAINMENT,US,DEBIT_CARD,4,531,0,0,549,1,1,1,TRANSACTION_ANOMALY
CUST_92288,3718.15,Sanchez-Gonzalez,OTHER,GB,CREDIT_CARD,1,442,1,0,1726,0,0,1,GEOGRAPHIC_ANOMALY
CUST_69597,3968.98,Guzman-Herman,GROCERY,GB,CREDIT_CARD,3,900,0,0,2029,0,0,0,LEGITIMATE
CUST_18300,3511.78,Floyd-Sanders,ECOMMERCE,CN,NET_BANKING,3,878,0,0,2219,0,0,0,LEGITIMATE
CUST_47171,24165.023569695342,Cooper-Patel,OTHER,NG,CREDIT_CARD,4,2,0,1,21,1,1,1,SYNTHETIC_IDENTITY
CUST_67840,4365.63,Casey-Fischer,EDUCATION,US,DEBIT_CARD,3,192,1,0,1899,0,0,1,GEOGRAPHIC_ANOMALY
CUST_95798,2890.21,Obrien LLC,FOOD,GB,UPI,1,435,0,0,1506,0,0,0,LEGITIMATE
CUST_91999,4337.67,Reed-Hubbard,EDUCATION,US,CREDIT_CARD,4,109,0,0,1281,0,0,0,LEGITIMATE
CUST_27393,274.4,Wilson-Morgan,OTHER,US,CREDIT_CARD,1,910,0,0,2461,0,0,0,LEGITIMATE
CUST_65353,1685.57,Newman-Jenkins,ECOMMERCE,CN,DEBIT_CARD,1,135,0,0,571,1,0,1,MERCHANT_ANOMALY
CUST_49223,647.21,Davis Ltd,TRAVEL,CN,DEBIT_CARD,2,480,0,0,591,0,0,0,LEGITIMATE
CUST_56030,23316.032456794717,Green-Wallace,EDUCATION,US,UPI,9,5,0,1,5,1,1,1,SYNTHETIC_IDENTITY
CUST_28327,3436.74,Ramirez Ltd,FOOD,GB,DEBIT_CARD,3,827,0,0,1044,0,0,0,LEGITIMATE
CUST_13515,1873.38,Sutton Ltd,ECOMMERCE,US,NET_BANKING,2,536,0,0,1265,0,0,0,LEGITIMATE
CUST_60578,428.77,"Wilkins, Lin and Phillips",FOOD,US,WALLET,1,399,0,0,491,1,0,1,MERCHANT_ANOMALY
CUST_60703,10079.00248337581,White Ltd,GROCERY,CN,CREDIT_CARD,9,8,0,1,1,1,1,1,SYNTHETIC_IDENTITY
CUST_47550,706.93,Dyer-Hopkins,EDUCATION,CN,NET_BANKING,2,314,0,0,2082,0,0,0,LEGITIMATE
CUST_20957,3198.06,"Brown, Evans and Smith",ECOMMERCE,IN,DEBIT_CARD,1,347,0,0,1299,0,0,0,LEGITIMATE
CUST_67342,4613.97,"Ali, Garcia and Campbell",ECOMMERCE,IN,CREDIT_CARD,1,346,0,0,1007,0,0,0,LEGITIMATE
CUST_97304,3671.83,Anderson-Scott,GROCERY,IN,DEBIT_CARD,3,565,0,0,749,0,0,0,LEGITIMATE
CUST_77793,16497.08,Taylor Group,HEALTHCARE,NG,DEBIT_CARD,9,0,1,1,1091,1,1,1,ACCOUNT_TAKEOVER
CUST_44465,2259.58,"Grant, Lewis and Taylor",OTHER,IN,NET_BANKING,2,406,0,0,2391,0,0,0,LEGITIMATE
CUST_30618,4269.43,Lane Ltd,FOOD,IN,DEBIT_CARD,1,280,0,0,1074,0,0,0,LEGITIMATE
CUST_16026,1005.48,"Crawford, Graham and Diaz",EDUCATION,GB,UPI,1,596,0,1,1962,0,0,1,PAYMENT_METHOD_ABUSE
CUST_52179,3938.14,"Luna, Medina and Mccoy",HEALTHCARE,CN,UPI,1,544,0,0,1046,0,0,0,LEGITIMATE
CUST_98254,37587.04,Sanders PLC,ECOMMERCE,CN,WALLET,25,0,1,1,245,1,1,1,MULTI_SIGNAL_ATTACK
CUST_58354,1645.95,Anderson PLC,ENTERTAINMENT,GB,WALLET,4,821,0,0,851,0,0,0,LEGITIMATE
CUST_35614,5626.4,"Mitchell, Powell and Jones",TRAVEL,US,CREDIT_CARD,3,681,0,0,2268,0,0,0,LEGITIMATE
CUST_11257,927.08,Henderson PLC,EDUCATION,IN,UPI,2,459,0,0,1402,0,0,0,LEGITIMATE
CUST_74491,412.88,Robinson-Smith,ENTERTAINMENT,US,CREDIT_CARD,4,747,0,0,275,0,0,0,LEGITIMATE
CUST_58823,4113.88,Christian PLC,FOOD,GB,WALLET,8,2,1,1,1907,1,1,1,ACCOUNT_TAKEOVER
CUST_44208,2189.16,"Lewis, Hall and Kline",HEALTHCARE,CN,UPI,2,169,0,0,1320,0,0,0,LEGITIMATE
CUST_86638,2549.01,"Hall, Johnson and Case",FOOD,US,DEBIT_CARD,1,578,0,0,476,0,0,0,LEGITIMATE
CUST_56961,1424.15,Franklin LLC,ENTERTAINMENT,CN,NET_BANKING,2,856,0,0,880,0,0,0,LEGITIMATE
CUST_99922,4314.59,"Johnson, Costa and Anderson",GROCERY,NG,DEBIT_CARD,1,758,0,0,1276,0,0,0,LEGITIMATE
CUST_42534,15112.68,Morris Group,GROCERY,US,UPI,11,3,1,1,1487,1,1,1,MULTI_SIGNAL_ATTACK
CUST_28322,18825.206309468726,"Gibson, Webb and Burton",FOOD,IN,CREDIT_CARD,4,3,0,1,19,1,1,1,SYNTHETIC_IDENTITY
CUST_94670,1200.4,Bell Ltd,FOOD,US,WALLET,1,202,0,1,1846,0,0,1,PAYMENT_METHOD_ABUSE
CUST_75028,15174.6,Hill Ltd,EDUCATION,IN,DEBIT_CARD,17,1,1,1,150,1,1,1,MULTI_SIGNAL_ATTACK
CUST_82179,1419.7,"Ochoa, Wright and Kim",FOOD,IN,UPI,2,675,0,0,1992,0,0,0,LEGITIMATE
CUST_81258,3628.33,Nelson-Stephenson,HEALTHCARE,CN,NET_BANKING,3,427,0,0,109,0,0,0,LEGITIMATE
CUST_45446,11580.68,Baker-Collins,HEALTHCARE,GB,WALLET,15,0,1,1,766,1,1,1,MULTI_SIGNAL_ATTACK
CUST_44934,28823.65,"Chan, Martin and White",HEALTHCARE,IN,WALLET,3,987,0,0,2215,1,1,1,TRANSACTION_ANOMALY
CUST_57026,3361.69,"Martin, Crosby and Turner",HEALTHCARE,IN,WALLET,2,886,0,0,2453,0,0,0,LEGITIMATE
CUST_74517,381.01,Anderson Ltd,TRAVEL,GB,NET_BANKING,2,50,0,0,2250,0,0,0,LEGITIMATE
CUST_79002,905.25,"Hawkins, Heath and Lara",HEALTHCARE,IN,WALLET,2,970,0,0,1987,0,0,0,LEGITIMATE
CUST_52413,3650.43,Patrick LLC,TRAVEL,IN,WALLET,1,896,0,0,273,0,0,0,LEGITIMATE
CUST_78982,2502.83,Mejia PLC,HEALTHCARE,IN,NET_BANKING,3,169,0,0,1524,0,0,0,LEGITIMATE
CUST_30644,4470.74,Meyer PLC,HEALTHCARE,CN,DEBIT_CARD,3,258,0,0,1819,0,0,0,LEGITIMATE
CUST_97232,3586.3,"Beard, Hendricks and Jimenez",EDUCATION,US,UPI,2,776,0,0,2442,0,0,0,LEGITIMATE
CUST_10235,16396.99656365343,"Wright, Coleman and Gaines",HEALTHCARE,CN,CREDIT_CARD,6,5,0,1,30,1,1,1,SYNTHETIC_IDENTITY
CUST_51879,222.56,"Howard, Rodriguez and Palmer",HEALTHCARE,IN,NET_BANKING,1,388,0,0,717,0,0,0,LEGITIMATE
CUST_43640,2541.25,Sanchez and Sons,GROCERY,IN,NET_BANKING,2,935,0,0,472,0,0,0,LEGITIMATE
CUST_64266,12188.21,Parker-Navarro,HEALTHCARE,IN,WALLET,18,0,1,1,2049,1,1,1,MULTI_SIGNAL_ATTACK
CUST_23726,772.47,Pope-Chapman,TRAVEL,GB,NET_BANKING,1,376,0,0,333,0,0,0,LEGITIMATE
CUST_87860,3304.9,"Gonzales, Gaines and Jones",EDUCATION,IN,DEBIT_CARD,1,133,0,0,2007,0,0,0,LEGITIMATE
CUST_53397,3890.28,Diaz-Davis,EDUCATION,CN,WALLET,3,706,1,0,871,0,0,1,GEOGRAPHIC_ANOMALY
CUST_41135,2478.66,"Wright, Carson and Wall",EDUCATION,IN,WALLET,1,399,0,0,422,0,0,0,LEGITIMATE
CUST_10500,2210.52,"Wood, Roach and Strickland",ENTERTAINMENT,IN,WALLET,2,204,0,0,1781,0,0,0,LEGITIMATE
CUST_93648,1777.57,"Gonzalez, Wilson and Hernandez",OTHER,IN,CREDIT_CARD,4,946,0,0,1225,0,0,0,LEGITIMATE
CUST_96643,1263.77,"Lucero, Santos and Smith",EDUCATION,IN,DEBIT_CARD,2,486,0,0,1115,0,0,0,LEGITIMATE
CUST_15848,833.47,Jones Ltd,OTHER,CN,UPI,1,184,0,0,1108,0,0,0,LEGITIMATE
CUST_97486,15582.03,Meadows LLC,HEALTHCARE,NG,WALLET,13,3,1,1,426,1,1,1,ACCOUNT_TAKEOVER
CUST_85066,12995.28,Prince-Thornton,OTHER,CN,CREDIT_CARD,1,544,0,0,995,1,1,1,TRANSACTION_ANOMALY
CUST_32659,436.31,"Nguyen, Vasquez and Palmer",ECOMMERCE,US,DEBIT_CARD,4,236,0,0,714,0,0,0,LEGITIMATE
CUST_92211,6258.14,Stevenson-Mcintyre,ENTERTAINMENT,NG,WALLET,1,119,0,1,635,0,0,1,PAYMENT_METHOD_ABUSE
CUST_82358,4827.83,Daniel-Scott,OTHER,GB,CREDIT_CARD,4,145,0,0,1365,0,0,0,LEGITIMATE
CUST_64321,2784.89,Osborne-Martin,FOOD,US,CREDIT_CARD,3,918,0,0,642,0,0,0,LEGITIMATE
CUST_80206,3327.09,Marshall LLC,ENTERTAINMENT,CN,NET_BANKING,4,68,0,0,1438,0,0,0,LEGITIMATE
CUST_32570,2339.19,Brown-Doyle,EDUCATION,CN,WALLET,1,435,0,0,1158,1,0,1,MERCHANT_ANOMALY
CUST_41139,295.27,Whitehead and Sons,ENTERTAINMENT,NG,UPI,3,348,1,0,231,0,0,1,GEOGRAPHIC_ANOMALY
CUST_99764,4524.36,"Decker, Smith and Hill",TRAVEL,US,UPI,3,305,0,0,432,0,0,0,LEGITIMATE
CUST_64627,4954.35,"Coleman, Sparks and Newman",OTHER,US,DEBIT_CARD,4,807,0,0,395,0,0,0,LEGITIMATE
CUST_77698,1343.18,Griffin Group,TRAVEL,IN,CREDIT_CARD,2,829,0,0,1561,0,0,0,LEGITIMATE
CUST_78719,4972.26,Wallace LLC,TRAVEL,IN,DEBIT_CARD,1,285,0,0,2359,0,0,0,LEGITIMATE
CUST_14334,3825.206194313826,"Scott, Harrison and Roberts",HEALTHCARE,IN,NET_BANKING,10,2,0,1,22,1,1,1,SYNTHETIC_IDENTITY
CUST_72204,4556.12,"Montoya, Ford and Merritt",HEALTHCARE,US,UPI,14,1,1,1,2433,1,1,1,ACCOUNT_TAKEOVER
CUST_39012,30563.11,Payne and Sons,GROCERY,US,NET_BANKING,1,515,0,0,952,1,1,1,TRANSACTION_ANOMALY
CUST_39329,2619.76,Jones-Reynolds,ENTERTAINMENT,NG,UPI,3,500,0,0,1063,0,0,0,LEGITIMATE
CUST_43029,3739.75,Bullock-Santos,ENTERTAINMENT,CN,WALLET,1,37,0,0,923,0,0,0,LEGITIMATE
CUST_77045,3680.43,Garza PLC,ENTERTAINMENT,NG,UPI,3,313,0,0,1562,0,0,0,LEGITIMATE
CUST_93964,1107.61,Norris and Sons,ENTERTAINMENT,GB,UPI,2,951,0,0,1361,0,0,0,LEGITIMATE
CUST_17441,3751.59,Knight Group,HEALTHCARE,CN,WALLET,3,295,0,1,2487,0,0,1,PAYMENT_METHOD_ABUSE
CUST_60891,2974.83,Clark PLC,ECOMMERCE,NG,UPI,4,958,0,0,174,0,0,0,LEGITIMATE
CUST_98063,6454.49177179344,Mullen-Garcia,ENTERTAINMENT,NG,WALLET,5,10,0,1,16,1,1,1,SYNTHETIC_IDENTITY
CUST_53992,4241.85,"Craig, Rivera and Joseph",HEALTHCARE,US,DEBIT_CARD,3,410,0,0,395,0,0,0,LEGITIMATE
CUST_44152,1638.2514032813053,Ferrell Group,OTHER,GB,CREDIT_CARD,26,513,0,0,2428,0,0,1,VELOCITY_ABUSE
CUST_99220,569.7,Smith-Moore,ECOMMERCE,NG,NET_BANKING,2,235,0,0,1593,1,0,1,MERCHANT_ANOMALY
CUST_84632,6059.22,Robinson Group,HEALTHCARE,US,DEBIT_CARD,2,350,0,0,1904,0,0,0,LEGITIMATE
CUST_93165,19590.952945576668,"Ramsey, Miles and Gregory",EDUCATION,IN,NET_BANKING,9,7,0,1,5,1,1,1,SYNTHETIC_IDENTITY
CUST_60242,28308.63,Marshall-Brown,ECOMMERCE,GB,UPI,8,2,1,1,49,1,1,1,ACCOUNT_TAKEOVER
CUST_50906,3164.3,"Anderson, Vargas and Williams",EDUCATION,IN,WALLET,1,335,0,0,558,0,0,0,LEGITIMATE
CUST_48119,26003.25,Meza-Higgins,HEALTHCARE,US,NET_BANKING,8,3,1,1,1897,1,1,1,MULTI_SIGNAL_ATTACK
CUST_27197,1563.65,Johnson and Sons,TRAVEL,US,CREDIT_CARD,1,414,1,0,895,0,0,1,GEOGRAPHIC_ANOMALY
CUST_87846,2773.78,"Turner, Young and Ritter",GROCERY,IN,CREDIT_CARD,4,156,0,0,226,0,0,0,LEGITIMATE
CUST_81733,3006.92,Powell-Burns,TRAVEL,CN,DEBIT_CARD,3,460,0,0,1065,0,0,0,LEGITIMATE
CUST_96725,1457.28,Smith-Williams,ENTERTAINMENT,NG,WALLET,1,553,0,0,443,0,0,0,LEGITIMATE
CUST_90962,2248.84,Hines LLC,FOOD,GB,CREDIT_CARD,3,881,0,0,512,0,0,0,LEGITIMATE
CUST_78569,785.74,Johnson PLC,EDUCATION,GB,UPI,2,734,0,0,856,0,0,0,LEGITIMATE
CUST_73001,16816.04436804579,"Macdonald, Mcbride and Schmidt",FOOD,US,UPI,6,7,0,1,25,1,1,1,SYNTHETIC_IDENTITY
CUST_48800,4453.84,Smith-White,ENTERTAINMENT,CN,CREDIT_CARD,3,398,0,0,1111,1,0,1,MERCHANT_ANOMALY
CUST_25191,4971.39,Sanford-Mitchell,GROCERY,IN,DEBIT_CARD,3,945,0,0,419,0,0,0,LEGITIMATE
CUST_67372,1333.85,Crawford PLC,HEALTHCARE,IN,UPI,4,308,0,0,1128,0,0,0,LEGITIMATE
CUST_60556,715.48,"Johnson, Higgins and Ellis",TRAVEL,CN,WALLET,2,136,0,1,1988,0,0,1,PAYMENT_METHOD_ABUSE
CUST_84572,19098.33,Collins-Riley,EDUCATION,NG,UPI,10,0,1,1,1824,1,1,1,MULTI_SIGNAL_ATTACK
CUST_51187,3784.620130846285,"Hoover, Moore and Stokes",ECOMMERCE,NG,UPI,25,473,0,0,80,0,0,1,VELOCITY_ABUSE
CUST_98643,2202.98,"Butler, Lynch and Taylor",GROCERY,US,CREDIT_CARD,4,902,0,0,1606,0,0,0,LEGITIMATE
CUST_74990,6611.514490820892,Watts-Liu,OTHER,IN,UPI,27,549,0,0,707,0,0,1,VELOCITY_ABUSE
CUST_62858,5239.07,Garcia-Jackson,OTHER,IN,NET_BANKING,4,487,0,0,992,0,0,0,LEGITIMATE
CUST_51426,1885.91,"Mcdonald, Cooley and Mitchell",GROCERY,CN,CREDIT_CARD,1,875,0,0,516,0,0,0,LEGITIMATE
CUST_21913,2722.34,Davidson Group,ECOMMERCE,NG,NET_BANKING,1,866,0,0,1277,0,0,0,LEGITIMATE
CUST_39218,4867.18,Owens-Johnson,OTHER,GB,UPI,2,32,0,0,1891,0,0,0,LEGITIMATE
CUST_54742,407.71,Pham-Mclaughlin,HEALTHCARE,GB,CREDIT_CARD,2,871,0,0,1484,0,0,0,LEGITIMATE
CUST_63636,1523.7745992311739,"Gonzalez, Robinson and Harris",ECOMMERCE,GB,DEBIT_CARD,20,498,0,0,468,0,0,1,VELOCITY_ABUSE
CUST_64325,1440.61,Richards-Gaines,FOOD,NG,NET_BANKING,2,540,0,0,220,0,0,0,LEGITIMATE
CUST_10568,2140.75,Warner-Brown,EDUCATION,IN,WALLET,2,738,0,0,2202,0,0,0,LEGITIMATE
CUST_85832,3360.5,Young Inc,FOOD,US,NET_BANKING,3,546,0,0,741,0,0,0,LEGITIMATE
CUST_60418,2134.56,Bowman-Morris,ECOMMERCE,NG,UPI,3,493,0,0,1744,0,0,0,LEGITIMATE
CUST_27481,7286.653088483998,Jordan Group,ENTERTAINMENT,CN,WALLET,29,235,0,0,595,0,0,1,VELOCITY_ABUSE
CUST_99995,3240.57,"Garcia, Rasmussen and Figueroa",TRAVEL,US,WALLET,1,809,0,0,1444,0,0,0,LEGITIMATE
CUST_56168,13283.498465447285,Morris Ltd,GROCERY,CN,CREDIT_CARD,6,4,0,1,1,1,1,1,SYNTHETIC_IDENTITY
CUST_31094,3389.75,Boone and Sons,TRAVEL,GB,CREDIT_CARD,1,397,0,0,1203,0,0,0,LEGITIMATE
CUST_69322,2128.81,Haynes-Gordon,ECOMMERCE,NG,WALLET,3,739,0,0,449,0,0,0,LEGITIMATE
CUST_97096,12322.15,Chase-Nguyen,EDUCATION,GB,NET_BANKING,8,3,1,1,222,1,1,1,ACCOUNT_TAKEOVER
CUST_39563,1898.84,Walker PLC,ECOMMERCE,NG,DEBIT_CARD,1,221,0,0,1536,0,0,0,LEGITIMATE
CUST_32779,1622.31,Boyd PLC,EDUCATION,IN,CREDIT_CARD,2,194,0,0,2134,0,0,0,LEGITIMATE
CUST_86544,2223.31,Nichols LLC,HEALTHCARE,IN,NET_BANKING,2,980,0,0,1074,0,0,0,LEGITIMATE
CUST_52287,5266.54,Barry-Rodriguez,ENTERTAINMENT,IN,NET_BANKING,1,832,0,0,2474,0,0,0,LEGITIMATE
CUST_51662,571.05,Gray and Sons,TRAVEL,US,WALLET,4,586,0,0,2182,0,0,0,LEGITIMATE
CUST_80390,3609.42,"Bradley, Callahan and Jones",HEALTHCARE,GB,DEBIT_CARD,3,399,1,0,1682,0,0,1,GEOGRAPHIC_ANOMALY
CUST_91039,4733.61,Nguyen-Bradford,GROCERY,CN,CREDIT_CARD,2,70,0,0,2202,0,0,0,LEGITIMATE
CUST_99463,1473.03,Myers Ltd,HEALTHCARE,CN,NET_BANKING,1,963,0,0,1344,1,0,1,MERCHANT_ANOMALY
CUST_76680,5841.92,Myers PLC,GROCERY,CN,UPI,1,1000,0,0,1855,0,0,0,LEGITIMATE
CUST_22577,1232.2,Turner Inc,GROCERY,NG,CREDIT_CARD,2,915,0,0,715,0,0,0,LEGITIMATE
CUST_99837,21523.175561065775,"Butler, Johnson and Allen",GROCERY,IN,NET_BANKING,8,0,0,1,24,1,1,1,SYNTHETIC_IDENTITY
CUST_21471,4142.12,"Rice, Trevino and Weaver",TRAVEL,IN,UPI,2,962,0,0,330,0,0,0,LEGITIMATE
CUST_43901,2136.7,Tucker Inc,OTHER,CN,NET_BANKING,1,577,0,0,1699,0,0,0,LEGITIMATE
CUST_10773,2382.58,"Rodriguez, Li and Ray",GROCERY,NG,CREDIT_CARD,3,835,0,0,289,0,0,0,LEGITIMATE
CUST_99899,4498.26,Peterson-Ford,FOOD,NG,UPI,4,871,0,0,1264,0,0,0,LEGITIMATE
CUST_96602,10018.48,Grant PLC,HEALTHCARE,CN,WALLET,3,679,0,0,156,1,1,1,TRANSACTION_ANOMALY
CUST_11461,303.89,"Mckay, Rogers and Adams",TRAVEL,NG,CREDIT_CARD,4,580,0,0,2297,0,0,0,LEGITIMATE
CUST_81765,8767.23,Alvarado-Parker,ENTERTAINMENT,GB,UPI,2,194,0,0,378,1,1,1,TRANSACTION_ANOMALY
CUST_35470,3052.85,"Mcbride, Bush and Washington",GROCERY,US,WALLET,3,717,0,0,499,0,0,0,LEGITIMATE
CUST_18829,1422.37,Berry-Torres,ECOMMERCE,IN,WALLET,2,717,0,0,1056,0,0,0,LEGITIMATE
CUST_95914,376.8,Novak-Allen,ENTERTAINMENT,IN,WALLET,4,491,0,0,990,0,0,0,LEGITIMATE
CUST_53036,12334.2,Adkins PLC,TRAVEL,US,WALLET,15,3,1,1,1282,1,1,1,ACCOUNT_TAKEOVER
CUST_46264,2258.57,Cannon-Myers,HEALTHCARE,US,NET_BANKING,3,528,0,0,1502,0,0,0,LEGITIMATE
CUST_82308,5097.1,"Black, Williamson and Mitchell",FOOD,US,UPI,2,299,0,0,475,0,0,0,LEGITIMATE
CUST_92132,5740.142985998504,"Mills, Prince and Smith",GROCERY,IN,WALLET,11,817,0,0,343,0,0,1,VELOCITY_ABUSE
CUST_81233,8512.54,Jensen Ltd,TRAVEL,IN,UPI,24,2,1,1,2240,1,1,1,MULTI_SIGNAL_ATTACK
CUST_41310,1356.88,Brady-Watson,TRAVEL,NG,NET_BANKING,2,783,0,0,709,0,0,0,LEGITIMATE
CUST_73373,859.59,"King, Adams and Vaughn",ECOMMERCE,IN,NET_BANKING,2,73,0,0,1499,0,0,0,LEGITIMATE
CUST_97632,1409.23,Pierce-Mullen,HEALTHCARE,NG,NET_BANKING,1,70,0,0,876,0,0,0,LEGITIMATE
CUST_95003,2936.08,"Taylor, Flores and Allen",ENTERTAINMENT,IN,UPI,4,699,0,0,1357,0,0,0,LEGITIMATE
CUST_59613,1542.76,Horton and Sons,FOOD,NG,UPI,2,558,0,1,1526,0,0,1,PAYMENT_METHOD_ABUSE
CUST_55224,4397.52,Moreno-Davenport,GROCERY,CN,WALLET,2,108,0,0,2024,0,0,0,LEGITIMATE
CUST_77441,461.55,"Fisher, Kennedy and Dawson",TRAVEL,US,DEBIT_CARD,1,706,0,0,1180,0,0,0,LEGITIMATE
CUST_40191,3364.43,Barry-Long,FOOD,GB,NET_BANKING,2,692,0,0,1728,0,0,0,LEGITIMATE
CUST_63857,1989.8,"Long, Hess and Nolan",GROCERY,US,DEBIT_CARD,1,942,0,0,121,0,0,0,LEGITIMATE
CUST_85008,5402.51,Webb Group,TRAVEL,IN,UPI,4,643,0,0,631,0,0,0,LEGITIMATE
CUST_83872,6207.967786906401,Townsend Inc,FOOD,GB,DEBIT_CARD,23,204,0,0,106,0,0,1,VELOCITY_ABUSE
CUST_86368,2812.33,Spencer Group,ENTERTAINMENT,NG,DEBIT_CARD,4,640,0,0,774,0,0,0,LEGITIMATE
CUST_87410,727.4,"Montes, Gutierrez and Campbell",EDUCATION,US,NET_BANKING,4,876,0,0,311,0,0,0,LEGITIMATE
CUST_29603,22679.1,Olson-Waters,OTHER,IN,WALLET,24,3,1,1,424,1,1,1,MULTI_SIGNAL_ATTACK
CUST_15693,3927.35,Ryan-Kelly,ECOMMERCE,CN,NET_BANKING,1,465,0,0,2200,0,0,0,LEGITIMATE
CUST_27548,7236.9139534580245,"Roberts, Lambert and Rosales",ECOMMERCE,CN,CREDIT_CARD,10,293,0,0,1072,0,0,1,VELOCITY_ABUSE
CUST_10932,135.96,Bishop PLC,GROCERY,NG,WALLET,3,448,0,0,2397,1,0,1,MERCHANT_ANOMALY
CUST_30287,4846.23,Garrett Inc,ENTERTAINMENT,NG,UPI,3,656,0,0,1775,0,0,0,LEGITIMATE
CUST_46118,3436.94,Robinson-Montes,EDUCATION,US,WALLET,3,602,0,0,1657,0,0,0,LEGITIMATE
CUST_82733,9203.82522089825,"Garcia, Davila and Holland",TRAVEL,GB,CREDIT_CARD,6,8,0,1,24,1,1,1,SYNTHETIC_IDENTITY
CUST_62502,2012.37,Sanchez-Floyd,GROCERY,NG,DEBIT_CARD,1,873,0,0,1416,0,0,0,LEGITIMATE
CUST_29048,376.22,"Guerrero, Strong and Norris",EDUCATION,NG,CREDIT_CARD,1,653,0,0,1961,0,0,0,LEGITIMATE
CUST_14948,2031.22,Alexander-Parsons,ENTERTAINMENT,US,WALLET,14,2,1,1,1604,1,1,1,MULTI_SIGNAL_ATTACK
CUST_88579,710.0,Guerrero and Sons,ECOMMERCE,NG,WALLET,2,700,0,0,2121,0,0,0,LEGITIMATE
CUST_10037,2825.8,"Brooks, Martinez and Johnson",ENTERTAINMENT,IN,NET_BANKING,2,560,0,0,674,0,0,0,LEGITIMATE
CUST_12014,4632.52,Gonzalez Ltd,ENTERTAINMENT,IN,WALLET,3,261,0,0,311,0,0,0,LEGITIMATE
CUST_89477,152.36,Whitney-Hernandez,EDUCATION,CN,WALLET,1,602,0,0,826,0,0,0,LEGITIMATE
CUST_19487,38322.61,Cox-Brown,HEALTHCARE,NG,CREDIT_CARD,22,2,1,1,2090,1,1,1,MULTI_SIGNAL_ATTACK
CUST_86916,509.54,Osborn-Miller,FOOD,CN,UPI,2,723,0,0,142,0,0,0,LEGITIMATE
CUST_40137,2618.05,Jones-Howard,HEALTHCARE,IN,WALLET,3,284,1,0,1323,0,0,1,GEOGRAPHIC_ANOMALY
CUST_62288,1968.62,"Gardner, Church and Walker",TRAVEL,IN,NET_BANKING,3,217,0,0,1430,0,0,0,LEGITIMATE
CUST_99536,8445.179744636047,"Ray, Phillips and Smith",ECOMMERCE,CN,DEBIT_CARD,17,264,0,0,808,0,0,1,VELOCITY_ABUSE
CUST_56665,24672.3,Burton Group,FOOD,CN,CREDIT_CARD,14,2,1,1,668,1,1,1,ACCOUNT_TAKEOVER
CUST_74532,1718.3365264118283,Contreras-Stafford,OTHER,GB,DEBIT_CARD,28,437,0,0,2383,0,0,1,VELOCITY_ABUSE
CUST_78909,16991.538766189708,"Rodriguez, Haley and Green",HEALTHCARE,CN,CREDIT_CARD,3,10,0,1,23,1,1,1,SYNTHETIC_IDENTITY
CUST_37623,821.74,"Compton, Carter and Johnson",FOOD,US,UPI,2,591,1,0,1584,0,0,1,GEOGRAPHIC_ANOMALY
CUST_45311,672.63,"Miller, Edwards and Mooney",HEALTHCARE,NG,UPI,4,747,0,0,1960,0,0,0,LEGITIMATE
CUST_58799,1426.88,Ho-Moyer,ENTERTAINMENT,CN,NET_BANKING,2,863,0,0,1525,0,0,0,LEGITIMATE
CUST_23090,3961.15,Hanson and Sons,EDUCATION,NG,NET_BANKING,7,2,1,1,1135,1,1,1,ACCOUNT_TAKEOVER
CUST_73782,633.05,Rodgers Group,GROCERY,GB,NET_BANKING,2,863,0,0,1258,0,0,0,LEGITIMATE
CUST_43330,1655.44,"Sanders, Smith and Williams",OTHER,IN,UPI,3,382,0,0,1981,0,0,0,LEGITIMATE
CUST_12599,1244.87,"Barrett, Fry and Cruz",HEALTHCARE,IN,WALLET,2,829,0,0,1716,0,0,0,LEGITIMATE
CUST_47304,7911.07,Young-Martin,OTHER,GB,NET_BANKING,3,504,0,0,1484,0,0,0,LEGITIMATE
CUST_92799,4134.2,Jimenez Group,HEALTHCARE,US,NET_BANKING,1,111,0,0,623,0,0,0,LEGITIMATE
CUST_31233,17801.16,Miller and Sons,HEALTHCARE,CN,UPI,21,3,1,1,1437,1,1,1,MULTI_SIGNAL_ATTACK
CUST_13027,921.51,"Fry, Riley and Henry",ENTERTAINMENT,US,CREDIT_CARD,1,95,0,0,542,0,0,0,LEGITIMATE
CUST_72021,15864.75,Craig-Benitez,EDUCATION,IN,NET_BANKING,1,298,0,0,2276,1,1,1,TRANSACTION_ANOMALY
CUST_50549,3370.24,Garcia Inc,ENTERTAINMENT,US,NET_BANKING,2,59,0,0,969,0,0,0,LEGITIMATE
CUST_14607,3957.18,Larsen-Peterson,OTHER,GB,NET_BANKING,3,591,0,0,1491,0,0,0,LEGITIMATE
CUST_68306,1977.39,King LLC,TRAVEL,NG,WALLET,4,566,0,0,583,0,0,0,LEGITIMATE
CUST_93858,2339.36,Lewis-Moss,ECOMMERCE,GB,NET_BANKING,4,345,0,0,2216,1,0,1,MERCHANT_ANOMALY
CUST_44053,1978.65,Dodson Group,GROCERY,NG,CREDIT_CARD,2,382,1,0,667,0,0,1,GEOGRAPHIC_ANOMALY
CUST_80136,412.55,Jones PLC,OTHER,CN,UPI,3,641,0,0,64,0,0,0,LEGITIMATE
CUST_40305,2656.01,"Cook, Wilson and Ochoa",HEALTHCARE,NG,DEBIT_CARD,4,285,0,0,59,0,0,0,LEGITIMATE
CUST_31400,579.05,Walker PLC,ECOMMERCE,CN,UPI,3,321,0,0,1626,0,0,0,LEGITIMATE
CUST_94994,5886.43,"Watson, Smith and Oliver",EDUCATION,GB,DEBIT_CARD,3,143,0,0,2208,0,0,0,LEGITIMATE
CUST_93478,3631.17,Johnson-Ball,OTHER,NG,UPI,3,49,0,0,1895,0,0,0,LEGITIMATE
CUST_29942,3819.19,Willis and Sons,GROCERY,NG,DEBIT_CARD,2,762,0,0,233,0,0,0,LEGITIMATE
CUST_67464,422.99,Cruz LLC,FOOD,US,DEBIT_CARD,4,349,0,0,63,0,0,0,LEGITIMATE
CUST_75325,663.9,"Martinez, Ford and Andrews",GROCERY,NG,UPI,2,87,1,0,1551,0,0,1,GEOGRAPHIC_ANOMALY
CUST_19356,3332.62,Bullock LLC,TRAVEL,CN,DEBIT_CARD,4,878,0,0,2254,0,0,0,LEGITIMATE
CUST_11653,20982.212860264837,Rodriguez-Bruce,ECOMMERCE,US,NET_BANKING,9,10,0,1,17,1,1,1,SYNTHETIC_IDENTITY
CUST_50908,2109.31,Brown LLC,GROCERY,US,WALLET,3,233,0,0,1353,0,0,0,LEGITIMATE
CUST_57241,2118.6,"Clark, Obrien and Riley",FOOD,US,DEBIT_CARD,2,843,0,0,243,0,0,0,LEGITIMATE
CUST_46188,335.48,Barrett Ltd,EDUCATION,IN,DEBIT_CARD,4,734,0,0,2424,0,0,0,LEGITIMATE
CUST_88146,1413.75,Espinoza-Figueroa,FOOD,GB,DEBIT_CARD,3,983,0,0,664,0,0,0,LEGITIMATE
CUST_91937,9825.919254156419,Clark PLC,HEALTHCARE,IN,DEBIT_CARD,20,529,0,0,275,0,0,1,VELOCITY_ABUSE
CUST_94495,4002.18,Leon Group,ECOMMERCE,CN,CREDIT_CARD,2,286,0,0,1452,0,0,0,LEGITIMATE
CUST_15175,2969.02,Beck-Bentley,ENTERTAINMENT,CN,WALLET,2,586,0,0,2017,0,0,0,LEGITIMATE
CUST_55569,4030.57,Hale-Hatfield,ENTERTAINMENT,CN,WALLET,1,573,0,0,1355,0,0,0,LEGITIMATE
CUST_30319,1671.55,Bentley and Sons,ENTERTAINMENT,GB,WALLET,4,781,0,0,1870,0,0,0,LEGITIMATE
CUST_34318,9798.09,Wall Ltd,HEALTHCARE,US,WALLET,18,2,1,1,106,1,1,1,MULTI_SIGNAL_ATTACK
CUST_52208,4259.99,"Campbell, Lawrence and Chan",FOOD,IN,CREDIT_CARD,1,236,0,0,482,0,0,0,LEGITIMATE
CUST_24031,2329.93,"Gutierrez, Franklin and Tyler",FOOD,IN,CREDIT_CARD,4,568,1,0,2018,0,0,1,GEOGRAPHIC_ANOMALY
CUST_58018,4980.43,"Jackson, Allen and Romero",FOOD,NG,CREDIT_CARD,4,980,0,0,934,0,0,0,LEGITIMATE
CUST_20480,26494.03,Kramer-Bell,HEALTHCARE,CN,WALLET,13,0,1,1,1947,1,1,1,ACCOUNT_TAKEOVER
CUST_19225,6740.326880389815,Sanchez-Gray,ECOMMERCE,IN,WALLET,26,224,0,0,1274,0,0,1,VELOCITY_ABUSE
CUST_84714,2998.24,Silva and Sons,EDUCATION,NG,CREDIT_CARD,4,749,0,0,762,0,0,0,LEGITIMATE
CUST_97194,2430.35,Walsh-Johnson,TRAVEL,IN,DEBIT_CARD,2,576,0,0,1779,0,0,0,LEGITIMATE
CUST_88632,5895.52,Davis-Williams,HEALTHCARE,GB,WALLET,3,452,0,0,1844,0,0,0,LEGITIMATE
CUST_93000,3172.03,Jordan LLC,ECOMMERCE,GB,WALLET,3,398,0,0,1793,0,0,0,LEGITIMATE
CUST_69297,3716.24,Johnston LLC,GROCERY,CN,CREDIT_CARD,2,941,0,0,1862,0,0,0,LEGITIMATE
CUST_49562,4414.43,"Ramirez, Warner and Freeman",ECOMMERCE,GB,DEBIT_CARD,3,971,0,0,56,0,0,0,LEGITIMATE
CUST_82569,456.27,Soto Group,TRAVEL,NG,CREDIT_CARD,2,301,0,0,2124,0,0,0,LEGITIMATE
CUST_58114,2384.87,"Duncan, Smith and Brown",ECOMMERCE,US,UPI,4,612,0,0,2414,0,0,0,LEGITIMATE
CUST_38499,2889.27,Hester-Keller,OTHER,IN,DEBIT_CARD,1,639,1,0,346,0,0,1,GEOGRAPHIC_ANOMALY
CUST_85534,23800.531559596784,Woodard LLC,GROCERY,IN,NET_BANKING,3,4,0,1,28,1,1,1,SYNTHETIC_IDENTITY
CUST_78731,2984.06,Young-Brown,TRAVEL,GB,UPI,1,719,0,0,198,0,0,0,LEGITIMATE
CUST_61495,1839.51,"Henson, Molina and Moore",GROCERY,NG,DEBIT_CARD,2,165,0,0,1855,1,0,1,MERCHANT_ANOMALY
CUST_72371,333.87,"Ramirez, Salazar and Willis",EDUCATION,IN,UPI,2,810,0,0,2370,0,0,0,LEGITIMATE
CUST_27677,1244.08,Thomas-Jones,ECOMMERCE,NG,NET_BANKING,2,278,0,0,1999,0,0,0,LEGITIMATE
CUST_19390,637.62,Cole-Ray,FOOD,CN,WALLET,4,404,0,0,1120,1,0,1,MERCHANT_ANOMALY
CUST_52039,1078.17,"Rosales, Kim and Garrett",GROCERY,NG,UPI,4,668,0,0,1441,0,0,0,LEGITIMATE
CUST_29112,2700.77,Lee-Jackson,ECOMMERCE,IN,DEBIT_CARD,1,145,0,0,1834,0,0,0,LEGITIMATE
CUST_17148,2226.12,Williamson PLC,TRAVEL,GB,UPI,14,1,1,1,1025,1,1,1,MULTI_SIGNAL_ATTACK
CUST_43902,11245.39,Stark-Hopkins,ECOMMERCE,CN,CREDIT_CARD,1,291,0,0,2277,1,1,1,TRANSACTION_ANOMALY
CUST_90997,10897.380593568696,Adams-Holt,EDUCATION,IN,DEBIT_CARD,9,8,0,1,1,1,1,1,SYNTHETIC_IDENTITY
CUST_23055,3396.8114679225646,Gardner PLC,FOOD,CN,DEBIT_CARD,26,70,0,0,1322,0,0,1,VELOCITY_ABUSE
CUST_74216,2916.83,Stevenson-Green,GROCERY,US,UPI,3,271,0,0,1641,0,0,0,LEGITIMATE
CUST_75700,4526.94,Williams-Turner,ENTERTAINMENT,GB,NET_BANKING,1,996,1,0,1159,0,0,1,GEOGRAPHIC_ANOMALY
CUST_29884,2906.84,Simpson and Sons,TRAVEL,CN,CREDIT_CARD,2,457,0,0,1429,0,0,0,LEGITIMATE
CUST_41504,4127.69,"Thomas, Klein and Walker",EDUCATION,US,UPI,2,241,0,0,2376,0,0,0,LEGITIMATE
CUST_95520,19461.58,Alvarez Ltd,TRAVEL,NG,DEBIT_CARD,2,470,0,0,597,1,1,1,TRANSACTION_ANOMALY
CUST_51614,1475.76,Rose-Miller,ENTERTAINMENT,NG,DEBIT_CARD,1,813,0,0,307,1,0,1,MERCHANT_ANOMALY
CUST_63903,4762.82,"Garrison, Bowman and Brown",ENTERTAINMENT,CN,DEBIT_CARD,2,56,0,0,1272,0,0,0,LEGITIMATE
CUST_90213,14218.78,"Williams, Kramer and Nunez",ECOMMERCE,CN,WALLET,13,2,1,1,1123,1,1,1,MULTI_SIGNAL_ATTACK
CUST_74414,1456.46,"Hall, Cox and Gutierrez",TRAVEL,US,DEBIT_CARD,1,977,0,0,1970,0,0,0,LEGITIMATE
CUST_45370,5283.02,"Thompson, Figueroa and Johnson",ECOMMERCE,NG,DEBIT_CARD,20,3,1,1,1721,1,1,1,MULTI_SIGNAL_ATTACK
CUST_89682,1798.82,"Williams, Barrett and Williams",EDUCATION,GB,WALLET,1,563,0,0,1588,0,0,0,LEGITIMATE
CUST_24328,2153.9,"Moore, Strickland and Cobb",GROCERY,CN,DEBIT_CARD,1,601,0,0,1879,0,0,0,LEGITIMATE
CUST_60777,21307.58,"Pearson, Collins and French",GROCERY,IN,UPI,3,502,0,0,2144,1,1,1,TRANSACTION_ANOMALY
CUST_77760,3482.47,"Mcknight, Delgado and Daniels",OTHER,CN,CREDIT_CARD,2,432,0,0,612,0,0,0,LEGITIMATE
CUST_64206,11245.26,"Sanchez, Perez and Velasquez",GROCERY,GB,DEBIT_CARD,11,1,1,1,1354,1,1,1,MULTI_SIGNAL_ATTACK
CUST_68903,2664.13,Spence-Miller,EDUCATION,IN,WALLET,4,74,0,0,1516,0,0,0,LEGITIMATE
CUST_32398,4464.94,"Frank, Romero and Key",TRAVEL,NG,DEBIT_CARD,1,459,0,0,1402,0,0,0,LEGITIMATE
CUST_50378,734.52,Jimenez-Ball,ENTERTAINMENT,CN,DEBIT_CARD,2,33,0,0,1297,0,0,0,LEGITIMATE
CUST_91600,5563.08,Stevens-Yates,OTHER,IN,NET_BANKING,1,652,0,0,1066,0,0,0,LEGITIMATE
CUST_74679,2306.67,"Cohen, Jackson and Mcbride",OTHER,US,NET_BANKING,1,280,0,0,1004,0,0,0,LEGITIMATE
CUST_81741,1178.99,Daniel Group,ECOMMERCE,NG,CREDIT_CARD,3,67,0,0,1169,0,0,0,LEGITIMATE
CUST_29054,4142.35,Lopez PLC,ENTERTAINMENT,NG,UPI,4,212,0,0,162,0,0,0,LEGITIMATE
CUST_31146,3333.97,Goodman PLC,TRAVEL,NG,NET_BANKING,1,125,0,0,1194,0,0,0,LEGITIMATE
CUST_49229,21809.4,Williams and Sons,EDUCATION,CN,CREDIT_CARD,24,3,1,1,1352,1,1,1,MULTI_SIGNAL_ATTACK
CUST_37400,4038.02,Jones-Thomas,FOOD,IN,NET_BANKING,3,467,0,0,268,0,0,0,LEGITIMATE
CUST_89802,2817.21,"Chase, Callahan and Lyons",HEALTHCARE,GB,DEBIT_CARD,4,534,0,0,1326,0,0,0,LEGITIMATE
CUST_33580,822.98,Cruz PLC,ECOMMERCE,GB,CREDIT_CARD,1,785,0,0,983,0,0,0,LEGITIMATE
CUST_37175,2916.966460696289,"Kirk, Williams and Wong",GROCERY,CN,UPI,19,41,0,0,1728,0,0,1,VELOCITY_ABUSE
CUST_18891,908.98,"Gordon, Strickland and Smith",HEALTHCARE,GB,CREDIT_CARD,4,771,0,0,1290,0,0,0,LEGITIMATE
CUST_84569,46799.44,Barber-Sanders,ECOMMERCE,GB,UPI,22,1,1,1,149,1,1,1,MULTI_SIGNAL_ATTACK
CUST_80381,5472.34,Castro-Barnett,EDUCATION,CN,CREDIT_CARD,3,598,0,0,1402,0,0,0,LEGITIMATE
CUST_80239,464.99,Pitts-Short,HEALTHCARE,US,UPI,1,377,0,0,106,0,0,0,LEGITIMATE
CUST_59183,1499.32,Brown-Gomez,HEALTHCARE,US,DEBIT_CARD,3,752,0,0,2218,1,0,1,MERCHANT_ANOMALY
CUST_14145,3298.46,Klein-Shea,FOOD,CN,NET_BANKING,3,251,0,0,1142,0,0,0,LEGITIMATE
CUST_78825,27356.07,Harris-Rice,FOOD,GB,UPI,8,2,1,1,1268,1,1,1,ACCOUNT_TAKEOVER
CUST_73369,3551.35,Thomas and Sons,HEALTHCARE,GB,DEBIT_CARD,2,240,0,0,2174,0,0,0,LEGITIMATE
CUST_14791,1700.5,Camacho-Howard,FOOD,CN,CREDIT_CARD,1,371,0,0,1911,0,0,0,LEGITIMATE
CUST_71194,4218.0,"Gonzalez, Wood and Gutierrez",ENTERTAINMENT,IN,CREDIT_CARD,2,358,0,0,218,0,0,0,LEGITIMATE
CUST_36287,1873.47,White-Mayer,ENTERTAINMENT,GB,WALLET,1,309,0,0,818,0,0,0,LEGITIMATE
CUST_29571,4536.92,Norris Inc,FOOD,GB,CREDIT_CARD,1,241,0,0,675,0,0,0,LEGITIMATE
CUST_81110,1176.8072765923052,Burns LLC,HEALTHCARE,NG,UPI,15,617,0,0,1464,0,0,1,VELOCITY_ABUSE
CUST_90381,368.67,Kelly-Barton,OTHER,NG,CREDIT_CARD,1,138,0,0,1417,0,0,0,LEGITIMATE
CUST_60279,1121.51,Swanson Group,EDUCATION,IN,NET_BANKING,4,661,0,0,250,0,0,0,LEGITIMATE
CUST_56612,3421.24,Sutton-Allen,OTHER,GB,WALLET,4,611,0,0,1309,1,1,1,TRANSACTION_ANOMALY
CUST_22748,827.11,Powers-Mccoy,OTHER,GB,NET_BANKING,3,964,0,0,1896,0,0,0,LEGITIMATE
CUST_57638,3055.08,Ortiz-Ross,HEALTHCARE,US,UPI,4,145,0,0,1635,0,0,0,LEGITIMATE
CUST_56064,4214.98,Torres-Price,TRAVEL,CN,UPI,2,550,0,0,1990,0,0,0,LEGITIMATE
CUST_23491,2972.95,Burton Ltd,HEALTHCARE,IN,DEBIT_CARD,4,440,0,1,1691,0,0,1,PAYMENT_METHOD_ABUSE
CUST_91379,2365.41,"Hawkins, Smith and Burke",TRAVEL,NG,NET_BANKING,4,833,0,0,1028,0,0,0,LEGITIMATE
CUST_67062,5299.58,Barber-Edwards,ECOMMERCE,GB,DEBIT_CARD,4,147,0,0,2353,0,0,0,LEGITIMATE
CUST_87616,699.15,Harrington-Hess,HEALTHCARE,CN,WALLET,3,445,0,0,2471,0,0,0,LEGITIMATE
CUST_19123,35688.97,Dawson-Montoya,GROCERY,IN,UPI,1,252,0,0,2480,1,1,1,TRANSACTION_ANOMALY
CUST_29231,2792.46,Dickerson-Brown,ENTERTAINMENT,CN,NET_BANKING,2,727,0,0,641,0,0,0,LEGITIMATE
CUST_51497,21373.71,"Sutton, Zimmerman and Aguilar",ENTERTAINMENT,CN,NET_BANKING,7,2,1,1,1257,1,1,1,ACCOUNT_TAKEOVER
CUST_18180,4318.44,Burns-Hill,GROCERY,IN,CREDIT_CARD,3,142,1,0,1542,0,0,1,GEOGRAPHIC_ANOMALY
CUST_40833,2842.5,Wells Inc,EDUCATION,NG,UPI,4,588,0,0,1798,0,0,0,LEGITIMATE
CUST_37684,2917.3,Brown-Hernandez,TRAVEL,CN,UPI,3,890,0,1,740,0,0,1,PAYMENT_METHOD_ABUSE
CUST_47810,2916.74,"Larsen, Delacruz and White",GROCERY,US,CREDIT_CARD,4,703,0,0,544,0,0,0,LEGITIMATE
CUST_67243,41313.15,"Ward, Humphrey and Smith",EDUCATION,IN,NET_BANKING,4,668,0,0,586,1,1,1,TRANSACTION_ANOMALY
CUST_82358,1182.87,Huang-Espinoza,HEALTHCARE,CN,DEBIT_CARD,4,897,0,0,1873,0,0,0,LEGITIMATE
CUST_41031,3735.95,Moore-Allen,EDUCATION,GB,WALLET,1,611,0,0,2085,0,0,0,LEGITIMATE
CUST_73342,27027.717914222972,"Stephens, Savage and White",FOOD,IN,DEBIT_CARD,10,10,0,1,17,1,1,1,SYNTHETIC_IDENTITY
CUST_96997,422.74,Armstrong-Hancock,ENTERTAINMENT,NG,WALLET,1,510,0,0,349,0,0,0,LEGITIMATE
CUST_69511,10139.03,Williams LLC,ENTERTAINMENT,CN,NET_BANKING,3,326,0,0,2129,1,1,1,TRANSACTION_ANOMALY
CUST_83886,899.22,Patterson-Sims,OTHER,IN,WALLET,3,858,0,0,1096,0,0,0,LEGITIMATE
CUST_91830,885.02,Sullivan-Vargas,OTHER,GB,CREDIT_CARD,3,288,0,0,141,0,0,0,LEGITIMATE
CUST_27372,4470.21,"Doyle, Hall and Carney",ENTERTAINMENT,GB,CREDIT_CARD,2,704,0,0,1180,0,0,0,LEGITIMATE
CUST_68543,19079.69048035465,Molina-Ellis,TRAVEL,US,NET_BANKING,9,6,0,1,5,1,1,1,SYNTHETIC_IDENTITY
CUST_41188,4534.74,Taylor-Martinez,ECOMMERCE,US,WALLET,3,803,0,0,1832,0,0,0,LEGITIMATE
CUST_25203,3328.41,Mejia Ltd,OTHER,US,NET_BANKING,2,418,0,0,245,0,0,0,LEGITIMATE
CUST_99589,3029.96,"Anderson, Shepherd and Mejia",ENTERTAINMENT,CN,DEBIT_CARD,3,979,0,0,1627,0,0,0,LEGITIMATE
CUST_68827,6765.69,"Johnson, Curry and Irwin",GROCERY,GB,CREDIT_CARD,4,655,0,0,1594,0,0,0,LEGITIMATE
CUST_95467,3267.44,"Reyes, Morales and Weaver",ENTERTAINMENT,GB,UPI,4,502,0,0,1146,0,0,0,LEGITIMATE
CUST_98511,11281.96,Baldwin LLC,ECOMMERCE,IN,WALLET,5,3,1,1,1020,1,1,1,ACCOUNT_TAKEOVER
CUST_22805,695.93,Merritt Inc,OTHER,IN,UPI,2,64,0,0,2181,0,0,0,LEGITIMATE
CUST_13106,28580.77,Waller-Williams,TRAVEL,IN,WALLET,1,118,0,0,406,1,1,1,TRANSACTION_ANOMALY
CUST_24528,3921.64,Smith-Gordon,ENTERTAINMENT,GB,NET_BANKING,4,974,0,0,784,0,0,0,LEGITIMATE
CUST_46226,3892.65,Santos LLC,ENTERTAINMENT,GB,DEBIT_CARD,1,421,0,0,1778,0,0,0,LEGITIMATE
CUST_60933,1127.84,"Cooper, Lewis and Mitchell",ENTERTAINMENT,IN,UPI,2,654,0,0,1392,0,0,0,LEGITIMATE
CUST_61463,2008.59,Hayes Group,FOOD,CN,DEBIT_CARD,1,964,0,0,760,0,0,0,LEGITIMATE
CUST_67878,2804.41,Horton-Phillips,GROCERY,US,CREDIT_CARD,16,3,1,1,1090,1,1,1,MULTI_SIGNAL_ATTACK
CUST_53231,3712.7,Hall and Sons,GROCERY,NG,CREDIT_CARD,4,476,0,1,1632,0,0,1,PAYMENT_METHOD_ABUSE
CUST_80795,803.16,"Allen, Ewing and Taylor",EDUCATION,IN,NET_BANKING,3,371,0,0,955,0,0,0,LEGITIMATE
CUST_99369,16481.11,Henderson-Scott,GROCERY,GB,CREDIT_CARD,13,1,1,1,1270,1,1,1,MULTI_SIGNAL_ATTACK
CUST_60353,3615.01,Cunningham Group,EDUCATION,GB,CREDIT_CARD,1,936,0,0,812,0,0,0,LEGITIMATE
CUST_92941,1189.92,Kelly Group,TRAVEL,US,DEBIT_CARD,2,530,0,1,1823,0,0,1,PAYMENT_METHOD_ABUSE
CUST_80851,298.75,Mitchell-Brandt,OTHER,CN,CREDIT_CARD,1,445,0,0,1290,0,0,0,LEGITIMATE
CUST_25491,1022.83,Allison-Sanders,OTHER,NG,WALLET,1,67,0,0,897,0,0,0,LEGITIMATE
CUST_28558,4755.48,Morgan LLC,ENTERTAINMENT,IN,WALLET,2,44,0,0,2032,1,1,1,TRANSACTION_ANOMALY
CUST_22752,8142.308543809434,Sanchez-Newman,TRAVEL,NG,WALLET,12,539,0,0,1898,0,0,1,VELOCITY_ABUSE
CUST_65864,6829.42,Moore-Cantu,HEALTHCARE,CN,CREDIT_CARD,2,359,0,0,1411,0,0,0,LEGITIMATE
CUST_37948,439.12,"Coleman, Jones and Wilson",TRAVEL,NG,UPI,4,202,0,0,216,0,0,0,LEGITIMATE
CUST_58487,3494.5,Rivera-Boone,OTHER,US,DEBIT_CARD,1,840,0,0,2296,0,0,0,LEGITIMATE
CUST_92863,569.0,Moss Inc,GROCERY,US,NET_BANKING,1,753,0,0,1570,0,0,0,LEGITIMATE
CUST_95426,3572.4,Rodriguez-Stanley,EDUCATION,GB,NET_BANKING,3,565,0,0,2461,0,0,0,LEGITIMATE
CUST_69037,4482.93,Harris and Sons,TRAVEL,US,WALLET,4,656,0,0,1717,0,0,0,LEGITIMATE
CUST_21537,1659.7,"Martin, Chaney and Leonard",EDUCATION,GB,CREDIT_CARD,1,663,0,0,1263,0,0,0,LEGITIMATE
CUST_57435,8067.82323060606,Rice and Sons,ECOMMERCE,NG,NET_BANKING,13,84,0,0,2240,0,0,1,VELOCITY_ABUSE
CUST_99816,3281.71,"Shepherd, Johnson and Davis",TRAVEL,CN,DEBIT_CARD,3,321,0,0,1973,0,0,0,LEGITIMATE
CUST_37471,30838.11,Holland-Contreras,HEALTHCARE,US,WALLET,7,0,1,1,1810,1,1,1,ACCOUNT_TAKEOVER
CUST_73577,2735.96,"Anderson, Richards and Henderson",FOOD,IN,DEBIT_CARD,3,459,0,0,2139,0,0,0,LEGITIMATE
CUST_36050,758.27,"Leblanc, Hanson and Pittman",FOOD,US,UPI,4,920,0,0,1364,0,0,0,LEGITIMATE
CUST_36208,3627.55,"Gonzalez, Fox and Herrera",FOOD,US,NET_BANKING,4,178,0,0,1568,0,0,0,LEGITIMATE
CUST_38333,1708.5117645926664,"Ruiz, Webb and Baker",EDUCATION,US,UPI,20,306,0,0,1893,0,0,1,VELOCITY_ABUSE
CUST_84536,2905.11,"Gonzales, Cobb and Mckay",TRAVEL,GB,CREDIT_CARD,2,808,0,0,274,0,0,0,LEGITIMATE
CUST_55033,3074.66,Goodwin-Larson,TRAVEL,GB,WALLET,2,118,0,0,930,0,0,0,LEGITIMATE
CUST_63961,2265.17,Medina Inc,ECOMMERCE,CN,WALLET,1,777,0,0,2167,0,0,0,LEGITIMATE
CUST_66113,14304.19,"Romero, Krause and Mathews",HEALTHCARE,IN,NET_BANKING,5,3,1,1,1040,1,1,1,ACCOUNT_TAKEOVER
CUST_76088,28063.96,Williams-Graves,EDUCATION,IN,NET_BANKING,12,1,1,1,167,1,1,1,MULTI_SIGNAL_ATTACK
CUST_41334,609.64,Miranda-Mcmillan,OTHER,IN,UPI,1,495,0,0,401,0,0,0,LEGITIMATE
CUST_70786,27122.72988744279,Pennington-Hughes,HEALTHCARE,CN,WALLET,3,4,0,1,13,1,1,1,SYNTHETIC_IDENTITY
CUST_65823,2961.5,Wallace-Rice,ECOMMERCE,NG,CREDIT_CARD,1,557,0,0,1135,0,0,0,LEGITIMATE
CUST_98428,636.84,Parker Inc,FOOD,IN,NET_BANKING,3,405,0,0,1520,0,0,0,LEGITIMATE
CUST_32972,4843.36,Mcdonald PLC,ECOMMERCE,IN,DEBIT_CARD,1,694,0,0,2318,0,0,0,LEGITIMATE
CUST_72717,1783.73,Martin-Watson,ECOMMERCE,US,UPI,4,313,0,0,2406,0,0,0,LEGITIMATE
CUST_17138,2974.92,Liu Inc,HEALTHCARE,GB,NET_BANKING,1,511,0,0,289,0,0,0,LEGITIMATE
CUST_79717,9589.45,"Bell, Miller and Becker",OTHER,NG,WALLET,10,2,1,1,2212,1,1,1,MULTI_SIGNAL_ATTACK
CUST_46168,5639.18,"Brown, Johnson and Sawyer",OTHER,US,DEBIT_CARD,1,330,0,0,488,0,0,0,LEGITIMATE
CUST_64596,709.3478760275248,Avery-Alexander,OTHER,US,UPI,12,328,0,0,2247,0,0,1,VELOCITY_ABUSE
CUST_40451,1334.9,"Cruz, Neal and Douglas",EDUCATION,GB,WALLET,3,527,0,0,2158,0,0,0,LEGITIMATE
CUST_87772,2727.29,"Rodriguez, Campbell and Barnett",OTHER,NG,NET_BANKING,3,205,0,0,2201,0,0,0,LEGITIMATE
CUST_44079,3952.46,Wilson Ltd,HEALTHCARE,CN,UPI,3,321,0,0,958,0,0,0,LEGITIMATE
CUST_69759,890.9388366404456,"Levine, Allen and Baxter",TRAVEL,NG,WALLET,13,195,0,0,711,0,0,1,VELOCITY_ABUSE
CUST_51500,1962.52,Williams-Simpson,OTHER,US,UPI,1,711,0,0,2383,0,0,0,LEGITIMATE
CUST_51542,2929.59,Brown PLC,HEALTHCARE,US,NET_BANKING,3,154,0,0,1438,0,0,0,LEGITIMATE
CUST_13266,4485.55,"Marshall, Vasquez and Ho",TRAVEL,CN,NET_BANKING,3,692,0,0,1687,0,0,0,LEGITIMATE
CUST_48739,15932.493301516106,Hunt PLC,GROCERY,GB,DEBIT_CARD,4,4,0,1,24,1,1,1,SYNTHETIC_IDENTITY
CUST_13250,1653.61,"Gilmore, Parsons and Stevens",ECOMMERCE,NG,NET_BANKING,2,627,0,0,1675,0,0,0,LEGITIMATE
CUST_79000,596.31,Johnson-Miller,ECOMMERCE,GB,UPI,1,554,0,1,939,0,0,1,PAYMENT_METHOD_ABUSE
CUST_74286,1821.86,"Grant, Aguirre and Matthews",GROCERY,NG,NET_BANKING,4,408,0,1,1331,0,0,1,PAYMENT_METHOD_ABUSE
CUST_11597,51099.96,Allen Ltd,HEALTHCARE,NG,UPI,13,2,1,1,1195,1,1,1,MULTI_SIGNAL_ATTACK
CUST_65552,1229.22,West-Wilkins,FOOD,US,DEBIT_CARD,3,97,0,0,1726,0,0,0,LEGITIMATE
CUST_87421,3058.06,"Cruz, Williams and Hawkins",GROCERY,IN,NET_BANKING,2,599,0,0,1569,0,0,0,LEGITIMATE
CUST_70570,5772.26,"Bryan, Russell and Taylor",ECOMMERCE,US,DEBIT_CARD,4,73,0,0,2356,0,0,0,LEGITIMATE
CUST_49582,1265.16,Miller Ltd,OTHER,GB,WALLET,1,187,0,0,2427,0,0,0,LEGITIMATE
CUST_44429,2803.32,Bell-Martinez,FOOD,CN,UPI,2,59,0,0,1259,0,0,0,LEGITIMATE
CUST_25644,4955.86,Hayes Inc,FOOD,CN,WALLET,4,919,0,0,1165,0,0,0,LEGITIMATE
CUST_43804,1790.88,Lane-Nelson,HEALTHCARE,IN,WALLET,3,196,0,0,1979,0,0,0,LEGITIMATE
CUST_86238,4037.6,Green LLC,HEALTHCARE,US,NET_BANKING,2,84,0,0,269,0,0,0,LEGITIMATE
CUST_45739,1443.54,Fox PLC,HEALTHCARE,CN,CREDIT_CARD,1,556,0,0,1509,0,0,0,LEGITIMATE
CUST_35403,1133.25,"Marquez, Peters and White",TRAVEL,IN,WALLET,3,307,0,0,780,0,0,0,LEGITIMATE
CUST_99842,184.13,Cole-Hernandez,HEALTHCARE,IN,DEBIT_CARD,3,827,0,0,1514,0,0,0,LEGITIMATE
CUST_73556,899.92,"Patterson, Warren and Norris",TRAVEL,GB,CREDIT_CARD,2,844,0,0,1717,0,0,0,LEGITIMATE
CUST_83224,3466.26,Copeland Ltd,FOOD,NG,NET_BANKING,2,975,0,0,2183,0,0,0,LEGITIMATE
CUST_12277,1070.14,Brennan Group,ENTERTAINMENT,GB,UPI,3,206,0,0,1994,0,0,0,LEGITIMATE
CUST_49935,5683.67,"Erickson, Ramos and Schaefer",ECOMMERCE,IN,DEBIT_CARD,2,344,0,0,147,0,0,0,LEGITIMATE
CUST_26429,36370.33,"Miller, Romero and Martin",FOOD,IN,NET_BANKING,9,0,1,1,889,1,1,1,MULTI_SIGNAL_ATTACK
CUST_77302,3273.56,Ortiz-Hudson,OTHER,IN,CREDIT_CARD,3,713,0,0,2459,0,0,0,LEGITIMATE
CUST_11346,3932.19,"Perez, Gardner and Miller",ECOMMERCE,IN,WALLET,3,59,0,0,425,0,0,0,LEGITIMATE
CUST_21898,1089.44,"Lopez, Wright and Wu",HEALTHCARE,GB,UPI,2,547,0,0,626,0,0,0,LEGITIMATE
CUST_84741,862.24,Pace-White,GROCERY,IN,WALLET,3,205,0,0,309,0,0,0,LEGITIMATE
CUST_80402,5050.24,Brown-Daniel,ECOMMERCE,IN,WALLET,2,480,0,0,47,0,0,0,LEGITIMATE
CUST_98280,2101.32,Allen-Meyer,HEALTHCARE,US,NET_BANKING,4,145,0,0,469,0,0,0,LEGITIMATE
CUST_51193,2516.54,Giles LLC,FOOD,NG,WALLET,6,3,1,1,536,1,1,1,ACCOUNT_TAKEOVER
CUST_47173,1512.44,Pope PLC,ENTERTAINMENT,NG,NET_BANKING,4,223,0,0,1901,0,0,0,LEGITIMATE
CUST_19123,5548.52,Holder-Carrillo,TRAVEL,GB,CREDIT_CARD,1,435,0,0,1978,0,0,0,LEGITIMATE
CUST_67417,11831.25,"Leon, Wolfe and Wallace",ECOMMERCE,IN,DEBIT_CARD,1,789,0,0,2170,1,1,1,TRANSACTION_ANOMALY
CUST_54385,1699.7,Alvarez Inc,EDUCATION,NG,CREDIT_CARD,4,315,0,0,850,0,0,0,LEGITIMATE
CUST_86273,1812.64,"Ramirez, Johnson and Hutchinson",EDUCATION,GB,UPI,4,526,0,0,2461,0,0,0,LEGITIMATE
CUST_77032,907.62,Leonard-Ferguson,OTHER,US,CREDIT_CARD,2,673,0,0,1172,0,0,0,LEGITIMATE
CUST_27643,2975.24,Wilson LLC,GROCERY,IN,CREDIT_CARD,2,421,0,0,151,0,0,0,LEGITIMATE
CUST_89244,21539.33,Thomas and Sons,ENTERTAINMENT,NG,WALLET,25,2,1,1,1369,1,1,1,MULTI_SIGNAL_ATTACK
CUST_80848,4785.35,Cannon-Lopez,GROCERY,IN,NET_BANKING,4,352,0,0,2268,0,0,0,LEGITIMATE
CUST_59327,10400.32,Reyes Ltd,TRAVEL,CN,CREDIT_CARD,3,935,0,0,1842,1,1,1,TRANSACTION_ANOMALY
CUST_50954,34631.17,Roberts-Bradley,EDUCATION,CN,WALLET,4,517,0,0,1623,1,1,1,TRANSACTION_ANOMALY
CUST_44523,9151.5,"Wilson, Carr and Hopkins",EDUCATION,IN,WALLET,7,2,1,1,2056,1,1,1,ACCOUNT_TAKEOVER
CUST_55727,580.08,"Lee, Wiley and Hill",HEALTHCARE,IN,NET_BANKING,3,451,0,0,2421,0,0,0,LEGITIMATE
CUST_56041,4179.06,Ward-Ray,ECOMMERCE,US,DEBIT_CARD,1,919,0,0,261,0,0,0,LEGITIMATE
CUST_49965,2294.11,"Dougherty, Morse and Gould",TRAVEL,GB,CREDIT_CARD,4,611,0,0,498,0,0,0,LEGITIMATE
CUST_77470,1958.13,"Mckinney, Adams and Carroll",GROCERY,GB,UPI,4,614,0,1,1755,0,0,1,PAYMENT_METHOD_ABUSE
CUST_85043,1107.24,"Gordon, Davies and Moore",FOOD,CN,DEBIT_CARD,3,200,0,0,430,0,0,0,LEGITIMATE
CUST_90586,3018.9734470214535,"Hernandez, Cohen and White",EDUCATION,GB,DEBIT_CARD,19,890,0,0,1256,0,0,1,VELOCITY_ABUSE
CUST_48970,2560.38,Rodriguez-Payne,ECOMMERCE,CN,WALLET,1,636,0,0,2379,0,0,0,LEGITIMATE
CUST_54150,1736.15,Martinez PLC,OTHER,NG,NET_BANKING,3,546,1,0,1149,0,0,1,GEOGRAPHIC_ANOMALY
CUST_96960,1021.87,Johnson-Hill,ECOMMERCE,GB,NET_BANKING,4,717,0,0,2241,0,0,0,LEGITIMATE
CUST_81770,3697.26,Lopez-Webb,TRAVEL,IN,CREDIT_CARD,4,304,0,1,769,0,0,1,PAYMENT_METHOD_ABUSE
CUST_78454,1425.21,Green-Peterson,OTHER,GB,WALLET,3,894,0,1,851,0,0,1,PAYMENT_METHOD_ABUSE
CUST_51766,4053.38,"Murphy, Griffin and Garcia",EDUCATION,US,UPI,3,733,0,0,293,0,0,0,LEGITIMATE
CUST_88804,794.51,"Mueller, Novak and Kim",ECOMMERCE,CN,CREDIT_CARD,3,505,0,0,997,0,0,0,LEGITIMATE
CUST_73620,1286.25,"Walker, Perez and Bautista",EDUCATION,CN,CREDIT_CARD,1,294,0,0,2323,0,0,0,LEGITIMATE
CUST_46408,3917.51,"Lopez, Nguyen and Peterson",GROCERY,US,NET_BANKING,1,351,0,0,2285,0,0,0,LEGITIMATE
CUST_88852,25202.27,Jones-Armstrong,FOOD,IN,UPI,4,995,0,0,1250,1,1,1,TRANSACTION_ANOMALY
CUST_78414,4572.87,Anderson Inc,ENTERTAINMENT,NG,NET_BANKING,1,821,0,0,2407,0,0,0,LEGITIMATE
CUST_51079,4866.64,"Smith, Daniel and Carpenter",EDUCATION,NG,DEBIT_CARD,1,209,0,0,1378,0,0,0,LEGITIMATE
CUST_38063,3947.23,"Barnes, Noble and Johnson",EDUCATION,CN,UPI,3,746,0,0,1154,0,0,0,LEGITIMATE
CUST_24806,33121.36,Sullivan LLC,EDUCATION,GB,NET_BANKING,9,0,1,1,1326,1,1,1,MULTI_SIGNAL_ATTACK
CUST_98027,4190.474641134799,"Ortiz, Patel and Wilkins",EDUCATION,GB,UPI,24,577,0,0,1011,0,0,1,VELOCITY_ABUSE
CUST_61508,17229.41,Gibbs Inc,FOOD,NG,DEBIT_CARD,10,2,1,1,1076,1,1,1,MULTI_SIGNAL_ATTACK
CUST_74447,2922.6,Gillespie-Mayer,HEALTHCARE,IN,NET_BANKING,2,745,1,0,1959,0,0,1,GEOGRAPHIC_ANOMALY
CUST_56118,31926.36,Jackson LLC,HEALTHCARE,US,NET_BANKING,14,3,1,1,1753,1,1,1,MULTI_SIGNAL_ATTACK
CUST_51120,1457.82,Smith-Weeks,FOOD,IN,NET_BANKING,2,897,0,1,2388,0,0,1,PAYMENT_METHOD_ABUSE
CUST_69177,12925.188205473198,"Werner, Parrish and Elliott",EDUCATION,US,NET_BANKING,6,0,0,1,14,1,1,1,SYNTHETIC_IDENTITY
CUST_13010,4898.28,"King, Green and Duncan",ECOMMERCE,NG,CREDIT_CARD,2,80,0,0,2317,0,0,0,LEGITIMATE
CUST_62564,682.02,Stewart and Sons,ENTERTAINMENT,NG,DEBIT_CARD,1,44,0,0,1786,0,0,0,LEGITIMATE
CUST_78922,1105.13,"Martin, Aguilar and Osborn",OTHER,CN,CREDIT_CARD,3,324,0,0,1812,0,0,0,LEGITIMATE
CUST_74771,2213.5137832237697,"Flores, Snow and Hunt",EDUCATION,US,DEBIT_CARD,23,774,0,0,1594,0,0,1,VELOCITY_ABUSE
CUST_29129,30049.87,Franco and Sons,ENTERTAINMENT,NG,DEBIT_CARD,20,2,1,1,147,1,1,1,MULTI_SIGNAL_ATTACK
CUST_60265,496.56,Lambert LLC,ENTERTAINMENT,NG,CREDIT_CARD,3,983,0,0,1763,0,0,0,LEGITIMATE
CUST_40781,1562.23,Jackson-Allen,GROCERY,GB,CREDIT_CARD,3,434,0,0,1958,0,0,0,LEGITIMATE
CUST_97983,609.38,Kaiser-York,GROCERY,US,WALLET,4,982,0,0,1549,0,0,0,LEGITIMATE
CUST_54456,4537.84,"Lane, Reed and Ellis",FOOD,US,UPI,3,149,0,0,1947,0,0,0,LEGITIMATE
CUST_51060,4237.28,Frederick-Scott,OTHER,CN,UPI,3,954,1,0,210,0,0,1,GEOGRAPHIC_ANOMALY
CUST_77760,3976.16,Skinner Inc,TRAVEL,CN,UPI,2,599,0,0,1312,0,0,0,LEGITIMATE
CUST_96169,575.4,"Mayo, Shields and Martin",ECOMMERCE,IN,DEBIT_CARD,4,296,0,0,1832,0,0,0,LEGITIMATE
CUST_31437,562.35,"White, Long and Mcmahon",FOOD,CN,NET_BANKING,4,498,0,0,1943,0,0,0,LEGITIMATE
CUST_74616,8114.21,Aguirre-Ponce,ENTERTAINMENT,US,UPI,2,884,0,0,490,1,1,1,TRANSACTION_ANOMALY
CUST_83825,2094.82,Turner Group,GROCERY,US,WALLET,1,282,0,0,2428,0,0,0,LEGITIMATE
CUST_75288,11735.535026728643,"Lawson, Graham and Wright",GROCERY,GB,CREDIT_CARD,10,10,0,1,27,1,1,1,SYNTHETIC_IDENTITY
CUST_72895,34536.15,"Garcia, Mullins and Howard",GROCERY,GB,UPI,4,362,0,0,1889,0,1,1,TRANSACTION_ANOMALY
CUST_94363,2844.79,Lyons-Myers,GROCERY,GB,CREDIT_CARD,1,438,0,0,1188,0,0,0,LEGITIMATE
CUST_43444,350.23,Riddle-Foster,EDUCATION,US,CREDIT_CARD,4,828,0,0,759,0,0,0,LEGITIMATE
CUST_62742,2092.3,Lewis-Cisneros,FOOD,US,UPI,3,955,0,0,1197,0,0,0,LEGITIMATE
CUST_99779,2784.97,"Brown, Rosales and Conway",FOOD,GB,UPI,4,517,0,0,567,0,0,0,LEGITIMATE
CUST_45190,3107.66,"Ramos, Powell and Robbins",EDUCATION,NG,DEBIT_CARD,2,474,0,1,2336,0,0,1,PAYMENT_METHOD_ABUSE
CUST_15300,15641.917637054614,Johnson Inc,FOOD,GB,NET_BANKING,7,2,0,1,10,1,1,1,SYNTHETIC_IDENTITY
CUST_26749,1898.95,"Kelley, Garcia and Hoover",EDUCATION,US,UPI,1,555,0,0,1260,0,0,0,LEGITIMATE
CUST_24107,1869.41,Tapia and Sons,EDUCATION,IN,CREDIT_CARD,3,393,1,0,2121,0,0,1,GEOGRAPHIC_ANOMALY
CUST_75987,2630.87,"Huang, Dudley and Hanson",OTHER,IN,NET_BANKING,1,115,0,1,96,0,0,1,PAYMENT_METHOD_ABUSE
CUST_51149,3082.79,Hernandez-Baldwin,OTHER,CN,WALLET,2,246,0,0,2435,0,0,0,LEGITIMATE
CUST_34259,2883.39,Williams-Gardner,ENTERTAINMENT,NG,CREDIT_CARD,4,149,0,0,350,0,0,0,LEGITIMATE
CUST_11743,3332.9,"Hernandez, Newman and Quinn",HEALTHCARE,CN,NET_BANKING,4,340,0,0,733,1,0,1,MERCHANT_ANOMALY
CUST_98316,1406.98,"Harris, Hart and Smith",FOOD,GB,DEBIT_CARD,1,742,0,0,1647,0,0,0,LEGITIMATE
CUST_34670,3728.05,"Harris, Bean and Lawrence",OTHER,US,DEBIT_CARD,2,118,0,0,139,0,0,0,LEGITIMATE
CUST_49441,323.2,Pugh Group,OTHER,US,NET_BANKING,2,786,0,0,1928,0,0,0,LEGITIMATE
CUST_68361,2363.37,Cruz-Jensen,GROCERY,CN,NET_BANKING,4,82,0,0,2016,0,0,0,LEGITIMATE
CUST_53758,17743.66,Merritt-Copeland,EDUCATION,NG,NET_BANKING,24,0,1,1,62,1,1,1,MULTI_SIGNAL_ATTACK
CUST_85550,3840.26,"Chavez, Hodges and Benson",FOOD,NG,UPI,4,149,0,0,1323,0,0,0,LEGITIMATE
CUST_74852,4920.01,"Skinner, Paul and Vega",EDUCATION,US,CREDIT_CARD,22,2,1,1,1450,1,1,1,MULTI_SIGNAL_ATTACK
CUST_48455,16038.023654264263,Wood-Gregory,TRAVEL,CN,DEBIT_CARD,5,9,0,1,22,1,1,1,SYNTHETIC_IDENTITY
CUST_74511,1294.79,Thornton-Hernandez,OTHER,CN,UPI,1,397,0,0,443,0,0,0,LEGITIMATE
CUST_44184,468.39,Foster-Warner,TRAVEL,US,WALLET,4,146,0,0,1492,0,0,0,LEGITIMATE
CUST_90945,1184.84,Rasmussen-Terry,ECOMMERCE,IN,NET_BANKING,3,817,0,0,958,0,0,0,LEGITIMATE
CUST_16117,3073.47,Johnson LLC,TRAVEL,GB,WALLET,1,978,0,0,2311,0,0,0,LEGITIMATE
CUST_67386,16538.96,Wade-Weber,FOOD,GB,WALLET,15,0,1,1,1902,1,1,1,ACCOUNT_TAKEOVER
CUST_36920,3252.81,Jackson-Pacheco,ENTERTAINMENT,US,NET_BANKING,1,187,0,0,1511,0,0,0,LEGITIMATE
CUST_94815,6209.53,Griffin Group,TRAVEL,GB,CREDIT_CARD,4,817,0,0,1519,0,0,0,LEGITIMATE
CUST_10863,3088.41,"Mills, Hill and Gonzalez",HEALTHCARE,CN,UPI,3,762,0,0,1034,0,0,0,LEGITIMATE
CUST_64396,1911.5,"Lynch, Gross and Morgan",TRAVEL,US,WALLET,4,453,0,0,1507,0,0,0,LEGITIMATE
CUST_63648,2691.87,Ross-Peck,TRAVEL,NG,CREDIT_CARD,1,116,0,0,1909,1,0,1,MERCHANT_ANOMALY
CUST_62645,30282.18,"Butler, Myers and Coleman",GROCERY,GB,NET_BANKING,11,3,1,1,703,1,1,1,ACCOUNT_TAKEOVER
CUST_99243,300.11,"Webster, Bell and Snyder",HEALTHCARE,GB,UPI,2,747,0,0,2297,0,0,0,LEGITIMATE
CUST_62944,1300.668771201496,"Stevenson, Price and Sanchez",OTHER,US,UPI,19,824,0,0,1857,0,0,1,VELOCITY_ABUSE
CUST_80442,4059.36,West Inc,TRAVEL,CN,WALLET,1,553,0,0,1400,0,0,0,LEGITIMATE
CUST_82323,287.67,Harris-Ward,HEALTHCARE,CN,DEBIT_CARD,3,277,1,0,1308,0,0,1,GEOGRAPHIC_ANOMALY
CUST_76227,3149.83,Dawson LLC,HEALTHCARE,IN,UPI,1,804,0,0,482,0,0,0,LEGITIMATE
CUST_95322,4316.77,Kramer-Ritter,ENTERTAINMENT,CN,WALLET,2,854,0,0,540,0,0,0,LEGITIMATE
CUST_86230,1708.86,Cohen LLC,ECOMMERCE,NG,DEBIT_CARD,2,761,0,1,2346,0,0,1,PAYMENT_METHOD_ABUSE
CUST_23792,1585.93,Ramos-Johnson,ECOMMERCE,NG,UPI,4,878,0,0,1372,0,0,0,LEGITIMATE
CUST_64008,4889.22,Cooper LLC,GROCERY,IN,NET_BANKING,4,109,0,0,365,0,0,0,LEGITIMATE
CUST_58404,3463.31,Abbott PLC,EDUCATION,CN,UPI,4,735,0,0,2185,0,0,0,LEGITIMATE
CUST_74165,8741.348551934017,"Marks, Brown and Henry",OTHER,US,CREDIT_CARD,5,8,0,1,23,1,1,1,SYNTHETIC_IDENTITY
CUST_58409,990.96,"Marquez, Romero and Owen",EDUCATION,NG,CREDIT_CARD,1,565,0,0,516,0,0,0,LEGITIMATE
CUST_30093,2000.82,Williams-Gonzales,ENTERTAINMENT,GB,UPI,2,175,0,0,512,0,0,0,LEGITIMATE
CUST_87283,12413.521474780458,"Morris, Richard and Henderson",GROCERY,IN,NET_BANKING,10,9,0,1,18,1,1,1,SYNTHETIC_IDENTITY
CUST_50593,24929.1,Mccoy-Byrd,OTHER,CN,NET_BANKING,2,810,0,0,2347,1,1,1,TRANSACTION_ANOMALY
CUST_68973,3720.479880567247,Hill-King,HEALTHCARE,US,CREDIT_CARD,22,426,0,0,1869,0,0,1,VELOCITY_ABUSE
CUST_16005,3980.68,Wilson-Martinez,FOOD,GB,DEBIT_CARD,3,604,0,0,1844,0,0,0,LEGITIMATE
CUST_94562,5033.25,Morales-Hart,FOOD,NG,DEBIT_CARD,1,613,0,0,537,0,0,0,LEGITIMATE
CUST_78387,3587.72,Wilson LLC,GROCERY,CN,CREDIT_CARD,1,311,0,0,805,0,0,0,LEGITIMATE
CUST_36975,2773.1,Payne-Williams,OTHER,NG,CREDIT_CARD,4,633,0,0,1034,0,0,0,LEGITIMATE
CUST_15896,778.22,"Alvarez, Castro and Smith",HEALTHCARE,IN,NET_BANKING,3,421,0,0,2043,0,0,0,LEGITIMATE
CUST_43708,1272.32,Morris and Sons,FOOD,IN,WALLET,3,816,0,0,402,0,0,0,LEGITIMATE
CUST_21747,1998.33,Lambert-Monroe,EDUCATION,IN,DEBIT_CARD,10,1,1,1,661,1,1,1,ACCOUNT_TAKEOVER
CUST_64109,525.51,Green LLC,EDUCATION,GB,CREDIT_CARD,2,534,0,0,1357,0,0,0,LEGITIMATE
CUST_76666,494.51,"Cohen, White and Murphy",FOOD,CN,UPI,4,97,0,0,2096,0,0,0,LEGITIMATE
CUST_73461,12004.58,Torres-Orr,EDUCATION,CN,CREDIT_CARD,1,282,0,0,148,1,1,1,TRANSACTION_ANOMALY
CUST_68455,2459.1,Norris-Berger,ECOMMERCE,NG,WALLET,2,580,0,1,373,0,0,1,PAYMENT_METHOD_ABUSE
CUST_15477,151.01,"Hernandez, Jones and Williams",ENTERTAINMENT,NG,DEBIT_CARD,4,309,1,0,34,0,0,1,GEOGRAPHIC_ANOMALY
CUST_56061,998.22,Sutton-Burnett,ENTERTAINMENT,NG,CREDIT_CARD,1,337,0,0,901,0,0,0,LEGITIMATE
CUST_21759,4417.15,Ramirez-Graves,EDUCATION,IN,WALLET,2,655,0,0,1649,1,0,1,MERCHANT_ANOMALY
CUST_54909,3011.9,Adams Group,ENTERTAINMENT,CN,DEBIT_CARD,2,500,0,0,1100,0,0,0,LEGITIMATE
CUST_88579,2880.86,"Lamb, Melton and Chavez",TRAVEL,IN,CREDIT_CARD,1,718,0,0,1375,0,0,0,LEGITIMATE
CUST_32745,20619.88,Fuentes-Reeves,OTHER,CN,NET_BANKING,15,0,1,1,1722,1,1,1,ACCOUNT_TAKEOVER
CUST_56267,10447.39,"Kidd, Frazier and Watts",HEALTHCARE,US,NET_BANKING,15,0,1,1,1571,1,1,1,MULTI_SIGNAL_ATTACK
CUST_46848,12987.29,Webster Ltd,FOOD,IN,WALLET,14,3,1,1,1495,1,1,1,MULTI_SIGNAL_ATTACK
CUST_93681,2019.72,"Larson, Roman and Trujillo",ENTERTAINMENT,IN,WALLET,2,705,0,0,1652,0,0,0,LEGITIMATE
CUST_84148,7424.539230252807,"Wallace, Lee and Rich",TRAVEL,NG,CREDIT_CARD,26,295,0,0,2499,0,0,1,VELOCITY_ABUSE
CUST_45956,3950.91,"Jones, Richards and Schaefer",ENTERTAINMENT,IN,WALLET,4,686,0,0,815,0,0,0,LEGITIMATE
CUST_98224,2063.55,Barton-Fuentes,ENTERTAINMENT,GB,NET_BANKING,4,537,0,0,242,1,0,1,MERCHANT_ANOMALY
CUST_15697,2890.98,"Davis, Gibbs and Stephenson",ENTERTAINMENT,IN,NET_BANKING,4,229,0,0,949,0,0,0,LEGITIMATE
CUST_53870,6157.54,"Brooks, Anderson and Ward",GROCERY,NG,DEBIT_CARD,1,969,0,0,365,0,0,0,LEGITIMATE
CUST_42765,315.34,Morgan-Davis,HEALTHCARE,US,UPI,1,521,0,0,836,0,0,0,LEGITIMATE
CUST_66616,1478.9,Martin-Mills,HEALTHCARE,NG,UPI,3,882,0,0,128,0,0,0,LEGITIMATE
CUST_17134,4796.24,Lee-Watkins,ECOMMERCE,NG,CREDIT_CARD,1,670,0,0,1396,0,0,0,LEGITIMATE
CUST_68517,4694.86,Colon PLC,FOOD,IN,CREDIT_CARD,1,831,0,0,2401,0,0,0,LEGITIMATE
CUST_26716,3965.7,"King, Kelly and Taylor",GROCERY,CN,UPI,1,723,0,0,283,0,0,0,LEGITIMATE
CUST_17312,1852.87,"Burns, Dixon and Cunningham",ENTERTAINMENT,IN,NET_BANKING,4,268,0,0,2320,0,0,0,LEGITIMATE
CUST_88587,20073.6,Young Ltd,EDUCATION,GB,NET_BANKING,14,1,1,1,73,1,1,1,ACCOUNT_TAKEOVER
CUST_24156,6281.89,Stanley-Jenkins,FOOD,IN,WALLET,2,682,0,0,450,0,0,0,LEGITIMATE
CUST_76702,3344.54,Ross and Sons,EDUCATION,GB,NET_BANKING,2,170,0,0,1079,0,0,0,LEGITIMATE
CUST_15776,14839.07,Bird Inc,ENTERTAINMENT,US,WALLET,3,348,0,0,277,0,1,1,TRANSACTION_ANOMALY
CUST_89079,8282.245985673082,"Marquez, Powell and Young",HEALTHCARE,GB,CREDIT_CARD,26,88,0,0,1434,0,0,1,VELOCITY_ABUSE
CUST_83328,6817.19,Edwards LLC,HEALTHCARE,CN,DEBIT_CARD,2,834,0,0,253,0,0,0,LEGITIMATE
CUST_18965,2676.41,Barry Ltd,OTHER,US,NET_BANKING,3,660,0,0,1428,0,0,0,LEGITIMATE
CUST_49273,6568.286978593009,Coffey-Wood,TRAVEL,GB,CREDIT_CARD,10,537,0,0,1744,0,0,1,VELOCITY_ABUSE
CUST_40182,2330.93,"Grimes, Foster and Klein",ECOMMERCE,NG,UPI,3,856,0,1,1940,0,0,1,PAYMENT_METHOD_ABUSE
CUST_62469,367.73,"Fox, Charles and Walls",HEALTHCARE,IN,CREDIT_CARD,1,175,0,0,784,0,0,0,LEGITIMATE
CUST_48086,3760.38,"Cabrera, Horton and White",HEALTHCARE,US,CREDIT_CARD,3,208,0,0,1833,0,0,0,LEGITIMATE
CUST_38697,1034.04,Morris-Vasquez,HEALTHCARE,US,WALLET,2,893,0,0,1103,0,0,0,LEGITIMATE
CUST_44313,4833.934946219804,"Castaneda, Davis and Blackburn",TRAVEL,IN,NET_BANKING,19,988,0,0,444,0,0,1,VELOCITY_ABUSE
CUST_58449,5559.269756770562,"Ryan, Roberson and Peters",EDUCATION,US,CREDIT_CARD,16,843,0,0,1555,0,0,1,VELOCITY_ABUSE
CUST_59054,4891.44,Ortega-Beck,EDUCATION,US,DEBIT_CARD,2,904,1,0,1332,0,0,1,GEOGRAPHIC_ANOMALY
CUST_52949,15708.016927219365,Price PLC,FOOD,IN,DEBIT_CARD,9,10,0,1,26,1,1,1,SYNTHETIC_IDENTITY
CUST_76736,1309.28,Myers LLC,OTHER,CN,DEBIT_CARD,4,762,0,0,1562,0,0,0,LEGITIMATE
CUST_74853,4135.42,Montes-Price,EDUCATION,GB,WALLET,2,492,0,0,1970,0,0,0,LEGITIMATE
CUST_40721,4226.89,Valdez PLC,ENTERTAINMENT,US,NET_BANKING,3,290,0,0,1651,0,0,0,LEGITIMATE
CUST_82161,2304.77,Gould-Ponce,FOOD,US,UPI,1,506,0,0,377,0,0,0,LEGITIMATE
CUST_77143,2660.01,Riley PLC,OTHER,CN,NET_BANKING,4,354,0,0,1407,0,0,0,LEGITIMATE
CUST_45785,951.08,Stewart PLC,TRAVEL,IN,NET_BANKING,3,953,0,0,1596,0,0,0,LEGITIMATE
CUST_20802,5092.04,Martinez-Mosley,FOOD,NG,UPI,1,398,0,0,1236,0,0,0,LEGITIMATE
CUST_15017,3583.69,"English, Shannon and Williamson",HEALTHCARE,US,DEBIT_CARD,3,225,0,0,2266,0,0,0,LEGITIMATE
CUST_89171,4376.06,"Brooks, Morris and Barnes",ENTERTAINMENT,NG,CREDIT_CARD,3,831,0,0,594,0,0,0,LEGITIMATE
CUST_62928,3581.07,"Smith, Pearson and Garcia",GROCERY,NG,DEBIT_CARD,2,916,0,1,1691,0,0,1,PAYMENT_METHOD_ABUSE
CUST_39743,4869.91,Hill-Meyer,ECOMMERCE,CN,WALLET,4,769,0,0,889,0,0,0,LEGITIMATE
CUST_70476,14553.2,Webb Group,HEALTHCARE,US,DEBIT_CARD,12,1,1,1,1425,1,1,1,MULTI_SIGNAL_ATTACK
CUST_11268,1918.28,Davis LLC,HEALTHCARE,CN,DEBIT_CARD,4,811,1,0,2077,0,0,1,GEOGRAPHIC_ANOMALY
CUST_86933,791.64,Flores-Browning,GROCERY,NG,WALLET,3,611,0,1,125,0,0,1,PAYMENT_METHOD_ABUSE
CUST_36765,2134.68,Young-Walter,EDUCATION,IN,DEBIT_CARD,4,684,0,0,1630,0,0,0,LEGITIMATE
CUST_49930,7358.01,"Black, Thomas and Thompson",EDUCATION,US,WALLET,4,57,0,0,411,1,1,1,TRANSACTION_ANOMALY
CUST_47200,695.2,Nash-Ewing,ENTERTAINMENT,US,WALLET,1,205,0,0,873,0,0,0,LEGITIMATE
CUST_52830,1111.01,Carter and Sons,TRAVEL,CN,CREDIT_CARD,1,428,0,0,1712,0,0,0,LEGITIMATE
CUST_37063,3537.19,"Estrada, Pierce and Gibbs",ENTERTAINMENT,GB,NET_BANKING,2,648,1,0,562,0,0,1,GEOGRAPHIC_ANOMALY
CUST_75860,3925.67,Alvarez-Mitchell,ECOMMERCE,GB,CREDIT_CARD,4,649,0,0,1909,0,0,0,LEGITIMATE
CUST_42353,2706.26,Decker-Rodriguez,OTHER,GB,NET_BANKING,1,324,0,0,2183,0,0,0,LEGITIMATE
CUST_94711,9049.663892898685,Aguirre Group,ENTERTAINMENT,GB,NET_BANKING,15,455,0,0,1899,0,0,1,VELOCITY_ABUSE
CUST_66633,5095.78,Cummings and Sons,ENTERTAINMENT,CN,WALLET,1,275,0,0,1905,1,1,1,TRANSACTION_ANOMALY
CUST_97380,5215.27,Barnes PLC,OTHER,US,NET_BANKING,3,108,0,0,303,0,0,0,LEGITIMATE
CUST_23791,615.62,"Burton, Hogan and Villa",EDUCATION,GB,NET_BANKING,1,503,0,0,2096,0,0,0,LEGITIMATE
CUST_13501,14662.42,Zamora LLC,EDUCATION,US,UPI,10,3,1,1,329,1,1,1,ACCOUNT_TAKEOVER
CUST_73538,18170.04,French-Young,FOOD,GB,WALLET,11,0,1,1,1919,1,1,1,MULTI_SIGNAL_ATTACK
CUST_26272,2898.34,"Williams, Tran and Russo",TRAVEL,CN,CREDIT_CARD,3,187,0,0,2219,0,0,0,LEGITIMATE
CUST_67757,4050.2,Savage Ltd,ECOMMERCE,US,CREDIT_CARD,4,743,0,0,1496,0,0,0,LEGITIMATE
CUST_16259,2497.74,"Mckee, Larson and Perkins",EDUCATION,IN,UPI,1,820,0,0,2171,0,0,0,LEGITIMATE
CUST_59465,1256.92,Sawyer Inc,HEALTHCARE,US,DEBIT_CARD,1,44,0,0,856,0,0,0,LEGITIMATE
CUST_54186,21897.81,"Green, Velasquez and Holmes",FOOD,IN,CREDIT_CARD,2,771,0,0,817,1,1,1,TRANSACTION_ANOMALY
CUST_52879,1794.3,"Obrien, Collins and Weber",ECOMMERCE,NG,WALLET,4,153,0,0,1351,0,0,0,LEGITIMATE
CUST_40462,987.67,"Vega, Dunlap and Conner",HEALTHCARE,IN,UPI,3,42,0,0,905,0,0,0,LEGITIMATE
CUST_61011,2688.01,Johnson-Gilmore,ECOMMERCE,CN,CREDIT_CARD,3,74,0,0,901,0,0,0,LEGITIMATE
CUST_18825,11757.565852241432,Byrd Inc,EDUCATION,CN,DEBIT_CARD,8,2,0,1,20,1,1,1,SYNTHETIC_IDENTITY
CUST_93277,6080.951200380748,Adams and Sons,FOOD,CN,UPI,26,421,0,0,1332,0,0,1,VELOCITY_ABUSE
CUST_11742,1323.65,Young-Zhang,FOOD,IN,UPI,2,664,0,0,982,0,0,0,LEGITIMATE
CUST_20405,2352.23,Rodriguez Ltd,HEALTHCARE,US,NET_BANKING,2,687,0,0,275,0,0,0,LEGITIMATE
CUST_14968,735.2,Nelson-Olson,OTHER,NG,UPI,1,563,0,0,1005,0,0,0,LEGITIMATE
CUST_64380,1948.33,Vargas-Swanson,ECOMMERCE,IN,UPI,1,958,0,0,1211,0,0,0,LEGITIMATE
CUST_97163,1736.7,Bowers Group,EDUCATION,US,WALLET,1,96,0,0,1047,0,0,0,LEGITIMATE
CUST_74440,6101.19,Hansen-Quinn,GROCERY,US,DEBIT_CARD,2,636,0,0,316,0,0,0,LEGITIMATE
CUST_81938,6004.7,"Garcia, Orr and Ross",FOOD,US,NET_BANKING,2,280,0,0,867,0,0,0,LEGITIMATE
CUST_65576,1361.37,"Marshall, Soto and Carr",ECOMMERCE,NG,UPI,2,308,0,0,752,0,0,0,LEGITIMATE
CUST_73068,882.27,"Munoz, Jones and Rivera",EDUCATION,GB,NET_BANKING,4,808,0,0,357,0,0,0,LEGITIMATE
CUST_30431,45266.32,Blanchard-Le,TRAVEL,IN,NET_BANKING,3,639,0,0,2004,1,1,1,TRANSACTION_ANOMALY
CUST_43723,1825.33,Clarke Ltd,ENTERTAINMENT,CN,NET_BANKING,4,103,0,0,1588,0,0,0,LEGITIMATE
CUST_53677,6719.96,York Inc,ECOMMERCE,CN,DEBIT_CARD,3,533,0,0,589,0,0,0,LEGITIMATE
CUST_63025,2922.08,Mullins LLC,HEALTHCARE,CN,NET_BANKING,1,448,0,0,1733,0,0,0,LEGITIMATE
CUST_15089,38178.66,Clark Ltd,TRAVEL,GB,DEBIT_CARD,21,3,1,1,539,1,1,1,MULTI_SIGNAL_ATTACK
CUST_41765,4071.75,Bell and Sons,HEALTHCARE,IN,CREDIT_CARD,3,649,0,0,1986,0,0,0,LEGITIMATE
CUST_69699,5492.256778469155,Arias Ltd,EDUCATION,GB,NET_BANKING,4,8,0,1,25,1,1,1,SYNTHETIC_IDENTITY
CUST_34749,4243.01,"Bryant, Munoz and Chase",EDUCATION,US,UPI,4,630,0,0,1762,0,0,0,LEGITIMATE
CUST_50367,4426.28,"Bowen, Weeks and Nash",FOOD,IN,WALLET,2,305,0,0,1715,0,0,0,LEGITIMATE
CUST_37462,5216.99,Smith Group,GROCERY,GB,DEBIT_CARD,1,822,0,0,1660,0,0,0,LEGITIMATE
CUST_64767,1316.93,Edwards-Dunlap,ENTERTAINMENT,CN,NET_BANKING,2,232,0,0,2180,0,0,0,LEGITIMATE
CUST_73762,3931.72,"Willis, Obrien and Guerrero",FOOD,NG,NET_BANKING,2,90,0,0,775,0,0,0,LEGITIMATE
CUST_33950,3729.22,"Wilson, Sanchez and Sanders",EDUCATION,GB,NET_BANKING,2,111,0,0,815,0,0,0,LEGITIMATE
CUST_48420,487.22,Morgan Ltd,FOOD,CN,UPI,2,519,0,0,381,0,0,0,LEGITIMATE
CUST_73595,3948.32,Norton-Figueroa,GROCERY,IN,UPI,1,129,0,0,442,0,0,0,LEGITIMATE
CUST_37665,18783.6,"Lopez, King and Miller",EDUCATION,CN,WALLET,18,3,1,1,2169,1,1,1,MULTI_SIGNAL_ATTACK
CUST_54967,1604.65,Pearson-Boyd,HEALTHCARE,US,NET_BANKING,3,924,0,0,1321,0,0,0,LEGITIMATE
CUST_53287,17326.992150736027,"Johnson, Carter and Flynn",ECOMMERCE,IN,UPI,10,9,0,1,28,1,1,1,SYNTHETIC_IDENTITY
CUST_99939,175.69,Wood LLC,EDUCATION,NG,DEBIT_CARD,3,47,0,0,1976,0,0,0,LEGITIMATE
CUST_93070,1330.57,"Hayes, Cooper and Hunter",HEALTHCARE,IN,NET_BANKING,1,386,0,0,1505,0,0,0,LEGITIMATE
CUST_66087,34792.13,Silva-Thompson,EDUCATION,CN,UPI,13,3,1,1,1980,1,1,1,MULTI_SIGNAL_ATTACK
CUST_25162,1273.97,"Smith, Johnson and Krueger",ECOMMERCE,NG,CREDIT_CARD,1,138,0,1,2004,0,0,1,PAYMENT_METHOD_ABUSE
CUST_31002,51958.89,Salinas LLC,OTHER,CN,DEBIT_CARD,1,711,0,0,1367,1,1,1,TRANSACTION_ANOMALY
CUST_21854,1326.44,Nelson-Davis,FOOD,US,DEBIT_CARD,4,699,0,1,1393,0,0,1,PAYMENT_METHOD_ABUSE
CUST_39301,871.7,Miller Group,ENTERTAINMENT,IN,CREDIT_CARD,2,792,0,0,1091,0,0,0,LEGITIMATE
CUST_25218,5550.81,Pope PLC,TRAVEL,GB,UPI,1,348,0,0,2376,0,0,0,LEGITIMATE
CUST_18111,7555.04,Jimenez LLC,ECOMMERCE,NG,NET_BANKING,3,846,0,0,2446,0,0,0,LEGITIMATE
CUST_99037,1936.11,"Harmon, Blake and Alvarez",ECOMMERCE,NG,CREDIT_CARD,4,353,0,0,547,0,0,0,LEGITIMATE
CUST_28966,957.37,"Lopez, Willis and Howard",OTHER,US,NET_BANKING,1,643,0,0,1245,0,0,0,LEGITIMATE
CUST_51961,3269.2034966449028,Lopez-Davis,FOOD,NG,UPI,25,676,0,0,1295,0,0,1,VELOCITY_ABUSE
CUST_59375,32360.97,Espinoza-Delacruz,TRAVEL,US,DEBIT_CARD,12,3,1,1,270,1,1,1,ACCOUNT_TAKEOVER
CUST_49203,2174.63,Nguyen Group,EDUCATION,IN,UPI,3,805,0,0,682,0,0,0,LEGITIMATE
CUST_61296,3789.73,"Rivas, White and Jefferson",ENTERTAINMENT,IN,UPI,4,129,0,0,1631,0,0,0,LEGITIMATE
CUST_27157,2760.31,Smith Ltd,GROCERY,NG,UPI,2,482,0,0,1354,0,0,0,LEGITIMATE
CUST_73234,4250.37,"Ayers, Murphy and Davis",ECOMMERCE,US,DEBIT_CARD,1,400,0,0,1222,0,0,0,LEGITIMATE
CUST_85455,3075.03,Christian-Ramirez,EDUCATION,US,NET_BANKING,1,128,0,0,447,0,0,0,LEGITIMATE
CUST_56607,5143.35,Todd LLC,GROCERY,US,UPI,4,182,0,1,1970,0,0,1,PAYMENT_METHOD_ABUSE
CUST_14455,2096.56,"Collins, Harrison and Hernandez",EDUCATION,US,NET_BANKING,2,698,0,0,516,0,0,0,LEGITIMATE
CUST_59200,2404.95,"Nelson, Gaines and Scott",EDUCATION,CN,UPI,1,152,0,0,397,0,0,0,LEGITIMATE
CUST_25286,1322.23,Taylor-Christian,OTHER,IN,WALLET,4,310,0,0,368,0,0,0,LEGITIMATE
CUST_22393,29970.74,"Johnson, Henry and Rodriguez",FOOD,US,NET_BANKING,3,615,0,0,2458,1,1,1,TRANSACTION_ANOMALY
CUST_80452,3726.26,Hogan-Bryan,GROCERY,CN,NET_BANKING,4,95,0,0,787,0,0,0,LEGITIMATE
CUST_78013,24433.78,"Baker, Freeman and Prince",OTHER,NG,DEBIT_CARD,2,912,0,0,2425,1,1,1,TRANSACTION_ANOMALY
CUST_51195,1023.63,"Hutchinson, Watkins and Jennings",TRAVEL,IN,WALLET,3,901,0,0,533,0,0,0,LEGITIMATE
CUST_14588,5294.38,Simpson-Daniels,ENTERTAINMENT,IN,UPI,1,284,0,0,376,0,0,0,LEGITIMATE
CUST_49400,3249.74,"Garcia, Arias and Foster",ENTERTAINMENT,NG,WALLET,3,565,0,0,219,0,0,0,LEGITIMATE
CUST_56152,3324.99,Walker PLC,ECOMMERCE,NG,CREDIT_CARD,1,222,0,0,2234,0,0,0,LEGITIMATE
CUST_28568,2454.37,"James, Hunt and Johnson",TRAVEL,US,WALLET,3,161,0,0,1257,0,0,0,LEGITIMATE
CUST_91567,21266.19310292803,Lozano-Khan,TRAVEL,IN,WALLET,6,1,0,1,9,1,1,1,SYNTHETIC_IDENTITY
CUST_92518,27389.95,Hernandez-Ramsey,EDUCATION,US,WALLET,2,459,0,0,1133,1,1,1,TRANSACTION_ANOMALY
CUST_59668,673.92,"David, Martin and Morris",ECOMMERCE,NG,CREDIT_CARD,4,97,0,0,136,0,0,0,LEGITIMATE
CUST_53169,29446.100765145453,"Sherman, Watson and Frank",ECOMMERCE,GB,NET_BANKING,4,1,0,1,13,1,1,1,SYNTHETIC_IDENTITY
CUST_33033,2395.23,Singh-Patel,OTHER,IN,CREDIT_CARD,3,594,1,0,2186,0,0,1,GEOGRAPHIC_ANOMALY
CUST_16286,14094.47,"James, Mitchell and Rowe",TRAVEL,GB,DEBIT_CARD,4,518,0,0,729,1,1,1,TRANSACTION_ANOMALY
CUST_96188,4390.58,Gordon and Sons,EDUCATION,US,WALLET,3,754,0,0,547,0,0,0,LEGITIMATE
CUST_42651,5234.71,"King, Strong and Wilkins",TRAVEL,CN,DEBIT_CARD,3,312,0,1,1743,0,0,1,PAYMENT_METHOD_ABUSE
CUST_50001,3656.83,"Monroe, Torres and Miller",EDUCATION,GB,UPI,1,777,0,0,386,0,0,0,LEGITIMATE
CUST_41462,2562.2,Walter PLC,GROCERY,US,CREDIT_CARD,4,857,0,0,413,0,0,0,LEGITIMATE
CUST_11401,15250.82,Ibarra-Gregory,TRAVEL,IN,NET_BANKING,11,2,1,1,1766,1,1,1,ACCOUNT_TAKEOVER
CUST_42011,2736.1,"Marshall, Henry and Jones",GROCERY,NG,WALLET,2,209,0,0,2193,0,0,0,LEGITIMATE
CUST_19846,2173.8,"Delgado, Rasmussen and Maddox",HEALTHCARE,US,CREDIT_CARD,3,145,0,0,1533,0,0,0,LEGITIMATE
CUST_54296,2391.35,Watson PLC,FOOD,NG,UPI,2,32,0,0,1053,0,0,0,LEGITIMATE
CUST_92729,41584.47,Gonzalez-Gardner,ECOMMERCE,NG,UPI,8,2,1,1,2359,1,1,1,MULTI_SIGNAL_ATTACK
CUST_53063,5743.74,"Nunez, Frank and Murphy",FOOD,NG,CREDIT_CARD,8,0,1,1,1252,1,1,1,ACCOUNT_TAKEOVER
CUST_79349,3790.18,Dixon Inc,EDUCATION,US,CREDIT_CARD,3,261,0,0,2136,0,0,0,LEGITIMATE
CUST_71695,2230.33,"Page, Meyers and Livingston",ENTERTAINMENT,GB,UPI,3,141,0,0,1649,0,0,0,LEGITIMATE
CUST_67484,4016.36,"Simmons, Bailey and Bennett",TRAVEL,US,UPI,2,143,0,0,1829,0,0,0,LEGITIMATE
CUST_34846,2087.12,"Matthews, Johnson and Wright",TRAVEL,IN,NET_BANKING,1,194,0,0,1196,0,0,0,LEGITIMATE
CUST_97320,2416.76,Hicks-Smith,ENTERTAINMENT,CN,CREDIT_CARD,2,362,0,0,845,0,0,0,LEGITIMATE
CUST_62412,3296.0,"Jacobson, Walker and Leonard",HEALTHCARE,CN,CREDIT_CARD,2,189,0,0,2085,1,0,1,MERCHANT_ANOMALY
CUST_11788,6650.78,Galvan Inc,HEALTHCARE,CN,NET_BANKING,4,521,1,0,998,0,0,1,GEOGRAPHIC_ANOMALY
CUST_73691,912.84,Knight Inc,ECOMMERCE,CN,WALLET,2,317,0,0,368,0,0,0,LEGITIMATE
CUST_25075,17042.42,Garcia-Russell,TRAVEL,US,DEBIT_CARD,1,747,0,0,1109,1,1,1,TRANSACTION_ANOMALY
CUST_40065,1644.31,Mckee-Wong,EDUCATION,US,CREDIT_CARD,2,466,0,0,523,0,0,0,LEGITIMATE
CUST_12314,2401.11,Johnson Group,GROCERY,IN,NET_BANKING,2,257,0,0,847,0,0,0,LEGITIMATE
CUST_54063,2570.44,"Lopez, Hays and Figueroa",GROCERY,CN,WALLET,1,305,0,0,1775,0,0,0,LEGITIMATE
CUST_57654,1929.46,"Davis, Peterson and Hall",EDUCATION,GB,DEBIT_CARD,1,30,0,0,1179,0,0,0,LEGITIMATE
CUST_16832,1792.97,Koch Inc,ENTERTAINMENT,US,NET_BANKING,4,219,0,0,1347,0,0,0,LEGITIMATE
CUST_43064,979.68,Carey-Johnson,EDUCATION,GB,UPI,2,369,0,0,2042,1,0,1,MERCHANT_ANOMALY
CUST_57367,3484.36,Tran and Sons,HEALTHCARE,NG,DEBIT_CARD,4,119,0,0,2442,0,0,0,LEGITIMATE
CUST_23941,29560.26,"Galvan, Moreno and Luna",FOOD,IN,CREDIT_CARD,17,2,1,1,564,1,1,1,MULTI_SIGNAL_ATTACK
CUST_36476,1095.06,"King, Myers and Moore",GROCERY,US,DEBIT_CARD,3,942,0,0,2215,0,0,0,LEGITIMATE
CUST_83445,6218.16,Pitts and Sons,OTHER,GB,CREDIT_CARD,4,566,0,0,1452,0,0,0,LEGITIMATE
CUST_76043,5202.7460560545,Hall-Lopez,ENTERTAINMENT,US,DEBIT_CARD,22,843,0,0,119,0,0,1,VELOCITY_ABUSE
CUST_79791,5515.95,Lin-Nguyen,TRAVEL,IN,NET_BANKING,4,440,0,0,2133,0,0,0,LEGITIMATE
CUST_89589,958.29,Johnson-Gray,TRAVEL,US,CREDIT_CARD,1,930,0,0,1142,0,0,0,LEGITIMATE
CUST_77213,2756.7,Davis Ltd,ENTERTAINMENT,NG,UPI,3,595,0,0,1895,0,0,0,LEGITIMATE
CUST_25611,1386.47,"Nunez, Villarreal and Hopkins",GROCERY,US,WALLET,2,994,0,0,730,0,0,0,LEGITIMATE
CUST_46406,4107.01,Lee-Patel,GROCERY,GB,DEBIT_CARD,1,31,0,0,574,0,0,0,LEGITIMATE
CUST_95019,5446.24,Dean LLC,ENTERTAINMENT,NG,UPI,3,769,0,0,1453,1,1,1,TRANSACTION_ANOMALY
CUST_52550,3101.59,Mccullough-Cooper,HEALTHCARE,IN,DEBIT_CARD,3,46,0,0,264,0,0,0,LEGITIMATE
CUST_80436,3887.98,"May, Paul and Wilson",EDUCATION,IN,UPI,2,866,0,0,2419,0,0,0,LEGITIMATE
CUST_67958,14210.54,Contreras-Williams,ENTERTAINMENT,NG,DEBIT_CARD,23,1,1,1,933,1,1,1,MULTI_SIGNAL_ATTACK
CUST_33791,2602.55,Carlson-Mercer,TRAVEL,IN,DEBIT_CARD,2,693,1,0,1911,0,0,1,GEOGRAPHIC_ANOMALY
CUST_50653,434.09,"Quinn, Esparza and Rush",EDUCATION,US,WALLET,4,281,0,0,697,0,0,0,LEGITIMATE
CUST_69640,1869.94,Walker Inc,TRAVEL,IN,CREDIT_CARD,1,142,0,0,1678,0,0,0,LEGITIMATE
CUST_11776,11531.9,"Washington, Lewis and Munoz",ECOMMERCE,IN,CREDIT_CARD,13,2,1,1,209,1,1,1,ACCOUNT_TAKEOVER
CUST_21136,22348.32,Rogers-Smith,OTHER,IN,WALLET,25,2,1,1,858,1,1,1,MULTI_SIGNAL_ATTACK
CUST_15836,2653.413840068776,Coleman-Carter,ENTERTAINMENT,NG,CREDIT_CARD,10,31,0,0,451,0,0,1,VELOCITY_ABUSE
CUST_60512,68934.9,Brown and Sons,ECOMMERCE,GB,DEBIT_CARD,1,533,0,0,633,1,1,1,TRANSACTION_ANOMALY
CUST_23334,1780.39,"Davis, Todd and Johnson",FOOD,GB,WALLET,1,947,0,0,1184,0,0,0,LEGITIMATE
CUST_15681,1805.62,"Austin, White and Bentley",EDUCATION,US,WALLET,4,183,0,0,648,0,0,0,LEGITIMATE
CUST_97460,3127.17,"Kim, Johnson and Taylor",ENTERTAINMENT,NG,UPI,4,707,0,0,1265,0,0,0,LEGITIMATE
CUST_58380,5411.71,"Buckley, Shepard and Bailey",GROCERY,IN,DEBIT_CARD,2,429,0,0,1117,0,0,0,LEGITIMATE
CUST_68549,2745.69,"Reynolds, Lawrence and Martinez",TRAVEL,IN,WALLET,2,122,0,0,1989,1,0,1,MERCHANT_ANOMALY
CUST_33838,2110.96,Howell-Moore,FOOD,GB,NET_BANKING,4,646,0,0,1607,1,0,1,MERCHANT_ANOMALY
CUST_95715,2603.47,Hernandez PLC,EDUCATION,CN,WALLET,2,423,0,0,1037,0,0,0,LEGITIMATE
CUST_20959,1398.16,"Wilkinson, Briggs and Charles",ECOMMERCE,CN,CREDIT_CARD,1,401,0,0,2409,0,0,0,LEGITIMATE
CUST_83187,2239.54,Campbell-Coleman,FOOD,US,CREDIT_CARD,2,331,0,0,1971,0,0,0,LEGITIMATE
CUST_70344,1136.67,"Garcia, Smith and Ward",EDUCATION,NG,DEBIT_CARD,2,150,0,0,620,0,0,0,LEGITIMATE
CUST_28753,381.24,"Barajas, Lawrence and Harris",EDUCATION,IN,UPI,1,518,0,0,1576,0,0,0,LEGITIMATE
CUST_87847,658.24,Hopkins Ltd,TRAVEL,IN,UPI,1,612,0,0,677,0,0,0,LEGITIMATE
CUST_64590,3524.5,"Armstrong, Ramirez and Brown",OTHER,US,NET_BANKING,3,511,0,1,643,0,0,1,PAYMENT_METHOD_ABUSE
CUST_68192,707.32,"Mitchell, Smith and Wade",FOOD,GB,DEBIT_CARD,2,545,0,0,84,0,0,0,LEGITIMATE
CUST_31017,9348.777223300978,Hernandez-Miller,EDUCATION,CN,NET_BANKING,23,756,0,0,74,0,0,1,VELOCITY_ABUSE
CUST_45628,3229.14,Graham PLC,EDUCATION,NG,DEBIT_CARD,1,254,0,0,406,0,0,0,LEGITIMATE
CUST_61418,2848.26,Castaneda LLC,FOOD,NG,DEBIT_CARD,4,877,0,1,782,0,0,1,PAYMENT_METHOD_ABUSE
CUST_17165,972.32,"Smith, Lane and Graham",ECOMMERCE,CN,UPI,3,58,0,0,1551,0,0,0,LEGITIMATE
CUST_41395,1498.53,Munoz and Sons,FOOD,US,CREDIT_CARD,3,222,0,0,1185,0,0,0,LEGITIMATE
CUST_82311,617.26,"Allen, Mcdonald and Perry",ECOMMERCE,IN,UPI,1,607,0,0,856,0,0,0,LEGITIMATE
CUST_73413,3964.02,Woods LLC,HEALTHCARE,IN,CREDIT_CARD,3,799,0,0,217,0,0,0,LEGITIMATE
CUST_47015,13996.737153871369,"Green, Perez and Cross",FOOD,NG,WALLET,5,0,0,1,11,1,1,1,SYNTHETIC_IDENTITY
CUST_86962,9252.392134657919,"Long, Rodriguez and Wallace",ECOMMERCE,CN,DEBIT_CARD,5,8,0,1,23,1,1,1,SYNTHETIC_IDENTITY
CUST_77672,2236.25,Murray and Sons,OTHER,GB,DEBIT_CARD,4,70,0,0,2173,0,0,0,LEGITIMATE
CUST_99505,10224.44,Simmons Ltd,ECOMMERCE,CN,WALLET,13,0,1,1,1617,1,1,1,ACCOUNT_TAKEOVER
CUST_75393,5912.36,"Floyd, Reed and Wright",HEALTHCARE,CN,DEBIT_CARD,3,620,0,0,415,0,0,0,LEGITIMATE
CUST_57622,3127.94,Ramirez Inc,FOOD,IN,DEBIT_CARD,4,292,0,0,1477,0,0,0,LEGITIMATE
CUST_67939,2585.14,Watson-Rhodes,OTHER,IN,CREDIT_CARD,4,907,0,0,605,0,0,0,LEGITIMATE
CUST_91223,4465.42,Mcmahon LLC,HEALTHCARE,CN,NET_BANKING,3,115,0,1,558,0,0,1,PAYMENT_METHOD_ABUSE
CUST_44449,5405.13,Gibson PLC,GROCERY,NG,DEBIT_CARD,2,903,0,0,204,0,0,0,LEGITIMATE
CUST_23801,1751.87,Johnson and Sons,TRAVEL,CN,WALLET,4,925,0,0,1220,0,0,0,LEGITIMATE
CUST_70591,22758.009328882432,Anderson PLC,EDUCATION,GB,NET_BANKING,6,6,0,1,6,1,1,1,SYNTHETIC_IDENTITY
CUST_53086,2659.61,Neal-Shelton,HEALTHCARE,NG,WALLET,4,147,1,0,294,0,0,1,GEOGRAPHIC_ANOMALY
CUST_15017,2740.01,Hogan-Kent,OTHER,US,DEBIT_CARD,1,645,0,0,2262,0,0,0,LEGITIMATE
CUST_59844,1076.3,"Shepard, Price and Montgomery",EDUCATION,GB,NET_BANKING,1,806,0,0,285,0,0,0,LEGITIMATE
CUST_99610,553.09,"Herrera, Wong and Kelly",ENTERTAINMENT,GB,DEBIT_CARD,4,113,0,0,1762,0,0,0,LEGITIMATE
CUST_49103,1198.48,Murphy-Lyons,ECOMMERCE,CN,UPI,4,380,0,0,1879,0,0,0,LEGITIMATE
CUST_48915,2840.11,"Harrison, Johnson and Allen",HEALTHCARE,US,NET_BANKING,2,743,0,0,703,0,0,0,LEGITIMATE
CUST_67250,23825.31,David-Anderson,HEALTHCARE,NG,CREDIT_CARD,2,109,0,0,1482,1,1,1,TRANSACTION_ANOMALY
CUST_11859,4322.17,Berger-Cardenas,TRAVEL,CN,NET_BANKING,4,299,0,0,646,0,0,0,LEGITIMATE
CUST_78248,5016.39,"Woods, Gonzalez and Watkins",TRAVEL,CN,NET_BANKING,1,253,0,0,45,0,0,0,LEGITIMATE
CUST_34596,2881.34,Robertson Inc,TRAVEL,NG,WALLET,2,725,0,0,1751,0,0,0,LEGITIMATE
CUST_85607,1829.24,"Norton, Morris and Moore",HEALTHCARE,GB,CREDIT_CARD,1,746,0,0,88,0,0,0,LEGITIMATE
CUST_75422,1908.57,Burgess-Parsons,EDUCATION,CN,UPI,3,146,0,0,1897,0,0,0,LEGITIMATE
CUST_33044,2938.84,Webb Group,HEALTHCARE,CN,DEBIT_CARD,4,420,0,0,1909,0,0,0,LEGITIMATE
CUST_47359,4692.54,Smith-White,FOOD,GB,CREDIT_CARD,1,661,0,0,1821,0,0,0,LEGITIMATE
CUST_63907,1947.2,"Maldonado, Baker and Taylor",FOOD,CN,DEBIT_CARD,3,902,0,1,454,0,0,1,PAYMENT_METHOD_ABUSE
CUST_39213,1065.42,Rose and Sons,EDUCATION,NG,CREDIT_CARD,1,389,0,0,1892,0,0,0,LEGITIMATE
CUST_70810,2304.92,"Rodriguez, Dillon and Curry",GROCERY,CN,UPI,3,930,0,0,1721,0,0,0,LEGITIMATE
CUST_96334,735.45,Clay-Smith,EDUCATION,CN,DEBIT_CARD,13,2,1,1,1113,1,1,1,ACCOUNT_TAKEOVER
CUST_53920,3331.52,Richards-Watson,EDUCATION,NG,DEBIT_CARD,4,878,0,0,728,0,0,0,LEGITIMATE
CUST_16760,4300.46,Barrett Group,TRAVEL,CN,NET_BANKING,3,559,0,0,2396,0,0,0,LEGITIMATE
CUST_30767,3651.56,"Owens, Conley and Villarreal",FOOD,US,DEBIT_CARD,4,893,0,0,1821,0,0,0,LEGITIMATE
CUST_92223,817.05,Green-Coleman,TRAVEL,NG,UPI,4,41,0,0,1095,0,0,0,LEGITIMATE
CUST_92430,2279.76,Benson Ltd,GROCERY,US,CREDIT_CARD,1,615,0,1,2460,0,0,1,PAYMENT_METHOD_ABUSE
CUST_27111,3519.08,"Howell, Thomas and Liu",TRAVEL,GB,DEBIT_CARD,2,578,0,0,1888,0,0,0,LEGITIMATE
CUST_42145,754.82,Gonzalez-Lang,GROCERY,GB,UPI,1,683,0,0,1578,0,0,0,LEGITIMATE
CUST_85937,1120.98,"Gibbs, Wang and Morales",OTHER,IN,WALLET,3,946,0,0,453,0,0,0,LEGITIMATE
CUST_33675,4055.51,"Jones, Mitchell and Wilkins",OTHER,IN,UPI,1,532,0,0,410,0,0,0,LEGITIMATE
CUST_12877,1535.56,"Thomas, Miller and Kirk",OTHER,IN,CREDIT_CARD,3,678,0,0,1724,0,0,0,LEGITIMATE
CUST_69097,4493.78,"Stewart, Thompson and Hernandez",TRAVEL,US,CREDIT_CARD,1,150,0,0,689,1,0,1,MERCHANT_ANOMALY
CUST_73427,2587.68,Lee Ltd,GROCERY,NG,DEBIT_CARD,1,227,0,0,2487,0,0,0,LEGITIMATE
CUST_89444,3243.2,Francis Group,GROCERY,NG,WALLET,3,147,0,0,151,0,0,0,LEGITIMATE
CUST_38437,698.46,Patterson-Mcintosh,TRAVEL,NG,DEBIT_CARD,2,304,1,0,150,0,0,1,GEOGRAPHIC_ANOMALY
CUST_36114,2288.45,Rodriguez Group,ENTERTAINMENT,GB,NET_BANKING,4,974,0,0,406,0,0,0,LEGITIMATE
CUST_35304,6595.1,"Ramirez, Bishop and Parks",ECOMMERCE,US,UPI,3,199,0,0,1054,0,0,0,LEGITIMATE
CUST_36978,4118.97,Bradley-Evans,OTHER,CN,NET_BANKING,3,667,0,0,2028,0,0,0,LEGITIMATE
CUST_24097,26316.04,"Winters, Nelson and Oconnell",ENTERTAINMENT,CN,WALLET,1,490,0,0,1598,1,1,1,TRANSACTION_ANOMALY
CUST_86922,383.29,Beltran-Gomez,HEALTHCARE,GB,NET_BANKING,3,469,0,0,1708,0,0,0,LEGITIMATE
CUST_34368,3767.55,Zavala-Hall,FOOD,US,DEBIT_CARD,3,155,0,0,1495,0,0,0,LEGITIMATE
CUST_11262,10657.58481807002,"Copeland, Pierce and Mercer",ECOMMERCE,IN,WALLET,6,1,0,1,13,1,1,1,SYNTHETIC_IDENTITY
CUST_83525,3867.79,Johnson-Jimenez,FOOD,NG,WALLET,4,355,0,0,1168,0,0,0,LEGITIMATE
CUST_51958,7620.772683908254,"Gutierrez, Sims and Alvarez",HEALTHCARE,US,WALLET,9,3,0,1,15,1,1,1,SYNTHETIC_IDENTITY
CUST_85551,4910.61,"Mays, Daniels and Everett",GROCERY,GB,CREDIT_CARD,3,164,0,1,117,0,0,1,PAYMENT_METHOD_ABUSE
CUST_79922,689.76,Roberts-Flores,HEALTHCARE,IN,CREDIT_CARD,4,770,0,0,2190,0,0,0,LEGITIMATE
CUST_49452,2718.15,Brown-Calhoun,HEALTHCARE,NG,NET_BANKING,12,0,1,1,1155,1,1,1,ACCOUNT_TAKEOVER
CUST_59008,3776.55,Macias and Sons,ECOMMERCE,IN,CREDIT_CARD,3,912,0,0,450,0,0,0,LEGITIMATE
CUST_67105,14439.27,Phillips LLC,FOOD,IN,DEBIT_CARD,6,0,1,1,957,1,1,1,ACCOUNT_TAKEOVER
CUST_49883,1151.4,"Chavez, Becker and Wright",HEALTHCARE,GB,WALLET,2,977,0,0,337,0,0,0,LEGITIMATE
CUST_28056,2230.45,Chavez-Fisher,FOOD,CN,DEBIT_CARD,4,682,0,0,2419,0,0,0,LEGITIMATE
CUST_68560,1409.32,Jones-Alvarez,ECOMMERCE,NG,WALLET,3,359,0,0,531,0,0,0,LEGITIMATE
CUST_73269,3287.11,"Galloway, Calhoun and Wheeler",ENTERTAINMENT,IN,UPI,2,705,0,0,955,0,0,0,LEGITIMATE
CUST_94821,352.32,"Turner, Lawrence and Walker",FOOD,IN,NET_BANKING,2,509,0,0,873,0,0,0,LEGITIMATE
CUST_60470,812.66,Pham-Shelton,FOOD,CN,UPI,3,808,0,0,799,0,0,0,LEGITIMATE
CUST_50871,1612.98,Hester PLC,FOOD,US,DEBIT_CARD,4,918,0,0,1889,0,0,0,LEGITIMATE
CUST_91327,467.56,"Larson, Novak and Cain",EDUCATION,US,DEBIT_CARD,3,920,0,0,2133,0,0,0,LEGITIMATE
CUST_85660,4103.23,Jenkins and Sons,OTHER,US,CREDIT_CARD,4,221,0,0,448,0,0,0,LEGITIMATE
CUST_44964,1457.48,"Moore, Lee and Smith",OTHER,CN,DEBIT_CARD,1,392,0,1,147,0,0,1,PAYMENT_METHOD_ABUSE
CUST_29742,2016.85,Banks-Lowery,EDUCATION,NG,WALLET,3,130,0,0,1655,0,0,0,LEGITIMATE
CUST_16440,1130.67,"Hunter, Myers and Smith",ECOMMERCE,CN,UPI,3,572,0,0,1596,0,0,0,LEGITIMATE
CUST_89619,2356.71,Johnson Ltd,EDUCATION,NG,CREDIT_CARD,1,254,0,0,2051,0,0,0,LEGITIMATE
CUST_25097,644.61,Miller Inc,ENTERTAINMENT,IN,DEBIT_CARD,2,933,0,0,247,0,0,0,LEGITIMATE
CUST_91293,7964.4126887170005,"Prince, Booth and Hobbs",EDUCATION,CN,CREDIT_CARD,15,537,0,0,1687,0,0,1,VELOCITY_ABUSE
CUST_55564,398.5,"Parks, Mann and Carter",ENTERTAINMENT,NG,CREDIT_CARD,4,786,0,0,1209,0,0,0,LEGITIMATE
CUST_50019,892.88,Munoz-Matthews,HEALTHCARE,US,CREDIT_CARD,4,175,0,0,1007,0,0,0,LEGITIMATE
CUST_11669,1446.8,Parker-Thomas,HEALTHCARE,CN,CREDIT_CARD,1,204,0,0,1973,0,0,0,LEGITIMATE
CUST_99024,3636.65,"Green, Dougherty and Herrera",HEALTHCARE,NG,NET_BANKING,2,513,0,0,69,0,0,0,LEGITIMATE
CUST_24337,2484.09,"Thomas, Hill and Flores",ENTERTAINMENT,IN,DEBIT_CARD,2,823,0,0,215,0,0,0,LEGITIMATE
CUST_22308,2332.08,Shah-Hayes,HEALTHCARE,GB,NET_BANKING,3,709,0,0,439,0,0,0,LEGITIMATE
CUST_73765,3837.64,"Gibbs, Rivera and Peterson",OTHER,GB,CREDIT_CARD,3,942,0,0,1068,0,0,0,LEGITIMATE
CUST_77873,5304.64,Gray-Johnson,FOOD,CN,DEBIT_CARD,1,181,0,1,2470,0,0,1,PAYMENT_METHOD_ABUSE
CUST_96424,2341.5000680547123,Brennan PLC,OTHER,GB,CREDIT_CARD,12,398,0,0,610,0,0,1,VELOCITY_ABUSE
CUST_59516,1151.56,"Ewing, Mitchell and Boone",ECOMMERCE,GB,WALLET,3,939,0,0,472,1,0,1,MERCHANT_ANOMALY
CUST_87220,500.31,Merritt PLC,ENTERTAINMENT,GB,DEBIT_CARD,3,884,0,0,1739,0,0,0,LEGITIMATE
CUST_90264,25418.83,Shelton LLC,OTHER,US,WALLET,12,1,1,1,533,1,1,1,ACCOUNT_TAKEOVER
CUST_78575,2372.48,Henderson-White,TRAVEL,NG,UPI,3,45,0,0,1216,0,0,0,LEGITIMATE
CUST_69488,753.59,"Salazar, Robinson and Bell",ENTERTAINMENT,US,WALLET,1,470,0,0,197,0,0,0,LEGITIMATE
CUST_56170,1847.38,"White, Lee and Hall",ENTERTAINMENT,IN,DEBIT_CARD,2,118,0,0,32,0,0,0,LEGITIMATE
CUST_45477,4564.77,"Ramirez, Williams and Elliott",EDUCATION,US,WALLET,1,514,0,0,614,0,0,0,LEGITIMATE
CUST_56482,5721.79,Ross-Andrews,EDUCATION,CN,NET_BANKING,3,972,0,0,1048,0,0,0,LEGITIMATE
CUST_49586,1789.0621420366076,Evans Group,TRAVEL,GB,WALLET,18,729,0,0,2475,0,0,1,VELOCITY_ABUSE
CUST_82651,14253.72,"Obrien, Murray and Morales",EDUCATION,GB,CREDIT_CARD,4,588,0,0,847,1,1,1,TRANSACTION_ANOMALY
CUST_22588,2565.47,Rodriguez-Rodriguez,ECOMMERCE,NG,UPI,3,509,0,0,597,1,0,1,MERCHANT_ANOMALY
CUST_71151,4670.32,Martin-Anderson,OTHER,CN,CREDIT_CARD,4,120,0,0,1752,0,0,0,LEGITIMATE
CUST_28426,1591.57,Preston and Sons,HEALTHCARE,US,UPI,3,84,0,1,1268,0,0,1,PAYMENT_METHOD_ABUSE
CUST_62814,745.27,Hernandez PLC,OTHER,CN,CREDIT_CARD,1,371,0,0,54,0,0,0,LEGITIMATE
CUST_87901,4725.4,Gregory-Terry,OTHER,GB,UPI,1,748,0,0,428,0,0,0,LEGITIMATE
CUST_36878,1590.63,"Taylor, Rogers and Robinson",OTHER,IN,DEBIT_CARD,2,338,1,0,2144,0,0,1,GEOGRAPHIC_ANOMALY
CUST_73564,5000.552831100192,"Mills, Lewis and Ray",FOOD,IN,CREDIT_CARD,13,283,0,0,852,0,0,1,VELOCITY_ABUSE
CUST_76296,2495.67,Holloway-Brown,GROCERY,CN,CREDIT_CARD,2,869,0,0,1847,0,0,0,LEGITIMATE
CUST_40792,763.72,Smith-Shaffer,OTHER,GB,WALLET,1,219,0,0,2269,0,0,0,LEGITIMATE
CUST_28571,3200.58,Richardson-Chandler,ECOMMERCE,US,NET_BANKING,1,632,0,0,1015,0,0,0,LEGITIMATE
CUST_74613,2626.14,"Lloyd, Moore and Holmes",EDUCATION,GB,NET_BANKING,4,863,0,0,1534,0,0,0,LEGITIMATE
CUST_65683,895.58,Daugherty and Sons,ENTERTAINMENT,IN,NET_BANKING,3,64,0,0,636,0,0,0,LEGITIMATE
CUST_94555,20980.08,Davis-Hill,ECOMMERCE,IN,DEBIT_CARD,3,39,0,0,1850,1,1,1,TRANSACTION_ANOMALY
CUST_55722,2826.25,Sampson Inc,FOOD,CN,DEBIT_CARD,3,500,0,0,2180,0,0,0,LEGITIMATE
CUST_28355,6797.54,Ryan-Romero,EDUCATION,GB,CREDIT_CARD,4,513,0,0,1170,0,0,0,LEGITIMATE
CUST_89408,3380.09,Smith-Armstrong,ENTERTAINMENT,NG,DEBIT_CARD,3,628,0,0,768,0,0,0,LEGITIMATE
CUST_90933,4522.93,Pham Ltd,GROCERY,IN,CREDIT_CARD,1,711,0,0,1683,0,0,0,LEGITIMATE
CUST_23922,60307.48,Mullen-Newton,EDUCATION,CN,DEBIT_CARD,2,137,0,0,2075,1,1,1,TRANSACTION_ANOMALY
CUST_65057,429.18,Todd Ltd,HEALTHCARE,IN,CREDIT_CARD,4,811,0,0,293,1,0,1,MERCHANT_ANOMALY
CUST_92744,3687.52,Herrera and Sons,HEALTHCARE,US,CREDIT_CARD,2,230,0,0,150,0,0,0,LEGITIMATE
CUST_43095,1272.09,Mason and Sons,ENTERTAINMENT,CN,DEBIT_CARD,2,118,0,0,2041,0,0,0,LEGITIMATE
CUST_86298,6544.35,"Jackson, Russell and Williams",ECOMMERCE,IN,DEBIT_CARD,3,822,0,1,129,0,0,1,PAYMENT_METHOD_ABUSE
CUST_54657,4135.09,Walker-Underwood,OTHER,NG,DEBIT_CARD,4,542,0,0,789,0,0,0,LEGITIMATE
CUST_56151,2422.57,Edwards-Johnson,TRAVEL,NG,CREDIT_CARD,1,612,0,0,1490,0,0,0,LEGITIMATE
CUST_20242,967.26,Brown-Ross,ENTERTAINMENT,NG,CREDIT_CARD,3,53,0,0,550,0,0,0,LEGITIMATE
CUST_39362,9352.18597432114,Curtis-Phillips,EDUCATION,GB,UPI,26,106,0,0,1217,0,0,1,VELOCITY_ABUSE
CUST_75542,4601.01,Richardson-Sanders,GROCERY,CN,WALLET,4,989,0,0,1308,0,0,0,LEGITIMATE
CUST_44478,1684.13,Elliott-Olson,HEALTHCARE,IN,NET_BANKING,1,172,0,0,152,0,0,0,LEGITIMATE
CUST_36769,19149.985976225238,"Joyce, Smith and Bartlett",FOOD,GB,WALLET,10,2,0,1,14,1,1,1,SYNTHETIC_IDENTITY
CUST_45456,3713.14,"Zamora, Johnson and Perry",GROCERY,GB,NET_BANKING,4,519,1,0,200,0,0,1,GEOGRAPHIC_ANOMALY
CUST_12810,2225.19,Hunter Ltd,ECOMMERCE,IN,WALLET,1,595,0,0,256,0,0,0,LEGITIMATE
CUST_73199,2433.84,Hayes-Sanchez,EDUCATION,CN,DEBIT_CARD,2,148,0,0,243,0,0,0,LEGITIMATE
CUST_67403,916.51,Powell-Rodriguez,HEALTHCARE,NG,UPI,1,273,0,0,513,0,0,0,LEGITIMATE
CUST_40413,15940.13,Spencer-Austin,GROCERY,US,DEBIT_CARD,5,0,1,1,406,1,1,1,ACCOUNT_TAKEOVER
CUST_17425,443.54,Drake LLC,TRAVEL,CN,UPI,2,329,0,0,549,0,0,0,LEGITIMATE
CUST_27002,612.13,Parks Ltd,OTHER,CN,CREDIT_CARD,2,536,0,0,1659,1,0,1,MERCHANT_ANOMALY
CUST_38873,12359.157221849897,Leach LLC,EDUCATION,GB,WALLET,10,4,0,1,2,1,1,1,SYNTHETIC_IDENTITY
CUST_20282,5278.52,"Johnson, Peterson and Rivas",ECOMMERCE,US,UPI,3,772,0,0,863,0,0,0,LEGITIMATE
CUST_28607,5315.98,"Evans, Ramirez and Carrillo",OTHER,US,NET_BANKING,1,306,0,0,176,0,0,0,LEGITIMATE
CUST_46433,3525.97,Erickson-Paul,ENTERTAINMENT,NG,CREDIT_CARD,12,0,1,1,2439,1,1,1,ACCOUNT_TAKEOVER
CUST_39418,3420.21,Pearson Inc,GROCERY,CN,NET_BANKING,1,584,0,0,872,1,0,1,MERCHANT_ANOMALY
CUST_89788,2382.65,"Green, Cruz and Baker",ECOMMERCE,GB,DEBIT_CARD,4,916,0,1,1407,0,0,1,PAYMENT_METHOD_ABUSE
CUST_24314,1680.63,Ray PLC,ENTERTAINMENT,CN,WALLET,3,196,0,0,2296,0,0,0,LEGITIMATE
CUST_59976,3310.336718012074,Conner LLC,TRAVEL,US,CREDIT_CARD,27,117,0,0,1944,0,0,1,VELOCITY_ABUSE
CUST_84852,1751.18,Ward-Gonzalez,ENTERTAINMENT,IN,UPI,1,157,0,0,1646,0,0,0,LEGITIMATE
CUST_50225,2156.93,Russell and Sons,ENTERTAINMENT,GB,DEBIT_CARD,1,507,0,0,2358,0,0,0,LEGITIMATE
CUST_14850,646.71,Bender Ltd,GROCERY,CN,NET_BANKING,3,948,0,0,1499,1,0,1,MERCHANT_ANOMALY
CUST_67729,4207.48,"Tucker, Leonard and Crawford",ENTERTAINMENT,GB,UPI,2,180,0,0,766,0,0,0,LEGITIMATE
CUST_90995,1118.47,"Green, Harris and Miller",FOOD,US,CREDIT_CARD,4,623,0,0,233,0,0,0,LEGITIMATE
CUST_51593,4561.87,"Hernandez, Keller and Sims",HEALTHCARE,NG,CREDIT_CARD,3,46,0,0,201,1,0,1,MERCHANT_ANOMALY
CUST_15863,574.13,Jackson PLC,HEALTHCARE,US,CREDIT_CARD,1,272,0,0,2489,0,0,0,LEGITIMATE
CUST_36744,393.96,"Harrison, Carter and Christian",HEALTHCARE,NG,NET_BANKING,3,176,0,0,1364,0,0,0,LEGITIMATE
CUST_13236,3123.44,Hernandez-Walls,HEALTHCARE,IN,UPI,3,511,1,0,1367,0,0,1,GEOGRAPHIC_ANOMALY
CUST_31012,6401.5,Barton PLC,ENTERTAINMENT,IN,DEBIT_CARD,2,857,0,0,1538,0,0,0,LEGITIMATE
CUST_51039,1591.05,Garcia LLC,HEALTHCARE,NG,DEBIT_CARD,2,420,0,0,2122,0,0,0,LEGITIMATE
CUST_95093,1968.22,Wall Group,ECOMMERCE,IN,WALLET,4,581,0,0,351,0,0,0,LEGITIMATE
CUST_25891,1245.36,Owens Ltd,OTHER,IN,WALLET,2,886,0,0,2191,0,0,0,LEGITIMATE
CUST_85398,3390.64,Owens-Robbins,EDUCATION,US,DEBIT_CARD,2,496,0,0,1230,1,0,1,MERCHANT_ANOMALY
CUST_25127,389.83,Walter-Berg,EDUCATION,CN,UPI,1,966,0,0,1017,0,0,0,LEGITIMATE
CUST_57486,5605.71,Pearson Ltd,ECOMMERCE,NG,NET_BANKING,2,977,0,0,2013,0,0,0,LEGITIMATE
CUST_80466,1815.23,Taylor-Curtis,TRAVEL,CN,WALLET,3,150,0,0,1033,0,0,0,LEGITIMATE
CUST_20683,35403.36,Stewart Inc,GROCERY,CN,WALLET,2,951,0,0,1703,1,1,1,TRANSACTION_ANOMALY
CUST_31859,5650.06,"Patrick, Johnson and Rice",ENTERTAINMENT,CN,WALLET,1,159,0,0,524,0,0,0,LEGITIMATE
CUST_14466,1040.45,"Duran, Williams and Wilson",TRAVEL,IN,NET_BANKING,4,955,0,1,1797,0,0,1,PAYMENT_METHOD_ABUSE
CUST_26705,4221.4178516814,"Sellers, Clark and Rice",HEALTHCARE,NG,NET_BANKING,9,10,0,1,24,1,1,1,SYNTHETIC_IDENTITY
CUST_68950,21447.16,"Rowe, Oconnell and Scott",OTHER,CN,DEBIT_CARD,15,3,1,1,1814,1,1,1,ACCOUNT_TAKEOVER
CUST_59725,5769.05,"Malone, Carter and Hall",TRAVEL,CN,WALLET,1,267,0,0,1342,0,0,0,LEGITIMATE
CUST_48974,1752.15,"Ramos, Daniels and Young",GROCERY,GB,WALLET,4,322,0,0,2050,0,0,0,LEGITIMATE
CUST_52310,236.22,Roman Inc,TRAVEL,CN,DEBIT_CARD,2,470,1,0,1603,0,0,1,GEOGRAPHIC_ANOMALY
CUST_23037,1985.99,"Fox, Pierce and Martinez",TRAVEL,GB,CREDIT_CARD,2,936,0,0,1452,0,0,0,LEGITIMATE
CUST_32193,5471.99,Page-Webster,FOOD,GB,DEBIT_CARD,2,595,0,0,1211,0,0,0,LEGITIMATE
CUST_76676,3744.76,"Ellison, Walters and Morgan",GROCERY,IN,WALLET,4,882,0,0,721,0,0,0,LEGITIMATE
CUST_13378,2564.02,"Peters, White and Randolph",ENTERTAINMENT,US,WALLET,2,880,0,0,1543,0,0,0,LEGITIMATE
CUST_69486,5130.76,Cox-Nguyen,FOOD,IN,NET_BANKING,1,915,0,0,1238,0,0,0,LEGITIMATE
CUST_27933,4577.41,Burns-Palmer,HEALTHCARE,IN,CREDIT_CARD,1,364,0,0,1170,0,0,0,LEGITIMATE
CUST_30542,3839.25,Coffey-Campos,ENTERTAINMENT,GB,NET_BANKING,1,753,0,0,2106,0,0,0,LEGITIMATE
CUST_51262,6642.25,Vang Ltd,FOOD,NG,WALLET,8,1,1,1,187,1,1,1,ACCOUNT_TAKEOVER
CUST_44771,3818.03,"Franklin, Cain and Keller",OTHER,US,DEBIT_CARD,2,680,0,0,1955,0,0,0,LEGITIMATE
CUST_21627,514.67,"Murray, Wood and Munoz",GROCERY,US,NET_BANKING,2,757,0,0,2144,0,0,0,LEGITIMATE
CUST_33345,1643.62,Blanchard and Sons,ENTERTAINMENT,CN,WALLET,3,525,0,0,188,0,0,0,LEGITIMATE
CUST_79528,3167.27,"Lopez, Richards and Hines",ECOMMERCE,GB,UPI,4,642,0,0,767,0,0,0,LEGITIMATE
CUST_56809,14573.29,"Smith, Houston and Young",ENTERTAINMENT,NG,CREDIT_CARD,22,1,1,1,2255,1,1,1,MULTI_SIGNAL_ATTACK
CUST_96587,3817.45,Fry-Elliott,EDUCATION,GB,DEBIT_CARD,4,645,0,0,495,0,0,0,LEGITIMATE
CUST_64002,1984.47,Lopez Group,TRAVEL,IN,UPI,4,92,0,0,991,1,0,1,MERCHANT_ANOMALY
CUST_98472,1622.69,"Lowe, Kim and Strickland",EDUCATION,CN,NET_BANKING,1,304,0,0,1330,0,0,0,LEGITIMATE
CUST_73636,2454.28,"Hood, Martin and Johns",GROCERY,GB,UPI,2,578,0,0,926,0,0,0,LEGITIMATE
CUST_37027,4183.94,"Griffith, Mclean and Rivera",HEALTHCARE,NG,DEBIT_CARD,1,851,0,0,481,0,0,0,LEGITIMATE
CUST_59700,620.48,Hernandez-Moore,HEALTHCARE,GB,WALLET,2,400,0,0,399,0,0,0,LEGITIMATE
CUST_80185,967.49,Cooper Ltd,EDUCATION,US,DEBIT_CARD,3,369,0,0,842,0,0,0,LEGITIMATE
CUST_64184,274.2,"Walker, Smith and Perry",ECOMMERCE,NG,CREDIT_CARD,1,543,0,0,913,0,0,0,LEGITIMATE
CUST_62158,2034.41,Rodriguez Inc,TRAVEL,IN,UPI,2,64,0,0,2016,0,0,0,LEGITIMATE
CUST_45711,22497.047476427324,Blevins-Carter,EDUCATION,CN,CREDIT_CARD,3,8,0,1,17,1,1,1,SYNTHETIC_IDENTITY
CUST_89281,17442.55,Everett-Frye,EDUCATION,NG,DEBIT_CARD,8,0,1,1,651,1,1,1,ACCOUNT_TAKEOVER
CUST_44638,2572.79,"King, Thomas and Hunt",EDUCATION,CN,UPI,4,604,0,0,2390,0,0,0,LEGITIMATE
CUST_46511,185.79,"Harris, Durham and Cox",ECOMMERCE,GB,NET_BANKING,4,411,0,0,2009,0,0,0,LEGITIMATE
CUST_81641,5009.49,"Holden, Rivera and Grant",ECOMMERCE,CN,WALLET,2,487,0,0,473,0,0,0,LEGITIMATE
CUST_58473,12707.77,Coleman-Richardson,OTHER,NG,UPI,1,127,0,0,1982,1,1,1,TRANSACTION_ANOMALY
CUST_87779,2684.19,Jones LLC,TRAVEL,IN,NET_BANKING,2,90,0,0,1053,0,0,0,LEGITIMATE
CUST_74673,4540.9,Sanchez PLC,ENTERTAINMENT,CN,UPI,4,922,0,0,1062,0,0,0,LEGITIMATE
CUST_10730,18208.03,Johnson-Donovan,OTHER,IN,WALLET,10,3,1,1,1128,1,1,1,MULTI_SIGNAL_ATTACK
CUST_11785,1273.71,Carter Ltd,FOOD,NG,WALLET,1,69,0,1,693,0,0,1,PAYMENT_METHOD_ABUSE
CUST_32376,2196.27,"Robinson, Taylor and Short",TRAVEL,CN,WALLET,1,475,0,0,2178,0,0,0,LEGITIMATE
CUST_48564,5087.2,Escobar-Williams,HEALTHCARE,NG,WALLET,2,174,0,0,1140,0,0,0,LEGITIMATE
CUST_48036,3275.32,Sanders Ltd,HEALTHCARE,US,WALLET,2,988,0,0,2173,0,0,0,LEGITIMATE
CUST_53276,2313.15,Lutz and Sons,OTHER,US,CREDIT_CARD,4,98,0,0,584,0,0,0,LEGITIMATE
CUST_10734,2868.18,Gonzalez-Juarez,ECOMMERCE,US,CREDIT_CARD,1,669,0,0,1307,0,0,0,LEGITIMATE
CUST_71432,24744.68,"Landry, Nguyen and Wilson",FOOD,CN,UPI,9,3,1,1,2464,1,1,1,ACCOUNT_TAKEOVER
CUST_86607,2981.8,Lowery PLC,EDUCATION,GB,UPI,2,109,0,0,1282,0,0,0,LEGITIMATE
CUST_87678,1199.39,Davidson-Lee,ECOMMERCE,IN,UPI,2,846,0,0,654,0,0,0,LEGITIMATE
CUST_78461,3953.21,"Barnes, Romero and Chavez",HEALTHCARE,CN,WALLET,3,856,0,0,2435,0,0,0,LEGITIMATE
CUST_90725,25476.96,"Castillo, Rivera and Lawrence",OTHER,US,CREDIT_CARD,1,981,0,0,1969,1,1,1,TRANSACTION_ANOMALY
CUST_10032,2190.03,"Wilson, Johnson and Cooper",GROCERY,IN,DEBIT_CARD,4,364,0,0,1354,0,0,0,LEGITIMATE
CUST_49656,1741.62,Burke-Rodriguez,ECOMMERCE,CN,WALLET,4,393,1,0,2079,0,0,1,GEOGRAPHIC_ANOMALY
CUST_79558,3076.84,Bell-Miller,ECOMMERCE,NG,WALLET,2,890,0,1,350,0,0,1,PAYMENT_METHOD_ABUSE
CUST_74237,1515.67,Peterson-Santana,HEALTHCARE,IN,UPI,4,819,0,0,1056,1,0,1,MERCHANT_ANOMALY
CUST_65584,9487.63,"Long, Gutierrez and Hayes",ECOMMERCE,US,NET_BANKING,18,2,1,1,905,1,1,1,MULTI_SIGNAL_ATTACK
CUST_58348,1248.87,"Potts, White and Molina",GROCERY,NG,WALLET,4,437,0,0,1069,0,0,0,LEGITIMATE
CUST_15756,28882.16,Larsen LLC,GROCERY,NG,WALLET,9,0,1,1,1066,1,1,1,MULTI_SIGNAL_ATTACK
CUST_90336,9361.25,Allen Inc,TRAVEL,CN,CREDIT_CARD,8,0,1,1,657,1,1,1,ACCOUNT_TAKEOVER
CUST_53603,765.8,Johnson-Joseph,HEALTHCARE,GB,WALLET,9,0,1,1,1326,1,1,1,ACCOUNT_TAKEOVER
CUST_32621,1513.55,Mendoza-Gay,ENTERTAINMENT,IN,WALLET,2,680,0,0,1846,0,0,0,LEGITIMATE
CUST_10422,1529.34,Hess Ltd,HEALTHCARE,GB,CREDIT_CARD,1,609,0,0,1304,0,0,0,LEGITIMATE
CUST_70687,3960.04,Hernandez-Hayes,FOOD,IN,DEBIT_CARD,1,815,0,0,391,0,0,0,LEGITIMATE
CUST_32195,3449.6270902952947,"Bernard, Rodgers and Nielsen",HEALTHCARE,US,NET_BANKING,14,345,0,0,72,0,0,1,VELOCITY_ABUSE
CUST_59716,4473.96,Davis-Green,ENTERTAINMENT,US,DEBIT_CARD,2,309,0,0,1205,0,0,0,LEGITIMATE
CUST_36112,1033.43,Robertson-Miller,ENTERTAINMENT,GB,NET_BANKING,3,387,0,0,755,0,0,0,LEGITIMATE
CUST_94125,5126.95,"Thomas, Terry and Hernandez",TRAVEL,CN,CREDIT_CARD,2,580,0,0,2172,0,0,0,LEGITIMATE
CUST_84542,2573.4217386174037,"Snyder, Willis and Harmon",HEALTHCARE,CN,UPI,18,122,0,0,892,0,0,1,VELOCITY_ABUSE
CUST_44189,961.23,Gordon and Sons,TRAVEL,IN,NET_BANKING,3,607,0,0,158,0,0,0,LEGITIMATE
CUST_59533,3072.25,Newton-Winters,HEALTHCARE,IN,WALLET,1,192,0,1,2440,0,0,1,PAYMENT_METHOD_ABUSE
CUST_53871,1615.92,Mcdonald-Wagner,TRAVEL,IN,UPI,2,800,0,0,1409,0,0,0,LEGITIMATE
CUST_12850,2997.1,"Gonzalez, Baird and Williams",OTHER,NG,WALLET,4,514,0,0,1828,0,0,0,LEGITIMATE
CUST_41927,3330.02,Lam-Roberson,HEALTHCARE,GB,NET_BANKING,2,811,0,0,1064,0,0,0,LEGITIMATE
CUST_76448,5930.73,Daniel-Taylor,EDUCATION,CN,UPI,1,197,0,0,471,0,0,0,LEGITIMATE
CUST_77135,5913.78,Murray-White,ECOMMERCE,GB,WALLET,3,837,0,0,711,0,0,0,LEGITIMATE
CUST_17051,2067.07,"Thomas, Gonzalez and Ball",TRAVEL,GB,UPI,1,704,0,0,400,0,0,0,LEGITIMATE
CUST_29331,385.19,Lowery-Golden,ENTERTAINMENT,US,UPI,2,477,0,0,850,0,0,0,LEGITIMATE
CUST_21818,2436.27,Nielsen-Moreno,HEALTHCARE,US,CREDIT_CARD,4,593,0,0,1032,0,0,0,LEGITIMATE
CUST_61648,29378.02,Moore-Harrell,TRAVEL,CN,NET_BANKING,1,426,0,0,900,1,1,1,TRANSACTION_ANOMALY
CUST_62413,1670.46,"Davis, Buchanan and Kerr",EDUCATION,GB,WALLET,4,715,0,0,1369,0,0,0,LEGITIMATE
CUST_86864,2779.86,"Ellis, Fox and Clark",TRAVEL,US,DEBIT_CARD,1,655,0,0,140,0,0,0,LEGITIMATE
CUST_88534,3690.16,Green PLC,ECOMMERCE,IN,DEBIT_CARD,3,475,0,0,1660,0,0,0,LEGITIMATE
CUST_22170,795.77,"Cain, Boyle and English",TRAVEL,CN,NET_BANKING,4,65,0,0,1420,0,0,0,LEGITIMATE
CUST_44212,21523.77173142215,Huynh LLC,FOOD,US,NET_BANKING,3,2,0,1,12,1,1,1,SYNTHETIC_IDENTITY
CUST_51815,1065.02,"Davis, Thompson and Woods",EDUCATION,GB,NET_BANKING,15,0,1,1,557,1,1,1,ACCOUNT_TAKEOVER
CUST_89119,53568.68,Bowman Ltd,EDUCATION,NG,NET_BANKING,3,144,0,0,1874,1,1,1,TRANSACTION_ANOMALY
CUST_98436,51995.07,Gonzales-Berry,GROCERY,NG,UPI,11,0,1,1,357,1,1,1,MULTI_SIGNAL_ATTACK
CUST_70325,1917.14,Moore PLC,HEALTHCARE,GB,UPI,1,585,1,0,1533,0,0,1,GEOGRAPHIC_ANOMALY
CUST_48435,1312.19,"Wallace, Dixon and Martin",GROCERY,CN,NET_BANKING,1,395,0,0,1491,0,0,0,LEGITIMATE
CUST_14798,505.47,Brooks LLC,ECOMMERCE,CN,DEBIT_CARD,2,678,0,0,2206,0,0,0,LEGITIMATE
CUST_74677,2434.02,Anderson-Holmes,HEALTHCARE,GB,NET_BANKING,4,71,0,0,1795,0,0,0,LEGITIMATE
CUST_20031,28040.89488232142,Smith-Rowe,ENTERTAINMENT,GB,NET_BANKING,9,0,0,1,11,1,1,1,SYNTHETIC_IDENTITY
CUST_34108,3237.7,"Jones, Ford and Newton",EDUCATION,IN,CREDIT_CARD,3,660,0,0,1082,0,0,0,LEGITIMATE
CUST_77376,3124.54,Chandler-Jenkins,GROCERY,US,UPI,4,311,0,0,2238,0,0,0,LEGITIMATE
CUST_34341,1291.48,Holmes LLC,GROCERY,NG,WALLET,3,309,0,0,1163,0,0,0,LEGITIMATE
CUST_10662,3632.11,"Jackson, Wang and White",GROCERY,US,NET_BANKING,4,643,0,0,1697,0,0,0,LEGITIMATE
CUST_93211,370.1,Rios-Alexander,ECOMMERCE,IN,DEBIT_CARD,1,656,0,0,1333,0,0,0,LEGITIMATE
CUST_47726,891.79,Alvarado-George,EDUCATION,NG,WALLET,1,381,0,0,1916,0,0,0,LEGITIMATE
CUST_54642,28355.18,Adams-Castillo,ENTERTAINMENT,GB,DEBIT_CARD,2,575,0,0,1339,1,1,1,TRANSACTION_ANOMALY
CUST_62813,3782.69,"Hays, Clarke and Alvarez",FOOD,NG,NET_BANKING,2,795,0,0,162,0,0,0,LEGITIMATE
CUST_79414,1651.33,Davis Inc,ENTERTAINMENT,GB,UPI,2,669,0,0,1542,0,0,0,LEGITIMATE
CUST_86668,3221.1,Morris Group,HEALTHCARE,CN,WALLET,1,799,1,0,712,0,0,1,GEOGRAPHIC_ANOMALY
CUST_40765,9925.243609033609,Drake LLC,TRAVEL,NG,NET_BANKING,16,435,0,0,1567,0,0,1,VELOCITY_ABUSE
CUST_84808,2339.72,Brown LLC,TRAVEL,US,NET_BANKING,2,458,0,0,1215,0,0,0,LEGITIMATE
CUST_88544,3341.09,Woodard and Sons,HEALTHCARE,GB,UPI,3,544,0,1,1172,0,0,1,PAYMENT_METHOD_ABUSE
CUST_62948,5176.91,"Sherman, Baker and Roberts",ENTERTAINMENT,GB,NET_BANKING,12,1,1,1,2056,1,1,1,ACCOUNT_TAKEOVER
CUST_99568,2210.63,Johnson-Conner,EDUCATION,CN,NET_BANKING,2,171,0,0,432,0,0,0,LEGITIMATE
CUST_89915,1997.17,Horton-Soto,EDUCATION,IN,CREDIT_CARD,4,730,0,0,2091,0,0,0,LEGITIMATE
CUST_21923,2043.45,"Davis, Burke and Hernandez",EDUCATION,IN,WALLET,2,498,0,0,1546,0,0,0,LEGITIMATE
CUST_58373,1823.14,White and Sons,OTHER,US,DEBIT_CARD,1,241,0,0,1010,0,0,0,LEGITIMATE
CUST_85707,1506.21,Gray-Rasmussen,ECOMMERCE,CN,WALLET,2,502,0,0,1918,0,0,0,LEGITIMATE
CUST_75564,8597.43,Garcia Ltd,HEALTHCARE,CN,DEBIT_CARD,13,3,1,1,485,1,1,1,ACCOUNT_TAKEOVER
CUST_60504,5392.35,"Carter, Larsen and Wolfe",ENTERTAINMENT,IN,WALLET,9,3,1,1,318,1,1,1,MULTI_SIGNAL_ATTACK
CUST_77051,735.09,Martin-Kaiser,FOOD,CN,CREDIT_CARD,1,769,0,0,1832,0,0,0,LEGITIMATE
CUST_32145,20334.960428851347,Coleman PLC,FOOD,CN,NET_BANKING,10,3,0,1,11,1,1,1,SYNTHETIC_IDENTITY
CUST_44078,26611.28,"Martin, Neal and Underwood",OTHER,US,UPI,13,2,1,1,1432,1,1,1,ACCOUNT_TAKEOVER
CUST_13400,18179.74,Hall-Reyes,HEALTHCARE,US,UPI,17,1,1,1,935,1,1,1,MULTI_SIGNAL_ATTACK
CUST_43725,1202.47,White-Reyes,ECOMMERCE,IN,WALLET,3,402,0,0,963,0,0,0,LEGITIMATE
CUST_76662,4162.48,"Gilbert, Foster and Lawrence",ENTERTAINMENT,CN,WALLET,2,631,0,0,2146,1,0,1,MERCHANT_ANOMALY
CUST_59068,3276.24,Turner-Davis,TRAVEL,CN,WALLET,4,44,0,0,1578,0,0,0,LEGITIMATE
CUST_97653,1233.05,"Barber, Mason and Scott",ECOMMERCE,GB,UPI,1,695,0,0,295,0,0,0,LEGITIMATE
CUST_35813,6810.318815052397,"Lopez, Bryant and Cooley",OTHER,CN,WALLET,21,789,0,0,1490,0,0,1,VELOCITY_ABUSE
CUST_62231,3136.58,Valdez-Thomas,FOOD,GB,UPI,1,847,0,0,434,0,0,0,LEGITIMATE
CUST_17336,14212.73,"Park, Thomas and Stevens",ECOMMERCE,GB,DEBIT_CARD,10,2,1,1,1859,1,1,1,MULTI_SIGNAL_ATTACK
CUST_18345,1104.6,Howell-Johnson,ENTERTAINMENT,NG,CREDIT_CARD,4,505,0,0,572,0,0,0,LEGITIMATE
CUST_22880,1180.99,Silva Inc,HEALTHCARE,IN,CREDIT_CARD,1,517,0,0,2229,0,0,0,LEGITIMATE
CUST_35873,2441.94,"Ramirez, Williams and Harrison",ECOMMERCE,NG,WALLET,4,911,0,0,439,0,0,0,LEGITIMATE
CUST_24617,1657.71,Brown-Jacobs,OTHER,US,CREDIT_CARD,3,534,0,0,1843,0,0,0,LEGITIMATE
CUST_92723,1935.63,"Weaver, Parks and Best",OTHER,GB,WALLET,3,918,0,0,753,0,0,0,LEGITIMATE
CUST_79755,2100.92,Fry-Hartman,ENTERTAINMENT,GB,WALLET,1,804,0,0,1049,0,0,0,LEGITIMATE
CUST_33878,1640.24,Thomas PLC,HEALTHCARE,IN,WALLET,1,808,0,0,2027,0,0,0,LEGITIMATE
CUST_66625,1764.49,"Harper, Jimenez and Cook",OTHER,IN,UPI,2,228,0,0,1277,0,0,0,LEGITIMATE
CUST_24249,1877.4,Marshall Ltd,ENTERTAINMENT,GB,WALLET,4,135,1,0,979,0,0,1,GEOGRAPHIC_ANOMALY
CUST_84843,32025.78,Thomas-Simmons,OTHER,GB,DEBIT_CARD,2,654,0,0,663,1,1,1,TRANSACTION_ANOMALY
CUST_95654,2160.03,Cole-White,ENTERTAINMENT,CN,DEBIT_CARD,3,409,0,0,2468,0,0,0,LEGITIMATE
CUST_29003,2587.73,Anthony LLC,HEALTHCARE,GB,UPI,4,810,0,0,1284,0,0,0,LEGITIMATE
CUST_64673,3079.86,Jones-Miller,GROCERY,IN,NET_BANKING,4,815,1,0,53,0,0,1,GEOGRAPHIC_ANOMALY
CUST_36504,313.05,"Figueroa, Newton and Terry",ENTERTAINMENT,GB,UPI,4,363,0,0,884,0,0,0,LEGITIMATE
CUST_83147,3592.0888510872937,"Bryant, Jones and Morrison",ECOMMERCE,US,WALLET,15,106,0,0,2323,0,0,1,VELOCITY_ABUSE
CUST_72872,3573.07,Baker Group,GROCERY,NG,NET_BANKING,4,285,1,0,2458,0,0,1,GEOGRAPHIC_ANOMALY
CUST_17774,2713.12,Welch LLC,HEALTHCARE,IN,UPI,3,143,0,0,445,0,0,0,LEGITIMATE
CUST_71845,1336.0490066072448,"Oneal, Gomez and Nelson",HEALTHCARE,IN,NET_BANKING,27,617,0,0,580,0,0,1,VELOCITY_ABUSE
CUST_42142,2549.44,"Little, Campos and Bradshaw",ENTERTAINMENT,NG,WALLET,1,173,0,0,1372,0,0,0,LEGITIMATE
CUST_18913,1156.32,Rodriguez-Garcia,OTHER,GB,DEBIT_CARD,4,400,0,0,1315,0,0,0,LEGITIMATE
CUST_53648,4093.43,"Reed, Lucas and Fuller",ENTERTAINMENT,GB,WALLET,1,687,0,0,845,0,0,0,LEGITIMATE
CUST_63841,3491.87,Reese-Mcmillan,OTHER,CN,CREDIT_CARD,3,46,0,0,1780,0,0,0,LEGITIMATE
CUST_84149,3196.97,Brennan-Martin,HEALTHCARE,IN,WALLET,1,782,0,0,1820,0,0,0,LEGITIMATE
CUST_19902,917.5,Robertson-Lambert,FOOD,IN,WALLET,1,617,0,0,2345,0,0,0,LEGITIMATE
CUST_71400,1975.29,Turner Ltd,GROCERY,IN,UPI,2,696,0,0,811,1,0,1,MERCHANT_ANOMALY
CUST_33812,18593.74,Oneal Ltd,OTHER,CN,WALLET,5,3,1,1,2386,1,1,1,ACCOUNT_TAKEOVER
CUST_12473,5083.03,Jones and Sons,HEALTHCARE,GB,NET_BANKING,12,2,1,1,64,1,1,1,MULTI_SIGNAL_ATTACK
CUST_29435,328.7,"Espinoza, Patterson and Black",TRAVEL,GB,CREDIT_CARD,1,828,0,0,874,0,0,0,LEGITIMATE
CUST_26688,4368.69,Pacheco-Williams,FOOD,US,UPI,2,236,1,0,2242,0,0,1,GEOGRAPHIC_ANOMALY
CUST_65611,439.61,"Silva, Walker and Price",ECOMMERCE,US,CREDIT_CARD,4,156,0,1,1140,0,0,1,PAYMENT_METHOD_ABUSE
CUST_68189,2578.57,Galvan-Rodriguez,GROCERY,CN,NET_BANKING,4,634,0,0,884,0,0,0,LEGITIMATE
CUST_26338,3807.74,Evans-Perkins,FOOD,US,DEBIT_CARD,4,788,0,0,410,0,0,0,LEGITIMATE
CUST_89278,1456.86,Jenkins PLC,EDUCATION,GB,DEBIT_CARD,3,519,0,0,1497,0,0,0,LEGITIMATE
CUST_43460,12730.595972647949,"Espinoza, Logan and Jacobs",ENTERTAINMENT,IN,CREDIT_CARD,9,10,0,1,12,1,1,1,SYNTHETIC_IDENTITY
CUST_49412,3719.94,"Ross, Wade and Fisher",TRAVEL,IN,NET_BANKING,3,76,0,0,969,1,1,1,TRANSACTION_ANOMALY
CUST_84000,4031.188371529972,Andersen and Sons,TRAVEL,US,DEBIT_CARD,19,640,0,0,67,0,0,1,VELOCITY_ABUSE
CUST_64378,7384.090288053925,"Schmitt, Hamilton and Cardenas",OTHER,CN,DEBIT_CARD,7,6,0,1,26,1,1,1,SYNTHETIC_IDENTITY
CUST_91960,2905.31,"Hernandez, Price and Thomas",HEALTHCARE,GB,CREDIT_CARD,4,65,0,0,1558,0,0,0,LEGITIMATE
CUST_28919,3388.21,"Simmons, Garcia and Webb",EDUCATION,IN,WALLET,1,45,0,0,1699,0,0,0,LEGITIMATE
CUST_55700,626.88,"Martin, Graham and Walsh",EDUCATION,IN,CREDIT_CARD,4,906,0,0,942,0,0,0,LEGITIMATE
CUST_80349,2369.77,Taylor PLC,EDUCATION,US,UPI,3,161,0,0,1833,1,0,1,MERCHANT_ANOMALY
CUST_80777,1733.1723172348068,Ramsey and Sons,FOOD,NG,NET_BANKING,26,158,0,0,1527,0,0,1,VELOCITY_ABUSE
CUST_28690,1760.96,Jones LLC,FOOD,IN,NET_BANKING,2,261,0,0,953,0,0,0,LEGITIMATE
CUST_42855,3348.04,"Cook, Kane and Diaz",HEALTHCARE,GB,NET_BANKING,3,808,0,0,786,0,0,0,LEGITIMATE
CUST_27263,3343.53,Castaneda-Cruz,HEALTHCARE,CN,CREDIT_CARD,1,795,0,1,1373,0,0,1,PAYMENT_METHOD_ABUSE
CUST_35938,4277.68,Wilkins-Wade,TRAVEL,IN,CREDIT_CARD,4,360,0,0,776,0,0,0,LEGITIMATE
CUST_11535,6402.469325785666,Andrade Inc,OTHER,CN,UPI,24,492,0,0,2373,0,0,1,VELOCITY_ABUSE
CUST_81549,3546.28,Anderson Inc,ENTERTAINMENT,IN,WALLET,2,291,0,0,1831,0,0,0,LEGITIMATE
CUST_54693,3283.75,Carter-Robertson,OTHER,NG,CREDIT_CARD,3,94,0,0,2026,0,0,0,LEGITIMATE
CUST_57896,900.01,Oconnor-Jones,TRAVEL,IN,CREDIT_CARD,1,153,0,0,1777,0,0,0,LEGITIMATE
CUST_82150,2728.11,Bowers-Ellis,HEALTHCARE,US,UPI,1,917,0,0,1241,0,0,0,LEGITIMATE
CUST_76155,5851.62,Smith PLC,ECOMMERCE,CN,DEBIT_CARD,1,233,0,0,777,0,0,0,LEGITIMATE
CUST_56391,5646.24,"Davis, Perkins and Combs",TRAVEL,NG,WALLET,3,582,0,0,2182,0,0,0,LEGITIMATE
CUST_40202,644.34,Harris Inc,HEALTHCARE,US,DEBIT_CARD,2,893,0,0,2204,0,0,0,LEGITIMATE
CUST_29929,2109.02,Anderson Ltd,EDUCATION,NG,WALLET,4,333,0,1,2245,0,0,1,PAYMENT_METHOD_ABUSE
CUST_72461,216.57,"Peters, Huff and Bowers",TRAVEL,GB,UPI,3,243,0,0,1946,0,0,0,LEGITIMATE
CUST_90362,799.85,Kline Group,GROCERY,IN,NET_BANKING,2,812,0,0,2462,0,0,0,LEGITIMATE
CUST_41780,2572.8,Contreras-Hebert,EDUCATION,US,NET_BANKING,3,102,0,0,1632,0,0,0,LEGITIMATE
CUST_39662,3406.07,"Johnson, Russo and Delgado",EDUCATION,US,CREDIT_CARD,2,240,0,0,1161,0,0,0,LEGITIMATE
CUST_68114,2940.41,"Bolton, Berry and Vargas",HEALTHCARE,GB,CREDIT_CARD,1,820,0,0,613,0,0,0,LEGITIMATE
CUST_92384,1703.98,Snyder PLC,ECOMMERCE,CN,NET_BANKING,4,187,0,0,2481,0,0,0,LEGITIMATE
CUST_19227,4391.79,"Wright, Austin and Rodriguez",GROCERY,GB,NET_BANKING,4,466,0,0,1428,0,0,0,LEGITIMATE
CUST_86674,2711.69,Hampton Ltd,ENTERTAINMENT,CN,DEBIT_CARD,3,277,0,0,719,0,0,0,LEGITIMATE
CUST_97151,3619.09,Cherry-Gonzalez,EDUCATION,GB,CREDIT_CARD,3,892,1,0,2055,0,0,1,GEOGRAPHIC_ANOMALY
CUST_93920,6382.96,Gonzalez-Bruce,EDUCATION,GB,UPI,1,760,0,0,2110,0,0,0,LEGITIMATE
CUST_73641,26767.84,Patterson-Young,OTHER,CN,DEBIT_CARD,9,3,1,1,1024,1,1,1,MULTI_SIGNAL_ATTACK
CUST_87377,3043.46,Sampson-Thornton,FOOD,NG,CREDIT_CARD,4,864,0,0,433,0,0,0,LEGITIMATE
CUST_61608,1067.23,Christensen LLC,OTHER,GB,NET_BANKING,4,862,0,0,193,0,0,0,LEGITIMATE
CUST_92328,1316.9,Ramirez PLC,ECOMMERCE,IN,WALLET,3,131,0,0,1798,0,0,0,LEGITIMATE
CUST_48309,1264.71,Green-Diaz,OTHER,NG,UPI,3,284,1,0,1718,0,0,1,GEOGRAPHIC_ANOMALY
CUST_16265,1137.32,"Zimmerman, Wilson and Cochran",ENTERTAINMENT,CN,NET_BANKING,3,788,0,1,1359,0,0,1,PAYMENT_METHOD_ABUSE
CUST_32551,2234.71,"Bradley, Wilson and Kim",HEALTHCARE,US,UPI,2,354,1,0,2077,0,0,1,GEOGRAPHIC_ANOMALY
CUST_21853,2105.43,Harrison-Cunningham,OTHER,GB,DEBIT_CARD,4,389,0,0,1693,0,0,0,LEGITIMATE
CUST_54171,1986.04,"Johnson, Stevens and Patterson",TRAVEL,GB,DEBIT_CARD,3,960,0,0,1823,0,0,0,LEGITIMATE
CUST_76338,3770.04,"Williams, Smith and Jones",TRAVEL,GB,NET_BANKING,1,122,0,0,2325,0,0,0,LEGITIMATE
CUST_88377,2360.13,Lawrence-Powell,TRAVEL,GB,UPI,4,136,0,0,1687,0,0,0,LEGITIMATE
CUST_48523,818.66,Francis PLC,HEALTHCARE,IN,DEBIT_CARD,2,713,0,0,2365,0,0,0,LEGITIMATE
CUST_45885,1189.55,Nelson-White,ECOMMERCE,CN,DEBIT_CARD,2,178,0,0,137,0,0,0,LEGITIMATE
CUST_11627,2766.52,Simmons-Robinson,GROCERY,US,WALLET,2,452,0,0,1245,0,0,0,LEGITIMATE
CUST_34386,2814.35,Johnson-Miller,OTHER,NG,WALLET,3,753,0,0,2154,1,0,1,MERCHANT_ANOMALY
CUST_44544,1816.35,Trevino-Butler,HEALTHCARE,GB,DEBIT_CARD,2,359,0,0,1796,0,0,0,LEGITIMATE
CUST_42361,4890.06,"White, Bryant and Harper",GROCERY,NG,CREDIT_CARD,4,578,0,0,2234,1,0,1,MERCHANT_ANOMALY
CUST_89179,12650.31,Smith-Turner,ECOMMERCE,NG,NET_BANKING,8,1,1,1,963,1,1,1,MULTI_SIGNAL_ATTACK
CUST_83268,521.26,Cross-Estrada,OTHER,GB,DEBIT_CARD,3,613,0,0,265,0,0,0,LEGITIMATE
CUST_43031,41424.0,Duncan-Miller,OTHER,GB,NET_BANKING,24,1,1,1,142,1,1,1,MULTI_SIGNAL_ATTACK
CUST_28904,6314.17,Reyes-Holland,HEALTHCARE,NG,CREDIT_CARD,3,631,0,0,2240,0,0,0,LEGITIMATE
CUST_25687,2099.18,Williams-Roberts,FOOD,NG,WALLET,2,284,0,0,320,0,0,0,LEGITIMATE
CUST_88843,3672.36,Davis-Crosby,GROCERY,US,NET_BANKING,1,998,0,0,764,0,0,0,LEGITIMATE
CUST_62894,2716.2,Williams-Baker,EDUCATION,CN,NET_BANKING,3,217,0,0,2381,0,0,0,LEGITIMATE
CUST_22564,3929.74,"Hanson, Rogers and Torres",TRAVEL,GB,NET_BANKING,2,296,0,0,1304,0,0,0,LEGITIMATE
CUST_62615,14464.15,"Garza, Jackson and Morales",HEALTHCARE,IN,CREDIT_CARD,15,2,1,1,851,1,1,1,ACCOUNT_TAKEOVER
CUST_22516,1692.45,Riddle Ltd,GROCERY,IN,CREDIT_CARD,3,909,0,0,720,0,0,0,LEGITIMATE
CUST_19094,30451.53,Sharp-Miles,TRAVEL,US,DEBIT_CARD,1,923,0,0,736,1,1,1,TRANSACTION_ANOMALY
CUST_67763,208.45,Compton-Robinson,TRAVEL,NG,NET_BANKING,1,856,0,0,757,0,0,0,LEGITIMATE
CUST_50850,1809.22,Anderson PLC,HEALTHCARE,IN,DEBIT_CARD,1,539,0,0,1223,0,0,0,LEGITIMATE
CUST_35317,6370.23,Peters LLC,HEALTHCARE,NG,NET_BANKING,4,832,0,0,665,0,0,0,LEGITIMATE
CUST_68711,1309.56,Wallace Inc,FOOD,NG,UPI,4,222,0,0,506,0,0,0,LEGITIMATE
CUST_62990,20679.71165221134,Davis-Thompson,EDUCATION,GB,WALLET,6,4,0,1,22,1,1,1,SYNTHETIC_IDENTITY
CUST_51984,5962.7,"Lopez, Williams and Johnson",ECOMMERCE,CN,UPI,4,416,0,0,584,0,0,0,LEGITIMATE
CUST_20798,1479.33,Flynn PLC,OTHER,IN,CREDIT_CARD,4,343,0,0,2038,0,0,0,LEGITIMATE
CUST_75223,6910.43,Holden Ltd,GROCERY,IN,DEBIT_CARD,2,686,0,0,1206,0,0,0,LEGITIMATE
CUST_51111,5660.86,"Elliott, Mcknight and Austin",GROCERY,NG,CREDIT_CARD,3,580,0,0,226,0,0,0,LEGITIMATE
CUST_16872,15764.76,Stephens Group,TRAVEL,US,WALLET,14,0,1,1,1806,1,1,1,MULTI_SIGNAL_ATTACK
CUST_84861,6960.13,Johnson Inc,EDUCATION,IN,DEBIT_CARD,3,34,0,0,93,0,0,0,LEGITIMATE
CUST_41508,21805.39,Knight-Beltran,ENTERTAINMENT,US,DEBIT_CARD,1,189,0,0,1384,1,1,1,TRANSACTION_ANOMALY
CUST_65422,2565.69,Davis Group,ECOMMERCE,GB,UPI,4,416,0,0,2366,0,0,0,LEGITIMATE
CUST_46449,1318.16,Jones Ltd,ENTERTAINMENT,US,WALLET,11,0,1,1,806,1,1,1,MULTI_SIGNAL_ATTACK
CUST_74033,6267.73,"Long, Castro and Price",HEALTHCARE,US,DEBIT_CARD,4,321,0,0,302,0,0,0,LEGITIMATE
CUST_80288,5356.78,Casey LLC,ENTERTAINMENT,GB,CREDIT_CARD,2,118,0,0,1203,0,0,0,LEGITIMATE
CUST_82712,5018.51,Simmons LLC,TRAVEL,US,WALLET,1,144,0,0,2069,0,0,0,LEGITIMATE
CUST_39968,3133.11,Thomas Group,ENTERTAINMENT,CN,CREDIT_CARD,2,476,0,0,185,1,0,1,MERCHANT_ANOMALY
CUST_28711,4326.83,Wilson-Williams,GROCERY,NG,WALLET,2,772,0,0,1840,0,0,0,LEGITIMATE
CUST_51670,21279.5,"Brooks, Bell and Gray",GROCERY,IN,DEBIT_CARD,12,3,1,1,209,1,1,1,MULTI_SIGNAL_ATTACK
CUST_76269,9584.7,"Dillon, Lee and Olsen",TRAVEL,GB,DEBIT_CARD,25,2,1,1,290,1,1,1,MULTI_SIGNAL_ATTACK
CUST_81712,2241.63,Clarke-Mercado,FOOD,IN,CREDIT_CARD,2,771,0,0,1330,0,0,0,LEGITIMATE
CUST_52160,3166.46,"Montes, Clark and Woods",TRAVEL,IN,CREDIT_CARD,1,606,0,0,1547,0,0,0,LEGITIMATE
CUST_17656,4036.59,"Haynes, Shelton and Hanson",FOOD,NG,DEBIT_CARD,1,50,0,0,1617,0,0,0,LEGITIMATE
CUST_95047,2315.25,Kerr-Garrison,EDUCATION,NG,UPI,2,729,0,0,1981,0,0,0,LEGITIMATE
CUST_74298,3492.68,Hays-Cook,OTHER,GB,NET_BANKING,3,259,0,0,1054,0,0,0,LEGITIMATE
CUST_28927,5763.75,Dixon Ltd,EDUCATION,US,UPI,1,472,0,0,1204,0,0,0,LEGITIMATE
CUST_49302,3018.23,"Young, Li and Cox",OTHER,IN,NET_BANKING,2,441,0,0,619,0,0,0,LEGITIMATE
CUST_26387,3278.95,Rangel Group,EDUCATION,US,NET_BANKING,4,484,0,0,1475,0,0,0,LEGITIMATE
CUST_60913,3849.11,Jones and Sons,HEALTHCARE,GB,UPI,2,281,0,0,1928,0,0,0,LEGITIMATE
CUST_38437,2520.76,Thomas LLC,ECOMMERCE,NG,WALLET,4,413,0,0,812,0,0,0,LEGITIMATE
CUST_94410,2898.76,Brooks Inc,EDUCATION,US,DEBIT_CARD,4,337,0,0,1287,0,0,0,LEGITIMATE
CUST_91735,2274.3,"Espinoza, Pruitt and Golden",ECOMMERCE,IN,UPI,4,989,0,1,1718,0,0,1,PAYMENT_METHOD_ABUSE
CUST_68062,2758.0,Wright-Anderson,EDUCATION,US,WALLET,2,686,0,0,127,0,0,0,LEGITIMATE
CUST_62674,1108.08,Moore PLC,TRAVEL,US,NET_BANKING,2,810,0,0,2385,0,0,0,LEGITIMATE
CUST_73790,5470.28,Navarro-Watkins,GROCERY,NG,CREDIT_CARD,1,972,0,0,1325,0,0,0,LEGITIMATE
CUST_16914,1079.69,Armstrong-Tucker,HEALTHCARE,IN,UPI,2,344,0,0,1387,0,0,0,LEGITIMATE
CUST_18653,4256.87,Willis-Smith,HEALTHCARE,NG,WALLET,3,750,0,0,1516,0,0,0,LEGITIMATE
CUST_32966,27576.25024537593,"Thompson, Mitchell and Jones",EDUCATION,GB,DEBIT_CARD,10,4,0,1,18,1,1,1,SYNTHETIC_IDENTITY
CUST_42688,4359.44,Benjamin-Hardy,OTHER,US,CREDIT_CARD,4,514,0,0,494,0,0,0,LEGITIMATE
CUST_59724,33184.9,"Buck, Rodriguez and Palmer",GROCERY,US,WALLET,4,628,0,0,1983,0,1,1,TRANSACTION_ANOMALY
CUST_74456,6866.52,Kemp and Sons,HEALTHCARE,GB,CREDIT_CARD,2,669,0,0,2351,0,0,0,LEGITIMATE
CUST_49335,4040.83,Le-Garcia,FOOD,US,DEBIT_CARD,1,393,0,0,1642,0,0,0,LEGITIMATE
CUST_89011,2406.07,"Jones, Johnson and Bray",EDUCATION,IN,DEBIT_CARD,3,562,0,0,2056,0,0,0,LEGITIMATE
CUST_13072,3364.42,"Allen, Ford and Chambers",TRAVEL,GB,NET_BANKING,3,489,0,1,2035,0,0,1,PAYMENT_METHOD_ABUSE
CUST_15302,3037.23,Flores Group,FOOD,CN,UPI,1,782,0,0,1147,0,0,0,LEGITIMATE
CUST_85189,6277.26,"Bradshaw, Mora and Rodriguez",EDUCATION,GB,DEBIT_CARD,1,741,0,0,108,0,0,0,LEGITIMATE
CUST_98067,4569.93,Wilson-Mccarthy,FOOD,CN,UPI,4,446,0,0,1137,1,0,1,MERCHANT_ANOMALY
CUST_55382,1760.72,Velazquez LLC,ECOMMERCE,NG,NET_BANKING,4,970,0,0,1101,0,0,0,LEGITIMATE
CUST_98055,13081.483854009937,Ibarra-Webb,TRAVEL,GB,WALLET,6,1,0,1,6,1,1,1,SYNTHETIC_IDENTITY
CUST_19884,488.77,"Harris, Stanley and Guerrero",HEALTHCARE,IN,WALLET,4,676,0,0,69,0,0,0,LEGITIMATE
CUST_53371,2828.84,Chung Group,FOOD,NG,CREDIT_CARD,1,220,0,0,463,0,0,0,LEGITIMATE
CUST_22019,8266.733824270574,Horn LLC,EDUCATION,IN,DEBIT_CARD,25,358,0,0,405,0,0,1,VELOCITY_ABUSE
CUST_74920,2212.62,Conley LLC,ENTERTAINMENT,CN,WALLET,2,549,0,0,792,0,0,0,LEGITIMATE
CUST_10827,1348.55,Nunez LLC,ECOMMERCE,US,UPI,2,746,0,0,355,0,0,0,LEGITIMATE
CUST_26254,2773.8,"Mccann, Hogan and Wyatt",TRAVEL,US,UPI,4,680,0,0,340,0,0,0,LEGITIMATE
CUST_87635,3093.72,"Morgan, Williamson and Wilson",EDUCATION,NG,WALLET,3,874,0,0,1245,0,0,0,LEGITIMATE
CUST_55188,1443.63,Shelton-Sullivan,GROCERY,NG,UPI,1,94,0,0,1016,0,0,0,LEGITIMATE
CUST_74739,18879.74282970596,Martinez LLC,HEALTHCARE,IN,WALLET,4,9,0,1,11,1,1,1,SYNTHETIC_IDENTITY
CUST_44398,2381.54,Chung-Moore,HEALTHCARE,CN,NET_BANKING,4,350,0,0,1336,0,0,0,LEGITIMATE
CUST_81554,4272.54,"Martinez, Coffey and Ray",TRAVEL,US,CREDIT_CARD,4,362,0,0,809,0,0,0,LEGITIMATE
CUST_62853,11362.5,Garcia-Larsen,EDUCATION,CN,DEBIT_CARD,4,55,0,0,1929,1,1,1,TRANSACTION_ANOMALY
CUST_92862,16383.52,Brown Group,GROCERY,CN,CREDIT_CARD,2,184,0,0,641,1,1,1,TRANSACTION_ANOMALY
CUST_61287,1230.42,"Allen, Glenn and Pitts",ENTERTAINMENT,US,UPI,2,340,0,0,1964,0,0,0,LEGITIMATE
CUST_82001,2919.23,Johnson PLC,ECOMMERCE,US,NET_BANKING,4,1000,0,0,1167,0,0,0,LEGITIMATE
CUST_30948,730.57,Garcia-Nguyen,HEALTHCARE,IN,CREDIT_CARD,4,652,0,0,2026,0,0,0,LEGITIMATE
CUST_47921,2468.31,Wolfe Inc,OTHER,US,DEBIT_CARD,3,676,0,0,609,0,0,0,LEGITIMATE
CUST_30788,929.07,Simon and Sons,EDUCATION,GB,WALLET,3,379,0,0,1416,0,0,0,LEGITIMATE
CUST_58936,351.3,Garrison-Kelley,OTHER,GB,CREDIT_CARD,2,244,0,0,554,0,0,0,LEGITIMATE
CUST_52755,3704.18,"Carter, Hernandez and Evans",OTHER,GB,UPI,3,745,0,0,986,0,0,0,LEGITIMATE
CUST_35477,31255.41,Berry-Matthews,ECOMMERCE,CN,WALLET,20,0,1,1,550,1,1,1,MULTI_SIGNAL_ATTACK
CUST_91737,33343.68,"Gregory, Myers and Kline",OTHER,GB,NET_BANKING,19,1,1,1,1347,1,1,1,MULTI_SIGNAL_ATTACK
CUST_17736,22729.3,Martinez-Hernandez,HEALTHCARE,US,CREDIT_CARD,4,605,0,0,1970,1,1,1,TRANSACTION_ANOMALY
CUST_73530,4015.93,Christensen-Ross,ECOMMERCE,NG,DEBIT_CARD,1,332,0,0,1316,0,0,0,LEGITIMATE
CUST_17938,3467.39,"Moore, Aguilar and Collins",ENTERTAINMENT,NG,DEBIT_CARD,1,335,0,0,828,0,0,0,LEGITIMATE
CUST_44208,396.98,Peterson-Johnson,ENTERTAINMENT,US,CREDIT_CARD,4,110,0,0,866,0,0,0,LEGITIMATE
CUST_58317,3752.27,Rich Ltd,OTHER,US,NET_BANKING,3,140,0,0,1934,0,0,0,LEGITIMATE
CUST_45855,2388.64,Reynolds and Sons,ECOMMERCE,GB,WALLET,2,360,0,0,1897,0,0,0,LEGITIMATE
CUST_12222,2682.35,"Thompson, Jackson and Smith",HEALTHCARE,IN,WALLET,4,593,0,0,537,0,0,0,LEGITIMATE
CUST_13337,2519.99,"Miller, Smith and Wiley",EDUCATION,CN,DEBIT_CARD,1,689,1,0,1808,0,0,1,GEOGRAPHIC_ANOMALY
CUST_84136,7411.306778962278,Black Group,ECOMMERCE,IN,CREDIT_CARD,8,5,0,1,17,1,1,1,SYNTHETIC_IDENTITY
CUST_54323,4231.33,Rivera PLC,HEALTHCARE,CN,CREDIT_CARD,4,687,0,0,362,0,0,0,LEGITIMATE
CUST_61903,2685.42,Schmitt Ltd,FOOD,NG,DEBIT_CARD,3,262,0,0,664,0,0,0,LEGITIMATE
CUST_41360,12172.74,"Morris, Lee and Perkins",GROCERY,US,CREDIT_CARD,7,1,1,1,261,1,1,1,ACCOUNT_TAKEOVER
CUST_75612,367.76,Murphy-Brown,EDUCATION,GB,CREDIT_CARD,4,54,0,1,1338,0,0,1,PAYMENT_METHOD_ABUSE
CUST_15259,1425.66,Blackwell-Mckinney,GROCERY,NG,DEBIT_CARD,3,748,0,0,849,0,0,0,LEGITIMATE
CUST_20567,1615.15,Caldwell-Edwards,TRAVEL,GB,NET_BANKING,3,302,0,0,2412,0,0,0,LEGITIMATE
CUST_82910,9030.317216912266,Castro Ltd,EDUCATION,NG,DEBIT_CARD,20,372,0,0,1563,0,0,1,VELOCITY_ABUSE
CUST_61463,14328.51,Carlson PLC,EDUCATION,GB,CREDIT_CARD,4,239,0,0,518,1,1,1,TRANSACTION_ANOMALY
CUST_23989,27016.6,Bender-Willis,ENTERTAINMENT,GB,DEBIT_CARD,14,2,1,1,872,1,1,1,ACCOUNT_TAKEOVER
CUST_38417,1174.09,Jacobs and Sons,ENTERTAINMENT,IN,CREDIT_CARD,3,241,0,0,2123,0,0,0,LEGITIMATE
CUST_75482,2431.95,Watkins PLC,OTHER,GB,NET_BANKING,4,521,0,0,1621,0,0,0,LEGITIMATE
CUST_83509,22787.3,"Gutierrez, Andrews and Jones",ECOMMERCE,CN,CREDIT_CARD,5,2,1,1,2474,1,1,1,ACCOUNT_TAKEOVER
CUST_68334,524.22,Cardenas LLC,TRAVEL,NG,CREDIT_CARD,2,463,0,0,1592,0,0,0,LEGITIMATE
CUST_58866,2307.45,Berry and Sons,EDUCATION,GB,CREDIT_CARD,1,339,0,0,341,0,0,0,LEGITIMATE
CUST_28591,50552.44,Mccall and Sons,ECOMMERCE,IN,CREDIT_CARD,22,1,1,1,1106,1,1,1,MULTI_SIGNAL_ATTACK
CUST_85992,2505.35,Berry-Lee,ENTERTAINMENT,GB,CREDIT_CARD,2,250,0,0,2313,0,0,0,LEGITIMATE
CUST_18540,14677.51,Warner PLC,GROCERY,IN,CREDIT_CARD,15,0,1,1,1658,1,1,1,ACCOUNT_TAKEOVER
CUST_46808,436.84,"Flores, Hoffman and Guerrero",ECOMMERCE,CN,UPI,2,270,0,0,1183,0,0,0,LEGITIMATE
CUST_68718,4043.09,Olsen-Boyd,EDUCATION,IN,WALLET,2,762,0,0,37,0,0,0,LEGITIMATE
CUST_16198,1897.26,Clark-Brady,EDUCATION,GB,WALLET,2,412,0,0,1203,1,0,1,MERCHANT_ANOMALY
CUST_82223,2161.52,Watson Ltd,HEALTHCARE,US,UPI,3,508,0,0,2244,0,0,0,LEGITIMATE
CUST_55539,1734.19,Harris-Cox,OTHER,GB,WALLET,1,646,1,0,1227,0,0,1,GEOGRAPHIC_ANOMALY
CUST_53621,5039.48,Perkins Inc,OTHER,CN,WALLET,1,381,0,0,1499,0,0,0,LEGITIMATE
CUST_76368,1276.56225728029,Graham-Jones,HEALTHCARE,NG,WALLET,22,865,0,0,624,0,0,1,VELOCITY_ABUSE
CUST_64916,771.55,"Bentley, Watson and Jones",GROCERY,NG,WALLET,2,787,0,0,488,0,0,0,LEGITIMATE
CUST_39724,2889.11,Johnson Inc,FOOD,CN,DEBIT_CARD,4,565,0,1,1401,0,0,1,PAYMENT_METHOD_ABUSE
CUST_85631,2916.16,Booth Ltd,FOOD,CN,DEBIT_CARD,2,763,0,0,1468,0,0,0,LEGITIMATE
CUST_10078,5426.08,Newman and Sons,OTHER,IN,NET_BANKING,3,277,0,1,2096,0,0,1,PAYMENT_METHOD_ABUSE
CUST_37426,240.58,Miller Ltd,ECOMMERCE,IN,CREDIT_CARD,2,220,0,0,2249,0,0,0,LEGITIMATE
CUST_99192,6822.05,"Alvarez, Stone and Ramirez",ENTERTAINMENT,IN,NET_BANKING,3,707,0,0,322,0,0,0,LEGITIMATE
CUST_62822,1855.26,Lloyd-Stewart,ENTERTAINMENT,NG,UPI,4,664,0,0,73,0,0,0,LEGITIMATE
CUST_87291,5164.32,Best and Sons,GROCERY,NG,NET_BANKING,3,61,0,0,1989,0,0,0,LEGITIMATE
CUST_43525,4322.48,Arroyo-Foley,FOOD,CN,NET_BANKING,3,731,0,0,1969,0,0,0,LEGITIMATE
CUST_74265,2480.59,Todd-Reynolds,GROCERY,CN,NET_BANKING,3,586,0,0,141,0,0,0,LEGITIMATE
CUST_22065,1132.63,Lewis Ltd,FOOD,US,NET_BANKING,4,65,0,0,369,0,0,0,LEGITIMATE
CUST_52319,1945.97,Gomez-Peters,OTHER,NG,DEBIT_CARD,2,637,0,0,1298,0,0,0,LEGITIMATE
CUST_98505,3433.77,Barnes-West,OTHER,NG,CREDIT_CARD,4,850,0,0,145,0,0,0,LEGITIMATE
CUST_80210,13804.62,Lopez Inc,HEALTHCARE,GB,WALLET,3,904,0,0,229,1,1,1,TRANSACTION_ANOMALY
CUST_65932,4122.32,"Krueger, Myers and Charles",FOOD,US,DEBIT_CARD,4,824,0,0,479,0,0,0,LEGITIMATE
CUST_95704,924.95,Luna PLC,GROCERY,CN,UPI,4,264,0,0,753,0,0,0,LEGITIMATE
CUST_68283,4043.48,Parker LLC,TRAVEL,NG,DEBIT_CARD,25,2,1,1,505,1,1,1,MULTI_SIGNAL_ATTACK
CUST_72083,4946.1,Hester-Anderson,EDUCATION,GB,WALLET,1,299,0,0,167,0,0,0,LEGITIMATE
CUST_97123,15640.94,Jackson-Todd,EDUCATION,US,WALLET,15,1,1,1,1494,1,1,1,ACCOUNT_TAKEOVER
CUST_68471,789.1,Morrison-Hammond,ENTERTAINMENT,GB,CREDIT_CARD,2,626,0,1,2266,0,0,1,PAYMENT_METHOD_ABUSE
CUST_83356,2137.58,Torres Inc,GROCERY,US,DEBIT_CARD,4,41,0,0,192,1,0,1,MERCHANT_ANOMALY
CUST_76872,3449.63,Russo-Garcia,ENTERTAINMENT,IN,WALLET,2,357,0,0,79,0,0,0,LEGITIMATE
CUST_41939,2865.42,"Roberts, Wong and Brown",ECOMMERCE,US,NET_BANKING,2,427,0,0,1997,0,0,0,LEGITIMATE
CUST_82487,5157.83,Leach PLC,TRAVEL,IN,DEBIT_CARD,1,519,0,0,2247,0,0,0,LEGITIMATE
CUST_77290,2767.09,Andrade Group,TRAVEL,NG,DEBIT_CARD,3,990,0,0,327,0,0,0,LEGITIMATE
CUST_39536,322.92,Wilson Group,GROCERY,CN,NET_BANKING,4,58,0,0,1105,0,0,0,LEGITIMATE
CUST_35245,4211.03,Davis-Smith,OTHER,CN,WALLET,2,520,0,0,1560,0,0,0,LEGITIMATE
CUST_90595,2944.27,"Flores, Lutz and Dunlap",TRAVEL,CN,DEBIT_CARD,1,473,0,0,2117,0,0,0,LEGITIMATE
CUST_88619,2752.23,Garcia-Williams,FOOD,NG,WALLET,9,3,1,1,156,1,1,1,ACCOUNT_TAKEOVER
CUST_95218,5055.45,Deleon PLC,HEALTHCARE,GB,UPI,4,425,0,0,1428,0,0,0,LEGITIMATE
CUST_87274,19986.277060521497,Pennington LLC,ENTERTAINMENT,NG,UPI,6,5,0,1,9,1,1,1,SYNTHETIC_IDENTITY
CUST_52488,4974.81,"Nunez, Sutton and Harris",ECOMMERCE,NG,UPI,3,560,0,0,1010,0,0,0,LEGITIMATE
CUST_98617,3059.84,"Walsh, Cunningham and Adams",ENTERTAINMENT,US,WALLET,2,851,1,0,1715,0,0,1,GEOGRAPHIC_ANOMALY
CUST_99912,2880.14,Mcintyre-Cooper,HEALTHCARE,NG,DEBIT_CARD,2,150,0,0,1510,0,0,0,LEGITIMATE
CUST_48202,4243.03,Little LLC,HEALTHCARE,US,WALLET,3,281,0,1,1041,0,0,1,PAYMENT_METHOD_ABUSE
CUST_45486,1167.73,Bishop and Sons,HEALTHCARE,CN,DEBIT_CARD,1,415,0,0,2357,0,0,0,LEGITIMATE
CUST_82179,2185.5,"Moore, Hancock and Benson",FOOD,IN,DEBIT_CARD,4,495,0,0,1640,0,0,0,LEGITIMATE
CUST_82174,14803.650196238508,Brown LLC,HEALTHCARE,GB,CREDIT_CARD,5,2,0,1,16,1,1,1,SYNTHETIC_IDENTITY
CUST_26110,1484.7,Mcgee-Nguyen,GROCERY,IN,CREDIT_CARD,3,160,0,0,1510,0,0,0,LEGITIMATE
CUST_22568,671.84,Green-Warren,GROCERY,US,WALLET,3,321,0,0,1763,0,0,0,LEGITIMATE
CUST_66335,718.0636246520821,"Conrad, Jones and Nicholson",ECOMMERCE,US,WALLET,14,890,0,0,1015,0,0,1,VELOCITY_ABUSE
CUST_86561,874.2,Wilkerson PLC,TRAVEL,US,NET_BANKING,2,123,0,0,1327,0,0,0,LEGITIMATE
CUST_84873,2022.19,Hernandez PLC,FOOD,CN,CREDIT_CARD,2,500,0,0,1134,0,0,0,LEGITIMATE
CUST_89902,933.86,"Jones, Ibarra and Ortiz",ECOMMERCE,US,UPI,3,475,0,0,708,0,0,0,LEGITIMATE
CUST_85974,10949.69,Garcia Inc,OTHER,NG,DEBIT_CARD,8,3,1,1,2486,1,1,1,MULTI_SIGNAL_ATTACK
CUST_45615,1738.64,Potter-Johnson,EDUCATION,CN,WALLET,4,888,0,0,870,0,0,0,LEGITIMATE
CUST_67958,2344.71,Kane-Nichols,TRAVEL,GB,UPI,4,202,0,1,871,0,0,1,PAYMENT_METHOD_ABUSE
CUST_38564,1264.36,Ibarra-Hernandez,EDUCATION,GB,UPI,2,418,0,0,1317,0,0,0,LEGITIMATE
CUST_88700,3016.08,"Ramirez, Nelson and Miller",TRAVEL,IN,CREDIT_CARD,4,615,0,0,1953,1,0,1,MERCHANT_ANOMALY
CUST_59934,6714.46,"Andrews, Gallegos and Grimes",EDUCATION,CN,NET_BANKING,3,386,0,0,113,0,0,0,LEGITIMATE
CUST_39957,1328.81,Perez PLC,ENTERTAINMENT,GB,NET_BANKING,2,896,0,0,1132,0,0,0,LEGITIMATE
CUST_14757,2449.86,Fowler-Hardin,GROCERY,CN,DEBIT_CARD,12,1,1,1,1592,1,1,1,ACCOUNT_TAKEOVER
CUST_48424,935.86,"Simmons, Ford and Carlson",ENTERTAINMENT,CN,DEBIT_CARD,1,267,0,0,610,0,0,0,LEGITIMATE
CUST_22094,19648.06,Ryan and Sons,TRAVEL,US,UPI,14,0,1,1,243,1,1,1,ACCOUNT_TAKEOVER
CUST_18831,444.0,Gilbert LLC,TRAVEL,GB,WALLET,3,770,0,0,445,0,0,0,LEGITIMATE
CUST_33451,4298.48,Perez-Charles,TRAVEL,NG,DEBIT_CARD,2,814,0,0,655,0,0,0,LEGITIMATE
CUST_45695,816.48,Harris Ltd,GROCERY,IN,NET_BANKING,2,896,0,0,2132,0,0,0,LEGITIMATE
CUST_27339,3497.88,"Russell, Parker and Castillo",HEALTHCARE,NG,WALLET,4,209,0,0,1020,0,0,0,LEGITIMATE
CUST_24401,2957.14,Lee-Carroll,GROCERY,US,CREDIT_CARD,3,501,0,0,1046,0,0,0,LEGITIMATE
CUST_79323,2753.05,Williams Ltd,EDUCATION,CN,WALLET,3,835,0,0,2036,0,0,0,LEGITIMATE
CUST_89366,4071.46,Lopez Group,ENTERTAINMENT,CN,WALLET,4,159,0,0,2395,0,0,0,LEGITIMATE
CUST_14773,533.87,Armstrong Inc,HEALTHCARE,CN,UPI,4,414,1,0,877,0,0,1,GEOGRAPHIC_ANOMALY
CUST_13129,14188.04,"Nash, Hall and Mendoza",ENTERTAINMENT,CN,CREDIT_CARD,2,490,0,0,1318,1,1,1,TRANSACTION_ANOMALY
CUST_61951,4506.38,"Walton, Chavez and Gonzales",GROCERY,US,DEBIT_CARD,4,507,0,0,1031,0,0,0,LEGITIMATE
CUST_70975,3168.74,"Thompson, Richards and Wells",OTHER,US,DEBIT_CARD,2,948,0,0,1551,0,0,0,LEGITIMATE
CUST_93889,2664.56,Thornton PLC,HEALTHCARE,CN,CREDIT_CARD,4,109,1,0,444,0,0,1,GEOGRAPHIC_ANOMALY
CUST_77182,465.21,Mcdowell Ltd,GROCERY,CN,NET_BANKING,3,974,0,0,2289,0,0,0,LEGITIMATE
CUST_76416,3204.81,Morgan-Jones,FOOD,IN,DEBIT_CARD,1,55,0,0,709,0,0,0,LEGITIMATE
CUST_76782,2627.77,Obrien Group,HEALTHCARE,NG,CREDIT_CARD,4,385,0,0,925,0,0,0,LEGITIMATE
CUST_91496,3036.04,"Conrad, Rogers and Salazar",HEALTHCARE,GB,CREDIT_CARD,4,806,0,0,1367,0,0,0,LEGITIMATE
CUST_73899,3976.57,"Ray, Archer and Cox",GROCERY,NG,WALLET,1,187,0,0,1805,0,0,0,LEGITIMATE
CUST_59535,1051.65,Edwards PLC,ENTERTAINMENT,CN,NET_BANKING,1,661,0,1,1382,0,0,1,PAYMENT_METHOD_ABUSE
CUST_61694,380.84,Powell Group,GROCERY,IN,UPI,4,612,0,0,932,0,0,0,LEGITIMATE
CUST_35383,26188.697606410435,White-Gomez,ENTERTAINMENT,US,NET_BANKING,4,3,0,1,6,1,1,1,SYNTHETIC_IDENTITY
CUST_71381,3239.41,Trevino Ltd,OTHER,CN,CREDIT_CARD,3,661,0,0,708,1,0,1,MERCHANT_ANOMALY
CUST_71463,8241.85262032702,Torres-Tate,HEALTHCARE,NG,UPI,17,855,0,0,1087,0,0,1,VELOCITY_ABUSE
CUST_66868,1303.14,"Guzman, Taylor and Weber",HEALTHCARE,CN,WALLET,4,82,1,0,2009,0,0,1,GEOGRAPHIC_ANOMALY
CUST_23958,4176.89,"Mathis, Wilson and Wagner",ECOMMERCE,NG,DEBIT_CARD,2,978,0,0,636,0,0,0,LEGITIMATE
CUST_22923,4109.81,Rivera LLC,HEALTHCARE,NG,NET_BANKING,3,336,0,0,2250,0,0,0,LEGITIMATE
CUST_20633,4815.12,Walton-Rogers,OTHER,US,WALLET,1,476,0,1,1023,0,0,1,PAYMENT_METHOD_ABUSE
CUST_30191,3756.62,Bowen-Taylor,GROCERY,CN,UPI,2,528,0,0,1726,0,0,0,LEGITIMATE
CUST_74469,3109.56,"Jones, Hoover and Walsh",ECOMMERCE,NG,NET_BANKING,2,655,0,0,1653,0,0,0,LEGITIMATE
CUST_31613,1872.71,Morris Inc,HEALTHCARE,US,WALLET,1,114,0,0,1406,0,0,0,LEGITIMATE
CUST_11112,22930.68,"Fletcher, Gonzalez and Schmidt",EDUCATION,IN,NET_BANKING,7,2,1,1,644,1,1,1,ACCOUNT_TAKEOVER
CUST_58072,807.55,Brady Ltd,FOOD,NG,CREDIT_CARD,1,69,0,0,1493,0,0,0,LEGITIMATE
CUST_86397,1571.74,Anderson Inc,GROCERY,CN,DEBIT_CARD,4,140,1,0,367,0,0,1,GEOGRAPHIC_ANOMALY
CUST_90666,624.82,Farrell and Sons,ENTERTAINMENT,IN,DEBIT_CARD,3,191,0,0,2184,0,0,0,LEGITIMATE
CUST_94340,1508.92,Murphy-Rios,OTHER,IN,WALLET,4,902,0,0,2138,0,0,0,LEGITIMATE
CUST_54388,4432.82,Carlson-Juarez,OTHER,CN,UPI,4,458,0,0,696,0,0,0,LEGITIMATE
CUST_40818,13838.7,Mccoy Ltd,ECOMMERCE,IN,DEBIT_CARD,7,0,1,1,1296,1,1,1,ACCOUNT_TAKEOVER
CUST_68840,43517.39,Benjamin-Webb,FOOD,IN,UPI,14,2,1,1,546,1,1,1,MULTI_SIGNAL_ATTACK
CUST_96007,681.97,Rodriguez-Burton,TRAVEL,GB,NET_BANKING,1,891,0,0,168,0,0,0,LEGITIMATE
CUST_43053,2915.58,"Munoz, Erickson and Flores",OTHER,US,NET_BANKING,3,490,0,0,1625,0,0,0,LEGITIMATE
CUST_27419,5234.19,Parsons-Stevenson,HEALTHCARE,CN,WALLET,2,286,0,0,1369,0,0,0,LEGITIMATE
CUST_64499,275.75,"Davis, Patel and King",HEALTHCARE,CN,DEBIT_CARD,4,314,0,0,411,0,0,0,LEGITIMATE
CUST_36510,9937.41,Scott Ltd,GROCERY,US,CREDIT_CARD,8,1,1,1,769,1,1,1,ACCOUNT_TAKEOVER
CUST_53583,3284.07,Bradley-Russell,EDUCATION,GB,WALLET,2,475,0,0,2098,0,0,0,LEGITIMATE
CUST_15167,5565.83,"Vasquez, Morales and Rodriguez",ENTERTAINMENT,NG,WALLET,3,370,0,0,1893,0,0,0,LEGITIMATE
CUST_12348,4144.59,"Mitchell, Wilkins and Rodgers",FOOD,NG,NET_BANKING,4,966,0,0,1698,0,0,0,LEGITIMATE
CUST_89791,757.15,Jackson and Sons,HEALTHCARE,US,WALLET,1,866,0,0,2372,0,0,0,LEGITIMATE
CUST_40077,337.04,"Perkins, Anderson and Moore",EDUCATION,GB,UPI,2,871,0,0,2403,0,0,0,LEGITIMATE
CUST_68884,350.44,"Mitchell, Chavez and Wolf",GROCERY,CN,NET_BANKING,3,578,0,0,1008,0,0,0,LEGITIMATE
CUST_81636,2698.45,Owens and Sons,ENTERTAINMENT,IN,WALLET,2,576,0,0,1737,0,0,0,LEGITIMATE
CUST_96676,4875.83,Phillips and Sons,FOOD,GB,DEBIT_CARD,3,211,0,0,2292,0,0,0,LEGITIMATE
CUST_81442,2288.72,"Hernandez, Webster and Monroe",EDUCATION,IN,CREDIT_CARD,4,51,0,0,850,0,0,0,LEGITIMATE
CUST_23036,2554.97,Valencia and Sons,TRAVEL,GB,UPI,4,238,0,0,561,0,0,0,LEGITIMATE
CUST_31483,68521.68,"Medina, Lynch and Ellis",GROCERY,IN,UPI,1,108,0,0,1510,1,1,1,TRANSACTION_ANOMALY
CUST_41398,4286.56,Jennings and Sons,TRAVEL,GB,CREDIT_CARD,4,553,0,0,300,0,0,0,LEGITIMATE
CUST_26003,2241.0,Valencia-Lopez,ENTERTAINMENT,NG,CREDIT_CARD,2,427,0,0,2001,0,0,0,LEGITIMATE
CUST_34811,26226.46,"Brown, Owens and Martin",TRAVEL,GB,WALLET,1,94,0,0,2263,1,1,1,TRANSACTION_ANOMALY
CUST_78430,306.29,Saunders Ltd,OTHER,US,DEBIT_CARD,4,136,0,1,2220,0,0,1,PAYMENT_METHOD_ABUSE
CUST_31957,3005.16,Ward-Stuart,OTHER,NG,WALLET,2,884,0,0,808,0,0,0,LEGITIMATE
CUST_96117,1784.25,Ponce LLC,OTHER,NG,NET_BANKING,1,67,0,0,2054,0,0,0,LEGITIMATE
CUST_69363,38699.7,Bruce LLC,HEALTHCARE,NG,CREDIT_CARD,6,1,1,1,800,1,1,1,ACCOUNT_TAKEOVER
CUST_22579,229.67,"Scott, Turner and Jacobs",FOOD,NG,WALLET,3,152,0,0,2465,0,0,0,LEGITIMATE
CUST_91912,3081.18,Lopez and Sons,ECOMMERCE,GB,UPI,1,909,0,0,163,0,0,0,LEGITIMATE
CUST_23968,5045.33,Hubbard Group,TRAVEL,GB,CREDIT_CARD,3,378,0,1,254,0,0,1,PAYMENT_METHOD_ABUSE
CUST_79594,1532.88,"Serrano, Sanford and Ramirez",OTHER,IN,UPI,1,321,0,0,1520,0,0,0,LEGITIMATE
CUST_52959,23735.967055054,"Roman, Johnson and Black",HEALTHCARE,IN,CREDIT_CARD,5,9,0,1,9,1,1,1,SYNTHETIC_IDENTITY
CUST_37827,1763.67,Fletcher and Sons,ECOMMERCE,CN,CREDIT_CARD,1,861,1,0,2414,0,0,1,GEOGRAPHIC_ANOMALY
CUST_23164,978.65,"Gomez, Lewis and Jones",ENTERTAINMENT,IN,NET_BANKING,1,170,0,0,1683,0,0,0,LEGITIMATE
CUST_19010,4502.01,Evans-Tate,GROCERY,NG,CREDIT_CARD,3,445,0,0,416,0,0,0,LEGITIMATE
CUST_81036,3853.06,Romero PLC,FOOD,GB,WALLET,2,113,0,0,467,1,0,1,MERCHANT_ANOMALY
CUST_34265,550.2216553196782,"Hartman, Kelly and Kennedy",GROCERY,IN,NET_BANKING,23,785,0,0,2360,0,0,1,VELOCITY_ABUSE
CUST_78547,3800.45,Miller-Bailey,ECOMMERCE,NG,NET_BANKING,2,657,0,0,1149,0,0,0,LEGITIMATE
CUST_97409,715.93,Boyd Inc,ENTERTAINMENT,CN,UPI,4,962,1,0,1621,0,0,1,GEOGRAPHIC_ANOMALY
CUST_42640,7067.349629236867,Rhodes-Ferguson,ENTERTAINMENT,CN,WALLET,18,634,0,0,540,0,0,1,VELOCITY_ABUSE
CUST_85578,734.89,"Hernandez, Martin and Cisneros",FOOD,NG,DEBIT_CARD,2,792,0,0,785,0,0,0,LEGITIMATE
CUST_16103,1163.4,"Fox, Johnson and Morales",TRAVEL,CN,DEBIT_CARD,1,697,0,0,325,0,0,0,LEGITIMATE
CUST_37551,1894.89,"Kent, Macdonald and Lyons",EDUCATION,IN,CREDIT_CARD,2,771,0,0,483,0,0,0,LEGITIMATE
CUST_94929,2837.48,Rodriguez-Yoder,HEALTHCARE,GB,NET_BANKING,3,484,0,0,534,0,0,0,LEGITIMATE
CUST_96916,14150.67,White-Bowen,ECOMMERCE,NG,NET_BANKING,8,2,1,1,855,1,1,1,MULTI_SIGNAL_ATTACK
CUST_30788,1487.39,Coleman-Arnold,OTHER,IN,WALLET,3,174,0,0,281,0,0,0,LEGITIMATE
CUST_47151,26484.17,Smith-Fletcher,EDUCATION,GB,CREDIT_CARD,16,1,1,1,1174,1,1,1,MULTI_SIGNAL_ATTACK
CUST_61196,1403.01,"Gutierrez, Hampton and Burns",OTHER,US,DEBIT_CARD,2,690,0,0,1134,0,0,0,LEGITIMATE
CUST_73688,1812.66,Marshall Ltd,TRAVEL,US,CREDIT_CARD,3,736,0,0,1605,0,0,0,LEGITIMATE
CUST_22954,289.66,Martin PLC,ENTERTAINMENT,NG,NET_BANKING,1,277,0,0,1143,0,0,0,LEGITIMATE
CUST_47068,4671.05,Dunn PLC,TRAVEL,US,NET_BANKING,1,365,0,0,1062,0,0,0,LEGITIMATE
CUST_82597,4511.68,"Reyes, Velazquez and Howe",HEALTHCARE,NG,CREDIT_CARD,3,768,0,0,1749,0,0,0,LEGITIMATE
CUST_65685,3670.29,Hansen-Evans,ECOMMERCE,GB,WALLET,3,128,0,1,1058,0,0,1,PAYMENT_METHOD_ABUSE
CUST_91870,3505.97,Cannon and Sons,HEALTHCARE,US,CREDIT_CARD,2,575,0,0,833,0,0,0,LEGITIMATE
CUST_53703,236.23,"Duarte, Jones and Morris",EDUCATION,US,WALLET,2,266,0,0,2049,0,0,0,LEGITIMATE
CUST_63835,13216.35,"White, Roberts and Ramos",OTHER,GB,NET_BANKING,19,1,1,1,209,1,1,1,MULTI_SIGNAL_ATTACK
CUST_43614,5098.72,"Williams, Morris and Alexander",EDUCATION,NG,CREDIT_CARD,4,944,0,0,77,0,0,0,LEGITIMATE
CUST_37405,8114.6,Gray-Hernandez,ECOMMERCE,US,WALLET,23,0,1,1,412,1,1,1,MULTI_SIGNAL_ATTACK
CUST_38358,3219.34,Lewis Inc,FOOD,GB,CREDIT_CARD,3,30,0,0,1716,0,0,0,LEGITIMATE
CUST_65981,2949.12,Jackson and Sons,OTHER,GB,WALLET,1,672,0,0,1459,0,0,0,LEGITIMATE
CUST_84934,6089.3,"Craig, Wise and Leonard",ECOMMERCE,GB,DEBIT_CARD,1,780,0,0,117,0,0,0,LEGITIMATE
CUST_33513,2052.34,Schultz-Ramos,ECOMMERCE,US,DEBIT_CARD,4,261,0,0,832,0,0,0,LEGITIMATE
CUST_91087,1740.71,"Torres, Ford and Rivas",FOOD,IN,UPI,3,884,0,1,580,0,0,1,PAYMENT_METHOD_ABUSE
CUST_18292,1350.09,"Conley, Williams and Young",EDUCATION,CN,CREDIT_CARD,2,730,0,0,681,0,0,0,LEGITIMATE
CUST_65096,560.77,"Robinson, Walters and Villa",TRAVEL,IN,DEBIT_CARD,4,264,0,0,474,0,0,0,LEGITIMATE
CUST_31782,1159.22,"Carter, Figueroa and Stanley",HEALTHCARE,NG,DEBIT_CARD,2,489,0,1,1120,0,0,1,PAYMENT_METHOD_ABUSE
CUST_90078,3487.05,"Moyer, Fisher and Rogers",HEALTHCARE,GB,NET_BANKING,1,230,0,1,1853,0,0,1,PAYMENT_METHOD_ABUSE
CUST_59220,15941.685264217778,Johnson Inc,TRAVEL,CN,CREDIT_CARD,5,8,0,1,18,1,1,1,SYNTHETIC_IDENTITY
CUST_40382,3624.85,"Sanchez, Dixon and Owens",GROCERY,US,WALLET,1,277,0,0,547,0,0,0,LEGITIMATE
CUST_80648,3496.23,"Perkins, Guerrero and Matthews",HEALTHCARE,IN,WALLET,3,592,0,0,2292,0,0,0,LEGITIMATE
CUST_27849,3922.87,Scott Group,EDUCATION,IN,NET_BANKING,2,745,0,0,760,0,0,0,LEGITIMATE
CUST_93394,2088.82,Arellano-Stout,TRAVEL,NG,WALLET,1,785,0,0,396,0,0,0,LEGITIMATE
CUST_52184,2491.2,"Martinez, Park and Ewing",ENTERTAINMENT,IN,UPI,6,2,1,1,1917,1,1,1,ACCOUNT_TAKEOVER
CUST_31616,2773.31,Cooper Ltd,GROCERY,IN,DEBIT_CARD,4,832,0,0,2429,1,0,1,MERCHANT_ANOMALY
CUST_92686,3060.7,"Delgado, Moore and Guzman",HEALTHCARE,US,UPI,3,800,0,0,135,0,0,0,LEGITIMATE
CUST_48291,3006.72,Stevenson LLC,FOOD,US,WALLET,4,324,0,0,1098,0,0,0,LEGITIMATE
CUST_74374,4182.08,"Howard, Best and Jones",TRAVEL,IN,DEBIT_CARD,1,351,0,0,2169,0,0,0,LEGITIMATE
CUST_59734,467.23,Guzman-Horton,EDUCATION,IN,NET_BANKING,1,707,0,0,1950,0,0,0,LEGITIMATE
CUST_44247,5663.82,Luna LLC,FOOD,CN,UPI,3,572,0,0,1036,1,1,1,TRANSACTION_ANOMALY
CUST_40907,1439.95,"Rice, Porter and Rodriguez",ENTERTAINMENT,US,WALLET,1,404,0,0,1721,0,0,0,LEGITIMATE
CUST_50648,2094.67,"Barnes, Riddle and Wright",EDUCATION,NG,CREDIT_CARD,4,84,0,0,727,0,0,0,LEGITIMATE
CUST_63311,4770.31,Lee and Sons,EDUCATION,US,WALLET,3,835,0,0,881,0,0,0,LEGITIMATE
CUST_12227,468.43,Yang-Vasquez,TRAVEL,US,NET_BANKING,1,916,0,1,2183,0,0,1,PAYMENT_METHOD_ABUSE
CUST_79281,3992.05,Austin-Flores,GROCERY,NG,UPI,2,590,0,0,538,0,0,0,LEGITIMATE
CUST_72081,4729.95,Robinson-Alexander,ECOMMERCE,US,NET_BANKING,1,439,0,0,2071,0,0,0,LEGITIMATE
CUST_45101,5838.17,Johnson Inc,FOOD,US,DEBIT_CARD,3,773,0,0,1022,0,0,0,LEGITIMATE
CUST_32396,1864.39,Martin Inc,ENTERTAINMENT,NG,NET_BANKING,4,804,0,0,2166,0,0,0,LEGITIMATE
CUST_27106,4783.79,Fletcher Group,EDUCATION,CN,DEBIT_CARD,13,3,1,1,1538,1,1,1,MULTI_SIGNAL_ATTACK
CUST_58977,31638.69,"Brennan, Manning and Davis",GROCERY,IN,NET_BANKING,3,378,0,0,1220,1,1,1,TRANSACTION_ANOMALY
CUST_97643,1981.8,"Lawrence, Duncan and Fields",EDUCATION,CN,UPI,3,555,0,0,376,0,0,0,LEGITIMATE
CUST_85459,4021.49,"Garcia, Velez and Fry",GROCERY,NG,DEBIT_CARD,2,880,0,0,2202,0,0,0,LEGITIMATE
CUST_46101,3882.81,Fischer-Zimmerman,OTHER,US,WALLET,3,68,0,0,1388,0,0,0,LEGITIMATE
CUST_47971,4792.82,Howe LLC,ECOMMERCE,GB,DEBIT_CARD,3,228,0,0,265,0,0,0,LEGITIMATE
CUST_78971,2784.64,Jones and Sons,HEALTHCARE,NG,CREDIT_CARD,2,855,0,0,1085,0,0,0,LEGITIMATE
CUST_23392,14232.58,Wheeler and Sons,OTHER,GB,WALLET,8,0,1,1,398,1,1,1,ACCOUNT_TAKEOVER
CUST_92689,2754.94,Anderson Ltd,ECOMMERCE,CN,DEBIT_CARD,2,70,0,0,840,0,0,0,LEGITIMATE
CUST_63300,5123.71,Taylor-Scott,FOOD,IN,WALLET,3,428,0,0,172,0,0,0,LEGITIMATE
CUST_22492,3549.41,"White, Lambert and West",EDUCATION,NG,WALLET,1,40,0,0,1921,0,0,0,LEGITIMATE
CUST_34225,9528.77,"Lopez, Joseph and Black",GROCERY,IN,WALLET,1,592,0,0,884,0,1,1,TRANSACTION_ANOMALY
CUST_42032,1243.79,"Carter, Grant and Hernandez",OTHER,GB,NET_BANKING,1,772,0,0,1575,0,0,0,LEGITIMATE
CUST_64461,5739.34,Solis-Andersen,ECOMMERCE,IN,NET_BANKING,6,2,1,1,42,1,1,1,ACCOUNT_TAKEOVER
CUST_24267,2093.57,Cole PLC,ECOMMERCE,GB,DEBIT_CARD,1,630,0,0,2238,0,0,0,LEGITIMATE
CUST_28257,3540.58,Davis and Sons,TRAVEL,US,DEBIT_CARD,2,105,0,0,1698,0,0,0,LEGITIMATE
CUST_41475,1929.09,Tucker-Warren,HEALTHCARE,GB,UPI,1,742,0,0,1878,0,0,0,LEGITIMATE
CUST_48528,5060.87,Harrington-Vaughn,EDUCATION,NG,CREDIT_CARD,3,273,0,0,562,0,0,0,LEGITIMATE
CUST_74536,3060.9,Davis-Olson,EDUCATION,CN,CREDIT_CARD,2,466,0,0,1649,0,0,0,LEGITIMATE
CUST_12355,4182.03,Chavez Group,GROCERY,US,WALLET,4,935,0,0,202,0,0,0,LEGITIMATE
CUST_89616,3167.73,"Gonzalez, Fox and Clark",EDUCATION,IN,DEBIT_CARD,2,132,0,0,392,0,0,0,LEGITIMATE
CUST_33004,405.79,"Davis, Ruiz and Davis",HEALTHCARE,GB,UPI,2,476,0,0,925,0,0,0,LEGITIMATE
CUST_84978,2971.91,Lopez-Mcbride,OTHER,CN,NET_BANKING,2,666,0,0,475,0,0,0,LEGITIMATE
CUST_37637,1061.28,Tucker-Bush,ENTERTAINMENT,GB,CREDIT_CARD,1,842,0,0,2178,0,0,0,LEGITIMATE
CUST_79181,4910.83,"Hunter, Williamson and Jones",HEALTHCARE,CN,UPI,14,0,1,1,1862,1,1,1,ACCOUNT_TAKEOVER
CUST_16999,4052.78,Crawford PLC,OTHER,GB,CREDIT_CARD,3,608,0,0,449,0,0,0,LEGITIMATE
CUST_86132,1480.44,Holloway-Bishop,ENTERTAINMENT,GB,WALLET,4,291,0,0,295,0,0,0,LEGITIMATE
CUST_86401,3685.04,"Tran, Lewis and Scott",EDUCATION,CN,WALLET,3,880,0,0,708,0,0,0,LEGITIMATE
CUST_82443,1443.97,"Smith, Hughes and York",FOOD,CN,WALLET,3,623,0,0,2488,0,0,0,LEGITIMATE
CUST_60344,3207.71,Moreno-Boyd,TRAVEL,US,UPI,3,613,0,0,2359,0,0,0,LEGITIMATE
CUST_91105,13883.0,Davis Ltd,EDUCATION,US,CREDIT_CARD,2,331,0,0,826,1,1,1,TRANSACTION_ANOMALY
CUST_62980,2466.7,"Clark, Cooper and Garcia",GROCERY,NG,NET_BANKING,4,188,0,0,2339,0,0,0,LEGITIMATE
CUST_62165,3547.37,Jones-Roberts,EDUCATION,CN,CREDIT_CARD,2,346,0,0,512,0,0,0,LEGITIMATE
CUST_83617,2409.59,"Mitchell, Wolf and Hill",ECOMMERCE,NG,UPI,3,695,0,0,964,0,0,0,LEGITIMATE
CUST_41976,27360.709687835442,Hubbard Ltd,EDUCATION,US,UPI,3,8,0,1,5,1,1,1,SYNTHETIC_IDENTITY
CUST_29299,3047.02,Johnson and Sons,HEALTHCARE,NG,WALLET,3,125,0,0,1693,0,0,0,LEGITIMATE
CUST_82170,2261.53,Carpenter Ltd,EDUCATION,NG,UPI,2,45,0,0,1596,0,0,0,LEGITIMATE
CUST_83635,4153.89,"Kim, Hopkins and Weaver",OTHER,CN,DEBIT_CARD,3,615,0,0,2003,1,0,1,MERCHANT_ANOMALY
CUST_25753,2617.88,Garza LLC,ENTERTAINMENT,US,NET_BANKING,3,900,0,0,1061,0,0,0,LEGITIMATE
CUST_76719,2862.56,"Solomon, Beasley and Wilson",GROCERY,IN,DEBIT_CARD,1,713,0,0,1143,0,0,0,LEGITIMATE
CUST_77357,441.08,"Vazquez, Valentine and Jones",EDUCATION,NG,NET_BANKING,4,545,0,0,1808,0,0,0,LEGITIMATE
CUST_36484,17250.934179958913,Williamson Group,ENTERTAINMENT,IN,CREDIT_CARD,7,10,0,1,13,1,1,1,SYNTHETIC_IDENTITY
CUST_89499,1431.45,Wilson and Sons,GROCERY,GB,NET_BANKING,2,922,0,0,329,0,0,0,LEGITIMATE
CUST_86344,3820.91,"Griffin, Carter and Davies",TRAVEL,CN,CREDIT_CARD,3,306,0,0,1845,0,0,0,LEGITIMATE
CUST_12204,2303.12,"Lee, Ross and Castaneda",OTHER,CN,WALLET,4,936,0,0,2058,0,0,0,LEGITIMATE
CUST_28314,643.83,"Anthony, Murphy and Martinez",TRAVEL,CN,WALLET,1,793,0,0,1681,0,0,0,LEGITIMATE
CUST_74499,2420.28,Sutton PLC,GROCERY,IN,DEBIT_CARD,1,817,1,0,1972,0,0,1,GEOGRAPHIC_ANOMALY
CUST_62072,5481.5,"Brooks, Martin and Martinez",ENTERTAINMENT,NG,CREDIT_CARD,4,267,0,0,2176,0,0,0,LEGITIMATE
CUST_21689,12659.49,Ramos-Rowland,HEALTHCARE,IN,DEBIT_CARD,14,0,1,1,573,1,1,1,MULTI_SIGNAL_ATTACK
CUST_31531,2200.53,Perez Group,TRAVEL,IN,CREDIT_CARD,4,273,0,0,446,0,0,0,LEGITIMATE
CUST_77278,4751.148840086104,"Roberts, Chandler and Adams",OTHER,US,NET_BANKING,16,154,0,0,1331,0,0,1,VELOCITY_ABUSE
CUST_97539,3527.32,"Wall, Rowland and Russell",GROCERY,GB,UPI,2,915,0,0,2263,1,0,1,MERCHANT_ANOMALY
CUST_28461,2899.21,Fisher-Hill,GROCERY,GB,CREDIT_CARD,1,272,0,0,1650,0,0,0,LEGITIMATE
CUST_69210,2709.73,Sanchez Ltd,FOOD,GB,NET_BANKING,2,956,0,0,869,0,0,0,LEGITIMATE
CUST_70713,4574.04,"Proctor, Austin and Wood",TRAVEL,US,DEBIT_CARD,16,1,1,1,2076,1,1,1,MULTI_SIGNAL_ATTACK
CUST_65032,4631.79,Wright-Peters,HEALTHCARE,NG,DEBIT_CARD,4,269,0,1,732,0,0,1,PAYMENT_METHOD_ABUSE
CUST_80694,5120.14,Miller LLC,TRAVEL,IN,WALLET,1,376,0,0,1025,0,0,0,LEGITIMATE
CUST_40003,3839.25,"Mcconnell, Parsons and Blackwell",GROCERY,CN,NET_BANKING,4,442,0,0,2374,0,0,0,LEGITIMATE
CUST_99226,1613.15,Calhoun and Sons,OTHER,CN,UPI,2,951,0,1,517,0,0,1,PAYMENT_METHOD_ABUSE
CUST_12026,3818.3862351995754,"Mclaughlin, Burgess and Solomon",EDUCATION,IN,WALLET,30,214,0,0,1525,0,0,1,VELOCITY_ABUSE
CUST_98327,259.15,Smith-Mcdowell,EDUCATION,IN,UPI,4,989,0,0,682,0,0,0,LEGITIMATE
CUST_23749,22419.19,"Cross, Foley and Miller",EDUCATION,CN,CREDIT_CARD,2,104,0,0,1115,1,1,1,TRANSACTION_ANOMALY
CUST_69863,2743.41,Porter-Wood,ENTERTAINMENT,IN,DEBIT_CARD,3,832,0,0,2463,0,0,0,LEGITIMATE
CUST_81660,3710.83,Martinez-Villarreal,TRAVEL,US,NET_BANKING,2,708,0,1,96,0,0,1,PAYMENT_METHOD_ABUSE
CUST_76500,12363.043048980224,Harris-Mccarthy,OTHER,US,CREDIT_CARD,10,1,0,1,10,1,1,1,SYNTHETIC_IDENTITY
CUST_56784,2246.54,Smith-Simpson,EDUCATION,US,NET_BANKING,2,56,0,0,763,0,0,0,LEGITIMATE
CUST_90685,5054.7,Valdez Group,EDUCATION,GB,CREDIT_CARD,4,536,0,0,1881,0,0,0,LEGITIMATE
CUST_90010,1082.7,Roberts PLC,EDUCATION,CN,WALLET,4,547,0,0,2209,0,0,0,LEGITIMATE
CUST_75172,2645.46,Robinson-Cummings,HEALTHCARE,US,WALLET,1,839,0,0,660,0,0,0,LEGITIMATE
CUST_94319,20804.03,"Morgan, Aguilar and Carter",GROCERY,IN,NET_BANKING,15,2,1,1,2209,1,1,1,ACCOUNT_TAKEOVER
CUST_61138,2741.87,"Miller, Huber and Casey",HEALTHCARE,NG,NET_BANKING,1,201,0,0,1590,0,0,0,LEGITIMATE
CUST_46647,1762.78,Ponce Group,HEALTHCARE,US,UPI,4,501,0,0,2249,0,0,0,LEGITIMATE
CUST_87803,4808.12,Jones Group,TRAVEL,US,UPI,2,683,0,0,1644,0,0,0,LEGITIMATE
CUST_42325,3206.67,"Hogan, Hudson and Hoover",ENTERTAINMENT,NG,NET_BANKING,2,589,0,0,575,0,0,0,LEGITIMATE
CUST_85051,1845.58,Bryant LLC,HEALTHCARE,GB,DEBIT_CARD,3,221,0,0,452,1,0,1,MERCHANT_ANOMALY
CUST_73347,4199.63,"Mccormick, Lee and Watts",EDUCATION,GB,DEBIT_CARD,2,919,0,0,758,0,0,0,LEGITIMATE
CUST_39133,1530.24,Powell PLC,HEALTHCARE,NG,NET_BANKING,1,603,0,1,1436,0,0,1,PAYMENT_METHOD_ABUSE
CUST_57946,5194.86,Brown-Houston,ENTERTAINMENT,CN,NET_BANKING,1,654,0,0,135,0,0,0,LEGITIMATE
CUST_52000,420.31,Hale-Lozano,ENTERTAINMENT,GB,DEBIT_CARD,1,928,0,0,2027,0,0,0,LEGITIMATE
CUST_98529,4330.39,"Lee, Dixon and Mendoza",FOOD,NG,CREDIT_CARD,2,78,0,0,2128,0,0,0,LEGITIMATE
CUST_36102,3658.5,Stewart and Sons,ECOMMERCE,GB,UPI,3,245,0,0,2166,0,0,0,LEGITIMATE
CUST_61711,2366.11,King Inc,HEALTHCARE,IN,UPI,3,237,0,0,1289,0,0,0,LEGITIMATE
CUST_24053,24567.700844323277,Mendoza LLC,OTHER,US,UPI,3,0,0,1,8,1,1,1,SYNTHETIC_IDENTITY
CUST_91365,5714.16,"Duke, Weaver and Hill",TRAVEL,US,UPI,1,824,0,0,1118,1,0,1,MERCHANT_ANOMALY
CUST_69851,1617.25,Chung-Willis,FOOD,NG,WALLET,2,805,0,0,1598,0,0,0,LEGITIMATE
CUST_72654,978.21,"Jones, Krueger and Morrison",HEALTHCARE,GB,DEBIT_CARD,3,441,0,0,57,0,0,0,LEGITIMATE
CUST_31337,351.99,Lutz LLC,EDUCATION,GB,NET_BANKING,4,841,0,0,590,0,0,0,LEGITIMATE
CUST_68953,5371.63,"Perez, Ferguson and Taylor",ENTERTAINMENT,CN,UPI,3,552,0,0,2237,0,0,0,LEGITIMATE
CUST_54208,3177.14,Brooks-Lopez,HEALTHCARE,NG,WALLET,3,836,0,0,1175,0,0,0,LEGITIMATE
CUST_90432,4673.12,Wilson-Wood,TRAVEL,US,NET_BANKING,1,861,0,1,1209,0,0,1,PAYMENT_METHOD_ABUSE
CUST_13328,908.5,"Johnson, Donovan and Smith",GROCERY,IN,CREDIT_CARD,2,630,0,0,587,0,0,0,LEGITIMATE
CUST_94848,3342.25,Woods-Gardner,OTHER,IN,DEBIT_CARD,1,848,0,0,980,1,0,1,MERCHANT_ANOMALY
CUST_51599,2363.7,Pace Group,GROCERY,US,UPI,2,678,0,0,313,0,0,0,LEGITIMATE
CUST_92969,1200.46,Hudson and Sons,TRAVEL,NG,CREDIT_CARD,4,425,0,0,1773,0,0,0,LEGITIMATE
CUST_86865,2363.69,Stanton-Marshall,OTHER,NG,DEBIT_CARD,4,766,1,0,2039,0,0,1,GEOGRAPHIC_ANOMALY
CUST_29622,5495.362796449415,"Delgado, Daugherty and Ruiz",HEALTHCARE,US,WALLET,12,324,0,0,56,0,0,1,VELOCITY_ABUSE
CUST_32658,4742.39,Richardson-Barber,TRAVEL,IN,DEBIT_CARD,2,929,0,0,2255,0,0,0,LEGITIMATE
CUST_94560,2105.63,Marsh LLC,FOOD,GB,CREDIT_CARD,1,562,0,0,59,0,0,0,LEGITIMATE
CUST_42079,1474.05,Hanson-Munoz,OTHER,GB,DEBIT_CARD,3,54,0,0,1731,0,0,0,LEGITIMATE
CUST_79797,50249.07,Moreno-Gibson,OTHER,CN,WALLET,2,835,0,0,706,1,1,1,TRANSACTION_ANOMALY
CUST_70851,3757.66,"Pennington, Webb and Hoover",HEALTHCARE,GB,WALLET,4,188,0,0,1344,0,0,0,LEGITIMATE
CUST_84870,4228.707872364047,Robinson Group,TRAVEL,GB,WALLET,13,421,0,0,163,0,0,1,VELOCITY_ABUSE
CUST_82007,565.47,Lee Ltd,FOOD,CN,NET_BANKING,2,233,0,0,774,0,0,0,LEGITIMATE
CUST_68051,1989.38,Jones-Kirk,TRAVEL,NG,CREDIT_CARD,2,788,0,0,919,0,0,0,LEGITIMATE
CUST_63993,4506.87,"Nelson, Hernandez and Gomez",EDUCATION,IN,UPI,3,271,0,0,731,0,0,0,LEGITIMATE
CUST_82500,1700.0,"Evans, Young and Howard",ECOMMERCE,US,DEBIT_CARD,2,838,0,0,2285,0,0,0,LEGITIMATE
CUST_85707,5832.68,Gallegos and Sons,HEALTHCARE,US,WALLET,1,530,0,0,2242,0,0,0,LEGITIMATE
CUST_94489,5723.91,Butler-Richmond,ECOMMERCE,CN,DEBIT_CARD,1,614,0,0,1926,0,0,0,LEGITIMATE
CUST_53597,4829.08,Moore-Frazier,OTHER,GB,WALLET,4,648,0,0,1099,0,0,0,LEGITIMATE
CUST_86318,1461.86,"Rodriguez, Rivera and Austin",TRAVEL,IN,WALLET,1,369,0,0,1827,0,0,0,LEGITIMATE
CUST_42307,1917.775986840907,Luna and Sons,OTHER,CN,CREDIT_CARD,14,171,0,0,2470,0,0,1,VELOCITY_ABUSE
CUST_98502,857.7425546350255,Martin-Hunt,HEALTHCARE,US,NET_BANKING,15,591,0,0,433,0,0,1,VELOCITY_ABUSE
CUST_15828,24119.75,Burgess and Sons,OTHER,US,WALLET,13,2,1,1,1116,1,1,1,MULTI_SIGNAL_ATTACK
CUST_80122,258.61,Evans Ltd,GROCERY,IN,CREDIT_CARD,2,974,0,1,1645,0,0,1,PAYMENT_METHOD_ABUSE
CUST_85060,24031.51037565481,"Schroeder, Gonzalez and Smith",TRAVEL,GB,WALLET,8,10,0,1,1,1,1,1,SYNTHETIC_IDENTITY
CUST_13149,5977.217167228846,"Wright, Garcia and Vega",ECOMMERCE,GB,NET_BANKING,10,88,0,0,408,0,0,1,VELOCITY_ABUSE
CUST_71616,2984.48,Herrera Ltd,OTHER,US,CREDIT_CARD,4,79,0,0,368,0,0,0,LEGITIMATE
CUST_93006,4708.4,"Wells, Webb and Cox",FOOD,GB,DEBIT_CARD,10,0,1,1,648,1,1,1,MULTI_SIGNAL_ATTACK
CUST_60145,456.16,Hunt-Ward,TRAVEL,IN,DEBIT_CARD,1,487,0,0,1679,0,0,0,LEGITIMATE
CUST_27824,1162.71,Guzman-Scott,OTHER,NG,DEBIT_CARD,2,67,0,0,1434,0,0,0,LEGITIMATE
CUST_48484,2589.97,Love-Winters,EDUCATION,US,NET_BANKING,2,496,0,0,2372,0,0,0,LEGITIMATE
CUST_95278,3266.68,Montgomery Ltd,FOOD,NG,DEBIT_CARD,1,122,0,0,1264,0,0,0,LEGITIMATE
CUST_47283,917.5,Johnson-Mcmillan,EDUCATION,NG,WALLET,1,620,0,0,123,0,0,0,LEGITIMATE
CUST_97152,1283.65,Hendrix and Sons,TRAVEL,US,WALLET,2,747,0,0,1367,0,0,0,LEGITIMATE
CUST_58067,2724.02,"Bass, Lin and Chang",FOOD,CN,CREDIT_CARD,3,161,0,0,1463,0,0,0,LEGITIMATE
CUST_86475,4108.78,Porter LLC,FOOD,IN,DEBIT_CARD,3,225,0,0,2063,0,0,0,LEGITIMATE
CUST_65556,1941.96,Rogers-Price,HEALTHCARE,NG,WALLET,2,247,0,0,1500,0,0,0,LEGITIMATE
CUST_13544,782.04,Smith-Castro,TRAVEL,IN,CREDIT_CARD,1,462,0,0,1092,0,0,0,LEGITIMATE
CUST_26136,1081.47,Smith-Rodriguez,TRAVEL,NG,NET_BANKING,1,200,0,0,1512,0,0,0,LEGITIMATE
CUST_88520,1456.19,Garner-Murphy,FOOD,CN,NET_BANKING,4,263,0,0,281,0,0,0,LEGITIMATE
CUST_27037,6448.02,Mckinney PLC,FOOD,CN,UPI,5,1,1,1,548,1,1,1,ACCOUNT_TAKEOVER
CUST_17687,2989.11,Allen PLC,HEALTHCARE,IN,NET_BANKING,4,407,0,0,540,0,0,0,LEGITIMATE
CUST_65468,2767.38,"Marshall, Travis and Hurley",FOOD,CN,UPI,3,410,1,0,1292,0,0,1,GEOGRAPHIC_ANOMALY
CUST_32607,2663.38,"Miller, Sanchez and Kelley",OTHER,IN,CREDIT_CARD,6,0,1,1,1038,1,1,1,ACCOUNT_TAKEOVER
CUST_15076,828.38,Farmer LLC,EDUCATION,IN,WALLET,3,811,0,0,878,0,0,0,LEGITIMATE
CUST_21793,373.31,Bowen LLC,EDUCATION,US,WALLET,1,861,0,0,2032,0,0,0,LEGITIMATE
CUST_97843,15375.18,Thompson PLC,FOOD,US,DEBIT_CARD,13,0,1,1,1530,1,1,1,ACCOUNT_TAKEOVER
CUST_63554,2610.23,"Jones, Roberts and Martin",ECOMMERCE,IN,CREDIT_CARD,1,78,0,0,1885,0,0,0,LEGITIMATE
CUST_47712,665.5812887008967,Campos-Hartman,ENTERTAINMENT,NG,NET_BANKING,10,146,0,0,1509,0,0,1,VELOCITY_ABUSE
CUST_67028,1192.22,"Price, Carr and Golden",HEALTHCARE,GB,NET_BANKING,3,538,0,0,774,0,0,0,LEGITIMATE
CUST_13890,1188.24,"Wu, Davis and Foley",GROCERY,IN,DEBIT_CARD,2,651,0,1,867,0,0,1,PAYMENT_METHOD_ABUSE
CUST_67603,3985.14,"Washington, Jones and Sanders",EDUCATION,CN,NET_BANKING,1,567,0,0,1071,0,0,0,LEGITIMATE
CUST_41529,556.34,Leblanc-Clark,GROCERY,CN,CREDIT_CARD,4,465,0,0,596,0,0,0,LEGITIMATE
CUST_23129,4230.58,Acevedo-Vega,GROCERY,GB,CREDIT_CARD,4,712,0,0,1302,0,0,0,LEGITIMATE
CUST_71257,3081.82,Herman Group,GROCERY,GB,CREDIT_CARD,2,586,0,0,539,0,0,0,LEGITIMATE
CUST_82356,182.62,Villegas PLC,ENTERTAINMENT,NG,WALLET,1,354,0,0,308,0,0,0,LEGITIMATE
CUST_32560,1304.51,Williams PLC,GROCERY,GB,NET_BANKING,4,981,0,1,203,0,0,1,PAYMENT_METHOD_ABUSE
CUST_93739,3849.54,Johnson Inc,ECOMMERCE,US,NET_BANKING,4,421,1,0,946,0,0,1,GEOGRAPHIC_ANOMALY
CUST_63855,2541.26,Farley-Hinton,TRAVEL,GB,DEBIT_CARD,4,521,1,0,1594,0,0,1,GEOGRAPHIC_ANOMALY
CUST_40578,15043.835459570304,Sanders-Thomas,GROCERY,GB,CREDIT_CARD,7,2,0,1,20,1,1,1,SYNTHETIC_IDENTITY
CUST_66464,437.97,"Black, Alexander and King",ECOMMERCE,IN,NET_BANKING,2,138,0,0,601,0,0,0,LEGITIMATE
CUST_21668,12973.178591410415,"Harris, Johnson and Carroll",OTHER,IN,DEBIT_CARD,4,1,0,1,8,1,1,1,SYNTHETIC_IDENTITY
CUST_68255,195.2,"Green, Owen and Howard",ENTERTAINMENT,NG,UPI,1,589,0,1,121,0,0,1,PAYMENT_METHOD_ABUSE
CUST_49860,9837.132011975043,Roberts Ltd,TRAVEL,US,CREDIT_CARD,28,564,0,0,2221,0,0,1,VELOCITY_ABUSE
CUST_76433,4939.55,Johnson and Sons,GROCERY,GB,WALLET,12,0,1,1,1561,1,1,1,ACCOUNT_TAKEOVER
CUST_33570,3263.57,Miller-Sandoval,FOOD,CN,UPI,1,986,0,0,803,0,0,0,LEGITIMATE
CUST_30687,3471.19,Aguilar-Hill,ENTERTAINMENT,CN,DEBIT_CARD,2,504,0,0,2122,0,0,0,LEGITIMATE
CUST_61393,246.14,Miller Inc,GROCERY,CN,UPI,1,294,0,0,2399,0,0,0,LEGITIMATE
CUST_21591,2753.85,"Hurst, Hernandez and Hammond",FOOD,CN,UPI,2,211,0,0,2409,0,0,0,LEGITIMATE
CUST_73898,3226.57,Gonzalez PLC,ECOMMERCE,NG,UPI,4,624,0,0,1193,0,0,0,LEGITIMATE
CUST_96328,4610.07,Mccoy Group,ENTERTAINMENT,US,WALLET,3,885,0,1,1660,0,0,1,PAYMENT_METHOD_ABUSE
CUST_81669,2069.63,White-Jackson,EDUCATION,GB,CREDIT_CARD,2,96,0,0,1048,0,0,0,LEGITIMATE
CUST_68188,2512.68,"Garcia, Hughes and Young",HEALTHCARE,US,CREDIT_CARD,3,623,0,0,77,0,0,0,LEGITIMATE
CUST_41871,2436.8,Foster-Williams,TRAVEL,GB,CREDIT_CARD,2,302,0,0,1695,0,0,0,LEGITIMATE
CUST_80073,308.1,"Whitney, Williams and Lopez",ECOMMERCE,NG,WALLET,3,434,0,0,1668,0,0,0,LEGITIMATE
CUST_72852,1369.32,"Macdonald, Fisher and Perry",OTHER,NG,WALLET,1,121,0,0,649,0,0,0,LEGITIMATE
CUST_49308,67452.39,Rogers-Webster,ECOMMERCE,US,WALLET,2,396,0,0,332,1,1,1,TRANSACTION_ANOMALY
CUST_63396,9224.331069125748,Bernard-Hunt,ECOMMERCE,US,NET_BANKING,11,221,0,0,472,0,0,1,VELOCITY_ABUSE
CUST_52102,15449.21,"Liu, Lopez and Shah",ENTERTAINMENT,NG,NET_BANKING,1,961,0,0,2308,1,1,1,TRANSACTION_ANOMALY
CUST_49595,3054.51,Perez LLC,ENTERTAINMENT,US,CREDIT_CARD,1,923,0,0,2059,0,0,0,LEGITIMATE
CUST_35329,19252.47,Kelly-Simpson,GROCERY,IN,WALLET,16,1,1,1,1214,1,1,1,MULTI_SIGNAL_ATTACK
CUST_85135,2280.45,Ramirez PLC,GROCERY,IN,NET_BANKING,1,308,0,0,2268,0,0,0,LEGITIMATE
CUST_20435,3575.62,"Kelley, Palmer and Valdez",EDUCATION,GB,WALLET,2,889,0,0,1843,0,0,0,LEGITIMATE
CUST_52788,2939.31,Reed-Randolph,EDUCATION,CN,UPI,2,745,0,0,786,0,0,0,LEGITIMATE
CUST_86253,5180.96,"Brown, Price and James",OTHER,NG,UPI,3,735,0,0,1651,0,0,0,LEGITIMATE
CUST_21835,2951.19,"Riggs, Perez and Fowler",ENTERTAINMENT,GB,UPI,1,658,0,0,1370,0,0,0,LEGITIMATE
CUST_27664,6729.14,Williams LLC,GROCERY,US,NET_BANKING,4,940,0,0,2483,0,0,0,LEGITIMATE
CUST_15831,563.08,Warner-James,FOOD,IN,DEBIT_CARD,1,262,0,1,1468,0,0,1,PAYMENT_METHOD_ABUSE
CUST_65213,683.24,Goodman Group,EDUCATION,US,DEBIT_CARD,3,411,0,0,1317,0,0,0,LEGITIMATE
CUST_88576,513.11,"Collins, Taylor and Miller",OTHER,CN,CREDIT_CARD,3,856,0,0,258,0,0,0,LEGITIMATE
CUST_27810,450.2,"Bennett, Hamilton and Kidd",ENTERTAINMENT,CN,DEBIT_CARD,4,728,1,0,1253,0,0,1,GEOGRAPHIC_ANOMALY
CUST_66536,4938.34,Franklin-Hartman,GROCERY,CN,UPI,1,869,0,0,2067,0,0,0,LEGITIMATE
CUST_50729,4105.01,Lane-Juarez,HEALTHCARE,CN,NET_BANKING,1,614,0,0,1319,0,0,0,LEGITIMATE
CUST_69063,29329.78,Strickland LLC,HEALTHCARE,GB,DEBIT_CARD,1,465,0,0,1293,1,1,1,TRANSACTION_ANOMALY
CUST_43828,4250.33,"Smith, Wheeler and Torres",TRAVEL,CN,DEBIT_CARD,3,85,0,0,1686,0,0,0,LEGITIMATE
CUST_24208,3314.48,Ferguson-Odom,HEALTHCARE,GB,DEBIT_CARD,4,194,0,0,1654,0,0,0,LEGITIMATE
CUST_34476,10808.19,"Williams, Walters and Rodriguez",TRAVEL,NG,UPI,12,3,1,1,515,1,1,1,MULTI_SIGNAL_ATTACK
CUST_90382,574.7,"Ford, Foster and Navarro",GROCERY,CN,CREDIT_CARD,1,124,0,0,305,0,0,0,LEGITIMATE
CUST_58825,1152.08,"Edwards, Sanchez and Stewart",EDUCATION,NG,CREDIT_CARD,25,3,1,1,2091,1,1,1,MULTI_SIGNAL_ATTACK
CUST_20372,69742.23,"Anderson, Baker and Franklin",EDUCATION,NG,NET_BANKING,3,486,0,0,738,1,1,1,TRANSACTION_ANOMALY
CUST_44487,1962.54,Silva-Rocha,FOOD,US,DEBIT_CARD,1,238,1,0,702,0,0,1,GEOGRAPHIC_ANOMALY
CUST_72747,3056.86,"Phillips, Yang and Evans",OTHER,US,UPI,1,502,0,0,1431,1,0,1,MERCHANT_ANOMALY
CUST_93303,1063.3,Russell-Guzman,ENTERTAINMENT,GB,WALLET,2,545,0,0,721,0,0,0,LEGITIMATE
CUST_52506,366.88,Kim-Johnston,TRAVEL,GB,CREDIT_CARD,3,342,0,0,1067,1,0,1,MERCHANT_ANOMALY
CUST_95486,3164.37,Reeves Group,TRAVEL,GB,DEBIT_CARD,2,997,0,0,1943,0,0,0,LEGITIMATE
CUST_35368,14836.485768344999,Knox-Marquez,EDUCATION,CN,DEBIT_CARD,6,10,0,1,15,1,1,1,SYNTHETIC_IDENTITY
CUST_48465,14777.68,Weiss Ltd,OTHER,CN,CREDIT_CARD,4,731,0,0,711,1,1,1,TRANSACTION_ANOMALY
CUST_56351,3866.67,"Davila, Bolton and King",GROCERY,NG,CREDIT_CARD,2,876,0,0,81,0,0,0,LEGITIMATE
CUST_15466,15762.7,Barnes-Gilbert,ECOMMERCE,GB,CREDIT_CARD,2,362,0,0,1074,0,1,1,TRANSACTION_ANOMALY
CUST_53387,26559.847948708782,"Coleman, Alvarado and White",OTHER,GB,NET_BANKING,7,8,0,1,23,1,1,1,SYNTHETIC_IDENTITY
CUST_18776,2049.79,"Smith, Taylor and Ruiz",TRAVEL,NG,UPI,3,297,1,0,1770,0,0,1,GEOGRAPHIC_ANOMALY
CUST_17010,1740.32,Torres Inc,HEALTHCARE,US,CREDIT_CARD,4,751,0,0,2207,0,0,0,LEGITIMATE
CUST_82413,4045.41,"Cervantes, Rodriguez and Freeman",HEALTHCARE,IN,DEBIT_CARD,4,544,0,0,468,0,0,0,LEGITIMATE
CUST_77173,3657.81,"Coleman, Brown and Blake",EDUCATION,NG,WALLET,2,936,0,0,1076,0,0,0,LEGITIMATE
CUST_88492,2478.82,Hoffman Ltd,HEALTHCARE,GB,NET_BANKING,4,137,0,0,279,0,0,0,LEGITIMATE
CUST_45945,1774.46,Colon-Kemp,ENTERTAINMENT,GB,NET_BANKING,4,757,1,0,1870,0,0,1,GEOGRAPHIC_ANOMALY
CUST_45101,2210.36,Garcia Inc,ECOMMERCE,US,WALLET,2,611,0,0,571,0,0,0,LEGITIMATE
CUST_23527,13348.86,Brooks-Watts,OTHER,GB,CREDIT_CARD,7,1,1,1,648,1,1,1,ACCOUNT_TAKEOVER
CUST_25876,1388.96,"Solis, Sanchez and Potter",GROCERY,IN,WALLET,1,94,0,1,213,0,0,1,PAYMENT_METHOD_ABUSE
CUST_66881,2549.45,Zimmerman Ltd,GROCERY,IN,CREDIT_CARD,4,762,0,0,1584,0,0,0,LEGITIMATE
CUST_60624,1333.65,Thompson-Williams,FOOD,IN,UPI,1,325,0,0,528,0,0,0,LEGITIMATE
CUST_18088,3977.88,Strong and Sons,ENTERTAINMENT,NG,UPI,1,633,0,0,993,0,0,0,LEGITIMATE
CUST_76890,2228.15,Williams-Juarez,TRAVEL,CN,NET_BANKING,2,229,0,0,224,1,0,1,MERCHANT_ANOMALY
CUST_63564,347.95,Hawkins LLC,FOOD,GB,UPI,1,498,0,1,2441,0,0,1,PAYMENT_METHOD_ABUSE
CUST_10459,9893.52,Rivas Inc,HEALTHCARE,NG,WALLET,11,2,1,1,1545,1,1,1,ACCOUNT_TAKEOVER
CUST_22062,2057.86,Glover-Kerr,EDUCATION,IN,UPI,1,750,0,0,332,0,0,0,LEGITIMATE
CUST_39464,2249.18,Weber Group,OTHER,IN,WALLET,3,820,0,0,1185,0,0,0,LEGITIMATE
CUST_91082,5762.630372031433,"Kennedy, Morrow and Jones",GROCERY,IN,UPI,19,459,0,0,1952,0,0,1,VELOCITY_ABUSE
CUST_59534,1852.37,Taylor-Stewart,EDUCATION,NG,DEBIT_CARD,1,570,0,0,2218,0,0,0,LEGITIMATE
CUST_40681,3827.141635245719,Daniels-Ferguson,EDUCATION,CN,DEBIT_CARD,8,7,0,1,12,1,1,1,SYNTHETIC_IDENTITY
CUST_20162,3337.89,"Mcconnell, Owens and Williams",EDUCATION,CN,CREDIT_CARD,1,995,0,0,2362,0,0,0,LEGITIMATE
CUST_21400,3947.17,Foster-Chavez,HEALTHCARE,CN,NET_BANKING,2,419,0,0,573,0,0,0,LEGITIMATE
CUST_11925,2352.8,"Jones, Patterson and Ball",GROCERY,IN,WALLET,1,832,0,0,1269,0,0,0,LEGITIMATE
CUST_70422,3200.44,Duncan-Armstrong,HEALTHCARE,GB,CREDIT_CARD,1,717,0,0,1509,0,0,0,LEGITIMATE
CUST_28083,1466.84,Rogers Group,EDUCATION,GB,WALLET,2,317,0,0,2029,0,0,0,LEGITIMATE
CUST_22045,1270.36,"Henry, Hudson and Johnson",TRAVEL,CN,NET_BANKING,4,372,0,0,2455,0,0,0,LEGITIMATE
CUST_77138,3879.46,"Hopkins, Taylor and Hughes",TRAVEL,IN,CREDIT_CARD,3,768,0,0,2436,1,0,1,MERCHANT_ANOMALY
CUST_27287,1152.3,"Andrews, Thompson and Greene",HEALTHCARE,NG,DEBIT_CARD,1,356,0,1,461,0,0,1,PAYMENT_METHOD_ABUSE
CUST_10378,2064.48,Hebert Ltd,TRAVEL,US,UPI,1,990,0,0,2397,0,0,0,LEGITIMATE
CUST_16524,3145.238228532478,Stein PLC,ECOMMERCE,CN,UPI,14,205,0,0,289,0,0,1,VELOCITY_ABUSE
CUST_71604,9365.19,Navarro-Johnson,TRAVEL,US,WALLET,7,2,1,1,757,1,1,1,ACCOUNT_TAKEOVER
CUST_69326,2700.99,Snyder Inc,TRAVEL,CN,NET_BANKING,10,0,1,1,1014,1,1,1,MULTI_SIGNAL_ATTACK
CUST_58732,3792.89,"Rodriguez, Young and Jackson",TRAVEL,NG,NET_BANKING,1,352,0,0,34,0,0,0,LEGITIMATE
CUST_34370,9036.02,"Chen, Vang and Johnson",GROCERY,IN,UPI,4,84,0,0,1780,0,1,1,TRANSACTION_ANOMALY
CUST_70604,250.12,Simpson Group,HEALTHCARE,CN,CREDIT_CARD,1,928,0,0,320,0,0,0,LEGITIMATE
CUST_76083,1028.6,Grimes Group,HEALTHCARE,GB,UPI,4,453,0,0,2381,0,0,0,LEGITIMATE
CUST_87738,2050.72,"Thompson, Levine and Walker",ECOMMERCE,NG,NET_BANKING,3,513,0,0,2304,0,0,0,LEGITIMATE
CUST_25147,1031.83,Huffman-Ramos,TRAVEL,IN,NET_BANKING,1,248,0,0,1723,0,0,0,LEGITIMATE
CUST_19269,5334.03,May Group,ENTERTAINMENT,GB,CREDIT_CARD,4,257,0,0,175,1,1,1,TRANSACTION_ANOMALY
CUST_37962,35601.84,Sullivan Group,GROCERY,CN,WALLET,3,922,0,0,1504,1,1,1,TRANSACTION_ANOMALY
CUST_63166,3783.66,Anderson LLC,EDUCATION,NG,CREDIT_CARD,2,764,0,0,1148,0,0,0,LEGITIMATE
CUST_42947,1476.65,"Melendez, Thompson and Serrano",ECOMMERCE,NG,WALLET,2,421,0,0,1257,0,0,0,LEGITIMATE
CUST_92656,415.96,Williams-Ortega,TRAVEL,CN,WALLET,4,865,0,0,1250,0,0,0,LEGITIMATE
CUST_68239,2303.1,Murray-Bailey,EDUCATION,IN,UPI,1,402,0,0,1163,0,0,0,LEGITIMATE
CUST_62044,2769.25,"Mills, Bishop and Williams",TRAVEL,US,CREDIT_CARD,3,953,0,0,683,0,0,0,LEGITIMATE
CUST_52539,9534.898901668781,"Robertson, Lee and Watkins",OTHER,IN,UPI,13,940,0,0,468,0,0,1,VELOCITY_ABUSE
CUST_23122,4317.86,Ramirez-Wilkins,EDUCATION,CN,CREDIT_CARD,2,366,1,0,1925,0,0,1,GEOGRAPHIC_ANOMALY
CUST_99388,3697.15,"Woods, Moreno and Nguyen",TRAVEL,IN,DEBIT_CARD,3,971,0,0,1623,0,0,0,LEGITIMATE
CUST_40645,54303.81,Scott PLC,FOOD,CN,DEBIT_CARD,13,0,1,1,1320,1,1,1,MULTI_SIGNAL_ATTACK
CUST_16655,1444.4,Marquez-Joseph,OTHER,GB,UPI,2,958,0,0,353,1,0,1,MERCHANT_ANOMALY
CUST_95809,1678.16,"Cook, Brock and Burton",OTHER,GB,WALLET,1,884,0,0,2439,0,0,0,LEGITIMATE
CUST_74528,3137.16,"Rush, Powell and Lopez",ECOMMERCE,CN,DEBIT_CARD,3,755,0,0,439,0,0,0,LEGITIMATE
CUST_87317,7842.182843781958,Lee-Harrington,ECOMMERCE,IN,CREDIT_CARD,19,723,0,0,1529,0,0,1,VELOCITY_ABUSE
CUST_11599,1490.59,"Melton, Villanueva and Miller",FOOD,NG,CREDIT_CARD,1,929,0,0,862,0,0,0,LEGITIMATE
CUST_38116,606.71,Butler and Sons,ENTERTAINMENT,IN,CREDIT_CARD,1,256,0,0,1784,0,0,0,LEGITIMATE
CUST_95713,1168.43,Myers Group,EDUCATION,NG,WALLET,2,961,0,0,1409,1,0,1,MERCHANT_ANOMALY
CUST_84328,1481.17,Allison LLC,GROCERY,US,UPI,4,528,0,0,1424,0,0,0,LEGITIMATE
CUST_84631,2063.68,"Benton, Donovan and Bell",GROCERY,IN,WALLET,1,105,0,1,2395,0,0,1,PAYMENT_METHOD_ABUSE
CUST_72586,5917.621985514771,"Norman, Wright and Black",ECOMMERCE,IN,NET_BANKING,16,763,0,0,1106,0,0,1,VELOCITY_ABUSE
CUST_47876,471.7,Hall-Johnson,HEALTHCARE,NG,DEBIT_CARD,4,416,0,0,1286,0,0,0,LEGITIMATE
CUST_30601,1513.05,"Austin, Fernandez and Gallagher",GROCERY,GB,DEBIT_CARD,1,104,0,0,1398,0,0,0,LEGITIMATE
CUST_74648,955.48,Schwartz Group,HEALTHCARE,CN,UPI,3,138,0,0,900,0,0,0,LEGITIMATE
CUST_70211,555.3,Gaines Inc,TRAVEL,GB,WALLET,2,254,0,0,2230,0,0,0,LEGITIMATE
CUST_39009,93.01,Luna Inc,FOOD,GB,DEBIT_CARD,1,688,0,1,1290,0,0,1,PAYMENT_METHOD_ABUSE
CUST_56683,1223.66,"Hood, Brandt and Roberts",EDUCATION,IN,WALLET,1,120,0,0,1030,0,0,0,LEGITIMATE
CUST_60335,2536.11,"Buchanan, Cox and Thomas",ECOMMERCE,CN,DEBIT_CARD,3,975,0,0,1638,0,0,0,LEGITIMATE
CUST_69839,3644.93,Wade-Jones,OTHER,NG,NET_BANKING,1,205,0,1,1398,0,0,1,PAYMENT_METHOD_ABUSE
CUST_31952,16290.78,Wise and Sons,ECOMMERCE,GB,DEBIT_CARD,12,2,1,1,1648,1,1,1,ACCOUNT_TAKEOVER
CUST_56363,2132.03,"Wilson, Phillips and Martin",FOOD,US,UPI,1,741,0,0,2162,0,0,0,LEGITIMATE
CUST_88097,321.29,Allison Inc,OTHER,IN,CREDIT_CARD,2,261,0,0,546,0,0,0,LEGITIMATE
CUST_82185,4228.06,"Taylor, Lyons and Cruz",ECOMMERCE,US,NET_BANKING,2,99,0,0,55,0,0,0,LEGITIMATE
CUST_56212,2557.47,Preston-Gibson,OTHER,IN,CREDIT_CARD,4,138,0,0,2178,0,0,0,LEGITIMATE
CUST_24688,2101.46,"Lopez, Richmond and Lewis",ECOMMERCE,CN,WALLET,1,777,0,0,2090,0,0,0,LEGITIMATE
CUST_87141,6423.52,"Lewis, Ramirez and Smith",OTHER,GB,NET_BANKING,8,3,1,1,1311,1,1,1,ACCOUNT_TAKEOVER
CUST_80120,3638.59,Smith LLC,EDUCATION,IN,WALLET,4,950,0,0,914,0,0,0,LEGITIMATE
CUST_32593,36141.26,Beasley and Sons,HEALTHCARE,IN,UPI,17,1,1,1,2115,1,1,1,MULTI_SIGNAL_ATTACK
CUST_91955,1308.64,Rivera Group,TRAVEL,US,CREDIT_CARD,4,315,0,0,966,0,0,0,LEGITIMATE
CUST_95830,6894.699459538336,"Griffin, Wells and Vargas",FOOD,US,CREDIT_CARD,10,621,0,0,895,0,0,1,VELOCITY_ABUSE
CUST_92221,7295.46,Francis Inc,GROCERY,US,DEBIT_CARD,2,254,0,0,83,0,0,0,LEGITIMATE
CUST_27196,2966.0,Crawford-Wilkinson,OTHER,CN,UPI,1,279,0,0,564,0,0,0,LEGITIMATE
CUST_58880,729.57,Taylor-Lee,TRAVEL,IN,WALLET,1,446,0,0,824,0,0,0,LEGITIMATE
CUST_43222,10737.83,Allen-Sanchez,GROCERY,CN,CREDIT_CARD,25,0,1,1,1651,1,1,1,MULTI_SIGNAL_ATTACK
CUST_19311,3384.56,"Knight, Juarez and Paul",FOOD,NG,NET_BANKING,1,510,1,0,123,0,0,1,GEOGRAPHIC_ANOMALY
CUST_89707,7859.83,Morgan Group,ECOMMERCE,US,CREDIT_CARD,2,892,0,0,197,0,0,0,LEGITIMATE
CUST_80937,610.88,Valdez-Simpson,EDUCATION,IN,NET_BANKING,2,991,0,0,1160,0,0,0,LEGITIMATE
CUST_25534,497.91,"Phelps, Cooley and Day",GROCERY,CN,WALLET,3,891,0,0,1749,0,0,0,LEGITIMATE
CUST_64746,1477.21,"Evans, Oconnor and Perez",GROCERY,CN,NET_BANKING,2,116,0,0,1640,0,0,0,LEGITIMATE
CUST_84754,623.17,Dixon PLC,HEALTHCARE,CN,UPI,3,337,0,0,2127,0,0,0,LEGITIMATE
CUST_95986,4459.906501814754,Perry-Johnson,EDUCATION,CN,NET_BANKING,28,764,0,0,178,0,0,1,VELOCITY_ABUSE
CUST_11118,2560.44,Solomon LLC,EDUCATION,NG,DEBIT_CARD,2,424,0,0,1268,0,0,0,LEGITIMATE
CUST_27654,4374.73,Taylor-Fields,FOOD,IN,UPI,4,711,0,0,1807,0,0,0,LEGITIMATE
CUST_28015,3663.8,"Rogers, Smith and Solomon",HEALTHCARE,NG,UPI,1,576,0,0,1437,0,0,0,LEGITIMATE
CUST_74617,4265.17,Wilson-Sharp,FOOD,NG,WALLET,2,771,0,0,2463,0,0,0,LEGITIMATE
CUST_50781,1454.52,Williams-Jackson,EDUCATION,NG,UPI,2,938,0,0,376,0,0,0,LEGITIMATE
CUST_27560,3086.02,Smith Inc,TRAVEL,CN,UPI,2,260,0,0,1183,0,0,0,LEGITIMATE
CUST_42181,5852.14,Dudley-Hill,GROCERY,CN,DEBIT_CARD,22,2,1,1,1097,1,1,1,MULTI_SIGNAL_ATTACK
CUST_61171,3991.7,Vaughan-Monroe,OTHER,GB,UPI,3,769,0,0,2338,0,0,0,LEGITIMATE
CUST_93326,2941.85,Davidson-Townsend,HEALTHCARE,US,DEBIT_CARD,3,432,0,0,1404,0,0,0,LEGITIMATE
CUST_60680,19128.12,Lopez Ltd,HEALTHCARE,NG,CREDIT_CARD,2,110,0,0,2465,1,1,1,TRANSACTION_ANOMALY
CUST_12900,2562.08,Downs and Sons,HEALTHCARE,IN,WALLET,1,864,0,0,2223,0,0,0,LEGITIMATE
CUST_54786,5229.47,Wilson-Gamble,TRAVEL,CN,UPI,4,436,0,0,789,0,0,0,LEGITIMATE
CUST_49595,7880.736565704214,Holden PLC,FOOD,US,DEBIT_CARD,21,169,0,0,1859,0,0,1,VELOCITY_ABUSE
CUST_87136,659.37,Hansen LLC,TRAVEL,US,NET_BANKING,1,713,1,0,516,0,0,1,GEOGRAPHIC_ANOMALY
CUST_42481,19604.45,Guzman Inc,FOOD,NG,UPI,8,3,1,1,674,1,1,1,ACCOUNT_TAKEOVER
CUST_39622,4432.51,"Flynn, Crawford and Wilkerson",TRAVEL,IN,WALLET,4,992,0,0,457,1,0,1,MERCHANT_ANOMALY
CUST_28623,16620.53,Watkins-Smith,ENTERTAINMENT,IN,WALLET,3,355,0,0,522,1,1,1,TRANSACTION_ANOMALY
CUST_33097,8237.879986733396,"Lewis, Miles and Brown",TRAVEL,NG,CREDIT_CARD,9,5,0,1,16,1,1,1,SYNTHETIC_IDENTITY
CUST_29344,1054.02,Hess and Sons,OTHER,CN,NET_BANKING,3,446,0,0,941,0,0,0,LEGITIMATE
CUST_34680,1623.37,Jackson Inc,GROCERY,CN,CREDIT_CARD,1,977,0,0,828,0,0,0,LEGITIMATE
CUST_92483,1354.95,Sanchez Ltd,OTHER,GB,WALLET,12,1,1,1,1492,1,1,1,ACCOUNT_TAKEOVER
CUST_26780,2595.92,Simpson PLC,TRAVEL,GB,CREDIT_CARD,2,152,0,1,299,0,0,1,PAYMENT_METHOD_ABUSE
CUST_89195,4365.95,Campbell and Sons,FOOD,US,DEBIT_CARD,1,536,0,0,1263,0,0,0,LEGITIMATE
CUST_31558,2339.8,Stephens Inc,FOOD,US,DEBIT_CARD,2,560,0,0,173,0,0,0,LEGITIMATE
CUST_61218,44937.62,Murphy-Sims,HEALTHCARE,IN,WALLET,2,382,0,0,750,1,1,1,TRANSACTION_ANOMALY
CUST_96412,6232.20257293638,Ortega-Khan,TRAVEL,US,DEBIT_CARD,26,262,0,0,903,0,0,1,VELOCITY_ABUSE
CUST_32846,3344.17,Werner LLC,FOOD,GB,NET_BANKING,2,830,0,0,35,1,0,1,MERCHANT_ANOMALY
CUST_26934,4321.783124529799,Martinez PLC,OTHER,CN,CREDIT_CARD,5,6,0,1,30,1,1,1,SYNTHETIC_IDENTITY
CUST_89578,1930.55,Henderson-Gallagher,TRAVEL,IN,DEBIT_CARD,4,157,0,0,2069,0,0,0,LEGITIMATE
CUST_30443,16310.868590980448,Wells-Franklin,EDUCATION,IN,UPI,7,6,0,1,28,1,1,1,SYNTHETIC_IDENTITY
CUST_72714,951.92,Kim-Barajas,OTHER,GB,UPI,2,737,0,0,850,0,0,0,LEGITIMATE
CUST_30023,1012.2,Huff-Bennett,GROCERY,US,CREDIT_CARD,2,384,0,0,610,0,0,0,LEGITIMATE
CUST_83428,4335.12,Odonnell-Browning,TRAVEL,US,DEBIT_CARD,1,416,0,0,2348,0,0,0,LEGITIMATE
CUST_33991,4741.15,Campbell and Sons,HEALTHCARE,US,CREDIT_CARD,4,915,0,0,1412,0,0,0,LEGITIMATE
CUST_42065,5112.884881761094,Kelly-Howard,GROCERY,IN,UPI,10,137,0,0,303,0,0,1,VELOCITY_ABUSE
CUST_51321,3011.41,Garcia and Sons,ENTERTAINMENT,NG,CREDIT_CARD,1,939,0,0,968,0,0,0,LEGITIMATE
CUST_96506,2723.72,Morris Group,EDUCATION,US,DEBIT_CARD,3,709,0,0,323,0,0,0,LEGITIMATE
CUST_62336,2539.76,"Mitchell, Rodriguez and Bradley",OTHER,NG,UPI,3,839,0,0,968,0,0,0,LEGITIMATE
CUST_72409,29388.55747468961,"Lee, Foley and Brown",ENTERTAINMENT,GB,CREDIT_CARD,4,9,0,1,14,1,1,1,SYNTHETIC_IDENTITY
CUST_98241,321.86,Brown PLC,EDUCATION,GB,DEBIT_CARD,1,620,0,1,1431,0,0,1,PAYMENT_METHOD_ABUSE
CUST_87454,3076.27,"Rivera, Taylor and Willis",OTHER,CN,UPI,1,860,0,0,1344,0,0,0,LEGITIMATE
CUST_27968,56325.97,Morris and Sons,TRAVEL,IN,NET_BANKING,10,2,1,1,104,1,1,1,MULTI_SIGNAL_ATTACK
CUST_84917,2322.09,"Jones, West and Henderson",EDUCATION,CN,NET_BANKING,4,67,0,0,1027,0,0,0,LEGITIMATE
CUST_84238,1205.72,Allen-Jackson,ECOMMERCE,CN,CREDIT_CARD,4,266,0,0,2173,0,0,0,LEGITIMATE
CUST_20473,4123.18,Leon-Garcia,EDUCATION,US,NET_BANKING,1,501,0,0,2495,1,0,1,MERCHANT_ANOMALY
CUST_85599,2502.18,"Davis, Young and Gutierrez",OTHER,NG,WALLET,2,993,0,0,2202,0,0,0,LEGITIMATE
CUST_92701,3653.17,"Singleton, Mendez and Cooper",ECOMMERCE,GB,CREDIT_CARD,4,366,0,0,2371,0,0,0,LEGITIMATE
CUST_50470,1489.48,"Williams, Jordan and Moore",HEALTHCARE,IN,DEBIT_CARD,2,153,0,0,801,0,0,0,LEGITIMATE
CUST_86820,2127.78,Robbins-Buckley,GROCERY,GB,UPI,3,606,0,0,313,0,0,0,LEGITIMATE
CUST_93897,4002.74,Cook-Obrien,OTHER,GB,CREDIT_CARD,4,604,0,0,1898,0,0,0,LEGITIMATE
CUST_70852,4072.94,Vance Inc,ENTERTAINMENT,GB,WALLET,4,334,0,0,1650,0,0,0,LEGITIMATE
CUST_85025,5285.7,Lewis Inc,OTHER,NG,UPI,2,424,0,0,1864,0,0,0,LEGITIMATE
CUST_55555,477.42,Mckinney-Simmons,ENTERTAINMENT,IN,UPI,3,352,0,0,1777,0,0,0,LEGITIMATE
CUST_38913,54825.31,"Thompson, Mclaughlin and Lindsey",OTHER,US,WALLET,4,661,0,0,1956,1,1,1,TRANSACTION_ANOMALY
CUST_20364,3190.36,Moyer-Cooper,HEALTHCARE,NG,DEBIT_CARD,3,240,0,0,480,0,0,0,LEGITIMATE
CUST_16494,1344.07,Martinez Group,OTHER,NG,CREDIT_CARD,2,571,0,0,1549,0,0,0,LEGITIMATE
CUST_31115,1627.75,"Whitney, Franco and Kelly",ECOMMERCE,GB,NET_BANKING,3,658,1,0,1925,0,0,1,GEOGRAPHIC_ANOMALY
CUST_90179,2615.95,Lloyd-French,ENTERTAINMENT,GB,NET_BANKING,3,801,0,0,1641,0,0,0,LEGITIMATE
CUST_44304,18373.407848597184,Porter-Young,ECOMMERCE,US,WALLET,6,4,0,1,13,1,1,1,SYNTHETIC_IDENTITY
CUST_46148,2408.46,"Myers, Rivas and Davis",ENTERTAINMENT,CN,DEBIT_CARD,4,300,0,0,2398,0,0,0,LEGITIMATE
CUST_12251,1062.06,Mcfarland Ltd,TRAVEL,NG,DEBIT_CARD,4,161,0,0,2183,0,0,0,LEGITIMATE
CUST_89356,1345.61,Wyatt-Thomas,ENTERTAINMENT,US,CREDIT_CARD,1,945,0,0,1983,0,0,0,LEGITIMATE
CUST_84843,603.58,"Mathis, Pearson and Peterson",GROCERY,US,DEBIT_CARD,1,520,0,0,1854,0,0,0,LEGITIMATE
CUST_52837,1456.43,Jimenez-Hill,ECOMMERCE,NG,DEBIT_CARD,4,409,0,0,1264,1,0,1,MERCHANT_ANOMALY
CUST_86756,59.41,"Lee, Smith and Thomas",GROCERY,US,DEBIT_CARD,4,898,0,0,570,0,0,0,LEGITIMATE
CUST_49896,1340.4,"Carter, Price and Andrade",TRAVEL,IN,WALLET,1,174,0,0,1592,0,0,0,LEGITIMATE
CUST_56631,3723.55,"Wilson, Gonzalez and Morgan",FOOD,US,DEBIT_CARD,4,915,0,0,466,0,0,0,LEGITIMATE
CUST_56692,1422.51,Johnson Group,EDUCATION,NG,DEBIT_CARD,4,32,0,0,2195,0,0,0,LEGITIMATE
CUST_82794,1692.75,"Wilson, Palmer and Jackson",ECOMMERCE,IN,CREDIT_CARD,3,223,0,0,1792,0,0,0,LEGITIMATE
CUST_43996,748.39,Valdez-Freeman,EDUCATION,CN,DEBIT_CARD,3,79,0,0,1370,0,0,0,LEGITIMATE
CUST_36830,3445.2600318672753,"Harris, Parker and Mcgee",ECOMMERCE,US,NET_BANKING,16,64,0,0,1244,0,0,1,VELOCITY_ABUSE
CUST_48371,2710.34,Hernandez-Davis,EDUCATION,GB,DEBIT_CARD,2,709,0,0,780,0,0,0,LEGITIMATE
CUST_69082,3384.11,Patterson-Torres,EDUCATION,CN,WALLET,3,757,0,0,2403,0,0,0,LEGITIMATE
CUST_28463,3675.53,"Bradford, Barnett and Cole",EDUCATION,GB,WALLET,1,692,0,0,2360,0,0,0,LEGITIMATE
CUST_96856,2941.05,"Saunders, Vargas and Bowers",ENTERTAINMENT,CN,CREDIT_CARD,1,339,0,0,2025,0,0,0,LEGITIMATE
CUST_37241,9432.63,Rogers PLC,TRAVEL,CN,DEBIT_CARD,11,3,1,1,1334,1,1,1,ACCOUNT_TAKEOVER
CUST_54346,1078.68,Johnson-Evans,HEALTHCARE,CN,DEBIT_CARD,2,668,0,0,772,0,0,0,LEGITIMATE
CUST_40641,890.73,"Peters, Stokes and Austin",GROCERY,US,DEBIT_CARD,1,250,0,0,68,0,0,0,LEGITIMATE
CUST_36792,1329.08,"Evans, Garcia and Thompson",GROCERY,US,DEBIT_CARD,4,99,0,0,70,0,0,0,LEGITIMATE
CUST_26102,1587.56,Roberts-Kim,HEALTHCARE,CN,CREDIT_CARD,4,654,0,0,1782,0,0,0,LEGITIMATE
CUST_89948,1048.57,"Williams, Miller and Martinez",ECOMMERCE,GB,CREDIT_CARD,2,87,0,0,1452,0,0,0,LEGITIMATE
CUST_20255,1089.67,"Chambers, Ortiz and Williams",ENTERTAINMENT,US,NET_BANKING,3,763,0,0,738,0,0,0,LEGITIMATE
CUST_27276,2327.25,Jones and Sons,ENTERTAINMENT,GB,NET_BANKING,17,1,1,1,221,1,1,1,MULTI_SIGNAL_ATTACK
CUST_58929,2267.76,Clark-Sutton,EDUCATION,CN,UPI,1,881,0,0,269,0,0,0,LEGITIMATE
CUST_72427,173.59,Sims Inc,ENTERTAINMENT,IN,NET_BANKING,2,977,1,0,2058,0,0,1,GEOGRAPHIC_ANOMALY
CUST_60635,4589.17,Johnson LLC,ECOMMERCE,NG,WALLET,4,674,0,0,1503,0,0,0,LEGITIMATE
CUST_29442,1372.76,Simmons Inc,FOOD,NG,DEBIT_CARD,3,424,0,0,1420,0,0,0,LEGITIMATE
CUST_61668,4817.98,Thomas-Williams,ENTERTAINMENT,GB,WALLET,2,527,0,0,2216,0,0,0,LEGITIMATE
CUST_42650,714.27,"Smith, Gallegos and King",FOOD,CN,DEBIT_CARD,1,152,0,0,798,0,0,0,LEGITIMATE
CUST_79588,21918.65,Blackwell Group,GROCERY,IN,DEBIT_CARD,12,0,1,1,1905,1,1,1,ACCOUNT_TAKEOVER
CUST_73534,1111.7,Wilson Group,ECOMMERCE,IN,WALLET,3,741,0,0,1223,0,0,0,LEGITIMATE
CUST_56525,1945.37,Meyer-Nguyen,HEALTHCARE,NG,CREDIT_CARD,2,957,0,0,759,0,0,0,LEGITIMATE
CUST_74517,3218.8,Escobar-Christensen,ECOMMERCE,GB,DEBIT_CARD,1,399,0,0,1618,0,0,0,LEGITIMATE
CUST_47914,1177.63,"White, Gibson and Ballard",FOOD,US,DEBIT_CARD,3,635,0,1,642,0,0,1,PAYMENT_METHOD_ABUSE
CUST_35598,6180.52,Hall and Sons,ECOMMERCE,NG,DEBIT_CARD,4,928,0,0,36,0,0,0,LEGITIMATE
CUST_12427,31155.26,Shaw-Price,OTHER,US,WALLET,20,2,1,1,1278,1,1,1,MULTI_SIGNAL_ATTACK
CUST_99699,4373.21,Serrano Group,HEALTHCARE,IN,DEBIT_CARD,3,668,0,0,1460,0,0,0,LEGITIMATE
CUST_33810,4144.4,"Krueger, Sanchez and Nelson",ECOMMERCE,CN,DEBIT_CARD,3,454,0,0,1657,0,0,0,LEGITIMATE
CUST_40562,2460.16,"Shah, Owen and Brooks",ENTERTAINMENT,US,NET_BANKING,2,963,0,0,1127,1,0,1,MERCHANT_ANOMALY
CUST_30134,1046.63,Pruitt-Duarte,FOOD,CN,NET_BANKING,2,58,0,0,101,0,0,0,LEGITIMATE
CUST_95736,2515.44,"James, Malone and Jones",TRAVEL,NG,DEBIT_CARD,3,976,0,0,1540,0,0,0,LEGITIMATE
CUST_63806,1548.66,Simpson and Sons,TRAVEL,IN,DEBIT_CARD,4,268,0,1,924,0,0,1,PAYMENT_METHOD_ABUSE
CUST_70722,3188.33,Lam Inc,TRAVEL,CN,NET_BANKING,2,73,0,1,661,0,0,1,PAYMENT_METHOD_ABUSE
CUST_19961,1899.99,"Walker, Christian and Peck",GROCERY,GB,WALLET,1,258,0,0,1403,0,0,0,LEGITIMATE
CUST_95813,16671.37,Wilson-Garcia,FOOD,IN,UPI,2,751,0,0,2234,1,1,1,TRANSACTION_ANOMALY
CUST_33170,2542.77,Fernandez-Malone,TRAVEL,IN,CREDIT_CARD,1,758,0,0,651,0,0,0,LEGITIMATE
CUST_58822,2202.46,Parks Ltd,EDUCATION,US,WALLET,4,335,0,0,2234,0,0,0,LEGITIMATE
CUST_11105,1764.13,Chan Ltd,FOOD,NG,WALLET,1,428,0,0,455,0,0,0,LEGITIMATE
CUST_50541,3685.09,Winters Inc,GROCERY,US,CREDIT_CARD,4,482,0,0,1281,0,0,0,LEGITIMATE
CUST_93660,2804.49,Smith-Meza,ECOMMERCE,CN,NET_BANKING,4,683,0,1,2178,0,0,1,PAYMENT_METHOD_ABUSE
CUST_62336,15125.24,"Miller, Black and Williams",EDUCATION,IN,DEBIT_CARD,1,655,0,0,1303,0,1,1,TRANSACTION_ANOMALY
CUST_28983,3136.42,Castaneda Group,ECOMMERCE,IN,DEBIT_CARD,1,321,0,0,763,0,1,1,TRANSACTION_ANOMALY
CUST_24780,2056.17,"Hunt, Espinoza and Kelly",FOOD,CN,CREDIT_CARD,2,875,0,0,1182,0,0,0,LEGITIMATE
CUST_63248,3248.23,Valenzuela Ltd,ENTERTAINMENT,NG,WALLET,2,556,0,0,2438,0,0,0,LEGITIMATE
CUST_36104,831.29,Perez-Costa,GROCERY,NG,CREDIT_CARD,4,51,0,0,484,0,0,0,LEGITIMATE
CUST_32032,3732.58,"Adams, Richards and Riggs",GROCERY,IN,DEBIT_CARD,3,228,0,1,38,0,0,1,PAYMENT_METHOD_ABUSE
CUST_22630,3599.66,"Welch, Payne and Montgomery",GROCERY,GB,UPI,2,593,0,0,45,0,0,0,LEGITIMATE
CUST_10250,5171.45,Bright PLC,TRAVEL,NG,NET_BANKING,1,91,0,0,1485,0,0,0,LEGITIMATE
CUST_69126,8516.446164102814,Martin-Mcintyre,EDUCATION,NG,DEBIT_CARD,15,908,0,0,1660,0,0,1,VELOCITY_ABUSE
CUST_37106,1289.06,Davidson Group,EDUCATION,NG,DEBIT_CARD,1,547,0,0,2084,0,0,0,LEGITIMATE
CUST_54069,2557.3,Rogers-Walter,EDUCATION,NG,DEBIT_CARD,4,595,0,0,497,0,0,0,LEGITIMATE
CUST_49938,911.82,Rojas-Campbell,FOOD,IN,DEBIT_CARD,2,235,0,0,475,0,0,0,LEGITIMATE
CUST_39571,4949.17,"Sloan, Crosby and Wilson",ECOMMERCE,IN,UPI,1,571,0,0,654,0,0,0,LEGITIMATE
CUST_72504,2500.21,Garcia-Mckenzie,EDUCATION,IN,NET_BANKING,1,462,0,0,1362,0,0,0,LEGITIMATE
CUST_92463,3462.47,Williams-Chavez,TRAVEL,US,CREDIT_CARD,1,906,1,0,1546,0,0,1,GEOGRAPHIC_ANOMALY
CUST_19838,649.74,Morgan Group,OTHER,CN,DEBIT_CARD,1,390,0,1,551,0,0,1,PAYMENT_METHOD_ABUSE
CUST_80912,1453.95,Snow PLC,OTHER,GB,DEBIT_CARD,2,748,0,0,1254,0,0,0,LEGITIMATE
CUST_61221,1976.8,Jones-Smith,EDUCATION,GB,WALLET,3,618,0,0,1573,0,0,0,LEGITIMATE
CUST_22347,2275.7,"Scott, Brown and Barrera",OTHER,GB,DEBIT_CARD,2,381,0,0,596,0,0,0,LEGITIMATE
CUST_52749,3960.33,Hester-Nelson,ENTERTAINMENT,NG,NET_BANKING,4,785,0,0,945,0,0,0,LEGITIMATE
CUST_49041,1845.84,"Berg, Smith and Warren",GROCERY,NG,NET_BANKING,4,463,0,0,589,0,0,0,LEGITIMATE
CUST_87367,4149.54,"Jones, Garcia and Ortega",OTHER,IN,WALLET,1,596,0,0,1277,0,0,0,LEGITIMATE
CUST_88025,2947.84,Hines PLC,OTHER,IN,UPI,3,445,1,0,1903,0,0,1,GEOGRAPHIC_ANOMALY
CUST_76723,2279.75,Boyd LLC,ENTERTAINMENT,NG,CREDIT_CARD,4,561,0,0,822,0,0,0,LEGITIMATE
CUST_92564,2346.41,Jackson-Goodwin,EDUCATION,US,WALLET,4,329,0,0,1436,0,0,0,LEGITIMATE
CUST_86582,1581.31,"Davies, Smith and Jones",ENTERTAINMENT,IN,CREDIT_CARD,2,708,0,1,2216,0,0,1,PAYMENT_METHOD_ABUSE
CUST_52816,2437.89,"Bailey, Santana and Montoya",GROCERY,IN,NET_BANKING,1,436,0,1,730,0,0,1,PAYMENT_METHOD_ABUSE
CUST_82466,1378.87,"Deleon, Wong and Skinner",GROCERY,IN,WALLET,3,397,0,0,2495,0,0,0,LEGITIMATE
CUST_78168,4257.08,Hamilton-Carr,GROCERY,US,WALLET,2,925,0,0,457,0,0,0,LEGITIMATE
CUST_97257,3017.72,Patton PLC,OTHER,GB,UPI,2,663,0,0,198,0,0,0,LEGITIMATE
CUST_87988,26636.61,Webb Ltd,OTHER,GB,WALLET,2,44,0,0,1970,1,1,1,TRANSACTION_ANOMALY
CUST_58569,483.63,"Riley, Howe and Ho",GROCERY,IN,DEBIT_CARD,4,808,0,0,82,0,0,0,LEGITIMATE
CUST_98974,138.59,Scott-Lyons,HEALTHCARE,US,DEBIT_CARD,3,426,1,0,1681,0,0,1,GEOGRAPHIC_ANOMALY
CUST_83132,38090.85,Scott Group,ECOMMERCE,CN,NET_BANKING,24,0,1,1,1099,1,1,1,MULTI_SIGNAL_ATTACK
CUST_64322,9229.87290329077,Davis-Cruz,FOOD,IN,DEBIT_CARD,18,78,0,0,173,0,0,1,VELOCITY_ABUSE
CUST_49716,1753.0,Smith and Sons,GROCERY,US,UPI,4,602,0,1,1062,0,0,1,PAYMENT_METHOD_ABUSE
CUST_31605,3473.97,Walker-Edwards,EDUCATION,IN,DEBIT_CARD,3,962,0,0,1262,0,0,0,LEGITIMATE
CUST_55114,1650.72,"Sexton, Brown and Kelly",OTHER,CN,DEBIT_CARD,2,218,0,0,2476,0,0,0,LEGITIMATE
CUST_33697,5226.14,"Stark, Jennings and Hall",GROCERY,GB,UPI,12,3,1,1,541,1,1,1,ACCOUNT_TAKEOVER
CUST_49790,4180.65,Krueger Ltd,HEALTHCARE,GB,UPI,3,204,0,0,2246,0,0,0,LEGITIMATE
CUST_22633,261.98,"Henry, Estrada and Tucker",EDUCATION,NG,UPI,2,324,0,0,979,1,0,1,MERCHANT_ANOMALY
CUST_55573,6805.95,"Black, Quinn and Casey",FOOD,IN,WALLET,4,160,0,0,923,1,1,1,TRANSACTION_ANOMALY
CUST_71905,1102.22,"Webb, Espinoza and Smith",ENTERTAINMENT,US,NET_BANKING,2,662,0,0,1000,1,0,1,MERCHANT_ANOMALY
CUST_52072,764.31,Jones-Hunter,FOOD,NG,DEBIT_CARD,2,727,0,0,1345,1,0,1,MERCHANT_ANOMALY
CUST_50976,2233.49,"Parker, Blair and Love",FOOD,CN,WALLET,1,489,0,0,445,0,0,0,LEGITIMATE
CUST_18724,4206.84,Howard-Medina,GROCERY,GB,WALLET,3,643,0,0,254,0,0,0,LEGITIMATE
CUST_22156,1742.53,Lawrence-Richardson,OTHER,CN,UPI,3,683,0,0,1088,0,0,0,LEGITIMATE
CUST_38157,26716.82,"Davies, Thomas and Christensen",ENTERTAINMENT,CN,NET_BANKING,14,3,1,1,1490,1,1,1,MULTI_SIGNAL_ATTACK
CUST_89040,1555.8,Smith-Waters,HEALTHCARE,IN,DEBIT_CARD,2,229,0,0,862,0,0,0,LEGITIMATE
CUST_26359,5293.02,"Smith, Hogan and Brown",EDUCATION,US,CREDIT_CARD,2,275,0,0,2200,0,0,0,LEGITIMATE
CUST_94450,5136.19,Winters-Cain,TRAVEL,NG,NET_BANKING,2,861,0,0,2164,0,0,0,LEGITIMATE
CUST_82983,2174.65,"Griffin, York and Pineda",TRAVEL,GB,NET_BANKING,3,877,0,0,309,0,0,0,LEGITIMATE
CUST_82725,1334.0,Wyatt-Miller,HEALTHCARE,US,CREDIT_CARD,3,448,0,0,1810,0,0,0,LEGITIMATE
CUST_52823,14471.106093452086,"Avila, Oneal and Black",OTHER,GB,DEBIT_CARD,7,4,0,1,12,1,1,1,SYNTHETIC_IDENTITY
CUST_60006,9061.065134907542,"Hernandez, Moore and Christensen",EDUCATION,IN,DEBIT_CARD,7,6,0,1,10,1,1,1,SYNTHETIC_IDENTITY
CUST_92458,4409.81,Stevens-Gill,HEALTHCARE,GB,CREDIT_CARD,1,736,0,0,1791,0,0,0,LEGITIMATE
CUST_14840,1002.49,Fuentes-Miller,HEALTHCARE,IN,NET_BANKING,2,882,0,0,489,0,0,0,LEGITIMATE
CUST_99621,3239.28,Osborne-Baxter,FOOD,US,CREDIT_CARD,3,956,0,0,1424,0,0,0,LEGITIMATE
CUST_47681,3426.67,"Butler, Mann and Jones",EDUCATION,GB,UPI,3,664,0,0,727,0,0,0,LEGITIMATE
CUST_97817,10127.32,Johnson-Moses,HEALTHCARE,GB,NET_BANKING,24,1,1,1,1905,1,1,1,MULTI_SIGNAL_ATTACK
CUST_87638,2002.1,"Miles, Duke and Young",TRAVEL,US,CREDIT_CARD,1,869,0,0,240,0,0,0,LEGITIMATE
CUST_28043,4369.68,Harmon-Diaz,ECOMMERCE,NG,WALLET,1,503,0,0,1255,0,0,0,LEGITIMATE
CUST_11885,5215.227568337467,Jones Ltd,ENTERTAINMENT,NG,UPI,23,843,0,0,1374,0,0,1,VELOCITY_ABUSE
CUST_30955,805.42,Mitchell-Rios,FOOD,CN,CREDIT_CARD,1,244,0,0,2172,0,0,0,LEGITIMATE
CUST_79227,886.02,"Thompson, Sandoval and Holden",EDUCATION,GB,WALLET,2,654,0,0,2089,0,0,0,LEGITIMATE
CUST_74446,39560.48,Chavez-Thomas,OTHER,IN,UPI,1,785,0,0,2236,1,1,1,TRANSACTION_ANOMALY
CUST_71343,8319.570105511897,"Robertson, Lee and Parker",HEALTHCARE,IN,UPI,17,629,0,0,2393,0,0,1,VELOCITY_ABUSE
CUST_58977,3617.07,Cannon-Smith,GROCERY,GB,NET_BANKING,3,229,0,0,396,0,0,0,LEGITIMATE
CUST_26585,1693.6771467469416,Willis and Sons,FOOD,IN,CREDIT_CARD,27,40,0,0,1646,0,0,1,VELOCITY_ABUSE
CUST_85170,1788.22,Shepard LLC,TRAVEL,GB,UPI,4,73,0,0,1972,0,0,0,LEGITIMATE
CUST_85231,6458.29,"Levine, Dickerson and Aguirre",HEALTHCARE,GB,WALLET,1,73,1,0,271,0,0,1,GEOGRAPHIC_ANOMALY
CUST_17994,1425.33,Hull-Hernandez,ECOMMERCE,GB,NET_BANKING,3,985,0,0,585,0,0,0,LEGITIMATE
CUST_79590,867.13,"Thompson, Davies and Rocha",EDUCATION,US,NET_BANKING,2,736,0,0,2062,0,0,0,LEGITIMATE
CUST_55702,1287.12,"Nicholson, Robinson and Watson",EDUCATION,NG,WALLET,1,751,0,0,2117,0,0,0,LEGITIMATE
CUST_10932,637.23,"Fields, Gamble and Carpenter",HEALTHCARE,NG,NET_BANKING,3,491,0,0,1397,0,0,0,LEGITIMATE
CUST_97249,4703.96,Price Group,HEALTHCARE,IN,NET_BANKING,4,611,0,0,1038,0,0,0,LEGITIMATE
CUST_34371,1425.94,"Brown, Gray and Ward",FOOD,GB,CREDIT_CARD,1,705,0,0,1492,0,0,0,LEGITIMATE
CUST_27566,1370.91,Mitchell and Sons,OTHER,US,NET_BANKING,2,587,0,0,2111,0,0,0,LEGITIMATE
CUST_87922,2177.27,Lucas-Rodriguez,EDUCATION,CN,CREDIT_CARD,2,563,0,0,1757,0,0,0,LEGITIMATE
CUST_20775,29977.751417512685,Williams-Baker,OTHER,GB,UPI,6,5,0,1,20,1,1,1,SYNTHETIC_IDENTITY
CUST_80177,15838.17,Gross Ltd,ENTERTAINMENT,US,CREDIT_CARD,5,2,1,1,1257,1,1,1,ACCOUNT_TAKEOVER
CUST_28705,848.88,"Long, Rodriguez and Cole",ECOMMERCE,GB,NET_BANKING,1,299,1,0,2023,0,0,1,GEOGRAPHIC_ANOMALY
CUST_69413,2011.13,"Kent, Brown and Ellis",ECOMMERCE,NG,WALLET,1,619,0,0,505,0,0,0,LEGITIMATE
CUST_63970,14339.29,"Nunez, Wall and Contreras",ENTERTAINMENT,IN,NET_BANKING,1,613,0,0,2385,1,1,1,TRANSACTION_ANOMALY
CUST_90434,3482.9,Harris and Sons,ENTERTAINMENT,CN,UPI,2,881,0,0,2115,0,0,0,LEGITIMATE
CUST_53076,678.23,Robinson-Rose,TRAVEL,CN,NET_BANKING,2,51,0,0,2232,0,0,0,LEGITIMATE
CUST_94122,13875.91,Leonard-Gonzalez,FOOD,US,CREDIT_CARD,14,0,1,1,1770,1,1,1,ACCOUNT_TAKEOVER
CUST_76487,4618.34,"Hall, Kennedy and White",OTHER,US,NET_BANKING,2,779,0,0,2051,0,0,0,LEGITIMATE
CUST_40675,13739.64,Carney-Newton,ENTERTAINMENT,IN,NET_BANKING,10,1,1,1,908,1,1,1,ACCOUNT_TAKEOVER
CUST_77194,514.75,Schwartz-Watson,TRAVEL,IN,WALLET,3,836,0,0,1746,0,0,0,LEGITIMATE
CUST_31870,4518.05,"Henson, Johnson and Bonilla",FOOD,GB,DEBIT_CARD,1,655,0,0,191,0,0,0,LEGITIMATE
CUST_14567,1502.61,Simmons PLC,OTHER,NG,DEBIT_CARD,14,2,1,1,1488,1,1,1,ACCOUNT_TAKEOVER
CUST_23068,19829.45,Vasquez-Parker,TRAVEL,CN,UPI,12,1,1,1,2344,1,1,1,MULTI_SIGNAL_ATTACK
CUST_81301,25561.5,"Bonilla, Schneider and Baker",FOOD,IN,DEBIT_CARD,4,239,0,0,1937,1,1,1,TRANSACTION_ANOMALY
CUST_75012,244.83,"Woodard, Summers and Moreno",TRAVEL,US,CREDIT_CARD,2,206,0,1,1252,0,0,1,PAYMENT_METHOD_ABUSE
CUST_24140,1542.12,Gibson LLC,GROCERY,NG,CREDIT_CARD,4,131,0,0,2215,0,0,0,LEGITIMATE
CUST_60001,549.8,Solis-Villanueva,OTHER,IN,CREDIT_CARD,2,87,0,0,911,0,0,0,LEGITIMATE
CUST_29850,1646.35,Sandoval Ltd,FOOD,IN,DEBIT_CARD,2,101,0,0,173,1,0,1,MERCHANT_ANOMALY
CUST_63643,1779.87,Daniels and Sons,GROCERY,NG,CREDIT_CARD,3,60,0,0,2257,0,0,0,LEGITIMATE
CUST_17855,16631.67,Duarte and Sons,ECOMMERCE,NG,DEBIT_CARD,9,1,1,1,422,1,1,1,MULTI_SIGNAL_ATTACK
CUST_32500,2671.71,Escobar LLC,FOOD,IN,DEBIT_CARD,1,791,0,0,686,0,0,0,LEGITIMATE
CUST_76757,1251.43,Ramsey-Miller,EDUCATION,IN,NET_BANKING,3,353,0,0,1965,0,0,0,LEGITIMATE
CUST_46612,2948.82,Ferguson LLC,OTHER,IN,CREDIT_CARD,1,515,0,0,1699,0,0,0,LEGITIMATE
CUST_10824,3284.7897309055265,Strickland-Mccormick,ENTERTAINMENT,GB,DEBIT_CARD,19,874,0,0,1892,0,0,1,VELOCITY_ABUSE
CUST_27268,2267.31,"Boone, Huff and Petersen",TRAVEL,GB,CREDIT_CARD,3,215,0,0,782,0,0,0,LEGITIMATE
CUST_38137,4044.19,"Bradley, Simmons and Henderson",FOOD,CN,DEBIT_CARD,1,627,1,0,2437,0,0,1,GEOGRAPHIC_ANOMALY
CUST_68468,270.98,Sutton Inc,TRAVEL,US,WALLET,4,686,0,0,1973,1,0,1,MERCHANT_ANOMALY
CUST_22369,532.76,"Harper, Shepherd and Hamilton",OTHER,US,NET_BANKING,3,767,0,0,950,0,0,0,LEGITIMATE
CUST_83032,5506.6,Wright-Fox,ENTERTAINMENT,US,UPI,3,144,0,0,128,0,0,0,LEGITIMATE
CUST_60104,3372.54,Wilson-Chen,FOOD,US,CREDIT_CARD,1,204,0,0,181,0,0,0,LEGITIMATE
CUST_66343,2925.52,"Mckee, Black and Lewis",ENTERTAINMENT,CN,NET_BANKING,3,520,0,1,2243,0,0,1,PAYMENT_METHOD_ABUSE
CUST_26633,4838.57,Mckee Ltd,EDUCATION,CN,CREDIT_CARD,3,349,0,0,906,0,0,0,LEGITIMATE
CUST_69793,4655.83,Walsh and Sons,ECOMMERCE,IN,NET_BANKING,1,608,0,0,1090,0,0,0,LEGITIMATE
CUST_24357,4079.49,"Bryant, Martin and Collier",OTHER,IN,UPI,1,477,0,0,2372,0,0,0,LEGITIMATE
CUST_49423,49843.38,Gonzalez Inc,HEALTHCARE,IN,WALLET,2,432,0,0,208,1,1,1,TRANSACTION_ANOMALY
CUST_40207,1714.69,Mercer-Daniels,ENTERTAINMENT,NG,WALLET,1,546,0,0,1171,0,0,0,LEGITIMATE
CUST_30672,1209.27,"Hunter, Hahn and Jackson",EDUCATION,US,UPI,1,202,0,0,510,0,0,0,LEGITIMATE
CUST_18640,2987.77,"Brown, Reid and Lawrence",OTHER,US,DEBIT_CARD,3,31,0,0,711,0,0,0,LEGITIMATE
CUST_37280,263.83,Jacobson-Newman,GROCERY,IN,CREDIT_CARD,2,842,0,0,922,0,0,0,LEGITIMATE
CUST_48232,819.47,"Lee, Sullivan and White",ECOMMERCE,CN,WALLET,1,154,0,0,1681,0,0,0,LEGITIMATE
CUST_43046,39378.29,Flynn Group,TRAVEL,CN,CREDIT_CARD,1,423,0,0,517,1,1,1,TRANSACTION_ANOMALY
CUST_99851,15905.99,Perez Inc,OTHER,CN,WALLET,9,0,1,1,2055,1,1,1,ACCOUNT_TAKEOVER
CUST_81776,1265.72,Bowers PLC,ENTERTAINMENT,CN,NET_BANKING,3,730,0,0,1771,0,0,0,LEGITIMATE
CUST_38720,3809.72,Vargas-Evans,FOOD,CN,CREDIT_CARD,4,114,0,0,1050,0,0,0,LEGITIMATE
CUST_22598,2672.98,"Meyer, Holden and Martin",HEALTHCARE,IN,CREDIT_CARD,3,740,0,0,2173,0,0,0,LEGITIMATE
CUST_43965,7340.47,Mccoy and Sons,TRAVEL,NG,WALLET,1,223,0,0,1380,0,0,0,LEGITIMATE
CUST_93351,703.69,Pennington-Ho,FOOD,IN,CREDIT_CARD,3,452,0,1,1094,0,0,1,PAYMENT_METHOD_ABUSE
CUST_68520,15278.2,"Burch, Lloyd and Allison",ENTERTAINMENT,IN,UPI,25,0,1,1,1347,1,1,1,MULTI_SIGNAL_ATTACK
CUST_94405,1401.39,"Hughes, Shea and Sanders",FOOD,US,WALLET,2,555,0,0,95,0,0,0,LEGITIMATE
CUST_68554,4820.85,"Bird, Moore and Fisher",GROCERY,GB,DEBIT_CARD,1,573,0,0,2473,0,0,0,LEGITIMATE
CUST_55436,3339.78,"Mays, Nguyen and Butler",HEALTHCARE,IN,UPI,4,262,0,0,2081,1,0,1,MERCHANT_ANOMALY
CUST_35251,1687.7,"Smith, Lopez and Kline",TRAVEL,GB,DEBIT_CARD,1,331,0,0,1715,0,0,0,LEGITIMATE
CUST_21428,4547.25,Moore LLC,FOOD,NG,WALLET,3,139,0,0,683,0,0,0,LEGITIMATE
CUST_81952,16206.02,"Olson, Clark and Rodriguez",FOOD,NG,DEBIT_CARD,6,0,1,1,505,1,1,1,ACCOUNT_TAKEOVER
CUST_17973,208.24,"Cannon, Peterson and Moreno",TRAVEL,NG,DEBIT_CARD,1,85,0,0,1933,0,0,0,LEGITIMATE
CUST_21174,1228.37,"Moore, Graham and Mullen",ECOMMERCE,NG,WALLET,1,770,0,0,553,0,0,0,LEGITIMATE
CUST_33039,1213.36,Johnson and Sons,EDUCATION,US,CREDIT_CARD,3,999,0,0,851,0,0,0,LEGITIMATE
CUST_79776,2136.49,"Johnson, Romero and Harris",OTHER,IN,NET_BANKING,3,349,0,0,1562,0,0,0,LEGITIMATE
CUST_60047,4371.19,"Tanner, Leonard and Rodriguez",TRAVEL,GB,DEBIT_CARD,2,902,0,0,218,0,0,0,LEGITIMATE
CUST_93101,3654.54,Deleon LLC,GROCERY,CN,CREDIT_CARD,1,404,0,0,1258,0,0,0,LEGITIMATE
CUST_75433,867.96,"Smith, Williams and Rivera",OTHER,GB,DEBIT_CARD,4,115,0,0,869,0,0,0,LEGITIMATE
CUST_74378,38057.72,"Valentine, Johnson and Middleton",TRAVEL,US,DEBIT_CARD,8,3,1,1,1708,1,1,1,MULTI_SIGNAL_ATTACK
CUST_64828,6488.84,May Group,EDUCATION,GB,DEBIT_CARD,1,978,0,0,1616,0,0,0,LEGITIMATE
CUST_91448,2841.21,Erickson and Sons,OTHER,CN,WALLET,3,514,0,0,1840,0,0,0,LEGITIMATE
CUST_71221,2027.51,Dawson PLC,GROCERY,US,DEBIT_CARD,1,855,0,0,359,0,0,0,LEGITIMATE
CUST_76880,4066.59,"Barnes, Evans and Castillo",OTHER,NG,UPI,3,914,0,0,1272,0,0,0,LEGITIMATE
CUST_45635,53340.59,"Thomas, Johnson and Garrison",TRAVEL,GB,UPI,4,590,0,0,888,1,1,1,TRANSACTION_ANOMALY
CUST_21387,3761.54,Petersen Ltd,ENTERTAINMENT,CN,WALLET,3,292,0,0,1407,0,0,0,LEGITIMATE
CUST_85344,3396.25,Brown-Martin,EDUCATION,IN,UPI,1,814,0,0,734,0,0,0,LEGITIMATE
CUST_26216,3168.63,Tucker and Sons,OTHER,NG,DEBIT_CARD,2,504,0,0,444,0,0,0,LEGITIMATE
CUST_42647,15687.84,Brown-Rivera,ENTERTAINMENT,CN,UPI,3,542,0,0,40,1,1,1,TRANSACTION_ANOMALY
CUST_86898,5720.425596907802,Black-Cervantes,GROCERY,NG,DEBIT_CARD,4,2,0,1,27,1,1,1,SYNTHETIC_IDENTITY
CUST_58636,4779.12,"Sosa, Whitehead and Browning",ENTERTAINMENT,US,CREDIT_CARD,1,151,0,0,1303,0,0,0,LEGITIMATE
CUST_62618,2811.08,Robinson-Morales,EDUCATION,GB,CREDIT_CARD,2,132,0,0,238,0,0,0,LEGITIMATE
CUST_94129,892.26,"Smith, Robbins and Cochran",GROCERY,CN,CREDIT_CARD,2,137,0,0,2099,0,0,0,LEGITIMATE
CUST_87945,703.77,"Jimenez, Simmons and Bailey",GROCERY,NG,CREDIT_CARD,1,244,0,0,1859,0,0,0,LEGITIMATE
CUST_49035,5211.31,Bailey Ltd,ECOMMERCE,IN,CREDIT_CARD,1,633,0,0,1974,0,0,0,LEGITIMATE
CUST_71162,4841.49,Hendrix LLC,EDUCATION,CN,CREDIT_CARD,2,808,0,0,2302,1,0,1,MERCHANT_ANOMALY
CUST_90850,2758.58,Patel-French,ENTERTAINMENT,NG,CREDIT_CARD,4,871,0,0,238,0,0,0,LEGITIMATE
CUST_78666,569.7,"Torres, Dalton and Jordan",HEALTHCARE,GB,CREDIT_CARD,3,258,0,0,1376,1,0,1,MERCHANT_ANOMALY
CUST_31711,14665.91,Roberts and Sons,OTHER,NG,DEBIT_CARD,14,0,1,1,518,1,1,1,ACCOUNT_TAKEOVER
CUST_39713,2588.21,Branch-Rich,EDUCATION,IN,CREDIT_CARD,1,827,0,0,1946,0,0,0,LEGITIMATE
CUST_90683,23144.55,"Smith, Bowers and Smith",TRAVEL,IN,DEBIT_CARD,23,1,1,1,1955,1,1,1,MULTI_SIGNAL_ATTACK
CUST_39712,3852.85,"Church, Lambert and Curtis",EDUCATION,IN,WALLET,1,216,1,0,195,0,0,1,GEOGRAPHIC_ANOMALY
CUST_98307,3849.62,Harper LLC,HEALTHCARE,GB,NET_BANKING,1,203,0,0,2278,0,0,0,LEGITIMATE
CUST_95371,1305.12,Hays-Meyer,ECOMMERCE,GB,DEBIT_CARD,2,196,0,0,1082,0,0,0,LEGITIMATE
CUST_25930,29242.29,Mccormick and Sons,GROCERY,CN,NET_BANKING,22,3,1,1,1630,1,1,1,MULTI_SIGNAL_ATTACK
CUST_56728,17534.21,Shaw and Sons,GROCERY,CN,DEBIT_CARD,3,743,0,0,301,1,1,1,TRANSACTION_ANOMALY
CUST_25130,837.13,Davenport Ltd,TRAVEL,GB,NET_BANKING,1,252,0,0,1695,0,0,0,LEGITIMATE
CUST_35903,1457.96,Jones-Watson,ENTERTAINMENT,IN,DEBIT_CARD,1,664,0,0,1520,0,0,0,LEGITIMATE
CUST_80542,2549.87,Wilson LLC,TRAVEL,NG,UPI,1,255,0,0,939,0,0,0,LEGITIMATE
CUST_13091,1899.9209698950722,"Jones, English and Townsend",FOOD,GB,NET_BANKING,11,353,0,0,71,0,0,1,VELOCITY_ABUSE
CUST_58273,4584.69,Burns-Glenn,OTHER,NG,UPI,4,745,1,0,321,0,0,1,GEOGRAPHIC_ANOMALY
CUST_42121,1610.87,Morton and Sons,HEALTHCARE,NG,DEBIT_CARD,1,363,0,0,976,0,0,0,LEGITIMATE
CUST_12238,1211.23,Lane Ltd,OTHER,GB,CREDIT_CARD,4,547,0,1,515,0,0,1,PAYMENT_METHOD_ABUSE
CUST_51950,15124.082881997516,Jackson-Young,OTHER,US,UPI,4,2,0,1,29,1,1,1,SYNTHETIC_IDENTITY
CUST_40698,911.33,Williams Group,OTHER,GB,WALLET,2,415,0,0,2455,0,0,0,LEGITIMATE
CUST_93819,1096.36,Gonzalez PLC,OTHER,NG,DEBIT_CARD,2,332,0,0,216,0,0,0,LEGITIMATE
CUST_48367,2086.09,"Rivers, Valenzuela and Jennings",ENTERTAINMENT,GB,NET_BANKING,1,396,0,0,1812,0,0,0,LEGITIMATE
CUST_18474,1473.66,Horton-Curry,ENTERTAINMENT,IN,NET_BANKING,4,155,0,0,1838,1,0,1,MERCHANT_ANOMALY
CUST_44547,2809.76,Mathews-Richards,ECOMMERCE,NG,NET_BANKING,1,528,0,0,1998,0,0,0,LEGITIMATE
CUST_51687,5348.25,"Reid, Smith and Abbott",GROCERY,US,DEBIT_CARD,1,890,0,0,1287,0,0,0,LEGITIMATE
CUST_49546,1035.22,"Graves, Coleman and Wright",OTHER,GB,DEBIT_CARD,2,370,0,0,2091,0,0,0,LEGITIMATE
CUST_44021,5490.48,Combs-Lucas,EDUCATION,NG,DEBIT_CARD,3,76,0,0,1645,0,0,0,LEGITIMATE
CUST_68811,5043.230574452551,"Arroyo, Hodge and Sanford",ENTERTAINMENT,CN,DEBIT_CARD,14,729,0,0,1736,0,0,1,VELOCITY_ABUSE
CUST_18860,5725.53,Wu-Patton,ECOMMERCE,GB,WALLET,4,738,0,0,875,0,0,0,LEGITIMATE
CUST_28135,4502.97,"Carlson, Owens and Davis",TRAVEL,NG,DEBIT_CARD,4,651,0,0,1496,0,0,0,LEGITIMATE
CUST_16831,3509.75,Burns-Thompson,ENTERTAINMENT,IN,WALLET,4,635,0,0,1694,0,0,0,LEGITIMATE
CUST_99053,3543.41,Garcia LLC,OTHER,US,UPI,3,36,0,0,987,1,0,1,MERCHANT_ANOMALY
CUST_13329,1359.11,Reyes-Schmidt,TRAVEL,NG,NET_BANKING,1,956,0,0,2179,0,0,0,LEGITIMATE
CUST_52909,4031.23,Macdonald-Macias,EDUCATION,CN,UPI,3,451,0,0,2471,0,0,0,LEGITIMATE
CUST_69012,4138.88,Ramirez Group,OTHER,CN,NET_BANKING,2,476,0,0,266,0,0,0,LEGITIMATE
CUST_20089,2161.13,Rowe-Daniel,ECOMMERCE,IN,DEBIT_CARD,4,245,0,1,2433,0,0,1,PAYMENT_METHOD_ABUSE
CUST_69695,634.59,Johnson PLC,GROCERY,US,DEBIT_CARD,4,135,0,0,874,0,0,0,LEGITIMATE
CUST_23948,3151.89,Smith-Powell,HEALTHCARE,CN,NET_BANKING,4,139,0,0,337,0,0,0,LEGITIMATE
CUST_65434,3243.04,"Robinson, Moore and Sanchez",ENTERTAINMENT,IN,DEBIT_CARD,1,325,0,0,703,0,0,0,LEGITIMATE
CUST_45154,7277.1,"Collier, Oconnor and Vincent",ECOMMERCE,US,CREDIT_CARD,7,0,1,1,2292,1,1,1,ACCOUNT_TAKEOVER
CUST_33616,3327.12,Pruitt-Griffin,GROCERY,NG,NET_BANKING,2,724,0,1,1722,0,0,1,PAYMENT_METHOD_ABUSE
CUST_74940,302.4,"Bennett, Galvan and Cabrera",EDUCATION,IN,WALLET,4,934,0,0,347,0,0,0,LEGITIMATE
CUST_12533,17958.5,Mays and Sons,EDUCATION,CN,DEBIT_CARD,14,1,1,1,914,1,1,1,ACCOUNT_TAKEOVER
CUST_37351,1373.04,Peters-Stewart,OTHER,CN,DEBIT_CARD,2,903,0,0,786,0,0,0,LEGITIMATE
CUST_24828,3140.68,Bell-Shepherd,ENTERTAINMENT,US,NET_BANKING,1,582,0,0,1834,0,0,0,LEGITIMATE
CUST_39136,923.01,Garcia Inc,EDUCATION,IN,UPI,3,660,0,0,2335,0,0,0,LEGITIMATE
CUST_90314,1247.34,"Goodman, Pittman and Mejia",FOOD,GB,WALLET,2,503,0,0,2282,0,0,0,LEGITIMATE
CUST_30709,3087.68,"Davis, Webb and Harvey",FOOD,US,DEBIT_CARD,4,257,0,0,2050,0,0,0,LEGITIMATE
CUST_55621,875.03,Alexander-Craig,EDUCATION,GB,CREDIT_CARD,4,493,0,0,225,0,0,0,LEGITIMATE
CUST_61790,3487.08,Palmer Inc,OTHER,US,DEBIT_CARD,2,632,0,0,1386,0,0,0,LEGITIMATE
CUST_74127,2123.11,"Hodges, Nguyen and Pratt",HEALTHCARE,NG,CREDIT_CARD,4,338,0,0,1114,0,0,0,LEGITIMATE
CUST_10365,1487.61,Nash Group,HEALTHCARE,CN,NET_BANKING,1,588,0,0,1744,0,0,0,LEGITIMATE
CUST_11340,444.04,Salinas Inc,TRAVEL,NG,WALLET,1,955,0,0,453,0,0,0,LEGITIMATE
CUST_58680,1601.03,Coleman Inc,GROCERY,US,UPI,1,628,0,0,1255,0,0,0,LEGITIMATE
CUST_39513,1527.06,Smith PLC,HEALTHCARE,US,DEBIT_CARD,2,280,0,0,740,0,0,0,LEGITIMATE
CUST_56860,14210.17,Bush-Lewis,TRAVEL,GB,UPI,10,2,1,1,305,1,1,1,ACCOUNT_TAKEOVER
CUST_53065,1918.91,"Cooley, Swanson and Warner",EDUCATION,US,WALLET,3,741,0,0,166,0,0,0,LEGITIMATE
CUST_37282,1888.24,Taylor-Anderson,ECOMMERCE,US,DEBIT_CARD,2,636,0,0,823,0,0,0,LEGITIMATE
CUST_65935,38735.0,Melton-Adams,ENTERTAINMENT,IN,UPI,2,155,0,0,571,1,1,1,TRANSACTION_ANOMALY
CUST_45418,57247.61,Bradshaw and Sons,FOOD,US,NET_BANKING,4,350,0,0,400,1,1,1,TRANSACTION_ANOMALY
CUST_28696,606.07,Simmons and Sons,EDUCATION,CN,DEBIT_CARD,3,314,0,0,1024,0,0,0,LEGITIMATE
CUST_30978,3748.029361741796,"Barrera, Cisneros and Mccoy",EDUCATION,IN,DEBIT_CARD,24,609,0,0,298,0,0,1,VELOCITY_ABUSE
CUST_22817,2294.69,Davis-Kim,FOOD,US,NET_BANKING,1,523,0,0,2430,1,0,1,MERCHANT_ANOMALY
CUST_62531,1879.08,"Tanner, Copeland and Gibbs",ENTERTAINMENT,CN,CREDIT_CARD,4,287,0,1,554,0,0,1,PAYMENT_METHOD_ABUSE
CUST_28594,27292.66,Davis Inc,ENTERTAINMENT,NG,CREDIT_CARD,1,34,0,0,134,1,1,1,TRANSACTION_ANOMALY
CUST_51340,829.27,Davis-Turner,GROCERY,GB,DEBIT_CARD,3,737,0,0,592,0,0,0,LEGITIMATE
CUST_40182,657.18,"Villarreal, Ramirez and Lee",GROCERY,GB,UPI,2,132,0,0,1389,0,0,0,LEGITIMATE
CUST_86269,1954.2,"Holt, Jones and Schneider",ECOMMERCE,GB,CREDIT_CARD,4,683,0,0,460,0,0,0,LEGITIMATE
CUST_28305,2567.13,"Martinez, Combs and Jones",TRAVEL,CN,UPI,2,187,0,0,1098,0,0,0,LEGITIMATE
CUST_22245,39745.31,Gonzalez-Stone,GROCERY,NG,UPI,1,634,0,0,2085,1,1,1,TRANSACTION_ANOMALY
CUST_49650,1618.65,Wright-Clark,OTHER,CN,CREDIT_CARD,2,243,0,0,2253,0,0,0,LEGITIMATE
CUST_40733,766.82,"Pearson, Sosa and Vega",ECOMMERCE,NG,UPI,1,199,0,0,726,1,0,1,MERCHANT_ANOMALY
CUST_81159,4953.94,Rivera-Gibson,ENTERTAINMENT,CN,CREDIT_CARD,3,782,0,0,1217,0,0,0,LEGITIMATE
CUST_79113,2022.59,"Lawrence, Clarke and Pena",TRAVEL,US,DEBIT_CARD,4,168,0,1,2202,0,0,1,PAYMENT_METHOD_ABUSE
CUST_12357,665.8,Goodwin-Atkinson,EDUCATION,GB,NET_BANKING,2,401,0,0,2110,0,0,0,LEGITIMATE
CUST_49995,5157.14,Moore Ltd,HEALTHCARE,GB,CREDIT_CARD,2,206,0,0,917,0,0,0,LEGITIMATE
CUST_34060,815.15,Maxwell-Sullivan,FOOD,NG,WALLET,4,202,1,0,1465,0,0,1,GEOGRAPHIC_ANOMALY
CUST_32557,49781.26,"Wiggins, Dougherty and Chavez",ECOMMERCE,CN,WALLET,1,122,0,0,2292,0,1,1,TRANSACTION_ANOMALY
CUST_45851,301.14,"Miller, Griffin and Williams",TRAVEL,GB,WALLET,4,433,0,0,387,0,0,0,LEGITIMATE
CUST_32313,2526.6,"Smith, Gomez and Barry",TRAVEL,IN,NET_BANKING,3,877,0,0,1846,0,0,0,LEGITIMATE
CUST_16896,1020.09,Glass Inc,EDUCATION,GB,DEBIT_CARD,3,692,0,0,2408,0,0,0,LEGITIMATE
CUST_15156,3180.6,Farmer-Stone,FOOD,US,CREDIT_CARD,2,281,0,0,106,0,0,0,LEGITIMATE
CUST_58593,8595.690716467765,"Ramsey, Oconnell and Morales",TRAVEL,NG,DEBIT_CARD,22,118,0,0,852,0,0,1,VELOCITY_ABUSE
CUST_16131,3632.87,Nelson Group,TRAVEL,IN,NET_BANKING,4,317,0,0,1749,0,0,0,LEGITIMATE
CUST_62459,7275.668139936275,Sanders-Thompson,GROCERY,CN,NET_BANKING,26,318,0,0,484,0,0,1,VELOCITY_ABUSE
CUST_56397,2474.21,Reyes and Sons,HEALTHCARE,IN,DEBIT_CARD,4,122,0,0,72,0,0,0,LEGITIMATE
CUST_68286,947.0,Martinez-Brown,ECOMMERCE,US,DEBIT_CARD,2,835,0,1,1773,0,0,1,PAYMENT_METHOD_ABUSE
CUST_11629,1298.27,Mccarthy-Snyder,ECOMMERCE,GB,NET_BANKING,1,428,0,0,1090,1,0,1,MERCHANT_ANOMALY
CUST_47710,2743.84,Powell-Sanchez,ECOMMERCE,US,DEBIT_CARD,4,565,0,0,506,1,0,1,MERCHANT_ANOMALY
CUST_65079,3425.52,"Brown, Maldonado and Munoz",ECOMMERCE,CN,UPI,1,868,0,0,159,0,0,0,LEGITIMATE
CUST_46365,5833.82,Wells LLC,OTHER,IN,UPI,4,50,0,0,1785,0,0,0,LEGITIMATE
CUST_21343,1905.45,"Rodriguez, Beck and Hernandez",ECOMMERCE,NG,DEBIT_CARD,2,323,0,0,2055,0,0,0,LEGITIMATE
CUST_83447,2436.48,"Jackson, Dominguez and Collins",ENTERTAINMENT,CN,UPI,4,202,0,0,927,0,0,0,LEGITIMATE
CUST_38707,5079.01,Rodriguez Inc,EDUCATION,GB,UPI,4,616,0,0,1130,0,0,0,LEGITIMATE
CUST_43492,1443.1,"Murray, Sanchez and Weber",GROCERY,NG,DEBIT_CARD,3,793,0,0,1867,0,0,0,LEGITIMATE
CUST_39542,2644.71,Brewer LLC,EDUCATION,US,WALLET,4,207,0,0,1580,0,0,0,LEGITIMATE
CUST_35933,3542.14,"Mathis, Chen and Johnson",FOOD,CN,CREDIT_CARD,1,639,0,0,2142,1,0,1,MERCHANT_ANOMALY
CUST_75648,1554.42,Schaefer Inc,OTHER,GB,UPI,3,270,0,0,1411,0,0,0,LEGITIMATE
CUST_52111,5317.24,Harris LLC,GROCERY,NG,CREDIT_CARD,1,298,0,0,2446,0,0,0,LEGITIMATE
CUST_98075,4909.45,"Harris, Jones and Hammond",ENTERTAINMENT,IN,NET_BANKING,1,330,0,0,1780,0,0,0,LEGITIMATE
CUST_39114,1163.11,Douglas and Sons,ENTERTAINMENT,NG,UPI,4,114,0,0,1896,0,0,0,LEGITIMATE
CUST_81071,5102.76,"Rodriguez, Thomas and Richardson",EDUCATION,GB,DEBIT_CARD,2,725,0,1,1878,0,0,1,PAYMENT_METHOD_ABUSE
CUST_62970,5419.05,Smith-Bowman,HEALTHCARE,IN,UPI,3,866,0,0,2296,0,0,0,LEGITIMATE
CUST_77833,23980.91607510765,"Walker, King and Higgins",ENTERTAINMENT,IN,UPI,3,7,0,1,1,1,1,1,SYNTHETIC_IDENTITY
CUST_95172,7079.15,Pittman LLC,GROCERY,CN,UPI,4,64,0,0,2332,0,0,0,LEGITIMATE
CUST_54231,1566.86,Miranda Inc,ECOMMERCE,US,NET_BANKING,2,246,0,0,179,0,0,0,LEGITIMATE
CUST_13545,356.59,"Kim, White and Keller",OTHER,CN,DEBIT_CARD,1,591,0,0,1653,0,0,0,LEGITIMATE
CUST_27778,5204.48,Clark-Shannon,EDUCATION,US,NET_BANKING,3,824,0,0,779,0,0,0,LEGITIMATE
CUST_20653,3654.23,Shelton Group,OTHER,NG,WALLET,2,544,0,0,96,0,0,0,LEGITIMATE
CUST_53186,4605.29,Brown Inc,EDUCATION,IN,NET_BANKING,2,341,0,0,2478,0,0,0,LEGITIMATE
CUST_99094,2253.31,Roberts Inc,OTHER,GB,NET_BANKING,14,1,1,1,722,1,1,1,ACCOUNT_TAKEOVER
CUST_28218,2847.99,Baker PLC,GROCERY,CN,UPI,1,588,0,0,513,0,0,0,LEGITIMATE
CUST_62621,12810.39,"Moon, King and Sherman",GROCERY,IN,NET_BANKING,1,441,0,0,1843,1,1,1,TRANSACTION_ANOMALY
CUST_72202,4693.3,"Caldwell, Barrett and Wagner",TRAVEL,NG,WALLET,2,532,0,0,815,0,0,0,LEGITIMATE
CUST_25728,22913.518806467528,"Hood, Smith and Baker",GROCERY,US,WALLET,9,4,0,1,15,1,1,1,SYNTHETIC_IDENTITY
CUST_90051,1784.56,Neal and Sons,EDUCATION,US,WALLET,2,935,0,0,1104,0,0,0,LEGITIMATE
CUST_21416,4998.06,Obrien-Harris,ENTERTAINMENT,GB,WALLET,3,823,0,0,1002,0,0,0,LEGITIMATE
CUST_84131,3070.01,"Steele, Cooper and Smith",GROCERY,CN,NET_BANKING,3,869,0,0,1744,0,0,0,LEGITIMATE
CUST_80596,1681.48,Thornton-Rose,GROCERY,US,UPI,2,308,0,0,1828,0,0,0,LEGITIMATE
CUST_40408,15729.851391568363,Barrett Group,GROCERY,NG,NET_BANKING,9,10,0,1,14,1,1,1,SYNTHETIC_IDENTITY
CUST_45530,2694.78,"James, Thompson and Gill",HEALTHCARE,IN,UPI,1,135,0,1,938,0,0,1,PAYMENT_METHOD_ABUSE
CUST_86142,1567.55,Ramirez-Boyd,FOOD,US,UPI,9,2,1,1,611,1,1,1,MULTI_SIGNAL_ATTACK
CUST_16281,29544.05,Perez-Thompson,TRAVEL,IN,WALLET,1,495,0,0,863,1,1,1,TRANSACTION_ANOMALY
CUST_88726,25745.78,Marquez Group,TRAVEL,IN,UPI,12,1,1,1,1728,1,1,1,ACCOUNT_TAKEOVER
CUST_77677,1063.1,Allison-Porter,HEALTHCARE,NG,WALLET,3,120,0,0,2109,0,0,0,LEGITIMATE
CUST_19864,24594.84514408329,Wallace Group,EDUCATION,NG,NET_BANKING,5,0,0,1,6,1,1,1,SYNTHETIC_IDENTITY
CUST_83068,1231.8,"Carlson, Thompson and Martinez",TRAVEL,NG,CREDIT_CARD,1,680,0,0,165,0,0,0,LEGITIMATE
CUST_32967,1825.03,Gilmore-Curtis,ENTERTAINMENT,US,UPI,4,675,0,0,1755,0,0,0,LEGITIMATE
CUST_95322,17710.82,"Preston, Blevins and Lin",ENTERTAINMENT,GB,WALLET,1,113,0,0,783,1,1,1,TRANSACTION_ANOMALY
CUST_96759,1385.94,"Perez, Wyatt and Smith",TRAVEL,GB,UPI,1,991,0,0,614,0,0,0,LEGITIMATE
CUST_30474,247.96,Reyes and Sons,HEALTHCARE,CN,DEBIT_CARD,3,613,0,0,942,0,0,0,LEGITIMATE
CUST_69159,2011.82,Ochoa-Long,ECOMMERCE,GB,WALLET,1,165,1,0,1689,0,0,1,GEOGRAPHIC_ANOMALY
CUST_59208,1577.39,Phillips-Osborne,ENTERTAINMENT,US,CREDIT_CARD,4,291,0,0,1333,0,0,0,LEGITIMATE
CUST_75697,4626.76,Johnson Inc,OTHER,NG,UPI,1,278,0,0,354,0,0,0,LEGITIMATE
CUST_62442,4009.667460815829,Martinez-Wilson,TRAVEL,NG,CREDIT_CARD,26,540,0,0,1144,0,0,1,VELOCITY_ABUSE
CUST_62437,1468.82,Davis Ltd,ECOMMERCE,US,DEBIT_CARD,4,856,0,0,1713,0,0,0,LEGITIMATE
CUST_70764,480.89,Lewis-Thomas,ENTERTAINMENT,CN,WALLET,3,610,0,0,2196,0,0,0,LEGITIMATE
CUST_73517,504.5,Cox-Klein,GROCERY,US,UPI,2,199,0,0,743,0,0,0,LEGITIMATE
CUST_63835,2602.59,Jones-Mccoy,TRAVEL,NG,CREDIT_CARD,4,983,0,0,2338,0,0,0,LEGITIMATE
CUST_84605,3947.39,Johnson-Lewis,TRAVEL,CN,DEBIT_CARD,2,632,0,0,2419,0,0,0,LEGITIMATE
CUST_89062,43138.84,"Sanchez, Brown and Lutz",ECOMMERCE,NG,UPI,19,1,1,1,2275,1,1,1,MULTI_SIGNAL_ATTACK
CUST_66862,1669.79,"Coleman, Tucker and Jones",FOOD,GB,DEBIT_CARD,3,946,0,0,80,0,0,0,LEGITIMATE
CUST_89692,27930.77,Jackson-White,GROCERY,IN,DEBIT_CARD,1,188,0,0,1041,1,1,1,TRANSACTION_ANOMALY
CUST_10579,4214.14,Barnes-Gray,ENTERTAINMENT,GB,UPI,4,982,0,1,302,0,0,1,PAYMENT_METHOD_ABUSE
CUST_90863,5054.96,"Ryan, Chambers and Fitzgerald",ECOMMERCE,IN,CREDIT_CARD,1,252,1,0,305,0,0,1,GEOGRAPHIC_ANOMALY
CUST_12186,1090.18,"Carter, Zhang and Allen",OTHER,NG,UPI,4,165,0,0,866,0,0,0,LEGITIMATE
CUST_14347,2764.13,Howard PLC,EDUCATION,NG,UPI,2,790,0,0,2452,0,0,0,LEGITIMATE
CUST_97441,23335.2,Stevenson-Bailey,ECOMMERCE,GB,UPI,2,86,0,0,584,1,1,1,TRANSACTION_ANOMALY
CUST_14060,3325.3,Delgado Inc,EDUCATION,CN,DEBIT_CARD,3,602,0,1,2365,0,0,1,PAYMENT_METHOD_ABUSE
CUST_84499,2507.88,Brown-Gamble,FOOD,IN,NET_BANKING,1,515,0,0,2263,1,0,1,MERCHANT_ANOMALY
CUST_92306,706.88,Rodriguez-Russell,EDUCATION,CN,NET_BANKING,3,521,0,0,41,0,0,0,LEGITIMATE
CUST_30045,2233.73,Ross PLC,ENTERTAINMENT,IN,DEBIT_CARD,3,153,0,0,1219,0,0,0,LEGITIMATE
CUST_31412,2771.26,"Odonnell, Martinez and Robles",FOOD,US,DEBIT_CARD,4,129,0,0,1332,0,0,0,LEGITIMATE
CUST_11668,848.83,"Nguyen, Garner and George",OTHER,CN,NET_BANKING,4,388,0,0,242,0,0,0,LEGITIMATE
CUST_18140,2552.44,Bullock and Sons,FOOD,CN,WALLET,1,180,0,0,954,0,0,0,LEGITIMATE
CUST_53715,713.39,"Jackson, Harris and Brown",FOOD,NG,WALLET,2,500,0,0,2421,0,0,0,LEGITIMATE
CUST_15284,5481.52,"Leblanc, Robinson and Miller",TRAVEL,GB,UPI,4,323,0,0,807,0,0,0,LEGITIMATE
CUST_82083,4119.46,"Dawson, Wallace and Brown",HEALTHCARE,GB,NET_BANKING,4,916,0,0,30,1,1,1,TRANSACTION_ANOMALY
CUST_18609,6613.6,Jackson-Cisneros,EDUCATION,GB,UPI,15,3,1,1,51,1,1,1,MULTI_SIGNAL_ATTACK
CUST_31818,1287.24,Hill Inc,HEALTHCARE,NG,CREDIT_CARD,3,67,0,0,2234,0,0,0,LEGITIMATE
CUST_89300,50.0,"Gray, Walker and Preston",HEALTHCARE,NG,WALLET,1,776,0,0,330,0,0,0,LEGITIMATE
CUST_22509,2629.66,"Andrews, Lowe and Bradshaw",ENTERTAINMENT,CN,UPI,3,284,0,0,1344,0,0,0,LEGITIMATE
CUST_88941,5421.74,"Smith, Abbott and Vang",GROCERY,CN,NET_BANKING,3,41,0,0,509,0,0,0,LEGITIMATE
CUST_87048,4310.56,"Morris, Lucas and Campbell",ENTERTAINMENT,IN,UPI,3,48,0,0,1036,0,0,0,LEGITIMATE
CUST_42590,3503.93,Curtis-Moses,TRAVEL,US,CREDIT_CARD,2,632,0,0,2266,0,0,0,LEGITIMATE
CUST_60150,2772.61,Thompson PLC,GROCERY,IN,DEBIT_CARD,4,730,1,0,1642,0,0,1,GEOGRAPHIC_ANOMALY
CUST_96516,2341.33,Jones Inc,GROCERY,NG,DEBIT_CARD,3,122,0,0,1851,0,0,0,LEGITIMATE
CUST_60087,4691.89,"Parks, Casey and Olson",ECOMMERCE,CN,DEBIT_CARD,4,165,0,0,1187,0,0,0,LEGITIMATE
CUST_36225,1996.21,Wiggins-Wilson,OTHER,US,UPI,1,810,0,0,257,0,0,0,LEGITIMATE
CUST_66623,2788.04,"Barber, Marshall and Mack",OTHER,IN,CREDIT_CARD,1,643,0,0,2026,0,0,0,LEGITIMATE
CUST_90626,386.74,Johnson-Harris,ENTERTAINMENT,NG,DEBIT_CARD,2,860,0,0,409,0,0,0,LEGITIMATE
CUST_61091,2490.98,Gray Group,FOOD,IN,UPI,1,381,0,0,1580,0,0,0,LEGITIMATE
CUST_31365,4267.65,Reese Inc,TRAVEL,GB,CREDIT_CARD,18,0,1,1,1665,1,1,1,MULTI_SIGNAL_ATTACK
CUST_71654,1475.7,"Shaffer, Floyd and Torres",OTHER,CN,UPI,4,773,0,0,58,0,0,0,LEGITIMATE
CUST_17432,1772.62,Flores Ltd,ECOMMERCE,US,CREDIT_CARD,4,793,0,0,2208,0,0,0,LEGITIMATE
CUST_19624,1636.57,"Wright, Johnson and Rogers",ECOMMERCE,GB,NET_BANKING,4,853,0,1,2374,0,0,1,PAYMENT_METHOD_ABUSE
CUST_27336,3531.51,Mcneil LLC,ECOMMERCE,US,UPI,1,402,0,0,1698,0,0,0,LEGITIMATE
CUST_40420,3782.1,Tyler-Foster,EDUCATION,US,CREDIT_CARD,2,412,0,0,85,0,0,0,LEGITIMATE
CUST_73722,3689.55,Ruiz Inc,GROCERY,CN,DEBIT_CARD,1,368,0,0,2305,0,0,0,LEGITIMATE
CUST_16793,1978.94,"Carroll, Lee and Ray",GROCERY,US,NET_BANKING,1,409,0,0,1641,0,0,0,LEGITIMATE
CUST_15769,1135.5,Moore PLC,FOOD,NG,NET_BANKING,1,41,0,0,559,0,0,0,LEGITIMATE
CUST_38358,588.99,"Jackson, Zuniga and Luna",TRAVEL,IN,DEBIT_CARD,1,176,0,0,2432,1,0,1,MERCHANT_ANOMALY
CUST_13054,4888.57,Richardson-Black,TRAVEL,GB,DEBIT_CARD,3,612,0,0,1104,0,0,0,LEGITIMATE
CUST_71274,17532.14,Mitchell PLC,ECOMMERCE,NG,CREDIT_CARD,5,1,1,1,2477,1,1,1,ACCOUNT_TAKEOVER
CUST_70747,1103.37,Young-Lopez,ENTERTAINMENT,CN,UPI,2,74,0,0,1458,0,0,0,LEGITIMATE
CUST_51814,2906.22,"Brooks, Cain and Lopez",ENTERTAINMENT,NG,UPI,1,157,0,0,1200,0,0,0,LEGITIMATE
CUST_83064,2560.36,Jensen-Mckay,FOOD,NG,WALLET,3,572,0,0,96,0,0,0,LEGITIMATE
CUST_37703,4803.35,English-Singh,HEALTHCARE,GB,NET_BANKING,2,641,0,0,1190,0,0,0,LEGITIMATE
CUST_99892,2014.37,Mooney-Davidson,FOOD,US,NET_BANKING,4,419,0,0,1549,0,0,0,LEGITIMATE
CUST_11582,3257.99,Bishop-Simmons,FOOD,CN,NET_BANKING,4,61,0,0,991,0,0,0,LEGITIMATE
CUST_68673,26735.95,Jones LLC,FOOD,GB,DEBIT_CARD,4,46,0,0,72,1,1,1,TRANSACTION_ANOMALY
CUST_57968,2100.9,Owens LLC,GROCERY,GB,CREDIT_CARD,1,99,0,0,2094,0,0,0,LEGITIMATE
CUST_67831,4153.8,Khan-Moyer,EDUCATION,IN,NET_BANKING,1,385,0,0,973,0,0,0,LEGITIMATE
CUST_79017,671.18,"Medina, Johnson and Jackson",GROCERY,NG,UPI,1,244,0,0,1832,0,0,0,LEGITIMATE
CUST_42151,3051.59,"Carey, Pearson and Bryant",ENTERTAINMENT,GB,NET_BANKING,4,300,0,0,2449,0,0,0,LEGITIMATE
CUST_57889,2590.78,Roberts-Humphrey,HEALTHCARE,IN,NET_BANKING,4,156,0,0,905,0,0,0,LEGITIMATE
CUST_85060,3635.928367743349,"Carrillo, Greene and Sutton",EDUCATION,NG,NET_BANKING,23,624,0,0,357,0,0,1,VELOCITY_ABUSE
CUST_26129,5141.17,Cortez Ltd,ECOMMERCE,US,UPI,4,435,0,0,2298,0,0,0,LEGITIMATE
CUST_81688,42353.32,Singleton-Trevino,OTHER,IN,CREDIT_CARD,15,2,1,1,58,1,1,1,MULTI_SIGNAL_ATTACK
CUST_94199,192.6,Gilbert-Rodgers,TRAVEL,NG,DEBIT_CARD,4,277,0,0,440,0,0,0,LEGITIMATE
CUST_38444,4797.66,Sanchez-Myers,OTHER,US,DEBIT_CARD,4,326,0,0,806,0,0,0,LEGITIMATE
CUST_43957,1626.67,"Jacobs, Kidd and Johnson",TRAVEL,US,UPI,4,987,0,0,193,0,0,0,LEGITIMATE
CUST_70317,708.39,Frank Inc,TRAVEL,NG,UPI,2,666,0,0,1570,0,0,0,LEGITIMATE
CUST_30899,511.18,"Moreno, Taylor and Hartman",HEALTHCARE,NG,DEBIT_CARD,2,52,0,0,946,0,0,0,LEGITIMATE
CUST_85396,3089.81,Keith PLC,GROCERY,GB,CREDIT_CARD,2,558,0,0,414,0,0,0,LEGITIMATE
CUST_46556,1851.85,Jordan-Smith,ECOMMERCE,US,UPI,2,940,0,0,1231,0,0,0,LEGITIMATE
CUST_89705,3342.72,Hamilton Group,HEALTHCARE,CN,UPI,3,736,0,0,67,0,0,0,LEGITIMATE
CUST_54839,2199.39,"Steele, Levy and Snyder",GROCERY,CN,NET_BANKING,1,236,0,0,549,0,0,0,LEGITIMATE
CUST_82235,3886.83,Eaton LLC,GROCERY,IN,CREDIT_CARD,3,281,0,0,935,0,0,0,LEGITIMATE
CUST_37976,5217.51,King-Perez,EDUCATION,US,DEBIT_CARD,4,508,0,0,663,0,0,0,LEGITIMATE
CUST_38618,3862.31,Bass-Dunn,EDUCATION,IN,WALLET,4,441,0,0,864,0,0,0,LEGITIMATE
CUST_49156,1311.95,Johnson-Fox,OTHER,IN,CREDIT_CARD,2,417,0,0,1988,0,0,0,LEGITIMATE
CUST_14528,2135.31,"Munoz, Smith and Johnson",HEALTHCARE,IN,DEBIT_CARD,2,675,1,0,1402,0,0,1,GEOGRAPHIC_ANOMALY
CUST_14927,5690.18,Harris-Miranda,GROCERY,GB,DEBIT_CARD,4,514,0,0,1967,0,0,0,LEGITIMATE
CUST_58080,2865.49,"Moore, Forbes and Jones",EDUCATION,US,NET_BANKING,1,892,0,0,2103,0,0,0,LEGITIMATE
CUST_66321,3385.65,"Oconnell, Riggs and Reynolds",GROCERY,IN,DEBIT_CARD,3,679,0,0,684,0,0,0,LEGITIMATE
CUST_62892,2921.55,"Houston, Quinn and Jones",FOOD,CN,UPI,4,691,0,0,1104,0,0,0,LEGITIMATE
CUST_86834,2194.3,Alvarado Ltd,ECOMMERCE,IN,WALLET,4,796,0,0,885,0,0,0,LEGITIMATE
CUST_85276,3469.16,Kane-Jackson,OTHER,GB,UPI,4,65,0,0,2248,1,0,1,MERCHANT_ANOMALY
CUST_51101,1751.986694189644,"Richardson, Lawrence and Cruz",ECOMMERCE,GB,DEBIT_CARD,14,333,0,0,88,0,0,1,VELOCITY_ABUSE
CUST_39154,814.79,Jimenez-Park,EDUCATION,GB,CREDIT_CARD,1,706,0,0,2448,0,0,0,LEGITIMATE
CUST_23674,5992.12,"Golden, Spears and Castillo",ENTERTAINMENT,NG,WALLET,1,34,0,0,1379,0,0,0,LEGITIMATE
CUST_19598,788.05,Harper Inc,EDUCATION,CN,DEBIT_CARD,3,991,0,0,777,0,0,0,LEGITIMATE
CUST_75235,2406.6,"Brown, Garrett and Smith",TRAVEL,US,UPI,4,95,0,0,1259,0,0,0,LEGITIMATE
CUST_77291,882.28,Jones LLC,TRAVEL,NG,DEBIT_CARD,4,89,0,0,2082,0,0,0,LEGITIMATE
CUST_53231,2690.41,Hammond Group,FOOD,GB,NET_BANKING,1,778,0,0,2269,0,0,0,LEGITIMATE
CUST_36205,11082.03,Jensen and Sons,HEALTHCARE,GB,NET_BANKING,13,3,1,1,1076,1,1,1,ACCOUNT_TAKEOVER
CUST_68172,4691.41,Hunt-Peterson,EDUCATION,NG,DEBIT_CARD,1,906,0,0,1133,0,0,0,LEGITIMATE
CUST_91382,3684.14,Garcia-Mathis,ECOMMERCE,US,NET_BANKING,1,617,0,0,1851,0,0,0,LEGITIMATE
CUST_28442,808.1,Jordan Ltd,EDUCATION,IN,NET_BANKING,3,394,0,0,1738,0,0,0,LEGITIMATE
CUST_51766,2155.57,"Patterson, Jenkins and Walters",OTHER,NG,UPI,4,360,0,0,1871,1,0,1,MERCHANT_ANOMALY
CUST_56985,1267.51,Ray Ltd,FOOD,GB,DEBIT_CARD,1,37,0,0,2051,0,0,0,LEGITIMATE
CUST_16855,12061.56,Stephenson Inc,OTHER,CN,UPI,11,2,1,1,1612,1,1,1,ACCOUNT_TAKEOVER
CUST_43469,36893.81,Turner-Mendoza,TRAVEL,US,DEBIT_CARD,14,1,1,1,1361,1,1,1,MULTI_SIGNAL_ATTACK
CUST_80046,32161.81,"Adams, Hill and Brewer",ECOMMERCE,NG,UPI,8,0,1,1,1774,1,1,1,ACCOUNT_TAKEOVER
CUST_91554,1801.27,"Cook, Castillo and Cook",TRAVEL,GB,DEBIT_CARD,2,76,0,0,1251,0,0,0,LEGITIMATE
CUST_53618,10266.10013123812,"Smith, Gill and Schmidt",GROCERY,NG,WALLET,9,10,0,1,7,1,1,1,SYNTHETIC_IDENTITY
CUST_18678,3857.8,"Hunt, Mcdonald and Cordova",OTHER,NG,WALLET,3,374,0,0,1978,0,0,0,LEGITIMATE
CUST_30035,2068.2,"Johnson, Joseph and Chambers",FOOD,GB,DEBIT_CARD,1,335,0,0,2304,0,0,0,LEGITIMATE
CUST_51651,4097.6,"Hernandez, Carlson and Roberson",ECOMMERCE,CN,UPI,4,336,0,0,203,0,0,0,LEGITIMATE
CUST_76773,24173.16,Rojas PLC,HEALTHCARE,IN,NET_BANKING,7,3,1,1,88,1,1,1,ACCOUNT_TAKEOVER
CUST_10142,3860.8552229240677,Bowers-Turner,ENTERTAINMENT,NG,UPI,12,850,0,0,720,0,0,1,VELOCITY_ABUSE
CUST_79526,1958.866129728076,Anderson Group,HEALTHCARE,US,WALLET,19,509,0,0,2489,0,0,1,VELOCITY_ABUSE
CUST_39800,1897.77,Powers-Lawrence,OTHER,NG,NET_BANKING,4,401,0,0,424,0,0,0,LEGITIMATE
CUST_89909,2110.58,King-Farmer,ENTERTAINMENT,IN,CREDIT_CARD,3,960,0,0,1526,0,0,0,LEGITIMATE
CUST_78508,2660.07,"Moore, Martin and Griffin",GROCERY,US,UPI,3,835,0,1,681,0,0,1,PAYMENT_METHOD_ABUSE
CUST_23896,2712.92,"Munoz, Miller and Henderson",TRAVEL,CN,DEBIT_CARD,4,61,0,0,2366,0,0,0,LEGITIMATE
CUST_94256,4485.84,Larson-Beasley,EDUCATION,NG,WALLET,4,888,0,0,1506,0,0,0,LEGITIMATE
CUST_72988,5866.79,Mendoza-Singleton,ECOMMERCE,NG,CREDIT_CARD,1,423,0,0,1228,0,0,0,LEGITIMATE
CUST_62803,15765.67,Simon LLC,TRAVEL,NG,CREDIT_CARD,1,509,0,0,774,1,1,1,TRANSACTION_ANOMALY
CUST_60001,3380.63,"Chen, Case and Vance",ENTERTAINMENT,GB,NET_BANKING,1,985,0,0,1511,0,0,0,LEGITIMATE
CUST_65103,4139.35,Riggs-Herrera,TRAVEL,US,NET_BANKING,4,151,0,0,655,0,0,0,LEGITIMATE
CUST_69023,4966.99,"Sloan, Stevens and Stevens",GROCERY,NG,DEBIT_CARD,1,66,0,0,2088,0,0,0,LEGITIMATE
CUST_66152,3486.24,Jackson Inc,OTHER,GB,CREDIT_CARD,4,487,0,0,1325,0,0,0,LEGITIMATE
CUST_86142,2631.54,Boyd LLC,FOOD,GB,NET_BANKING,2,637,0,0,1352,0,0,0,LEGITIMATE
CUST_78790,4252.48,Krause Ltd,GROCERY,NG,NET_BANKING,1,391,0,0,347,0,0,0,LEGITIMATE
CUST_86439,330.64,"Vang, Hill and Jackson",OTHER,GB,WALLET,3,552,0,0,295,0,0,0,LEGITIMATE
CUST_89760,1471.06,Oconnell-Lane,EDUCATION,US,WALLET,4,450,0,0,1629,0,0,0,LEGITIMATE
CUST_36917,4263.17,Dennis PLC,TRAVEL,IN,CREDIT_CARD,2,273,0,0,2180,0,0,0,LEGITIMATE
CUST_87814,3795.97,"Henderson, Terrell and Wilkinson",EDUCATION,IN,CREDIT_CARD,1,677,0,0,1664,1,0,1,MERCHANT_ANOMALY
CUST_21562,4700.47,King Ltd,FOOD,NG,DEBIT_CARD,4,897,0,0,2271,0,0,0,LEGITIMATE
CUST_95939,3880.74,Mitchell-Vega,TRAVEL,NG,CREDIT_CARD,4,427,0,0,432,0,0,0,LEGITIMATE
CUST_88117,2855.76,Peters-Williams,GROCERY,IN,NET_BANKING,2,633,0,0,180,0,0,0,LEGITIMATE
CUST_82723,1927.12,Black Inc,ECOMMERCE,NG,DEBIT_CARD,4,707,1,0,619,0,0,1,GEOGRAPHIC_ANOMALY
CUST_16058,4066.48,Stone and Sons,GROCERY,GB,NET_BANKING,4,912,0,0,1023,0,0,0,LEGITIMATE
CUST_77969,2823.9,Lopez LLC,HEALTHCARE,US,UPI,4,482,0,0,952,0,0,0,LEGITIMATE
CUST_40949,1145.75,Hernandez-Stevenson,ECOMMERCE,US,CREDIT_CARD,1,727,0,0,445,0,0,0,LEGITIMATE
CUST_51719,3539.68,"Moss, Montoya and Campbell",HEALTHCARE,IN,DEBIT_CARD,2,558,0,0,1832,0,0,0,LEGITIMATE
CUST_45893,2319.1,Vasquez Ltd,GROCERY,GB,UPI,2,137,0,0,1177,0,0,0,LEGITIMATE
CUST_20007,68430.62,"Adkins, Hensley and Smith",HEALTHCARE,IN,NET_BANKING,1,800,0,0,1305,1,1,1,TRANSACTION_ANOMALY
CUST_16451,10022.13,Ashley-Douglas,OTHER,NG,CREDIT_CARD,12,3,1,1,842,1,1,1,ACCOUNT_TAKEOVER
CUST_80480,2701.73,"Mosley, Newton and Miller",ECOMMERCE,US,UPI,3,466,0,0,248,0,0,0,LEGITIMATE
CUST_77158,3469.97,Lee-Perez,EDUCATION,GB,NET_BANKING,2,869,0,0,1225,0,0,0,LEGITIMATE
CUST_65477,5307.303244531893,Kelly-Brown,GROCERY,GB,CREDIT_CARD,25,521,0,0,1780,0,0,1,VELOCITY_ABUSE
CUST_37303,12094.49,Heath and Sons,OTHER,NG,UPI,9,1,1,1,517,1,1,1,MULTI_SIGNAL_ATTACK
CUST_21629,26276.1,Bailey-Franklin,EDUCATION,NG,UPI,2,262,0,0,1387,1,1,1,TRANSACTION_ANOMALY
CUST_58869,2247.34,"Logan, Mathis and Flores",HEALTHCARE,NG,UPI,4,54,0,0,312,0,0,0,LEGITIMATE
CUST_71153,23061.282583096,"Alexander, Khan and Butler",HEALTHCARE,GB,WALLET,7,10,0,1,12,1,1,1,SYNTHETIC_IDENTITY
CUST_20791,614.11,"Rodriguez, Downs and Carroll",FOOD,GB,NET_BANKING,1,195,0,0,2024,0,0,0,LEGITIMATE
CUST_31703,2628.19,Taylor-Haas,FOOD,NG,NET_BANKING,3,942,0,0,345,0,0,0,LEGITIMATE
CUST_22960,8203.182494436283,"Peterson, Armstrong and Caldwell",ENTERTAINMENT,GB,NET_BANKING,25,866,0,0,963,0,0,1,VELOCITY_ABUSE
CUST_47722,14936.31,Nelson PLC,TRAVEL,NG,WALLET,15,2,1,1,135,1,1,1,ACCOUNT_TAKEOVER
CUST_13875,8826.37,Bailey PLC,EDUCATION,CN,DEBIT_CARD,21,3,1,1,2385,1,1,1,MULTI_SIGNAL_ATTACK
CUST_10196,9719.08,Cross PLC,ECOMMERCE,GB,DEBIT_CARD,1,167,0,0,601,1,1,1,TRANSACTION_ANOMALY
CUST_45214,3739.19,"Baker, Cortez and Cardenas",GROCERY,NG,CREDIT_CARD,4,463,0,0,2440,0,0,0,LEGITIMATE
CUST_82578,2772.67,"Reyes, Glenn and Manning",OTHER,CN,UPI,4,914,0,0,934,0,0,0,LEGITIMATE
CUST_69289,2075.63,"Williams, Barton and Riddle",TRAVEL,GB,UPI,3,330,0,0,325,0,0,0,LEGITIMATE
CUST_13526,343.49,"Orozco, Nelson and Reid",ECOMMERCE,US,UPI,4,959,0,0,702,0,0,0,LEGITIMATE
CUST_57250,4939.64,Martinez-Hamilton,TRAVEL,GB,NET_BANKING,4,282,0,0,1808,0,0,0,LEGITIMATE
CUST_74174,2720.58,"Hart, Garcia and Beck",ECOMMERCE,CN,NET_BANKING,3,782,0,1,555,0,0,1,PAYMENT_METHOD_ABUSE
CUST_56663,3245.43,Nelson PLC,TRAVEL,US,NET_BANKING,3,861,0,0,2416,0,0,0,LEGITIMATE
CUST_22147,15392.58,Le and Sons,HEALTHCARE,NG,CREDIT_CARD,3,32,0,0,1253,1,1,1,TRANSACTION_ANOMALY
CUST_54993,5036.34,Harvey PLC,ENTERTAINMENT,US,UPI,4,522,0,0,290,0,0,0,LEGITIMATE
CUST_28439,260.87,Robinson Inc,ECOMMERCE,NG,WALLET,2,269,0,0,769,0,0,0,LEGITIMATE
CUST_18664,18236.24,"Hernandez, Vaughn and Griffith",ENTERTAINMENT,US,NET_BANKING,10,2,1,1,1065,1,1,1,MULTI_SIGNAL_ATTACK
CUST_87117,3810.6,"Wilkerson, Juarez and Bennett",OTHER,NG,WALLET,2,925,0,0,1905,0,0,0,LEGITIMATE
CUST_11058,1160.76,Bryant-Marshall,HEALTHCARE,IN,UPI,4,465,0,0,1215,0,0,0,LEGITIMATE
CUST_22420,2959.36,Barnes Inc,GROCERY,US,WALLET,1,132,0,0,2134,0,0,0,LEGITIMATE
CUST_80243,943.99,Santos Ltd,FOOD,US,UPI,1,990,0,0,1997,0,0,0,LEGITIMATE
CUST_18509,4807.61,Olson Inc,EDUCATION,US,NET_BANKING,1,997,0,0,1054,0,0,0,LEGITIMATE
CUST_11937,3132.8,"Clark, Hernandez and Walker",FOOD,NG,WALLET,4,676,0,0,2020,0,0,0,LEGITIMATE
CUST_78747,1183.55,"Morrison, Ford and Browning",ENTERTAINMENT,CN,DEBIT_CARD,1,446,0,0,1341,0,0,0,LEGITIMATE
CUST_94189,28435.773976955596,"Ferrell, Little and Hernandez",TRAVEL,IN,DEBIT_CARD,3,6,0,1,12,1,1,1,SYNTHETIC_IDENTITY
CUST_14356,1219.17,Nelson Ltd,ECOMMERCE,US,CREDIT_CARD,3,692,0,0,246,0,0,0,LEGITIMATE
CUST_53927,1800.57,Ortiz-King,TRAVEL,GB,DEBIT_CARD,3,837,0,0,107,0,0,0,LEGITIMATE
CUST_30106,430.9,Peterson PLC,EDUCATION,CN,NET_BANKING,3,357,0,0,141,0,0,0,LEGITIMATE
CUST_87178,4605.37,"Hill, Landry and Kaiser",GROCERY,US,CREDIT_CARD,2,240,0,0,2349,0,0,0,LEGITIMATE
CUST_78066,1485.69,Wright PLC,TRAVEL,US,DEBIT_CARD,3,267,0,0,606,0,0,0,LEGITIMATE
CUST_86953,2150.63,"Leblanc, Melton and Jordan",TRAVEL,US,CREDIT_CARD,1,127,0,0,564,0,0,0,LEGITIMATE
CUST_96934,1459.6,Rodgers Group,FOOD,IN,DEBIT_CARD,2,619,0,0,219,0,0,0,LEGITIMATE
CUST_23242,476.95,"Johnson, Lopez and Horton",TRAVEL,US,UPI,1,845,0,0,818,0,0,0,LEGITIMATE
CUST_38138,3954.51,Baldwin Group,ENTERTAINMENT,US,UPI,3,371,0,0,678,0,0,0,LEGITIMATE
CUST_26546,15763.87,"Cain, Larsen and Peterson",TRAVEL,IN,WALLET,24,2,1,1,917,1,1,1,MULTI_SIGNAL_ATTACK
CUST_35339,4972.29,Meyer-Gutierrez,GROCERY,US,WALLET,4,681,0,0,1126,0,0,0,LEGITIMATE
CUST_97820,4960.76,Griffin and Sons,ENTERTAINMENT,US,WALLET,2,666,0,0,1969,0,0,0,LEGITIMATE
CUST_71852,1972.05,Edwards-Pope,EDUCATION,GB,CREDIT_CARD,4,443,0,0,980,0,0,0,LEGITIMATE
CUST_58618,5353.521604653428,Cook PLC,FOOD,NG,UPI,30,408,0,0,1391,0,0,1,VELOCITY_ABUSE
CUST_91210,8565.462168494214,Nelson-Gonzalez,ENTERTAINMENT,CN,CREDIT_CARD,22,254,0,0,1736,0,0,1,VELOCITY_ABUSE
CUST_58610,5193.49,"Brown, Moon and Thomas",OTHER,GB,UPI,3,712,0,0,682,0,0,0,LEGITIMATE
CUST_40582,3251.543085457427,Jordan-Tate,EDUCATION,US,DEBIT_CARD,14,795,0,0,1414,0,0,1,VELOCITY_ABUSE
CUST_60889,801.18,"Johnston, Cruz and Avila",TRAVEL,NG,UPI,2,686,0,0,2052,0,0,0,LEGITIMATE
CUST_69987,2275.72,"Williams, Palmer and Carrillo",HEALTHCARE,US,UPI,3,450,0,0,1743,1,0,1,MERCHANT_ANOMALY
CUST_66251,2845.44,Edwards Group,GROCERY,NG,NET_BANKING,2,333,0,0,1039,0,0,0,LEGITIMATE
CUST_84122,26231.99151504257,Stevens-Clark,FOOD,NG,CREDIT_CARD,9,8,0,1,12,1,1,1,SYNTHETIC_IDENTITY
CUST_95954,1056.75,Scott-Edwards,FOOD,CN,CREDIT_CARD,2,515,0,0,835,0,0,0,LEGITIMATE
CUST_27144,4464.48,"Watson, Knapp and Mayo",OTHER,IN,WALLET,1,310,0,1,1584,0,0,1,PAYMENT_METHOD_ABUSE
CUST_82599,2860.38,"Snyder, Massey and Smith",TRAVEL,NG,NET_BANKING,1,164,0,0,108,0,0,0,LEGITIMATE
CUST_26054,32005.78,"Jones, Durham and Taylor",ENTERTAINMENT,CN,WALLET,4,436,0,0,1199,1,1,1,TRANSACTION_ANOMALY
CUST_28894,1716.73,King PLC,EDUCATION,US,UPI,2,642,0,0,2398,0,0,0,LEGITIMATE
CUST_24271,5965.606964387711,Diaz-Wall,EDUCATION,US,NET_BANKING,7,9,0,1,22,1,1,1,SYNTHETIC_IDENTITY
CUST_70314,6086.54,Ray-Zavala,EDUCATION,NG,NET_BANKING,2,253,0,0,392,0,0,0,LEGITIMATE
CUST_53075,484.35,Walls-Davis,FOOD,NG,CREDIT_CARD,2,388,0,0,933,0,0,0,LEGITIMATE
CUST_84870,2965.07,Moran-Freeman,EDUCATION,IN,DEBIT_CARD,1,809,0,0,142,0,0,0,LEGITIMATE
CUST_20656,4002.71,Alvarez-Wang,ECOMMERCE,US,UPI,4,883,0,0,827,0,0,0,LEGITIMATE
CUST_73180,287.06,Young Inc,FOOD,GB,UPI,3,120,0,0,870,0,0,0,LEGITIMATE
CUST_18136,1172.02,Parker-Mcmillan,OTHER,CN,WALLET,3,960,0,0,321,0,0,0,LEGITIMATE
CUST_81356,4505.06,"Ayala, Wall and Yates",EDUCATION,IN,CREDIT_CARD,1,820,0,0,403,0,0,0,LEGITIMATE
CUST_13265,1482.18,Mills-Lawson,TRAVEL,GB,CREDIT_CARD,4,903,0,0,224,0,0,0,LEGITIMATE
CUST_64656,4882.48,"Kennedy, Wells and Simon",GROCERY,CN,CREDIT_CARD,2,328,0,0,517,0,0,0,LEGITIMATE
CUST_28924,2948.56,Trujillo-Parsons,ENTERTAINMENT,GB,WALLET,3,596,1,0,529,0,0,1,GEOGRAPHIC_ANOMALY
CUST_17853,27861.07890066296,"Harrington, Conner and Jones",EDUCATION,GB,CREDIT_CARD,4,5,0,1,7,1,1,1,SYNTHETIC_IDENTITY
CUST_72986,1475.96,"Yates, Berg and Thomas",OTHER,IN,CREDIT_CARD,1,626,0,0,435,0,0,0,LEGITIMATE
CUST_99370,5484.422275567349,"Powell, Walsh and Walker",TRAVEL,IN,WALLET,10,10,0,1,10,1,1,1,SYNTHETIC_IDENTITY
CUST_49200,2358.8,Collins PLC,OTHER,US,CREDIT_CARD,4,517,0,0,1328,0,0,0,LEGITIMATE
CUST_76856,2294.39,Mitchell-Stein,EDUCATION,CN,UPI,1,274,0,0,1539,0,0,0,LEGITIMATE
CUST_82628,4623.97,"Davis, Parker and Sosa",OTHER,IN,UPI,4,155,0,0,356,0,0,0,LEGITIMATE
CUST_85706,846.16,Reed-Garcia,ECOMMERCE,US,DEBIT_CARD,1,107,0,0,1202,0,0,0,LEGITIMATE
CUST_41125,349.75,"King, Meyer and Simmons",ECOMMERCE,GB,UPI,4,707,0,0,367,0,0,0,LEGITIMATE
CUST_34319,1604.92,Vargas LLC,EDUCATION,IN,WALLET,2,360,0,0,1621,0,0,0,LEGITIMATE
CUST_33003,295.66,Matthews Ltd,FOOD,GB,CREDIT_CARD,4,767,0,0,2065,0,0,0,LEGITIMATE
CUST_18520,2725.72,Curtis-Alvarez,ENTERTAINMENT,US,WALLET,4,429,1,0,1940,0,0,1,GEOGRAPHIC_ANOMALY
CUST_17648,50661.06,Jackson Ltd,FOOD,NG,WALLET,19,2,1,1,155,1,1,1,MULTI_SIGNAL_ATTACK
CUST_48829,2938.92,Anderson-Riley,OTHER,US,CREDIT_CARD,2,808,0,0,626,0,0,0,LEGITIMATE
CUST_95643,4266.7,"Ward, Marsh and Barrett",HEALTHCARE,GB,CREDIT_CARD,6,1,1,1,1511,1,1,1,ACCOUNT_TAKEOVER
CUST_10667,3138.998844419571,Sanchez and Sons,EDUCATION,NG,NET_BANKING,3,10,0,1,29,1,1,1,SYNTHETIC_IDENTITY
CUST_45644,672.91,Hunter PLC,TRAVEL,CN,WALLET,2,226,0,0,440,0,0,0,LEGITIMATE
CUST_75732,927.71,Arroyo LLC,HEALTHCARE,IN,DEBIT_CARD,2,215,0,0,485,0,0,0,LEGITIMATE
CUST_32936,2152.33,"Jackson, Welch and Schwartz",ENTERTAINMENT,US,CREDIT_CARD,2,568,0,0,2307,0,0,0,LEGITIMATE
CUST_35245,165.38,Morgan LLC,ENTERTAINMENT,NG,CREDIT_CARD,3,493,0,0,1496,0,0,0,LEGITIMATE
CUST_89343,25227.11,"Wood, Donovan and Tran",HEALTHCARE,CN,CREDIT_CARD,8,2,1,1,504,1,1,1,ACCOUNT_TAKEOVER
CUST_68064,4650.46,Thompson-Oliver,TRAVEL,US,CREDIT_CARD,1,684,0,0,626,0,0,0,LEGITIMATE
CUST_97150,4669.0,Turner-Carlson,GROCERY,CN,WALLET,1,160,0,0,1502,0,0,0,LEGITIMATE
CUST_80837,650.63,"Martinez, Duncan and Jones",GROCERY,IN,UPI,3,278,0,0,100,0,0,0,LEGITIMATE
CUST_49489,4013.9,Moses LLC,HEALTHCARE,NG,DEBIT_CARD,1,982,0,0,346,0,0,0,LEGITIMATE
CUST_95955,1382.83,Davis Inc,OTHER,GB,WALLET,2,593,0,0,1105,0,0,0,LEGITIMATE
CUST_14772,12724.07,"Velasquez, Ruiz and Acosta",ECOMMERCE,GB,CREDIT_CARD,12,0,1,1,747,1,1,1,ACCOUNT_TAKEOVER
CUST_97508,6164.482462921999,Sanders-Hartman,ECOMMERCE,IN,WALLET,22,983,0,0,627,0,0,1,VELOCITY_ABUSE
CUST_11801,25236.85,Rodriguez-Little,HEALTHCARE,CN,UPI,7,0,1,1,1336,1,1,1,ACCOUNT_TAKEOVER
CUST_64932,1389.56,"Munoz, Allen and Baxter",GROCERY,CN,UPI,4,45,0,0,2498,0,0,0,LEGITIMATE
CUST_59448,3029.64,Peterson-Wagner,EDUCATION,IN,UPI,4,804,0,0,303,0,0,0,LEGITIMATE
CUST_45830,2642.78,Carter-Meyer,GROCERY,CN,CREDIT_CARD,4,125,0,0,1550,0,0,0,LEGITIMATE
CUST_39185,3233.14,Good-Hampton,FOOD,NG,UPI,2,396,0,0,1743,0,0,0,LEGITIMATE
CUST_38829,3597.37,"Williams, Moore and Gordon",ENTERTAINMENT,NG,DEBIT_CARD,2,685,0,0,113,0,0,0,LEGITIMATE
CUST_90330,13054.84,"Dickson, Jones and Lee",ENTERTAINMENT,US,UPI,8,1,1,1,1659,1,1,1,ACCOUNT_TAKEOVER
CUST_42837,261.8,"Bradley, Berg and Hernandez",ENTERTAINMENT,US,WALLET,1,495,0,0,743,0,0,0,LEGITIMATE
CUST_26517,1365.3,Dean-Pratt,TRAVEL,IN,UPI,1,365,0,0,1290,1,0,1,MERCHANT_ANOMALY
CUST_70101,1352.59,"Lee, Murphy and Hayden",GROCERY,NG,NET_BANKING,4,45,0,0,1184,0,0,0,LEGITIMATE
CUST_31253,5545.54,Henry-House,HEALTHCARE,US,NET_BANKING,2,256,0,0,1166,0,1,1,TRANSACTION_ANOMALY
CUST_98559,47867.94,"Pierce, Knight and Gentry",ECOMMERCE,GB,DEBIT_CARD,3,685,0,0,2486,1,1,1,TRANSACTION_ANOMALY
CUST_16041,1533.66,Murphy and Sons,TRAVEL,IN,WALLET,1,483,0,0,1174,0,0,0,LEGITIMATE
CUST_30700,15528.289628196511,Burch and Sons,TRAVEL,CN,CREDIT_CARD,8,10,0,1,14,1,1,1,SYNTHETIC_IDENTITY
CUST_41554,2479.8,Hanna-Hinton,EDUCATION,US,NET_BANKING,1,435,0,0,2448,0,0,0,LEGITIMATE
CUST_39005,768.92,"Moran, Stevens and West",GROCERY,GB,DEBIT_CARD,2,542,0,0,546,0,0,0,LEGITIMATE
CUST_15918,1424.24,"Young, Campbell and Ferguson",HEALTHCARE,NG,CREDIT_CARD,1,717,0,0,1267,0,0,0,LEGITIMATE
CUST_86682,1076.89,Hicks and Sons,ECOMMERCE,IN,DEBIT_CARD,4,648,0,0,229,0,0,0,LEGITIMATE
CUST_73860,473.92,Duffy LLC,GROCERY,NG,CREDIT_CARD,3,470,0,0,377,0,0,0,LEGITIMATE
CUST_23035,19707.62,Bennett-Brown,TRAVEL,CN,UPI,8,2,1,1,1573,1,1,1,MULTI_SIGNAL_ATTACK
CUST_85938,4861.55,"Soto, Ray and Munoz",GROCERY,US,UPI,2,169,0,0,614,0,0,0,LEGITIMATE
CUST_40714,2014.78,Martinez-Ward,OTHER,CN,NET_BANKING,1,321,0,0,369,0,0,0,LEGITIMATE
CUST_53450,3581.42,"Long, Allen and Cortez",OTHER,GB,UPI,1,659,0,0,1573,0,0,0,LEGITIMATE
CUST_48759,3596.84,"Carter, White and Hall",FOOD,US,NET_BANKING,4,460,0,1,1474,0,0,1,PAYMENT_METHOD_ABUSE
CUST_17656,677.44,"Campbell, Blake and Robinson",OTHER,US,NET_BANKING,2,597,0,0,1441,0,0,0,LEGITIMATE
CUST_21343,25200.23,Bass-Keller,FOOD,CN,NET_BANKING,1,189,0,0,1345,1,1,1,TRANSACTION_ANOMALY
CUST_61221,1090.72,"Smith, Allen and Phillips",FOOD,NG,CREDIT_CARD,4,239,0,0,1989,1,0,1,MERCHANT_ANOMALY
CUST_27758,3219.86,Graves-Wheeler,OTHER,US,CREDIT_CARD,1,919,0,0,649,0,0,0,LEGITIMATE
CUST_28095,1652.58,"Lawrence, Kirk and Curtis",ENTERTAINMENT,NG,WALLET,4,115,0,0,1580,0,0,0,LEGITIMATE
CUST_20895,184.58,"Garcia, Jenkins and Williams",ENTERTAINMENT,US,DEBIT_CARD,2,494,0,0,1201,0,0,0,LEGITIMATE
CUST_54125,3016.65,Anderson Inc,TRAVEL,NG,DEBIT_CARD,2,295,0,0,1036,0,0,0,LEGITIMATE
CUST_67324,2995.63,Lloyd LLC,EDUCATION,NG,NET_BANKING,4,803,0,0,1441,0,0,0,LEGITIMATE
CUST_80172,29606.655189412344,Brewer-Bailey,ECOMMERCE,IN,WALLET,5,0,0,1,29,1,1,1,SYNTHETIC_IDENTITY
CUST_22353,1820.62,"Ellison, Yoder and Garza",GROCERY,GB,NET_BANKING,4,432,0,0,432,0,0,0,LEGITIMATE
CUST_48382,5366.23,"Moore, Turner and Mack",OTHER,CN,DEBIT_CARD,2,529,0,0,783,0,0,0,LEGITIMATE
CUST_33996,6354.55,"Wallace, Carroll and Nguyen",EDUCATION,GB,DEBIT_CARD,4,884,0,0,1175,1,0,1,MERCHANT_ANOMALY
CUST_61413,1684.84,"Ayala, Dickson and Powers",OTHER,CN,NET_BANKING,3,632,0,0,1316,0,0,0,LEGITIMATE
CUST_65818,1132.26,Maynard-Anderson,ENTERTAINMENT,US,WALLET,1,52,0,0,684,0,0,0,LEGITIMATE
CUST_50216,4559.3,Howard Group,HEALTHCARE,US,CREDIT_CARD,4,364,0,0,1696,0,0,0,LEGITIMATE
CUST_60210,4121.7,"Tanner, Johnson and Harrison",FOOD,GB,DEBIT_CARD,4,814,0,0,2216,0,0,0,LEGITIMATE
CUST_26564,3526.05,"Bailey, Cochran and Walker",OTHER,CN,DEBIT_CARD,3,749,0,0,1862,0,0,0,LEGITIMATE
CUST_12855,4069.75,Nelson Ltd,ECOMMERCE,NG,UPI,2,104,0,0,1835,0,0,0,LEGITIMATE
CUST_27169,56255.84,"Smith, Galvan and Ross",ENTERTAINMENT,IN,NET_BANKING,1,220,0,0,2387,0,1,1,TRANSACTION_ANOMALY
CUST_74674,39934.85,Roberts-Mitchell,ENTERTAINMENT,NG,UPI,4,908,0,0,1920,1,1,1,TRANSACTION_ANOMALY
CUST_95909,1454.03,Cole-Martin,GROCERY,CN,DEBIT_CARD,2,125,0,0,242,0,0,0,LEGITIMATE
CUST_48352,1536.81,"Baldwin, Phillips and Hamilton",TRAVEL,NG,DEBIT_CARD,2,740,0,0,1884,0,0,0,LEGITIMATE
CUST_17353,4287.32,Strong-Barajas,HEALTHCARE,GB,CREDIT_CARD,4,814,0,0,2354,0,0,0,LEGITIMATE
CUST_68362,10062.68,Allen Group,ECOMMERCE,US,NET_BANKING,7,0,1,1,78,1,1,1,ACCOUNT_TAKEOVER
CUST_16423,2104.14,"Cook, Ramirez and Schaefer",ENTERTAINMENT,GB,DEBIT_CARD,2,239,0,0,2151,0,0,0,LEGITIMATE
CUST_37854,6418.94,Horn-Rivera,EDUCATION,CN,CREDIT_CARD,4,540,0,0,1762,0,0,0,LEGITIMATE
CUST_93641,4728.08,Rodriguez-Strickland,EDUCATION,US,CREDIT_CARD,3,651,0,0,381,0,0,0,LEGITIMATE
CUST_47491,2274.93,"Chavez, Cortez and Delacruz",TRAVEL,NG,CREDIT_CARD,4,316,0,0,1811,0,0,0,LEGITIMATE
CUST_84482,1966.07,"Long, Thompson and Kent",ECOMMERCE,IN,DEBIT_CARD,1,959,0,0,242,0,0,0,LEGITIMATE
CUST_83914,12314.47669305835,Riley-Trujillo,GROCERY,GB,WALLET,3,3,0,1,16,1,1,1,SYNTHETIC_IDENTITY
CUST_78671,1267.48,"Peters, Keller and Young",GROCERY,NG,UPI,3,92,0,0,2117,0,0,0,LEGITIMATE
CUST_45643,1802.34,Rosario-Moore,HEALTHCARE,IN,NET_BANKING,1,733,0,0,1021,0,0,0,LEGITIMATE
CUST_37993,2870.38,Hurley-Vaughn,FOOD,US,UPI,3,499,0,0,1382,0,0,0,LEGITIMATE
CUST_51906,448.44,Schultz LLC,GROCERY,NG,DEBIT_CARD,1,974,0,0,1472,0,0,0,LEGITIMATE
CUST_62863,2463.2,Miller LLC,EDUCATION,GB,UPI,4,592,0,0,2144,0,0,0,LEGITIMATE
CUST_44375,7166.403986341444,Perez LLC,GROCERY,IN,DEBIT_CARD,25,444,0,0,177,0,0,1,VELOCITY_ABUSE
CUST_67138,6631.4,Graham-Myers,HEALTHCARE,IN,WALLET,4,145,0,0,412,0,0,0,LEGITIMATE
CUST_21165,2922.48,Maldonado-King,OTHER,NG,NET_BANKING,2,709,0,0,2359,0,0,0,LEGITIMATE
CUST_36110,2301.117471814471,"Reid, Kramer and Lopez",FOOD,CN,NET_BANKING,21,370,0,0,684,0,0,1,VELOCITY_ABUSE
CUST_56732,2186.93,"Richardson, Castillo and Beck",FOOD,IN,NET_BANKING,3,282,0,0,2238,1,0,1,MERCHANT_ANOMALY
CUST_42435,715.36,"Sloan, Thomas and Carpenter",TRAVEL,NG,UPI,2,126,0,0,2399,0,0,0,LEGITIMATE
CUST_71358,3815.56,Clark Group,GROCERY,GB,CREDIT_CARD,3,981,0,0,2004,0,0,0,LEGITIMATE
CUST_65747,6348.45,Browning and Sons,OTHER,NG,WALLET,2,36,0,0,1782,0,0,0,LEGITIMATE
CUST_29873,4277.92,Cunningham-Crawford,ECOMMERCE,GB,DEBIT_CARD,4,802,0,0,2141,0,0,0,LEGITIMATE
CUST_60364,1355.48,Ware-Taylor,ECOMMERCE,NG,UPI,1,198,0,0,1791,0,0,0,LEGITIMATE
CUST_51934,24915.31,Wood-Le,HEALTHCARE,IN,UPI,12,3,1,1,545,1,1,1,MULTI_SIGNAL_ATTACK
CUST_11045,2916.28,Fleming-Blackburn,TRAVEL,US,NET_BANKING,1,153,0,0,1900,0,0,0,LEGITIMATE
CUST_75701,2835.69,Morales-Evans,HEALTHCARE,US,DEBIT_CARD,4,233,0,0,1228,0,0,0,LEGITIMATE
CUST_10143,4133.56,Sparks-Parsons,GROCERY,IN,NET_BANKING,1,877,0,0,2498,0,0,0,LEGITIMATE
CUST_28554,2231.63,"Johnston, Flowers and Brown",ECOMMERCE,US,UPI,1,387,0,0,1171,0,0,0,LEGITIMATE
CUST_96330,18649.842811593662,Jones-Taylor,OTHER,CN,CREDIT_CARD,9,5,0,1,22,1,1,1,SYNTHETIC_IDENTITY
CUST_89942,4772.84,"Chaney, Martinez and Richardson",EDUCATION,GB,NET_BANKING,1,651,0,0,1809,0,0,0,LEGITIMATE
CUST_89875,1221.71,"Matthews, Stuart and Davis",ECOMMERCE,NG,DEBIT_CARD,1,659,0,0,1576,0,0,0,LEGITIMATE
CUST_58056,6809.13,"Brown, Deleon and Thomas",ENTERTAINMENT,US,DEBIT_CARD,3,230,0,0,653,0,0,0,LEGITIMATE
CUST_70148,14974.33,"Howe, Wright and Williams",TRAVEL,CN,CREDIT_CARD,9,3,1,1,850,1,1,1,ACCOUNT_TAKEOVER
CUST_98049,2271.26,"Davis, Morse and Farrell",FOOD,CN,CREDIT_CARD,1,114,0,0,1026,1,0,1,MERCHANT_ANOMALY
CUST_22606,1847.78,"Ryan, Wright and Gross",EDUCATION,IN,DEBIT_CARD,1,167,0,0,209,0,0,0,LEGITIMATE
CUST_62602,3527.1227825113574,"Keith, Davis and Martin",ECOMMERCE,NG,UPI,17,914,0,0,1458,0,0,1,VELOCITY_ABUSE
CUST_76532,3266.68,Taylor Inc,HEALTHCARE,US,NET_BANKING,1,320,0,0,2079,0,0,0,LEGITIMATE
CUST_84770,2500.31,Davis-Davis,FOOD,CN,NET_BANKING,4,678,0,1,1680,0,0,1,PAYMENT_METHOD_ABUSE
CUST_98968,8427.61,"Moore, Knight and Phillips",EDUCATION,US,DEBIT_CARD,4,739,0,0,1013,1,1,1,TRANSACTION_ANOMALY
CUST_65480,2374.13,Dunn-Leonard,TRAVEL,US,UPI,2,767,0,0,1524,0,0,0,LEGITIMATE
CUST_75281,2889.4,Bullock LLC,GROCERY,GB,DEBIT_CARD,2,51,0,1,556,0,0,1,PAYMENT_METHOD_ABUSE
CUST_21319,475.74,Velasquez Ltd,GROCERY,CN,UPI,3,316,0,0,1275,0,0,0,LEGITIMATE
CUST_37324,5494.75,Wong-Hall,FOOD,CN,NET_BANKING,1,930,0,0,616,0,0,0,LEGITIMATE
CUST_94536,1349.3870617241241,"Santos, Morton and Thompson",HEALTHCARE,US,NET_BANKING,10,642,0,0,841,0,0,1,VELOCITY_ABUSE
CUST_17630,4619.01,Garcia-Lee,GROCERY,IN,WALLET,1,596,0,0,262,0,0,0,LEGITIMATE
CUST_68113,2828.56,"Jenkins, Santiago and Deleon",GROCERY,IN,UPI,1,207,0,0,2164,0,0,0,LEGITIMATE
CUST_79039,10704.46,White and Sons,ENTERTAINMENT,US,CREDIT_CARD,5,2,1,1,974,1,1,1,ACCOUNT_TAKEOVER
CUST_38917,943.52,Miller Inc,EDUCATION,CN,CREDIT_CARD,2,576,0,0,1846,0,0,0,LEGITIMATE
CUST_94239,26032.336947112053,Smith PLC,ENTERTAINMENT,NG,NET_BANKING,7,7,0,1,12,1,1,1,SYNTHETIC_IDENTITY
CUST_10490,436.97,"Lee, White and Young",FOOD,US,CREDIT_CARD,2,720,0,0,1453,0,0,0,LEGITIMATE
CUST_42048,3851.04,Rivera Ltd,EDUCATION,NG,NET_BANKING,3,172,0,0,64,0,0,0,LEGITIMATE
CUST_22407,998.5,Thomas-Scott,FOOD,NG,UPI,2,515,0,0,2314,0,0,0,LEGITIMATE
CUST_63502,4365.9,Hudson and Sons,FOOD,IN,NET_BANKING,1,551,0,0,1488,0,0,0,LEGITIMATE
CUST_74912,5675.095994000611,Mosley Group,TRAVEL,CN,WALLET,23,979,0,0,1990,0,0,1,VELOCITY_ABUSE
CUST_97136,3305.3,"Watson, Osborne and Alexander",FOOD,IN,DEBIT_CARD,2,500,0,1,1494,0,0,1,PAYMENT_METHOD_ABUSE
CUST_87610,1165.33,"Randolph, Wallace and Reynolds",EDUCATION,US,NET_BANKING,1,613,0,0,680,0,0,0,LEGITIMATE
CUST_35521,5382.31,"Wilson, Garcia and Torres",FOOD,CN,NET_BANKING,2,593,0,0,1863,0,0,0,LEGITIMATE
CUST_93994,973.4,"Sanders, Cruz and Pitts",GROCERY,NG,NET_BANKING,3,609,0,0,2496,0,0,0,LEGITIMATE
CUST_80183,3263.93,Lopez PLC,HEALTHCARE,US,UPI,2,474,0,0,464,0,0,0,LEGITIMATE
CUST_52299,1356.8,Arnold-Wood,EDUCATION,IN,UPI,9,0,1,1,2500,1,1,1,ACCOUNT_TAKEOVER
CUST_67778,3330.25,"Clay, Rogers and Watson",HEALTHCARE,CN,NET_BANKING,1,872,0,0,477,0,0,0,LEGITIMATE
CUST_28228,3741.29,Young LLC,EDUCATION,GB,UPI,4,112,0,0,2447,0,0,0,LEGITIMATE
CUST_94972,3574.79,Long PLC,TRAVEL,GB,CREDIT_CARD,1,34,0,0,497,1,1,1,TRANSACTION_ANOMALY
CUST_78531,22090.08,Norris-Riley,OTHER,US,UPI,5,0,1,1,1861,1,1,1,ACCOUNT_TAKEOVER
CUST_23326,3565.56,Hernandez PLC,GROCERY,GB,CREDIT_CARD,1,535,0,0,644,0,0,0,LEGITIMATE
CUST_46075,3642.32,Gregory Group,GROCERY,NG,NET_BANKING,2,215,0,0,730,0,0,0,LEGITIMATE
CUST_31240,1354.12,Brown-Matthews,EDUCATION,US,WALLET,1,423,0,0,960,0,0,0,LEGITIMATE
CUST_32039,141.54,"Robinson, Ryan and Wright",OTHER,IN,DEBIT_CARD,3,834,0,0,201,0,0,0,LEGITIMATE
CUST_32644,4243.53,"Juarez, Farley and Watkins",TRAVEL,CN,UPI,3,274,0,0,1606,0,0,0,LEGITIMATE
CUST_71547,5124.25,Bryan Inc,HEALTHCARE,IN,UPI,3,342,0,1,1210,0,0,1,PAYMENT_METHOD_ABUSE
CUST_63478,2092.2,"Beck, Miller and Rodriguez",GROCERY,GB,NET_BANKING,2,400,0,0,2061,0,0,0,LEGITIMATE
CUST_94664,1334.34,Phelps LLC,HEALTHCARE,GB,WALLET,3,419,0,1,1274,0,0,1,PAYMENT_METHOD_ABUSE
CUST_56391,1140.52,Knight Inc,ENTERTAINMENT,US,WALLET,2,707,0,0,2135,0,0,0,LEGITIMATE
CUST_56291,4053.17,Hays LLC,TRAVEL,CN,NET_BANKING,4,879,0,0,2270,0,0,0,LEGITIMATE
CUST_49284,374.02,"Mccarty, Perkins and Gibson",HEALTHCARE,GB,DEBIT_CARD,4,514,0,0,2150,1,0,1,MERCHANT_ANOMALY
CUST_71734,2892.3113782501023,Orozco-Hoover,ENTERTAINMENT,NG,DEBIT_CARD,30,819,0,0,48,0,0,1,VELOCITY_ABUSE
CUST_41962,460.21,Santiago-Medina,HEALTHCARE,NG,WALLET,3,356,0,0,1793,0,0,0,LEGITIMATE
CUST_17808,1002.45,Mcintosh Ltd,TRAVEL,IN,WALLET,1,82,0,0,1509,0,0,0,LEGITIMATE
CUST_70015,4438.04,"Schultz, Huynh and Carter",TRAVEL,GB,WALLET,4,487,0,0,837,0,0,0,LEGITIMATE
CUST_39789,9252.33,Bond Inc,HEALTHCARE,GB,UPI,10,2,1,1,2037,1,1,1,ACCOUNT_TAKEOVER
CUST_24409,1798.05,Jimenez-Mathis,TRAVEL,IN,CREDIT_CARD,2,605,0,0,1481,0,0,0,LEGITIMATE
CUST_22348,5659.45,Russell-Price,HEALTHCARE,US,DEBIT_CARD,4,640,0,0,1306,0,0,0,LEGITIMATE
CUST_44710,6840.378332533064,Hines LLC,HEALTHCARE,US,WALLET,3,4,0,1,4,1,1,1,SYNTHETIC_IDENTITY
CUST_31871,5177.12,Robinson-Collins,TRAVEL,GB,NET_BANKING,4,890,0,0,1672,0,0,0,LEGITIMATE
CUST_98558,3740.58,Fritz Ltd,HEALTHCARE,US,CREDIT_CARD,4,258,0,0,1587,0,0,0,LEGITIMATE
CUST_79275,2023.42,"Hernandez, Baxter and Griffith",HEALTHCARE,NG,CREDIT_CARD,3,677,0,1,818,0,0,1,PAYMENT_METHOD_ABUSE
CUST_89118,673.63,Carroll-Maldonado,ECOMMERCE,NG,UPI,3,382,0,0,361,0,0,0,LEGITIMATE
CUST_56855,4661.96,"Hopkins, Lee and Peterson",OTHER,US,CREDIT_CARD,4,220,0,0,1310,0,0,0,LEGITIMATE
CUST_81279,1265.84,Allen-Smith,OTHER,CN,DEBIT_CARD,1,893,0,0,470,0,0,0,LEGITIMATE
CUST_28402,6709.41,Baldwin Ltd,OTHER,GB,NET_BANKING,2,809,0,1,385,0,0,1,PAYMENT_METHOD_ABUSE
CUST_23304,1142.34,Lewis Inc,GROCERY,CN,WALLET,4,431,0,0,741,0,0,0,LEGITIMATE
CUST_30943,4067.54,Kramer-Maddox,GROCERY,NG,NET_BANKING,4,276,0,0,87,0,0,0,LEGITIMATE
CUST_12644,2578.39,"Miller, Hernandez and Howard",HEALTHCARE,NG,CREDIT_CARD,1,348,0,0,992,0,0,0,LEGITIMATE
CUST_53986,9502.60699649015,"Hall, Clark and Anderson",TRAVEL,GB,DEBIT_CARD,13,481,0,0,163,0,0,1,VELOCITY_ABUSE
CUST_38221,2849.88,Clark-Diaz,GROCERY,GB,UPI,1,703,1,0,1178,0,0,1,GEOGRAPHIC_ANOMALY
CUST_17495,773.93,"Smith, Valdez and Frost",ECOMMERCE,GB,NET_BANKING,2,596,0,0,624,0,0,0,LEGITIMATE
CUST_33029,966.81,"Dennis, Hansen and Mcgrath",ECOMMERCE,IN,UPI,3,482,0,0,1002,0,0,0,LEGITIMATE
CUST_59623,4455.34,Alexander Group,FOOD,US,CREDIT_CARD,1,796,0,0,1941,0,0,0,LEGITIMATE
CUST_47386,3649.61,Valdez-Hayes,FOOD,US,WALLET,3,284,0,0,1089,0,0,0,LEGITIMATE
CUST_67131,20347.954205382484,"Garrett, Robinson and Beltran",HEALTHCARE,US,CREDIT_CARD,9,2,0,1,22,1,1,1,SYNTHETIC_IDENTITY
CUST_99564,15201.691052079166,Olson Group,TRAVEL,IN,WALLET,4,6,0,1,30,1,1,1,SYNTHETIC_IDENTITY
CUST_28514,3613.47,Wright PLC,OTHER,IN,DEBIT_CARD,1,637,0,0,371,0,0,0,LEGITIMATE
CUST_82082,21991.01,Vance-Wells,FOOD,IN,UPI,24,1,1,1,1038,1,1,1,MULTI_SIGNAL_ATTACK
CUST_73874,2915.8076055687543,"Brady, Reyes and Rodriguez",ENTERTAINMENT,CN,UPI,11,412,0,0,34,0,0,1,VELOCITY_ABUSE
CUST_51654,1234.96,Lopez-Tran,TRAVEL,IN,CREDIT_CARD,2,603,0,0,239,0,0,0,LEGITIMATE
CUST_74797,3778.42,Williams Group,GROCERY,NG,DEBIT_CARD,3,931,0,0,2303,0,0,0,LEGITIMATE
CUST_17246,8469.34,White LLC,HEALTHCARE,US,WALLET,9,3,1,1,726,1,1,1,ACCOUNT_TAKEOVER
CUST_99763,3705.72,"Jones, Cortez and Gibson",ENTERTAINMENT,GB,DEBIT_CARD,2,837,0,1,1911,0,0,1,PAYMENT_METHOD_ABUSE
CUST_15852,837.27,"Rowland, Moore and Winters",TRAVEL,US,NET_BANKING,3,132,0,0,339,0,0,0,LEGITIMATE
CUST_41940,599.82,Campbell-Clark,EDUCATION,GB,CREDIT_CARD,2,32,0,0,1031,0,0,0,LEGITIMATE
CUST_22915,5258.66,"Lloyd, Becker and Austin",TRAVEL,NG,UPI,2,731,0,0,992,0,0,0,LEGITIMATE
CUST_20065,28337.111956910576,"Stokes, Mills and Thomas",OTHER,NG,DEBIT_CARD,9,9,0,1,21,1,1,1,SYNTHETIC_IDENTITY
CUST_11655,2573.89,Phillips-Sharp,ENTERTAINMENT,NG,NET_BANKING,1,53,0,0,1938,0,0,0,LEGITIMATE
CUST_56345,9518.993059268925,Wolfe-Gomez,HEALTHCARE,IN,CREDIT_CARD,8,1,0,1,14,1,1,1,SYNTHETIC_IDENTITY
CUST_33632,2967.05,Williams-Sanders,GROCERY,GB,WALLET,1,667,1,0,917,0,0,1,GEOGRAPHIC_ANOMALY
CUST_57422,2140.85,King-Gonzalez,EDUCATION,GB,WALLET,3,376,0,0,1093,0,0,0,LEGITIMATE
CUST_61050,2064.57,"Warner, Diaz and Thompson",TRAVEL,NG,NET_BANKING,4,486,0,0,500,0,0,0,LEGITIMATE
CUST_99699,4627.85,"Alvarez, Blair and Gibson",EDUCATION,NG,DEBIT_CARD,3,440,0,0,506,0,0,0,LEGITIMATE
CUST_23965,29752.46,"Wiggins, Mitchell and Marsh",EDUCATION,IN,NET_BANKING,17,3,1,1,580,1,1,1,MULTI_SIGNAL_ATTACK
CUST_16099,4129.08,Bullock-Moyer,ECOMMERCE,US,WALLET,3,334,0,1,709,0,0,1,PAYMENT_METHOD_ABUSE
CUST_33056,1838.6,Acosta-Smith,ECOMMERCE,IN,DEBIT_CARD,13,2,1,1,2054,1,1,1,MULTI_SIGNAL_ATTACK
CUST_23404,1437.7,"Lopez, Morris and Camacho",ENTERTAINMENT,US,WALLET,4,242,0,0,1564,0,0,0,LEGITIMATE
CUST_64481,2086.28,Dunlap PLC,GROCERY,CN,UPI,4,637,0,0,1102,0,0,0,LEGITIMATE
CUST_76914,11470.45,Miller Ltd,ECOMMERCE,GB,NET_BANKING,12,1,1,1,2008,1,1,1,ACCOUNT_TAKEOVER
CUST_62633,20383.92505442361,Walsh PLC,OTHER,IN,CREDIT_CARD,9,5,0,1,22,1,1,1,SYNTHETIC_IDENTITY
CUST_88421,4219.69,Werner LLC,FOOD,GB,CREDIT_CARD,2,622,0,0,943,0,0,0,LEGITIMATE
CUST_22345,864.98,"Ryan, Welch and Garcia",OTHER,NG,DEBIT_CARD,4,157,0,0,365,0,0,0,LEGITIMATE
CUST_77973,5360.18,Morrison-Vang,FOOD,NG,WALLET,10,3,1,1,818,1,1,1,ACCOUNT_TAKEOVER
CUST_78920,3280.81,"Diaz, Ellison and Taylor",OTHER,GB,UPI,1,353,0,0,2162,0,0,0,LEGITIMATE
CUST_31132,692.51,Hernandez Inc,OTHER,IN,CREDIT_CARD,4,839,0,0,582,0,0,0,LEGITIMATE
CUST_54007,8704.001576153554,Dougherty-Avila,HEALTHCARE,GB,NET_BANKING,6,1,0,1,16,1,1,1,SYNTHETIC_IDENTITY
CUST_63468,30035.53,Kane and Sons,EDUCATION,IN,WALLET,3,489,0,0,849,1,1,1,TRANSACTION_ANOMALY
CUST_23547,1917.74,Hensley-Flowers,ENTERTAINMENT,NG,WALLET,1,120,0,0,1744,0,0,0,LEGITIMATE
CUST_85229,8321.332768523665,"Huerta, Morris and Stewart",GROCERY,NG,NET_BANKING,30,146,0,0,895,0,0,1,VELOCITY_ABUSE
CUST_75482,1084.49,Stark LLC,OTHER,CN,DEBIT_CARD,2,147,0,1,344,0,0,1,PAYMENT_METHOD_ABUSE
CUST_35489,16335.84,Moran and Sons,ECOMMERCE,US,CREDIT_CARD,9,0,1,1,1756,1,1,1,ACCOUNT_TAKEOVER
CUST_41807,2080.25,"Miller, Allison and Holloway",HEALTHCARE,US,DEBIT_CARD,2,379,0,1,1980,0,0,1,PAYMENT_METHOD_ABUSE
CUST_99139,2036.43,Shelton-Lucas,FOOD,NG,DEBIT_CARD,2,648,0,0,2478,0,0,0,LEGITIMATE
CUST_92852,5824.84,"Johnson, Marks and Johnson",FOOD,US,UPI,1,883,0,0,661,1,1,1,TRANSACTION_ANOMALY
CUST_92490,5249.2,"Booth, Smith and Walker",EDUCATION,CN,DEBIT_CARD,2,753,0,0,1070,0,0,0,LEGITIMATE
CUST_34624,2426.79,Garcia-Ibarra,FOOD,IN,WALLET,3,396,0,0,1692,0,0,0,LEGITIMATE
CUST_43843,1056.19,"Anderson, Wilson and Coleman",ENTERTAINMENT,US,UPI,2,824,0,0,430,0,0,0,LEGITIMATE
CUST_16910,3756.6,Shaw LLC,GROCERY,US,NET_BANKING,3,823,0,0,2500,0,0,0,LEGITIMATE
CUST_91495,1633.13,Mathews Ltd,EDUCATION,IN,UPI,4,168,1,0,218,0,0,1,GEOGRAPHIC_ANOMALY
CUST_83715,13812.422243669638,Patterson Inc,FOOD,IN,CREDIT_CARD,6,3,0,1,14,1,1,1,SYNTHETIC_IDENTITY
CUST_91487,9758.89919777549,Padilla and Sons,EDUCATION,US,NET_BANKING,19,520,0,0,1957,0,0,1,VELOCITY_ABUSE
CUST_33626,4412.049624325624,White Inc,TRAVEL,US,DEBIT_CARD,11,734,0,0,1281,0,0,1,VELOCITY_ABUSE
CUST_42195,1872.1,"Rodriguez, Conley and Simmons",EDUCATION,US,UPI,1,694,0,0,787,0,0,0,LEGITIMATE
CUST_50632,3354.45,"Warner, Clark and Harris",TRAVEL,GB,UPI,3,189,0,0,1218,0,0,0,LEGITIMATE
CUST_97739,3880.41,Cole-Williams,ENTERTAINMENT,NG,DEBIT_CARD,1,744,1,0,156,0,0,1,GEOGRAPHIC_ANOMALY
CUST_63916,2128.34,Shaffer Group,FOOD,IN,WALLET,3,456,0,0,1467,0,0,0,LEGITIMATE
CUST_45909,1368.76,Zavala LLC,ENTERTAINMENT,NG,CREDIT_CARD,1,948,0,0,63,0,0,0,LEGITIMATE
CUST_35234,4002.85,"King, Hartman and Warren",HEALTHCARE,IN,UPI,3,125,0,0,1944,0,0,0,LEGITIMATE
CUST_99702,4141.64311465239,Nelson Group,TRAVEL,NG,NET_BANKING,20,57,0,0,258,0,0,1,VELOCITY_ABUSE
CUST_90806,2845.7,Smith LLC,TRAVEL,US,CREDIT_CARD,4,421,0,0,1124,0,0,0,LEGITIMATE
CUST_60017,958.21,Moss and Sons,EDUCATION,NG,WALLET,3,269,0,0,1802,0,0,0,LEGITIMATE
CUST_40371,9937.1,"Jimenez, Hughes and Garrett",FOOD,US,WALLET,9,1,1,1,2230,1,1,1,ACCOUNT_TAKEOVER
CUST_46758,2103.14,Murphy PLC,GROCERY,GB,NET_BANKING,2,306,0,0,639,0,0,0,LEGITIMATE
CUST_63754,2743.21,Chung-Watts,ENTERTAINMENT,US,WALLET,2,293,0,0,813,0,0,0,LEGITIMATE
CUST_37353,10743.76,"Ramsey, Cooper and Bullock",FOOD,CN,WALLET,9,1,1,1,1965,1,1,1,ACCOUNT_TAKEOVER
CUST_47260,23526.33,"Mcfarland, Ayala and Lee",TRAVEL,US,NET_BANKING,10,0,1,1,1050,1,1,1,ACCOUNT_TAKEOVER
CUST_85709,5823.37,Vincent and Sons,HEALTHCARE,NG,WALLET,14,3,1,1,1452,1,1,1,ACCOUNT_TAKEOVER
CUST_47143,2594.3,Werner-Martinez,HEALTHCARE,IN,WALLET,13,1,1,1,1368,1,1,1,ACCOUNT_TAKEOVER
CUST_10593,631.97,Snyder Ltd,HEALTHCARE,NG,UPI,4,247,0,0,184,0,0,0,LEGITIMATE
CUST_46014,2352.22,"Jackson, Miller and Watkins",EDUCATION,NG,NET_BANKING,4,633,0,0,1196,0,0,0,LEGITIMATE
CUST_80633,1971.06,Smith-Knight,OTHER,GB,CREDIT_CARD,1,923,0,0,2403,0,0,0,LEGITIMATE
CUST_66784,2976.744641088831,Carroll-Adams,FOOD,IN,UPI,26,56,0,0,2423,0,0,1,VELOCITY_ABUSE
CUST_68724,2825.89,Woods-Freeman,EDUCATION,GB,NET_BANKING,3,30,0,0,450,0,0,0,LEGITIMATE
CUST_95540,3095.47,Saunders PLC,EDUCATION,IN,CREDIT_CARD,3,297,0,0,1417,0,0,0,LEGITIMATE
CUST_83790,5074.53,Avila-Perez,ENTERTAINMENT,US,DEBIT_CARD,4,619,0,0,770,0,0,0,LEGITIMATE
CUST_77780,4417.49,Smith Group,ENTERTAINMENT,IN,UPI,3,830,0,0,1372,0,0,0,LEGITIMATE
CUST_63603,1589.74,Baxter-Ferguson,ECOMMERCE,NG,NET_BANKING,3,952,0,0,1703,0,0,0,LEGITIMATE
CUST_33323,3758.2,"Massey, Strickland and Chan",FOOD,CN,NET_BANKING,2,951,0,0,2327,0,0,0,LEGITIMATE
CUST_53402,3268.1,Edwards-Lopez,ENTERTAINMENT,IN,CREDIT_CARD,2,581,0,0,1855,0,0,0,LEGITIMATE
CUST_52431,4363.24,"Reed, Barnes and Boyd",TRAVEL,CN,NET_BANKING,1,674,0,0,2039,0,0,0,LEGITIMATE
CUST_63906,1082.23,Cox-Weaver,ENTERTAINMENT,NG,DEBIT_CARD,1,717,0,1,1051,0,0,1,PAYMENT_METHOD_ABUSE
CUST_52346,4180.33,Sullivan LLC,ECOMMERCE,GB,CREDIT_CARD,1,900,0,0,2127,0,0,0,LEGITIMATE
CUST_28520,996.7,Martin LLC,EDUCATION,GB,WALLET,2,31,1,0,1829,0,0,1,GEOGRAPHIC_ANOMALY
CUST_29323,1824.76,Ross PLC,HEALTHCARE,CN,WALLET,2,426,0,0,2035,0,0,0,LEGITIMATE
CUST_52932,4072.42,"Jackson, Berry and Whitehead",GROCERY,US,DEBIT_CARD,3,726,0,0,1729,0,0,0,LEGITIMATE
CUST_46865,2763.03,"Howard, Malone and Lewis",ENTERTAINMENT,NG,NET_BANKING,2,268,0,0,895,0,0,0,LEGITIMATE
CUST_23756,2120.49,Rivera-Christian,TRAVEL,IN,DEBIT_CARD,4,120,0,0,2230,0,0,0,LEGITIMATE
CUST_72492,4841.72,Cohen-Wade,ECOMMERCE,CN,CREDIT_CARD,3,502,0,0,225,0,0,0,LEGITIMATE
CUST_70496,1545.16,"Anderson, York and Jones",HEALTHCARE,US,DEBIT_CARD,4,581,0,0,1783,1,0,1,MERCHANT_ANOMALY
CUST_15392,1436.71,Patrick-Yu,OTHER,NG,NET_BANKING,3,657,0,0,2116,0,0,0,LEGITIMATE
CUST_45732,2013.46,Santiago-Johnson,ENTERTAINMENT,US,WALLET,3,898,0,0,1204,0,0,0,LEGITIMATE
CUST_34937,52898.49,Gaines Inc,ENTERTAINMENT,NG,CREDIT_CARD,16,0,1,1,1857,1,1,1,MULTI_SIGNAL_ATTACK
CUST_12952,464.34,Alvarez Group,OTHER,CN,UPI,3,234,0,0,1996,0,0,0,LEGITIMATE
CUST_49065,26527.83,"Patel, King and Austin",HEALTHCARE,US,NET_BANKING,14,2,1,1,391,1,1,1,ACCOUNT_TAKEOVER
CUST_14390,3178.45,Hoffman Group,EDUCATION,GB,UPI,3,769,0,0,1705,0,0,0,LEGITIMATE
CUST_44523,1897.14,"Shaw, Henson and Norton",HEALTHCARE,US,NET_BANKING,2,965,0,0,1436,0,0,0,LEGITIMATE
CUST_36251,12698.86,Gibson Group,EDUCATION,IN,CREDIT_CARD,14,0,1,1,563,1,1,1,ACCOUNT_TAKEOVER
CUST_19193,21614.74167306235,Wilson-Roberts,EDUCATION,US,UPI,4,1,0,1,20,1,1,1,SYNTHETIC_IDENTITY
CUST_81777,3660.61,Schwartz and Sons,ECOMMERCE,GB,NET_BANKING,4,108,0,0,446,0,0,0,LEGITIMATE
CUST_50889,6753.98,King-Hubbard,OTHER,CN,NET_BANKING,4,553,0,0,1285,0,0,0,LEGITIMATE
CUST_73813,26286.39,Harrison-Jones,GROCERY,GB,WALLET,4,590,0,0,30,1,1,1,TRANSACTION_ANOMALY
CUST_58872,5483.99,Gonzalez-Welch,EDUCATION,GB,UPI,1,569,0,0,575,0,0,0,LEGITIMATE
CUST_94135,3844.43,Adams-Deleon,TRAVEL,GB,DEBIT_CARD,2,618,0,0,307,0,0,0,LEGITIMATE
CUST_34370,1883.42,Becker Ltd,ENTERTAINMENT,CN,UPI,2,668,0,1,2063,0,0,1,PAYMENT_METHOD_ABUSE
CUST_30390,2193.23,Smith-Neal,GROCERY,CN,UPI,12,1,1,1,304,1,1,1,ACCOUNT_TAKEOVER
CUST_37946,2212.35,Cardenas Ltd,FOOD,CN,UPI,3,201,1,0,2290,0,0,1,GEOGRAPHIC_ANOMALY
CUST_49220,2145.33,Hill Group,GROCERY,US,DEBIT_CARD,1,47,0,0,1268,0,0,0,LEGITIMATE
CUST_98106,4172.22,Waters Group,OTHER,NG,DEBIT_CARD,4,453,1,0,711,0,0,1,GEOGRAPHIC_ANOMALY
CUST_72792,1842.8653096835628,Salas-Scott,ECOMMERCE,IN,CREDIT_CARD,10,547,0,0,1268,0,0,1,VELOCITY_ABUSE
CUST_77386,3856.54,Chan Group,ENTERTAINMENT,US,NET_BANKING,1,387,0,0,1561,0,0,0,LEGITIMATE
CUST_37530,5033.99,Jones Inc,HEALTHCARE,NG,DEBIT_CARD,3,381,0,0,2189,0,0,0,LEGITIMATE
CUST_91607,6033.96,Richardson and Sons,OTHER,NG,CREDIT_CARD,4,368,0,0,267,1,0,1,MERCHANT_ANOMALY
CUST_78003,3778.42,Hansen and Sons,OTHER,CN,UPI,2,995,0,0,483,0,0,0,LEGITIMATE
CUST_22727,4776.39,Gutierrez-Schmidt,ENTERTAINMENT,US,WALLET,1,779,0,0,2436,0,0,0,LEGITIMATE
CUST_17272,3958.25,Moore-Howard,FOOD,NG,UPI,2,750,0,0,833,0,0,0,LEGITIMATE
CUST_89521,8483.956635612818,Sloan LLC,TRAVEL,GB,CREDIT_CARD,11,792,0,0,738,0,0,1,VELOCITY_ABUSE
CUST_23317,1896.43,"George, Lawrence and Velez",HEALTHCARE,IN,DEBIT_CARD,1,119,0,0,740,0,0,0,LEGITIMATE
CUST_48760,9546.56409544,Olson Inc,ECOMMERCE,IN,DEBIT_CARD,11,401,0,0,1674,0,0,1,VELOCITY_ABUSE
CUST_52038,3801.12,Morgan Group,ECOMMERCE,IN,CREDIT_CARD,4,481,0,0,945,0,0,0,LEGITIMATE
CUST_79838,4694.94,"Cross, Stewart and Oconnor",GROCERY,CN,WALLET,3,658,1,0,390,0,0,1,GEOGRAPHIC_ANOMALY
CUST_51912,3512.1,Steele LLC,EDUCATION,CN,DEBIT_CARD,3,152,0,0,1900,0,0,0,LEGITIMATE
CUST_83185,3176.03,Lewis-Cline,FOOD,NG,DEBIT_CARD,3,379,0,0,782,0,0,0,LEGITIMATE
CUST_30014,6593.19,Richardson-Acosta,ENTERTAINMENT,CN,DEBIT_CARD,1,53,0,1,255,0,0,1,PAYMENT_METHOD_ABUSE
CUST_60127,750.28,"Elliott, Browning and Mendez",FOOD,US,CREDIT_CARD,2,193,1,0,1588,0,0,1,GEOGRAPHIC_ANOMALY
CUST_26187,24884.909760050297,Cabrera-Martin,HEALTHCARE,NG,NET_BANKING,5,10,0,1,21,1,1,1,SYNTHETIC_IDENTITY
CUST_59942,2942.05,"Rivera, Russo and Barber",TRAVEL,CN,CREDIT_CARD,4,616,0,0,2358,0,0,0,LEGITIMATE
CUST_21318,16455.04,"Baxter, Lane and Nash",OTHER,IN,WALLET,3,534,0,0,45,1,1,1,TRANSACTION_ANOMALY
CUST_16443,580.29,Greene-Mcgrath,TRAVEL,US,CREDIT_CARD,4,964,0,0,854,0,0,0,LEGITIMATE
CUST_45039,1005.18,"Lee, Mcmahon and Kim",OTHER,GB,DEBIT_CARD,4,991,0,0,2319,0,0,0,LEGITIMATE
CUST_26003,1704.8,"Ramirez, Williams and Haynes",HEALTHCARE,NG,CREDIT_CARD,1,369,0,0,622,0,0,0,LEGITIMATE
CUST_98721,7313.64,Ramirez PLC,TRAVEL,GB,WALLET,9,0,1,1,2126,1,1,1,ACCOUNT_TAKEOVER
CUST_64854,9259.83,"Rosales, Smith and Lyons",OTHER,IN,UPI,15,2,1,1,1498,1,1,1,ACCOUNT_TAKEOVER
CUST_67101,514.02,"Foster, Frazier and Hall",ECOMMERCE,GB,CREDIT_CARD,3,471,0,0,1636,0,0,0,LEGITIMATE
CUST_27634,2240.13,Lewis Inc,OTHER,NG,WALLET,4,385,0,0,933,0,0,0,LEGITIMATE
CUST_65780,2909.91,Zamora and Sons,ECOMMERCE,IN,NET_BANKING,2,936,0,0,1003,0,0,0,LEGITIMATE
CUST_28094,3483.62,"Butler, Nixon and Jones",FOOD,NG,CREDIT_CARD,4,39,1,0,2453,0,0,1,GEOGRAPHIC_ANOMALY
CUST_87217,3810.98,Baldwin-Schmidt,FOOD,CN,WALLET,1,242,0,0,1164,0,0,0,LEGITIMATE
CUST_53158,22205.043638826246,Miller-Andrade,FOOD,GB,UPI,10,9,0,1,19,1,1,1,SYNTHETIC_IDENTITY
CUST_16262,860.04,Phillips-Thomas,ENTERTAINMENT,US,NET_BANKING,3,933,0,0,1511,0,0,0,LEGITIMATE
CUST_22186,5395.83,Rodgers LLC,ECOMMERCE,CN,CREDIT_CARD,2,159,0,0,1704,0,0,0,LEGITIMATE
CUST_96180,1244.85,Ramirez-Scott,GROCERY,CN,WALLET,4,864,0,0,1643,0,0,0,LEGITIMATE
CUST_92154,2876.81,"Santiago, Lester and Conrad",HEALTHCARE,CN,NET_BANKING,2,406,0,0,2195,0,0,0,LEGITIMATE
CUST_96970,8895.01231286738,Smith-Alexander,ECOMMERCE,US,UPI,6,0,0,1,17,1,1,1,SYNTHETIC_IDENTITY
CUST_67250,3585.47,Delgado-Kelley,HEALTHCARE,NG,NET_BANKING,4,526,0,0,2118,0,0,0,LEGITIMATE
CUST_63674,4986.41,"Horton, Marsh and Garrison",GROCERY,NG,WALLET,2,521,0,0,2058,0,0,0,LEGITIMATE
CUST_45232,2150.41,"Moreno, Lopez and Bradley",HEALTHCARE,NG,WALLET,2,395,0,0,1179,0,0,0,LEGITIMATE
CUST_93385,64164.43,Mccullough-Romero,OTHER,IN,UPI,3,644,0,0,851,0,1,1,TRANSACTION_ANOMALY
CUST_45984,3507.28,Guerrero-Reyes,ENTERTAINMENT,CN,CREDIT_CARD,3,569,0,0,2231,0,0,0,LEGITIMATE
CUST_60563,26358.69,Taylor LLC,OTHER,GB,UPI,21,2,1,1,670,1,1,1,MULTI_SIGNAL_ATTACK
CUST_51719,4911.48,Frank Inc,EDUCATION,GB,UPI,4,572,0,0,324,0,0,0,LEGITIMATE
CUST_88492,2691.13,"Gardner, Bright and Rojas",GROCERY,US,CREDIT_CARD,2,92,0,0,1778,0,0,0,LEGITIMATE
CUST_24451,3035.97,Hicks-Andrade,GROCERY,US,CREDIT_CARD,4,697,0,0,1652,0,0,0,LEGITIMATE
CUST_93794,627.34,Evans and Sons,ENTERTAINMENT,US,DEBIT_CARD,2,342,0,0,665,0,0,0,LEGITIMATE
CUST_96876,2459.02,Aguilar-Quinn,OTHER,US,NET_BANKING,3,476,0,0,2488,0,0,0,LEGITIMATE
CUST_95839,361.81,Baker Ltd,GROCERY,IN,UPI,3,596,0,0,231,0,0,0,LEGITIMATE
CUST_10656,3185.48,Pacheco-Ponce,ECOMMERCE,GB,NET_BANKING,4,439,0,0,324,0,0,0,LEGITIMATE
CUST_73697,21003.3,"Oliver, Craig and Cunningham",GROCERY,GB,UPI,3,280,0,0,457,1,1,1,TRANSACTION_ANOMALY
CUST_90616,1548.72,Sanchez-Haney,ENTERTAINMENT,CN,NET_BANKING,2,79,0,0,1821,0,0,0,LEGITIMATE
CUST_92460,2728.41,Costa Inc,EDUCATION,US,UPI,2,757,0,0,1392,0,0,0,LEGITIMATE
CUST_79561,4023.01,Pollard-Green,OTHER,CN,DEBIT_CARD,1,204,0,0,1459,0,0,0,LEGITIMATE
CUST_21205,1066.41,Santos PLC,ECOMMERCE,GB,WALLET,4,494,0,0,1493,0,0,0,LEGITIMATE
CUST_54588,3513.9,"Hoffman, Wang and Guerra",TRAVEL,NG,CREDIT_CARD,4,296,0,0,1340,0,0,0,LEGITIMATE
CUST_38513,10477.06,Waller-Vega,OTHER,GB,WALLET,6,0,1,1,1548,1,1,1,ACCOUNT_TAKEOVER
CUST_89580,2144.26,Smith PLC,OTHER,IN,NET_BANKING,3,336,0,0,2097,0,0,0,LEGITIMATE
CUST_22579,1133.16,Bird-Hart,TRAVEL,NG,UPI,3,664,0,0,1286,0,0,0,LEGITIMATE
CUST_80975,1738.42,Johnston Inc,ECOMMERCE,NG,WALLET,4,308,0,0,758,0,0,0,LEGITIMATE
CUST_67668,1853.29,Wagner LLC,HEALTHCARE,CN,NET_BANKING,1,522,0,0,1852,0,0,0,LEGITIMATE
CUST_12456,1241.85,Cook-Miller,ENTERTAINMENT,US,WALLET,2,683,1,0,1511,0,0,1,GEOGRAPHIC_ANOMALY
CUST_66611,2021.75,Herrera-Briggs,OTHER,CN,CREDIT_CARD,2,174,0,0,2229,0,0,0,LEGITIMATE
CUST_10350,8683.744540202872,Simmons-Anderson,OTHER,GB,NET_BANKING,4,0,0,1,12,1,1,1,SYNTHETIC_IDENTITY
CUST_97030,2877.71,"Lucas, Vargas and Schmidt",FOOD,IN,UPI,2,814,0,0,225,0,0,0,LEGITIMATE
CUST_47714,3067.61,Rivera-Boone,FOOD,US,UPI,2,390,0,0,1106,0,0,0,LEGITIMATE
CUST_57878,1915.42,Franklin Inc,HEALTHCARE,NG,NET_BANKING,3,693,0,0,1948,0,0,0,LEGITIMATE
CUST_93083,6819.317657379071,Spencer Group,FOOD,GB,NET_BANKING,29,508,0,0,2028,0,0,1,VELOCITY_ABUSE
CUST_29876,2057.47,"Newton, Lopez and Smith",HEALTHCARE,US,UPI,3,527,0,0,1003,0,0,0,LEGITIMATE
CUST_88355,692.69,Parks-Snyder,HEALTHCARE,CN,WALLET,1,189,0,0,1264,0,0,0,LEGITIMATE
CUST_79586,469.55,"Watson, Allen and Thomas",ECOMMERCE,IN,NET_BANKING,3,484,0,0,1105,0,0,0,LEGITIMATE
CUST_10246,22697.399492822275,Rodriguez PLC,OTHER,IN,WALLET,10,3,0,1,9,1,1,1,SYNTHETIC_IDENTITY
CUST_48121,3103.74,"Donovan, Sanders and Mercer",HEALTHCARE,GB,UPI,2,541,1,0,539,0,0,1,GEOGRAPHIC_ANOMALY
CUST_62746,12394.234423532458,Mcdowell-Nelson,GROCERY,IN,CREDIT_CARD,4,7,0,1,15,1,1,1,SYNTHETIC_IDENTITY
CUST_14622,753.15,Diaz-Cain,ENTERTAINMENT,CN,WALLET,2,996,0,0,1599,0,0,0,LEGITIMATE
CUST_79337,2173.84,"Curtis, Gilmore and Brown",FOOD,GB,NET_BANKING,3,622,0,0,1310,0,0,0,LEGITIMATE
CUST_40978,3046.48,Wells-West,EDUCATION,NG,NET_BANKING,2,839,0,0,2281,0,0,0,LEGITIMATE
CUST_66156,3318.57,"Marshall, Powers and Wang",HEALTHCARE,US,UPI,1,530,0,0,2023,0,0,0,LEGITIMATE
CUST_17575,2983.97,Jenkins Inc,TRAVEL,US,WALLET,1,248,0,0,1891,0,0,0,LEGITIMATE
CUST_40209,230.5,Moran-Thornton,ECOMMERCE,IN,WALLET,1,648,0,0,1444,0,0,0,LEGITIMATE
CUST_71354,4364.93,Bell Ltd,OTHER,US,UPI,4,901,0,0,1299,0,0,0,LEGITIMATE
CUST_98129,1875.8,Davis-Martinez,OTHER,IN,WALLET,1,741,1,0,951,0,0,1,GEOGRAPHIC_ANOMALY
CUST_35692,4396.67,"Nguyen, Sanders and Hall",ENTERTAINMENT,IN,DEBIT_CARD,4,893,0,0,75,1,0,1,MERCHANT_ANOMALY
CUST_30102,11687.48,Cole and Sons,TRAVEL,CN,UPI,24,1,1,1,1626,1,1,1,MULTI_SIGNAL_ATTACK
CUST_78562,23535.69,Proctor-Moore,TRAVEL,CN,CREDIT_CARD,2,845,0,0,1628,1,1,1,TRANSACTION_ANOMALY
CUST_52240,2697.52,"Johnston, Hernandez and Ewing",OTHER,CN,CREDIT_CARD,2,893,0,0,681,1,0,1,MERCHANT_ANOMALY
CUST_91093,3462.61,Maynard Group,HEALTHCARE,CN,NET_BANKING,3,416,0,0,1283,0,0,0,LEGITIMATE
CUST_58798,23856.56574788227,"Delgado, Brooks and Bailey",HEALTHCARE,US,CREDIT_CARD,6,6,0,1,26,1,1,1,SYNTHETIC_IDENTITY
CUST_69001,1173.72,"Sanchez, Wilson and Ramirez",GROCERY,NG,UPI,1,736,0,0,798,0,0,0,LEGITIMATE
CUST_87740,1424.29,Munoz-Baker,EDUCATION,CN,WALLET,3,912,0,0,916,0,0,0,LEGITIMATE
CUST_75097,2807.873622138874,Johnson-Johnson,EDUCATION,GB,DEBIT_CARD,16,707,0,0,358,0,0,1,VELOCITY_ABUSE
CUST_44991,1900.95,Fox Group,FOOD,IN,DEBIT_CARD,4,41,0,0,274,0,0,0,LEGITIMATE
CUST_35637,5491.4,Bishop Ltd,OTHER,NG,NET_BANKING,4,77,0,0,36,0,0,0,LEGITIMATE
CUST_85105,843.81,Moore-Chen,OTHER,CN,NET_BANKING,4,416,0,0,73,0,0,0,LEGITIMATE
CUST_28924,4883.87,Beck PLC,OTHER,IN,DEBIT_CARD,1,681,0,1,1558,0,0,1,PAYMENT_METHOD_ABUSE
CUST_22295,17229.67,"Yang, Charles and Baker",GROCERY,IN,UPI,13,3,1,1,2073,1,1,1,ACCOUNT_TAKEOVER
CUST_85275,2402.24,Cortez-Ingram,ECOMMERCE,IN,DEBIT_CARD,3,844,0,0,940,0,0,0,LEGITIMATE
CUST_62508,1672.88,"Howell, Haney and Stafford",EDUCATION,NG,NET_BANKING,1,440,0,0,1081,0,0,0,LEGITIMATE
CUST_14850,5251.13,Griffin-Sloan,GROCERY,US,NET_BANKING,1,608,0,0,1352,0,0,0,LEGITIMATE
CUST_73772,15364.95,"Kelly, Murray and Turner",ENTERTAINMENT,IN,DEBIT_CARD,19,0,1,1,93,1,1,1,MULTI_SIGNAL_ATTACK
CUST_23086,12839.56,Skinner and Sons,HEALTHCARE,CN,WALLET,4,313,0,0,799,1,1,1,TRANSACTION_ANOMALY
CUST_42322,3517.43,Yang-Allen,ECOMMERCE,NG,CREDIT_CARD,3,205,0,1,304,0,0,1,PAYMENT_METHOD_ABUSE
CUST_28428,3668.04,Salinas and Sons,EDUCATION,US,WALLET,4,405,1,0,743,0,0,1,GEOGRAPHIC_ANOMALY
CUST_28555,1337.79,"Webb, Ortega and Thomas",HEALTHCARE,US,WALLET,3,226,0,0,979,0,0,0,LEGITIMATE
CUST_99449,11410.45676267104,"Jones, Newman and Russell",ENTERTAINMENT,IN,NET_BANKING,6,5,0,1,16,1,1,1,SYNTHETIC_IDENTITY
CUST_26006,1324.4152473501078,"White, Williams and Lawrence",FOOD,US,UPI,16,184,0,0,136,0,0,1,VELOCITY_ABUSE
CUST_53308,16477.16,"Woods, Wallace and Moran",OTHER,CN,WALLET,8,3,1,1,1535,1,1,1,MULTI_SIGNAL_ATTACK
CUST_55272,6258.1,Blackburn LLC,OTHER,NG,CREDIT_CARD,2,289,0,0,1712,0,0,0,LEGITIMATE
CUST_60067,4159.256155094861,Smith Ltd,FOOD,GB,NET_BANKING,24,243,0,0,49,0,0,1,VELOCITY_ABUSE
CUST_43930,6113.79,Wagner PLC,OTHER,GB,NET_BANKING,8,2,1,1,502,1,1,1,ACCOUNT_TAKEOVER
CUST_52545,2895.34,Adams Group,ECOMMERCE,CN,CREDIT_CARD,2,75,0,0,2434,0,0,0,LEGITIMATE
CUST_39838,25657.27,Benson PLC,ENTERTAINMENT,CN,WALLET,8,0,1,1,954,1,1,1,MULTI_SIGNAL_ATTACK
CUST_46818,4561.03,"Johnson, Andrews and Shaffer",ENTERTAINMENT,IN,NET_BANKING,1,584,0,0,2214,0,0,0,LEGITIMATE
CUST_22154,5188.85,Mcmahon PLC,GROCERY,CN,UPI,1,495,0,0,1440,0,0,0,LEGITIMATE
CUST_87902,2989.54,Parrish-Gallagher,ENTERTAINMENT,GB,NET_BANKING,1,82,0,0,2420,0,0,0,LEGITIMATE
CUST_73454,3760.53,Tran Inc,EDUCATION,CN,UPI,3,458,0,0,2389,0,0,0,LEGITIMATE
CUST_54750,941.49,Moore LLC,TRAVEL,US,DEBIT_CARD,2,333,0,0,1919,1,0,1,MERCHANT_ANOMALY
CUST_99168,1555.5,Johnson LLC,EDUCATION,US,WALLET,4,571,0,0,131,1,0,1,MERCHANT_ANOMALY
CUST_64638,3335.87,Phelps PLC,EDUCATION,CN,WALLET,4,99,0,0,76,0,0,0,LEGITIMATE
CUST_38637,3106.02,"Acosta, Murphy and Williams",EDUCATION,US,WALLET,4,934,0,0,2157,0,0,0,LEGITIMATE
CUST_67764,349.58,Hill-Guzman,HEALTHCARE,CN,DEBIT_CARD,4,177,0,1,1898,0,0,1,PAYMENT_METHOD_ABUSE
CUST_75143,4694.07,Russell PLC,TRAVEL,GB,NET_BANKING,25,1,1,1,1948,1,1,1,MULTI_SIGNAL_ATTACK
CUST_32595,2702.36867166778,Turner LLC,EDUCATION,IN,WALLET,15,324,0,0,797,0,0,1,VELOCITY_ABUSE
CUST_99707,3416.61,Walker-Love,TRAVEL,IN,CREDIT_CARD,3,316,0,1,1020,0,0,1,PAYMENT_METHOD_ABUSE
CUST_62577,2470.27,Brown Inc,ENTERTAINMENT,CN,DEBIT_CARD,3,700,0,0,142,0,0,0,LEGITIMATE
CUST_27106,4518.02,Clarke PLC,OTHER,GB,WALLET,2,643,0,0,811,0,0,0,LEGITIMATE
CUST_50045,634.45,Phillips Group,HEALTHCARE,US,NET_BANKING,1,834,0,1,400,0,0,1,PAYMENT_METHOD_ABUSE
CUST_43267,28969.85744404604,"Lopez, Garrett and Hughes",GROCERY,NG,UPI,5,5,0,1,4,1,1,1,SYNTHETIC_IDENTITY
CUST_55883,822.46,"Owens, Fernandez and Mcgee",GROCERY,US,UPI,3,165,0,0,1303,0,0,0,LEGITIMATE
CUST_57862,5630.63,Alexander and Sons,OTHER,IN,CREDIT_CARD,4,587,0,1,1394,0,0,1,PAYMENT_METHOD_ABUSE
CUST_98963,5690.6,Duncan PLC,ECOMMERCE,IN,WALLET,2,939,0,0,769,0,0,0,LEGITIMATE
CUST_19851,7869.015585471338,Shields-Brewer,FOOD,IN,WALLET,28,454,0,0,1998,0,0,1,VELOCITY_ABUSE
CUST_96747,3750.86,Evans Inc,OTHER,NG,WALLET,4,237,0,0,569,0,0,0,LEGITIMATE
CUST_19999,1479.02,Wolfe-Nguyen,ENTERTAINMENT,US,WALLET,1,515,0,0,1060,0,0,0,LEGITIMATE
CUST_97363,1079.51,Scott Inc,ENTERTAINMENT,CN,UPI,2,808,0,0,2395,0,0,0,LEGITIMATE
CUST_33953,314.77,Nunez-Stewart,GROCERY,NG,NET_BANKING,1,213,0,0,2249,0,0,0,LEGITIMATE
CUST_79084,865.87,"Williams, Wilson and Crawford",HEALTHCARE,GB,CREDIT_CARD,2,778,0,0,2027,0,0,0,LEGITIMATE
CUST_95994,2090.56,"Simpson, Moss and Smith",OTHER,NG,UPI,1,437,1,0,44,0,0,1,GEOGRAPHIC_ANOMALY
CUST_91200,1553.78,Hart and Sons,GROCERY,IN,UPI,4,357,0,0,593,0,0,0,LEGITIMATE
CUST_95227,1704.93,Elliott-Johnson,HEALTHCARE,GB,DEBIT_CARD,4,288,1,0,103,0,0,1,GEOGRAPHIC_ANOMALY
CUST_16658,627.2698487506543,Conway LLC,GROCERY,CN,NET_BANKING,16,782,0,0,971,0,0,1,VELOCITY_ABUSE
CUST_58819,3042.53,Cobb-Casey,TRAVEL,CN,DEBIT_CARD,1,466,0,0,2109,0,0,0,LEGITIMATE
CUST_16419,3600.97,Smith-Sutton,HEALTHCARE,GB,NET_BANKING,2,440,0,0,390,0,0,0,LEGITIMATE
CUST_73625,4671.71,Bailey Inc,HEALTHCARE,GB,WALLET,4,37,0,0,339,0,0,0,LEGITIMATE
CUST_22537,2127.75,Holt Inc,FOOD,IN,WALLET,4,715,0,0,1524,0,0,0,LEGITIMATE
CUST_27332,602.11,Ellis-Moreno,TRAVEL,NG,UPI,1,898,0,0,143,0,0,0,LEGITIMATE
CUST_83708,9503.29,"Hill, Brady and Sanford",HEALTHCARE,US,DEBIT_CARD,12,2,1,1,663,1,1,1,ACCOUNT_TAKEOVER
CUST_76259,1509.52,Carlson LLC,OTHER,NG,UPI,3,966,0,0,691,1,0,1,MERCHANT_ANOMALY
CUST_26369,3523.27,"Davis, Humphrey and Montoya",ECOMMERCE,CN,WALLET,2,49,0,0,346,0,0,0,LEGITIMATE
CUST_71164,33668.04,Gray LLC,ENTERTAINMENT,NG,CREDIT_CARD,12,3,1,1,1399,1,1,1,MULTI_SIGNAL_ATTACK
CUST_20450,11646.61,"Hoffman, Phillips and Weaver",ECOMMERCE,CN,CREDIT_CARD,13,3,1,1,2148,1,1,1,MULTI_SIGNAL_ATTACK
CUST_43801,2120.08,"Vega, Shannon and Mora",ENTERTAINMENT,US,DEBIT_CARD,3,667,0,0,1246,0,0,0,LEGITIMATE
CUST_70612,7300.78,"Carr, Cain and Mason",TRAVEL,CN,WALLET,4,142,0,0,2155,0,0,0,LEGITIMATE
CUST_54244,5352.7,Boyer Ltd,ECOMMERCE,GB,WALLET,2,658,0,0,1693,0,0,0,LEGITIMATE
CUST_84888,3394.35,"Pierce, Foster and Jackson",ENTERTAINMENT,US,WALLET,2,330,0,0,222,0,0,0,LEGITIMATE
CUST_71721,4817.32,Dyer-Ward,GROCERY,CN,CREDIT_CARD,1,645,0,0,2410,0,0,0,LEGITIMATE
CUST_18626,1966.19,Miller-Robbins,OTHER,GB,DEBIT_CARD,2,445,0,0,1746,0,0,0,LEGITIMATE
CUST_60062,6156.611328754642,Ramirez and Sons,HEALTHCARE,US,UPI,11,452,0,0,596,0,0,1,VELOCITY_ABUSE
CUST_21079,957.43,"Baldwin, Harris and Miller",FOOD,IN,UPI,1,800,0,0,1129,0,0,0,LEGITIMATE
CUST_70308,4876.89,"Sullivan, Lee and Harrison",EDUCATION,US,UPI,3,461,0,0,785,0,0,0,LEGITIMATE
CUST_84917,1945.89,Kaiser Group,HEALTHCARE,IN,WALLET,2,252,0,0,82,1,0,1,MERCHANT_ANOMALY
CUST_79138,1133.42,Smith-Rowland,ENTERTAINMENT,CN,DEBIT_CARD,2,884,0,0,1147,0,0,0,LEGITIMATE
CUST_94853,4905.92,Wade-Lane,EDUCATION,NG,NET_BANKING,4,846,0,0,1353,0,0,0,LEGITIMATE
CUST_20802,584.87,Duke-Johnson,GROCERY,NG,DEBIT_CARD,2,789,1,0,1475,0,0,1,GEOGRAPHIC_ANOMALY
CUST_40969,2777.43,Weber-Wang,GROCERY,GB,CREDIT_CARD,1,618,0,0,1679,0,0,0,LEGITIMATE
CUST_14972,20474.65,Peters Inc,OTHER,CN,NET_BANKING,3,338,0,0,257,1,1,1,TRANSACTION_ANOMALY
CUST_42691,3713.82,Clements and Sons,ENTERTAINMENT,GB,CREDIT_CARD,2,157,0,0,1360,0,0,0,LEGITIMATE
CUST_62501,2673.65,Brown Group,TRAVEL,NG,CREDIT_CARD,3,860,0,0,2048,0,0,0,LEGITIMATE
CUST_45080,19271.58,Bell-Williams,ECOMMERCE,GB,UPI,15,1,1,1,2368,1,1,1,ACCOUNT_TAKEOVER
CUST_55450,4869.29,Jackson-Skinner,OTHER,NG,WALLET,2,284,0,0,744,0,0,0,LEGITIMATE
CUST_76970,5389.56,Diaz-Long,ECOMMERCE,US,CREDIT_CARD,3,284,0,0,433,0,0,0,LEGITIMATE
CUST_92453,2271.06,Ewing and Sons,TRAVEL,IN,DEBIT_CARD,2,186,0,0,882,0,0,0,LEGITIMATE
CUST_48419,2638.12,Johnson Inc,GROCERY,GB,WALLET,4,191,0,0,1978,0,0,0,LEGITIMATE
CUST_17204,1338.21,Ramirez-Williams,HEALTHCARE,US,CREDIT_CARD,1,158,0,0,1020,0,0,0,LEGITIMATE
CUST_42576,2589.07,"Thompson, Johnson and Ortiz",FOOD,GB,CREDIT_CARD,3,362,0,0,570,0,0,0,LEGITIMATE
CUST_80034,1609.69,Huffman-Parker,ENTERTAINMENT,IN,CREDIT_CARD,3,999,0,0,2072,0,0,0,LEGITIMATE
CUST_54680,2103.1,Harmon-Schaefer,FOOD,GB,CREDIT_CARD,3,906,0,0,1640,0,0,0,LEGITIMATE
CUST_21482,4381.6,Hughes PLC,ECOMMERCE,GB,WALLET,4,819,0,0,569,0,0,0,LEGITIMATE
CUST_77747,18334.52,"Delgado, Brown and Roman",FOOD,US,DEBIT_CARD,9,2,1,1,338,1,1,1,ACCOUNT_TAKEOVER
CUST_18962,2259.54,Chandler-Davila,HEALTHCARE,IN,NET_BANKING,4,154,0,0,1956,0,0,0,LEGITIMATE
CUST_61423,2537.33,"Gonzalez, Hall and Coleman",TRAVEL,US,WALLET,3,449,0,0,1800,0,0,0,LEGITIMATE
CUST_42247,756.56,Williams LLC,FOOD,CN,DEBIT_CARD,3,943,0,1,101,0,0,1,PAYMENT_METHOD_ABUSE
CUST_51411,3373.54,"English, Ramirez and Bray",GROCERY,IN,NET_BANKING,1,326,0,0,568,0,0,0,LEGITIMATE
CUST_30164,38946.37,Wells and Sons,EDUCATION,IN,WALLET,14,1,1,1,254,1,1,1,MULTI_SIGNAL_ATTACK
CUST_65372,248.57,Richards-King,GROCERY,NG,WALLET,3,813,0,0,128,0,0,0,LEGITIMATE
CUST_64735,3169.9520915214903,Santos Group,ECOMMERCE,IN,WALLET,11,580,0,0,423,0,0,1,VELOCITY_ABUSE
CUST_61214,1661.95,"Graham, Mercado and Williams",ECOMMERCE,CN,WALLET,4,754,0,0,499,0,0,0,LEGITIMATE
CUST_80209,5932.3,Johnson-Ortiz,HEALTHCARE,IN,NET_BANKING,3,672,0,0,1473,0,0,0,LEGITIMATE
CUST_14611,3389.47,Miller-Robinson,HEALTHCARE,CN,NET_BANKING,2,419,0,0,2451,0,0,0,LEGITIMATE
CUST_72735,2441.48,Jimenez PLC,GROCERY,NG,CREDIT_CARD,4,190,0,0,751,0,0,0,LEGITIMATE
CUST_10232,1252.65,"Bautista, Walton and Robinson",ENTERTAINMENT,IN,NET_BANKING,2,390,0,0,2299,0,0,0,LEGITIMATE
CUST_65046,7802.142000222591,Wright-Williams,OTHER,IN,WALLET,11,576,0,0,1188,0,0,1,VELOCITY_ABUSE
CUST_89122,2133.98,"Lopez, Moore and Hodges",HEALTHCARE,NG,CREDIT_CARD,3,652,0,0,1846,0,0,0,LEGITIMATE
CUST_81909,1237.61,Wood-Brown,OTHER,CN,CREDIT_CARD,1,996,0,0,867,0,0,0,LEGITIMATE
CUST_66987,14811.01,"Haney, Levy and Allen",EDUCATION,IN,NET_BANKING,19,2,1,1,1582,1,1,1,MULTI_SIGNAL_ATTACK
CUST_56018,9479.83,"Brady, Morse and Cruz",ECOMMERCE,US,UPI,12,0,1,1,1526,1,1,1,MULTI_SIGNAL_ATTACK
CUST_55364,6931.565354768912,Rowland Ltd,ECOMMERCE,GB,DEBIT_CARD,10,843,0,0,1785,0,0,1,VELOCITY_ABUSE
CUST_23031,2698.12,Smith Ltd,OTHER,CN,CREDIT_CARD,4,140,0,0,1580,0,0,0,LEGITIMATE
CUST_58650,315.72,"Franklin, White and Stone",OTHER,NG,DEBIT_CARD,3,710,0,0,1189,0,0,0,LEGITIMATE
CUST_17546,9215.26,"Lindsey, Rogers and Walker",ENTERTAINMENT,IN,UPI,15,1,1,1,597,1,1,1,ACCOUNT_TAKEOVER
CUST_84452,2385.65,Hayes-Bell,OTHER,CN,DEBIT_CARD,3,416,0,0,2061,0,0,0,LEGITIMATE
CUST_22765,761.2218654463607,Ortiz-Carter,GROCERY,US,DEBIT_CARD,11,568,0,0,1634,0,0,1,VELOCITY_ABUSE
CUST_86056,1231.09,Wheeler-Padilla,ECOMMERCE,GB,UPI,2,48,0,0,355,0,0,0,LEGITIMATE
CUST_74450,1554.39,Alexander Group,OTHER,IN,WALLET,3,307,0,0,1168,0,0,0,LEGITIMATE
CUST_64173,1737.38,"Nelson, Hines and Hansen",OTHER,US,DEBIT_CARD,4,190,0,0,1617,0,0,0,LEGITIMATE
CUST_29041,3386.71,Gonzalez-Bell,OTHER,US,UPI,2,160,0,0,1409,0,0,0,LEGITIMATE
CUST_42743,431.89,Smith-Espinoza,ECOMMERCE,US,UPI,4,492,0,0,183,0,0,0,LEGITIMATE
CUST_23380,34216.53,Jones Ltd,GROCERY,GB,UPI,3,134,0,0,785,1,1,1,TRANSACTION_ANOMALY
CUST_54146,412.05,"Taylor, Davis and Butler",EDUCATION,CN,NET_BANKING,1,900,0,0,314,0,0,0,LEGITIMATE
CUST_33552,1031.94,Rodriguez PLC,TRAVEL,NG,NET_BANKING,3,527,0,0,920,0,0,0,LEGITIMATE
CUST_93215,1836.43,Barton-Buchanan,EDUCATION,NG,DEBIT_CARD,4,430,0,0,167,0,0,0,LEGITIMATE
CUST_90150,1841.6,"Thompson, Price and Lee",ENTERTAINMENT,NG,UPI,2,848,0,0,1352,0,0,0,LEGITIMATE
CUST_44016,2121.64,Dean-Lin,ENTERTAINMENT,US,WALLET,1,280,0,0,2304,0,0,0,LEGITIMATE
CUST_70488,1990.49,Holloway-Torres,FOOD,CN,UPI,1,887,0,0,991,0,0,0,LEGITIMATE
CUST_24401,3845.87,Morgan-Stewart,TRAVEL,IN,NET_BANKING,1,972,0,0,2213,0,0,0,LEGITIMATE
CUST_44546,1976.92,Morris Inc,ECOMMERCE,NG,WALLET,1,300,0,0,527,0,0,0,LEGITIMATE
CUST_69532,4285.15,Coffey Ltd,OTHER,NG,CREDIT_CARD,2,781,0,0,408,1,0,1,MERCHANT_ANOMALY
CUST_59593,1643.31,Moore Group,ENTERTAINMENT,US,NET_BANKING,2,326,0,0,2484,0,0,0,LEGITIMATE
CUST_18308,1468.36,Ryan-Flores,ENTERTAINMENT,US,CREDIT_CARD,1,558,0,0,215,0,0,0,LEGITIMATE
CUST_23584,3491.197094646978,Hull Inc,FOOD,NG,UPI,15,744,0,0,484,0,0,1,VELOCITY_ABUSE
CUST_25183,1763.32,Rangel-Martinez,GROCERY,NG,UPI,3,454,0,0,1852,0,0,0,LEGITIMATE
CUST_10178,2027.2,Cunningham Ltd,GROCERY,GB,NET_BANKING,4,569,0,0,2375,0,0,0,LEGITIMATE
CUST_37876,1542.74,Mcguire PLC,ENTERTAINMENT,IN,CREDIT_CARD,4,308,0,0,313,1,0,1,MERCHANT_ANOMALY
CUST_26402,3628.23,"Garcia, Best and Gonzales",HEALTHCARE,IN,NET_BANKING,4,773,1,0,654,0,0,1,GEOGRAPHIC_ANOMALY
CUST_39161,1544.22,"Love, Brennan and Huffman",ENTERTAINMENT,CN,UPI,4,33,0,0,909,0,0,0,LEGITIMATE
CUST_89202,27464.99,Palmer and Sons,EDUCATION,US,DEBIT_CARD,3,121,0,0,970,1,1,1,TRANSACTION_ANOMALY
CUST_49381,1168.65,Neal and Sons,EDUCATION,IN,CREDIT_CARD,4,389,0,0,320,0,0,0,LEGITIMATE
CUST_40637,7504.51,Briggs-Avila,GROCERY,CN,UPI,15,2,1,1,297,1,1,1,ACCOUNT_TAKEOVER
CUST_48708,1668.49,"Duke, Arellano and Long",TRAVEL,IN,UPI,3,51,0,0,1697,0,0,0,LEGITIMATE
CUST_18052,1393.03,"Kennedy, Yates and Hood",ENTERTAINMENT,CN,WALLET,4,823,0,0,1180,0,0,0,LEGITIMATE
CUST_93306,1160.88,Martin LLC,ENTERTAINMENT,NG,WALLET,1,949,0,0,2421,0,0,0,LEGITIMATE
CUST_95148,45632.06,Kelly LLC,FOOD,IN,CREDIT_CARD,15,3,1,1,1039,1,1,1,MULTI_SIGNAL_ATTACK
CUST_51051,28152.588552937752,Bailey PLC,FOOD,GB,NET_BANKING,4,9,0,1,4,1,1,1,SYNTHETIC_IDENTITY
CUST_65459,486.9,"Ryan, Kirby and Thompson",ENTERTAINMENT,US,WALLET,3,323,1,0,243,0,0,1,GEOGRAPHIC_ANOMALY
CUST_56749,1210.71,Lopez-Owens,EDUCATION,NG,NET_BANKING,3,709,0,0,1398,0,0,0,LEGITIMATE
CUST_84009,9090.68,Mckee-Frank,HEALTHCARE,US,DEBIT_CARD,10,1,1,1,1697,1,1,1,ACCOUNT_TAKEOVER
CUST_10165,3371.12,Murphy-Wheeler,TRAVEL,GB,CREDIT_CARD,2,766,0,1,256,0,0,1,PAYMENT_METHOD_ABUSE
CUST_90402,3478.68,"Heath, Davis and Flores",ECOMMERCE,CN,CREDIT_CARD,3,811,0,0,1986,0,0,0,LEGITIMATE
CUST_66042,4198.72,"Benson, Butler and Bass",OTHER,GB,DEBIT_CARD,3,896,0,0,663,0,0,0,LEGITIMATE
CUST_78950,1010.8,Mendez-Hammond,ECOMMERCE,GB,WALLET,4,596,0,0,1570,0,0,0,LEGITIMATE
CUST_69406,1386.82,Nguyen Ltd,FOOD,GB,DEBIT_CARD,1,946,0,0,408,0,0,0,LEGITIMATE
CUST_73124,218.81,Marshall-Simmons,GROCERY,CN,NET_BANKING,1,519,0,0,1629,0,0,0,LEGITIMATE
CUST_40014,3842.04,Patel Group,TRAVEL,CN,CREDIT_CARD,2,377,0,0,1338,0,0,0,LEGITIMATE
CUST_13210,2361.59,Nelson Inc,ECOMMERCE,NG,UPI,4,243,0,0,1640,0,0,0,LEGITIMATE
CUST_87664,743.1,"Roberts, Cobb and Brown",OTHER,NG,CREDIT_CARD,3,399,0,0,2221,0,0,0,LEGITIMATE
CUST_73700,4855.41,Lopez PLC,ECOMMERCE,US,UPI,1,771,0,0,50,0,0,0,LEGITIMATE
CUST_80910,1754.37,Johnson Ltd,TRAVEL,CN,UPI,1,367,0,0,1648,0,0,0,LEGITIMATE
CUST_13126,454.18,"Hansen, Bauer and Hampton",GROCERY,CN,CREDIT_CARD,1,713,0,0,741,0,0,0,LEGITIMATE
CUST_17259,2573.18,"Callahan, Cooke and Stewart",EDUCATION,CN,CREDIT_CARD,4,227,1,0,370,0,0,1,GEOGRAPHIC_ANOMALY
CUST_91721,2939.57,Ford-Young,TRAVEL,IN,CREDIT_CARD,2,700,0,0,2136,0,0,0,LEGITIMATE
CUST_35325,22275.62,"Davis, Coleman and Mcclure",ECOMMERCE,GB,WALLET,4,519,0,0,2204,1,1,1,TRANSACTION_ANOMALY
CUST_19643,9922.631617043715,Johnson and Sons,ENTERTAINMENT,GB,WALLET,30,673,0,0,281,0,0,1,VELOCITY_ABUSE
CUST_57553,4505.58,Bell Ltd,ECOMMERCE,CN,WALLET,2,929,0,0,1328,1,1,1,TRANSACTION_ANOMALY
CUST_20696,2047.83,"Snyder, Burgess and Brown",ENTERTAINMENT,CN,CREDIT_CARD,2,878,0,0,2185,0,0,0,LEGITIMATE
CUST_13808,5314.057937250322,"White, Jones and Swanson",EDUCATION,US,UPI,23,652,0,0,667,0,0,1,VELOCITY_ABUSE
CUST_51532,2728.79,"Jensen, Harris and Hodge",EDUCATION,IN,NET_BANKING,2,180,0,0,2450,0,0,0,LEGITIMATE
CUST_39534,5568.42,"Davis, Harvey and Lawrence",ECOMMERCE,IN,DEBIT_CARD,2,936,0,0,2395,0,0,0,LEGITIMATE
CUST_93239,2145.13,"Parrish, Simmons and Burns",FOOD,CN,DEBIT_CARD,4,627,0,0,1677,0,0,0,LEGITIMATE
CUST_44083,1596.72,Mcgee Ltd,TRAVEL,CN,DEBIT_CARD,4,809,1,0,2355,0,0,1,GEOGRAPHIC_ANOMALY
CUST_49489,29243.85903673195,West and Sons,FOOD,GB,CREDIT_CARD,7,3,0,1,28,1,1,1,SYNTHETIC_IDENTITY
CUST_38938,3212.92,"Green, Calderon and Thompson",ENTERTAINMENT,CN,CREDIT_CARD,3,605,0,0,219,0,0,0,LEGITIMATE
CUST_75494,1815.36,Colon-Garcia,HEALTHCARE,IN,UPI,1,819,0,0,1991,0,0,0,LEGITIMATE
CUST_93926,1800.86,"Montes, Clark and Shaffer",OTHER,US,WALLET,2,974,0,0,1621,0,0,0,LEGITIMATE
CUST_56704,3455.19,Johnson-Dixon,TRAVEL,IN,CREDIT_CARD,4,271,0,0,2393,0,0,0,LEGITIMATE
CUST_71336,16436.6,"Gaines, Hunter and Jones",EDUCATION,GB,DEBIT_CARD,10,2,1,1,719,1,1,1,ACCOUNT_TAKEOVER
CUST_19497,9716.62772231572,"Bennett, Santos and Hernandez",TRAVEL,IN,WALLET,24,509,0,0,2222,0,0,1,VELOCITY_ABUSE
CUST_84874,5601.3,Johnson Ltd,HEALTHCARE,NG,NET_BANKING,3,99,0,0,831,0,0,0,LEGITIMATE
CUST_83967,1779.73,Cochran LLC,OTHER,GB,UPI,4,721,0,0,628,0,0,0,LEGITIMATE
CUST_38386,3739.92,"Collins, Mann and Thomas",GROCERY,CN,DEBIT_CARD,3,432,0,0,1633,0,0,0,LEGITIMATE
CUST_95581,6837.75,Wilson Inc,GROCERY,CN,CREDIT_CARD,3,777,0,0,1926,1,1,1,TRANSACTION_ANOMALY
CUST_11889,5699.71,Sanchez-Li,HEALTHCARE,IN,NET_BANKING,2,621,0,0,2254,0,0,0,LEGITIMATE
CUST_31774,26975.353052735227,Williams-Eaton,ECOMMERCE,NG,CREDIT_CARD,5,10,0,1,2,1,1,1,SYNTHETIC_IDENTITY
CUST_67852,3110.18,Zuniga-Fernandez,HEALTHCARE,CN,UPI,1,513,0,0,970,0,0,0,LEGITIMATE
CUST_27528,2228.2,"Thomas, Schultz and Williams",OTHER,IN,CREDIT_CARD,4,289,0,0,56,0,0,0,LEGITIMATE
CUST_98266,4148.01,"Robinson, Bradley and Williams",TRAVEL,CN,NET_BANKING,2,674,0,0,314,0,0,0,LEGITIMATE
CUST_61846,4676.92,"Smith, Sanchez and Williams",TRAVEL,IN,WALLET,3,123,0,0,1366,0,0,0,LEGITIMATE
CUST_99709,413.68,"Gibbs, Hooper and Cooper",HEALTHCARE,IN,CREDIT_CARD,3,735,0,0,109,0,0,0,LEGITIMATE
CUST_80486,4267.34,Holland-Castro,TRAVEL,US,NET_BANKING,1,43,0,0,1078,0,0,0,LEGITIMATE
CUST_37499,937.97,Johnson Ltd,OTHER,IN,DEBIT_CARD,2,793,0,0,1743,0,0,0,LEGITIMATE
CUST_95746,34622.46,Horne Inc,GROCERY,GB,DEBIT_CARD,21,0,1,1,2196,1,1,1,MULTI_SIGNAL_ATTACK
CUST_28552,4376.59,Stevenson Inc,FOOD,IN,NET_BANKING,4,890,0,0,2324,0,0,0,LEGITIMATE
CUST_65872,409.35,Rose-Juarez,OTHER,NG,UPI,1,290,0,0,1609,0,0,0,LEGITIMATE
CUST_58996,2623.75,"Waller, Pierce and Anderson",FOOD,GB,CREDIT_CARD,3,624,0,0,1170,0,0,0,LEGITIMATE
CUST_70857,3259.07,"Brown, Walsh and Morales",ENTERTAINMENT,IN,UPI,1,132,0,0,47,0,0,0,LEGITIMATE
CUST_53148,5066.38,"Lyons, Brown and Chapman",EDUCATION,GB,UPI,6,0,1,1,419,1,1,1,ACCOUNT_TAKEOVER
CUST_57010,3267.69,Morris and Sons,GROCERY,GB,WALLET,4,131,0,0,54,0,0,0,LEGITIMATE
CUST_35577,8516.27,"Henry, Caldwell and Ward",TRAVEL,US,UPI,12,3,1,1,530,1,1,1,ACCOUNT_TAKEOVER
CUST_93356,4175.58,Torres Ltd,HEALTHCARE,US,DEBIT_CARD,3,538,0,1,1275,0,0,1,PAYMENT_METHOD_ABUSE
CUST_54546,2078.86,Sanford-Perez,HEALTHCARE,NG,CREDIT_CARD,3,824,0,0,842,0,0,0,LEGITIMATE
CUST_30861,9001.19,"Barton, Lucas and Adams",EDUCATION,NG,DEBIT_CARD,9,0,1,1,1359,1,1,1,ACCOUNT_TAKEOVER
CUST_41189,4159.44,Morton-Ferguson,HEALTHCARE,GB,WALLET,4,150,0,0,111,0,0,0,LEGITIMATE
CUST_81246,975.5,"Welch, Page and Gibson",EDUCATION,IN,DEBIT_CARD,2,406,0,0,1798,1,0,1,MERCHANT_ANOMALY
CUST_48668,1231.13,"Miller, Schneider and Walker",ENTERTAINMENT,NG,CREDIT_CARD,4,483,0,0,1522,1,0,1,MERCHANT_ANOMALY
CUST_75001,3804.11,White and Sons,FOOD,GB,CREDIT_CARD,2,48,1,0,2485,0,0,1,GEOGRAPHIC_ANOMALY
CUST_71307,1871.35,Mercer LLC,OTHER,US,CREDIT_CARD,1,119,0,1,1716,0,0,1,PAYMENT_METHOD_ABUSE
CUST_82023,3834.62,Love Ltd,OTHER,GB,CREDIT_CARD,3,705,0,0,2364,0,0,0,LEGITIMATE
CUST_32005,1637.35,Wright and Sons,ECOMMERCE,IN,DEBIT_CARD,4,92,0,0,773,0,0,0,LEGITIMATE
CUST_11017,7025.16160078122,Williams Inc,ENTERTAINMENT,US,NET_BANKING,10,717,0,0,2135,0,0,1,VELOCITY_ABUSE
CUST_74991,36622.0,Bennett-Alvarez,HEALTHCARE,CN,CREDIT_CARD,4,621,0,0,1180,1,1,1,TRANSACTION_ANOMALY
CUST_61635,34945.25,Smith Ltd,EDUCATION,US,WALLET,3,933,0,0,229,1,1,1,TRANSACTION_ANOMALY
CUST_77178,4109.39,Floyd Inc,ENTERTAINMENT,NG,DEBIT_CARD,2,82,0,0,459,0,0,0,LEGITIMATE
CUST_84510,2900.11,"Santiago, Rowland and Scott",OTHER,IN,DEBIT_CARD,3,830,0,0,65,0,0,0,LEGITIMATE
CUST_46266,1393.14,"Walker, Smith and Ortiz",ENTERTAINMENT,CN,DEBIT_CARD,1,492,0,1,1310,0,0,1,PAYMENT_METHOD_ABUSE
CUST_65842,3223.72,Moore PLC,HEALTHCARE,CN,UPI,4,880,0,0,584,0,0,0,LEGITIMATE
CUST_56485,5399.384566614056,"Garza, Johnson and Costa",EDUCATION,IN,CREDIT_CARD,29,379,0,0,2356,0,0,1,VELOCITY_ABUSE
CUST_92139,1870.82,"Brown, Dudley and White",OTHER,IN,WALLET,4,402,0,0,2355,0,0,0,LEGITIMATE
CUST_76359,19132.0,"Fox, Hanson and Neal",ECOMMERCE,US,NET_BANKING,23,0,1,1,1317,1,1,1,MULTI_SIGNAL_ATTACK
CUST_37592,2479.57,Strickland Ltd,FOOD,CN,NET_BANKING,2,353,0,0,262,0,0,0,LEGITIMATE
CUST_96191,2481.53,"Baker, Stewart and Jordan",OTHER,IN,WALLET,2,182,0,0,134,0,0,0,LEGITIMATE
CUST_35001,256.62,"Arnold, Vaughan and Huang",FOOD,NG,UPI,4,625,0,0,838,1,0,1,MERCHANT_ANOMALY
CUST_82656,611.79,"Hawkins, Harris and Wiley",TRAVEL,IN,NET_BANKING,2,982,0,1,1394,0,0,1,PAYMENT_METHOD_ABUSE
CUST_35633,21075.0,Humphrey Ltd,ECOMMERCE,IN,UPI,12,1,1,1,679,1,1,1,MULTI_SIGNAL_ATTACK
CUST_73186,5498.52,Tucker Inc,ENTERTAINMENT,IN,NET_BANKING,1,629,0,0,2025,0,0,0,LEGITIMATE
CUST_41853,18975.81,Griffin-Jackson,EDUCATION,GB,UPI,1,965,0,0,1492,1,1,1,TRANSACTION_ANOMALY
CUST_24882,2451.27,Ellis PLC,FOOD,GB,DEBIT_CARD,3,607,0,0,1956,0,0,0,LEGITIMATE
CUST_45926,887.95,Russo-Jensen,FOOD,CN,DEBIT_CARD,1,680,0,0,1955,0,0,0,LEGITIMATE
CUST_29329,2290.11,Stewart PLC,TRAVEL,IN,UPI,1,957,0,0,1986,1,1,1,TRANSACTION_ANOMALY
CUST_80912,1812.86,Rodriguez-Harper,HEALTHCARE,IN,NET_BANKING,3,284,0,0,1000,0,0,0,LEGITIMATE
CUST_97975,25781.94,Mejia Group,ECOMMERCE,GB,UPI,3,82,0,0,47,1,1,1,TRANSACTION_ANOMALY
CUST_53624,3076.48,Williams-Oneal,OTHER,IN,NET_BANKING,3,975,0,0,1785,0,0,0,LEGITIMATE
CUST_38362,2021.45,Little Ltd,OTHER,US,NET_BANKING,1,299,0,0,980,0,0,0,LEGITIMATE
CUST_98915,1028.02,Simmons and Sons,GROCERY,IN,DEBIT_CARD,2,439,0,1,1713,0,0,1,PAYMENT_METHOD_ABUSE
CUST_65586,779.99,Brown-Thomas,TRAVEL,IN,DEBIT_CARD,3,375,0,0,2335,0,0,0,LEGITIMATE
CUST_98674,4334.35,"Stewart, Hall and Horne",FOOD,CN,NET_BANKING,4,54,0,0,125,0,0,0,LEGITIMATE
CUST_18799,522.91,Sullivan-Jennings,TRAVEL,IN,CREDIT_CARD,2,288,0,0,1425,0,0,0,LEGITIMATE
CUST_50545,2043.73,Miles Inc,EDUCATION,CN,WALLET,1,421,0,0,165,0,0,0,LEGITIMATE
CUST_33897,41217.65,Pennington PLC,EDUCATION,NG,DEBIT_CARD,1,788,0,0,332,1,1,1,TRANSACTION_ANOMALY
CUST_95039,1241.47,Smith and Sons,GROCERY,IN,UPI,2,207,0,0,630,0,0,0,LEGITIMATE
CUST_64775,2057.81,Mccarthy-Martin,TRAVEL,GB,DEBIT_CARD,4,796,1,0,202,0,0,1,GEOGRAPHIC_ANOMALY
CUST_69510,3493.94,"Ward, Johnson and Moran",ENTERTAINMENT,GB,WALLET,4,838,0,0,251,0,0,0,LEGITIMATE
CUST_31825,1024.68,"Kim, Williams and Jenkins",GROCERY,US,NET_BANKING,1,111,0,0,2272,0,0,0,LEGITIMATE
CUST_31942,393.95,Oneill Inc,TRAVEL,NG,UPI,3,545,0,0,1756,1,0,1,MERCHANT_ANOMALY
CUST_45487,1995.11,"Mcclure, Carter and King",GROCERY,CN,UPI,1,692,0,1,2041,0,0,1,PAYMENT_METHOD_ABUSE
CUST_67666,1433.77,Ali-Cantrell,HEALTHCARE,GB,DEBIT_CARD,4,741,0,0,667,0,0,0,LEGITIMATE
CUST_42847,1373.44,"Carr, Sanchez and Frey",ECOMMERCE,CN,CREDIT_CARD,3,456,0,0,1952,1,0,1,MERCHANT_ANOMALY
CUST_71355,609.8,Miller Ltd,EDUCATION,IN,CREDIT_CARD,4,973,0,0,1906,0,0,0,LEGITIMATE
CUST_30074,37734.96,Peterson Group,FOOD,GB,NET_BANKING,2,554,0,0,2265,1,1,1,TRANSACTION_ANOMALY
CUST_94397,461.72,Turner and Sons,FOOD,GB,NET_BANKING,4,106,0,0,1576,0,0,0,LEGITIMATE
CUST_94603,7054.750181538125,Jackson-Meadows,GROCERY,CN,UPI,12,843,0,0,2143,0,0,1,VELOCITY_ABUSE
CUST_94051,4117.32,Johnson Inc,ENTERTAINMENT,CN,NET_BANKING,3,681,0,0,1674,0,0,0,LEGITIMATE
CUST_18402,4928.85,Johnson-Paul,FOOD,CN,CREDIT_CARD,3,166,0,0,621,1,0,1,MERCHANT_ANOMALY
CUST_58900,537.12,"Kane, Phillips and Stone",EDUCATION,IN,CREDIT_CARD,3,599,0,0,1136,0,0,0,LEGITIMATE
CUST_12584,7604.850911081274,Hale-Butler,OTHER,CN,NET_BANKING,4,0,0,1,12,1,1,1,SYNTHETIC_IDENTITY
CUST_71773,5970.91,"Brooks, Mcdaniel and Young",ENTERTAINMENT,NG,DEBIT_CARD,21,2,1,1,1198,1,1,1,MULTI_SIGNAL_ATTACK
CUST_17039,2611.58,Alvarez-Oliver,FOOD,IN,CREDIT_CARD,1,82,0,0,1371,0,0,0,LEGITIMATE
CUST_98642,2585.97,Cruz Inc,FOOD,IN,NET_BANKING,2,42,0,0,1950,0,0,0,LEGITIMATE
CUST_58788,3028.79,"Gonzalez, Baker and Carroll",HEALTHCARE,US,UPI,2,750,0,0,226,0,0,0,LEGITIMATE
CUST_99479,4831.24,"Garcia, Byrd and Jones",FOOD,IN,CREDIT_CARD,4,403,0,0,749,0,0,0,LEGITIMATE
CUST_91837,4511.479024233412,"Becker, Vaughan and Coleman",ENTERTAINMENT,CN,NET_BANKING,29,685,0,0,2500,0,0,1,VELOCITY_ABUSE
CUST_87988,1422.85,Edwards-Garcia,ENTERTAINMENT,GB,DEBIT_CARD,3,715,0,0,1878,0,0,0,LEGITIMATE
CUST_94993,2467.05,Castillo LLC,ENTERTAINMENT,IN,CREDIT_CARD,2,481,0,0,708,0,0,0,LEGITIMATE
CUST_48236,11113.89,Jones Group,FOOD,NG,DEBIT_CARD,20,3,1,1,191,1,1,1,MULTI_SIGNAL_ATTACK
CUST_98612,3083.81,"Ford, Harris and Russell",HEALTHCARE,IN,UPI,4,338,0,0,1573,0,0,0,LEGITIMATE
CUST_88474,2752.88,"Hall, Scott and Adams",ENTERTAINMENT,GB,WALLET,1,311,0,0,220,0,0,0,LEGITIMATE
CUST_45765,389.63,Hutchinson-Green,GROCERY,NG,DEBIT_CARD,3,545,0,1,2439,0,0,1,PAYMENT_METHOD_ABUSE
CUST_47125,933.84,Spencer Ltd,OTHER,GB,UPI,4,244,0,0,214,0,0,0,LEGITIMATE
CUST_33941,785.18,Sanchez-Stanton,ECOMMERCE,GB,UPI,1,129,0,0,1088,0,0,0,LEGITIMATE
CUST_25277,5993.22,Peterson PLC,HEALTHCARE,IN,CREDIT_CARD,4,948,0,0,400,0,0,0,LEGITIMATE
CUST_77066,639.64,Andrews and Sons,ECOMMERCE,GB,DEBIT_CARD,4,150,0,0,2298,0,0,0,LEGITIMATE
CUST_75546,24485.07,"Anthony, Alvarado and Moon",OTHER,GB,DEBIT_CARD,15,3,1,1,888,1,1,1,ACCOUNT_TAKEOVER
CUST_44694,3194.56,Leonard Group,OTHER,GB,DEBIT_CARD,3,589,0,0,664,0,1,1,TRANSACTION_ANOMALY
CUST_81835,3112.51,Thompson Group,TRAVEL,GB,CREDIT_CARD,4,729,1,0,447,0,0,1,GEOGRAPHIC_ANOMALY
CUST_68570,951.81,"Gonzalez, Keller and Macdonald",GROCERY,CN,UPI,4,136,0,0,1279,0,0,0,LEGITIMATE
CUST_73147,472.43,Nelson-Garner,OTHER,GB,DEBIT_CARD,4,217,0,0,2273,0,0,0,LEGITIMATE
CUST_75409,2467.87,"Sanchez, Cook and Villarreal",GROCERY,NG,UPI,2,463,0,0,1406,0,0,0,LEGITIMATE
CUST_68459,3480.97,Miller-Welch,OTHER,NG,WALLET,4,368,0,0,1782,0,0,0,LEGITIMATE
CUST_48429,12042.73,Bennett LLC,ENTERTAINMENT,US,NET_BANKING,14,1,1,1,1171,1,1,1,ACCOUNT_TAKEOVER
CUST_64519,4327.6,Stevens-Miller,EDUCATION,GB,DEBIT_CARD,1,745,0,0,43,0,0,0,LEGITIMATE
CUST_86208,3900.72,"Bishop, Brown and Rogers",EDUCATION,GB,DEBIT_CARD,2,890,0,0,885,0,0,0,LEGITIMATE
CUST_46542,2781.96,Potts Ltd,ENTERTAINMENT,GB,NET_BANKING,3,446,0,0,2192,0,0,0,LEGITIMATE
CUST_25575,4778.2,Parker-Sparks,EDUCATION,GB,WALLET,2,748,0,0,316,0,0,0,LEGITIMATE
CUST_41456,2841.47,"Fisher, Banks and Leach",GROCERY,CN,NET_BANKING,1,917,0,0,284,0,0,0,LEGITIMATE
CUST_51428,702.12,Harrison LLC,EDUCATION,IN,CREDIT_CARD,3,277,0,0,980,0,0,0,LEGITIMATE
CUST_42515,2514.54,"Ramirez, Hicks and Bruce",OTHER,US,UPI,4,99,0,1,246,0,0,1,PAYMENT_METHOD_ABUSE
CUST_47259,584.4,Wilson-Nelson,HEALTHCARE,CN,NET_BANKING,1,163,0,0,1251,0,0,0,LEGITIMATE
CUST_91991,3315.1,Turner-Owens,GROCERY,US,NET_BANKING,4,582,0,0,343,0,0,0,LEGITIMATE
CUST_16224,1876.26,Flores Ltd,FOOD,CN,UPI,3,555,0,0,1648,0,0,0,LEGITIMATE
CUST_62604,6017.66,Case-Lawrence,HEALTHCARE,GB,NET_BANKING,10,1,1,1,1572,1,1,1,ACCOUNT_TAKEOVER
CUST_19964,3331.53,Vaughn-Baldwin,EDUCATION,CN,NET_BANKING,3,884,1,0,731,0,0,1,GEOGRAPHIC_ANOMALY
CUST_87244,2727.91,Mcdaniel Inc,TRAVEL,GB,WALLET,3,489,0,0,2184,0,0,0,LEGITIMATE
CUST_14719,642.09,Hernandez-Sherman,GROCERY,US,DEBIT_CARD,2,864,0,0,1374,0,0,0,LEGITIMATE
CUST_90857,56786.77,Mathews Group,ECOMMERCE,NG,CREDIT_CARD,2,244,0,0,2243,1,1,1,TRANSACTION_ANOMALY
CUST_66700,1067.02,"Miller, Gomez and Smith",EDUCATION,NG,UPI,4,588,0,0,1593,0,0,0,LEGITIMATE
CUST_61013,1875.66,Nelson Group,HEALTHCARE,CN,DEBIT_CARD,4,59,0,0,587,0,0,0,LEGITIMATE
CUST_41876,13703.61,"Price, Crawford and Sutton",OTHER,GB,NET_BANKING,8,2,1,1,642,1,1,1,ACCOUNT_TAKEOVER
CUST_93588,1486.34,Austin-Davis,OTHER,GB,DEBIT_CARD,2,695,0,0,1451,0,0,0,LEGITIMATE
CUST_26916,1717.75,"Mora, Pugh and Smith",GROCERY,CN,CREDIT_CARD,3,752,0,0,1885,0,0,0,LEGITIMATE
CUST_86547,4807.98,"Reid, Smith and Johnson",GROCERY,US,DEBIT_CARD,2,204,0,0,1954,0,0,0,LEGITIMATE
CUST_82188,29952.42,"Shah, Smith and Suarez",HEALTHCARE,CN,UPI,1,811,0,0,1440,1,1,1,TRANSACTION_ANOMALY
CUST_48057,16530.67,Bryant Inc,ECOMMERCE,IN,WALLET,11,3,1,1,1711,1,1,1,ACCOUNT_TAKEOVER
CUST_83127,14170.12,Baldwin Group,HEALTHCARE,NG,WALLET,8,3,1,1,2231,1,1,1,MULTI_SIGNAL_ATTACK
CUST_46508,5357.41,"Rivas, Foster and Garcia",EDUCATION,GB,NET_BANKING,2,668,0,0,2139,0,0,0,LEGITIMATE
CUST_19247,16946.15,"Mcguire, Harvey and Palmer",HEALTHCARE,NG,UPI,7,1,1,1,697,1,1,1,ACCOUNT_TAKEOVER
CUST_98786,2633.46,"Hutchinson, Long and Thompson",ENTERTAINMENT,GB,DEBIT_CARD,4,54,0,0,1102,0,0,0,LEGITIMATE
CUST_93385,699.53,Baxter Inc,HEALTHCARE,NG,DEBIT_CARD,1,260,0,0,2303,0,0,0,LEGITIMATE
CUST_42104,795.78,Moody Ltd,GROCERY,NG,UPI,4,123,0,1,2388,0,0,1,PAYMENT_METHOD_ABUSE
CUST_81342,2466.49,Vazquez-Davidson,HEALTHCARE,US,NET_BANKING,1,69,0,0,946,0,0,0,LEGITIMATE
CUST_80888,973.03,"Perry, Morrow and Johnson",HEALTHCARE,IN,DEBIT_CARD,2,363,0,0,99,0,0,0,LEGITIMATE
CUST_62913,3017.98,"Williams, Smith and Martin",TRAVEL,IN,NET_BANKING,4,102,0,0,1907,0,0,0,LEGITIMATE
CUST_51781,8267.31,Merritt-Miller,EDUCATION,CN,WALLET,19,2,1,1,1590,1,1,1,MULTI_SIGNAL_ATTACK
CUST_54905,3452.87,Thomas-Johnston,EDUCATION,US,DEBIT_CARD,4,147,0,0,1357,0,0,0,LEGITIMATE
CUST_49369,3872.05,Smith-Copeland,ENTERTAINMENT,GB,CREDIT_CARD,2,736,0,0,2135,0,0,0,LEGITIMATE
CUST_51018,20553.00604149734,Olson-Smith,FOOD,GB,CREDIT_CARD,5,1,0,1,13,1,1,1,SYNTHETIC_IDENTITY
CUST_49238,1857.45,Orozco-Huynh,ENTERTAINMENT,CN,UPI,2,71,0,0,1562,0,0,0,LEGITIMATE
CUST_97138,3337.59,"Gutierrez, Jimenez and Mendoza",EDUCATION,CN,WALLET,1,555,0,0,585,0,0,0,LEGITIMATE
CUST_81686,3269.94,Murillo and Sons,GROCERY,GB,DEBIT_CARD,2,206,0,0,609,0,0,0,LEGITIMATE
CUST_22001,4903.89,Jimenez-Escobar,ENTERTAINMENT,GB,CREDIT_CARD,2,821,0,0,720,0,0,0,LEGITIMATE
CUST_67213,1675.72,"Johnston, Schmidt and Marsh",GROCERY,GB,WALLET,1,872,0,0,986,0,0,0,LEGITIMATE
CUST_82309,2471.0,Williams Ltd,TRAVEL,GB,UPI,1,754,0,0,188,0,0,0,LEGITIMATE
CUST_13527,7046.61,Reed-Conner,EDUCATION,CN,CREDIT_CARD,2,955,0,0,1186,1,1,1,TRANSACTION_ANOMALY
CUST_11069,581.86,"Williams, Hayden and Meyer",FOOD,NG,CREDIT_CARD,2,298,0,0,383,0,0,0,LEGITIMATE
CUST_75842,17111.38,Warren-Foster,EDUCATION,CN,DEBIT_CARD,4,738,0,0,1532,1,1,1,TRANSACTION_ANOMALY
CUST_81678,3699.8376390214758,Castro-Sullivan,TRAVEL,IN,WALLET,4,3,0,1,5,1,1,1,SYNTHETIC_IDENTITY
CUST_75863,8848.84,Payne and Sons,GROCERY,IN,CREDIT_CARD,14,3,1,1,372,1,1,1,ACCOUNT_TAKEOVER
CUST_98791,5873.8,Jones LLC,HEALTHCARE,IN,DEBIT_CARD,15,1,1,1,1718,1,1,1,ACCOUNT_TAKEOVER
CUST_35191,2907.94,West-Valentine,ECOMMERCE,CN,CREDIT_CARD,4,932,0,0,1344,0,0,0,LEGITIMATE
CUST_92055,54117.97,Pena LLC,GROCERY,US,UPI,11,0,1,1,1663,1,1,1,MULTI_SIGNAL_ATTACK
CUST_72801,9550.511223007912,Foster-Romero,HEALTHCARE,IN,CREDIT_CARD,18,53,0,0,1220,0,0,1,VELOCITY_ABUSE
CUST_44537,5924.41,Lopez-Jenkins,EDUCATION,GB,CREDIT_CARD,4,818,0,0,2456,0,0,0,LEGITIMATE
CUST_61228,13339.84,Sullivan Ltd,OTHER,US,NET_BANKING,11,1,1,1,1442,1,1,1,MULTI_SIGNAL_ATTACK
CUST_35669,14934.93,Jones-Hall,FOOD,IN,CREDIT_CARD,14,3,1,1,2067,1,1,1,MULTI_SIGNAL_ATTACK
CUST_62289,1777.86,Collins-Newman,GROCERY,IN,UPI,4,436,0,0,1920,0,0,0,LEGITIMATE
CUST_99970,4441.69,Montoya Group,ECOMMERCE,US,DEBIT_CARD,4,140,0,0,1035,0,0,0,LEGITIMATE
CUST_99284,16641.36,"White, Rodriguez and Davis",GROCERY,US,CREDIT_CARD,8,1,1,1,1333,1,1,1,ACCOUNT_TAKEOVER
CUST_38338,2172.06,Scott and Sons,GROCERY,US,NET_BANKING,4,330,0,0,1251,0,0,0,LEGITIMATE
CUST_47396,4886.88,Stevenson PLC,ECOMMERCE,NG,WALLET,4,373,0,0,2248,0,0,0,LEGITIMATE
CUST_88614,10462.93,Fry-Gutierrez,HEALTHCARE,NG,DEBIT_CARD,3,965,0,0,51,1,1,1,TRANSACTION_ANOMALY
CUST_45959,3358.87,"Hansen, James and Moon",FOOD,GB,DEBIT_CARD,4,830,0,0,1488,0,0,0,LEGITIMATE
CUST_13136,1208.22,Davis-Silva,TRAVEL,GB,DEBIT_CARD,2,590,0,0,909,0,0,0,LEGITIMATE
CUST_74099,5493.6,"Campbell, Cole and Adams",ECOMMERCE,CN,DEBIT_CARD,1,294,0,0,830,0,0,0,LEGITIMATE
CUST_40852,2891.19,Miller-Harris,OTHER,GB,UPI,3,559,0,0,1714,0,0,0,LEGITIMATE
CUST_66456,1517.14,Crosby-Brown,FOOD,GB,DEBIT_CARD,2,69,0,1,1994,0,0,1,PAYMENT_METHOD_ABUSE
CUST_23847,3743.54,Faulkner-Thomas,HEALTHCARE,GB,DEBIT_CARD,1,154,0,0,1903,0,0,0,LEGITIMATE
CUST_44098,2906.41,"Russell, Williams and Allen",ENTERTAINMENT,NG,CREDIT_CARD,3,289,0,0,1497,0,0,0,LEGITIMATE
CUST_20416,768.59,Lopez Ltd,TRAVEL,CN,WALLET,2,749,0,0,1544,0,0,0,LEGITIMATE
CUST_59708,1582.7,Savage PLC,EDUCATION,IN,WALLET,4,969,0,0,310,0,0,0,LEGITIMATE
CUST_14069,2201.75,Smith-Grant,FOOD,CN,CREDIT_CARD,1,831,0,0,842,0,0,0,LEGITIMATE
CUST_53626,6305.09,"Rowe, Johnson and Miller",ENTERTAINMENT,GB,DEBIT_CARD,2,789,0,1,1429,0,0,1,PAYMENT_METHOD_ABUSE
CUST_59777,3220.99,Erickson-Peterson,ECOMMERCE,CN,NET_BANKING,1,233,1,0,2104,0,0,1,GEOGRAPHIC_ANOMALY
CUST_92822,1786.93,"Cox, Davis and Brooks",HEALTHCARE,GB,WALLET,4,59,0,0,1319,0,0,0,LEGITIMATE
CUST_11162,3120.15,Avila-Murphy,FOOD,IN,CREDIT_CARD,2,185,0,0,975,0,0,0,LEGITIMATE
CUST_75082,1906.42,Sharp-Robinson,EDUCATION,US,WALLET,2,737,0,0,643,0,0,0,LEGITIMATE
CUST_22974,1697.21,"Mathews, Stewart and Leonard",EDUCATION,US,WALLET,1,994,0,0,1852,0,0,0,LEGITIMATE
CUST_86143,1317.58,Noble Group,GROCERY,CN,WALLET,1,446,0,0,1360,0,0,0,LEGITIMATE
CUST_99518,4232.38,"Johnson, Rodriguez and Perry",FOOD,CN,CREDIT_CARD,13,2,1,1,1507,1,1,1,ACCOUNT_TAKEOVER
CUST_34748,2744.68,Wright-Singh,GROCERY,CN,CREDIT_CARD,4,980,0,0,1970,0,0,0,LEGITIMATE
CUST_84765,1506.23,Holloway LLC,HEALTHCARE,NG,CREDIT_CARD,3,291,0,0,1384,0,0,0,LEGITIMATE
CUST_47366,913.25,Jones-Estrada,HEALTHCARE,CN,UPI,4,892,0,0,1615,0,0,0,LEGITIMATE
CUST_56363,1172.16,Nash Ltd,OTHER,US,UPI,1,144,0,0,1812,0,0,0,LEGITIMATE
CUST_64382,1578.97,Nolan-Fowler,ECOMMERCE,CN,UPI,3,743,0,0,303,0,0,0,LEGITIMATE
CUST_51802,4514.344711942449,Stone-Rogers,ECOMMERCE,US,UPI,15,594,0,0,2426,0,0,1,VELOCITY_ABUSE
CUST_77421,774.18,Dunn Inc,GROCERY,IN,CREDIT_CARD,1,158,0,0,2022,0,0,0,LEGITIMATE
CUST_99533,5629.71,"Adams, Cole and Hall",OTHER,CN,NET_BANKING,2,71,1,0,1192,0,0,1,GEOGRAPHIC_ANOMALY
CUST_83326,2468.88,Melendez and Sons,OTHER,IN,DEBIT_CARD,2,350,0,0,1184,1,0,1,MERCHANT_ANOMALY
CUST_29628,1353.74,"Cooper, Wiley and Silva",ECOMMERCE,US,NET_BANKING,4,760,0,0,2249,0,0,0,LEGITIMATE
CUST_57081,558.03,Powers and Sons,FOOD,CN,DEBIT_CARD,3,417,0,0,1690,0,0,0,LEGITIMATE
CUST_45903,1901.7,Leach Ltd,FOOD,CN,CREDIT_CARD,1,885,0,0,1899,0,0,0,LEGITIMATE
CUST_78771,29698.82851277359,"Meyer, Ross and Diaz",FOOD,IN,CREDIT_CARD,7,6,0,1,4,1,1,1,SYNTHETIC_IDENTITY
CUST_43789,28497.86,Keller-Miller,FOOD,GB,CREDIT_CARD,23,2,1,1,1072,1,1,1,MULTI_SIGNAL_ATTACK
CUST_97885,9130.26,"Lloyd, Miller and Hill",HEALTHCARE,IN,DEBIT_CARD,12,0,1,1,2144,1,1,1,MULTI_SIGNAL_ATTACK
CUST_32620,47746.27,Brown-Cline,EDUCATION,IN,CREDIT_CARD,1,593,0,0,1399,1,1,1,TRANSACTION_ANOMALY
CUST_73317,999.41,"Harper, Shelton and Jordan",GROCERY,NG,WALLET,1,181,0,0,2371,0,0,0,LEGITIMATE
CUST_80928,11300.849243013545,"Ramos, Campbell and Moore",TRAVEL,GB,CREDIT_CARD,3,0,0,1,14,1,1,1,SYNTHETIC_IDENTITY
CUST_34761,258.41,Ross LLC,GROCERY,IN,NET_BANKING,1,570,0,0,1964,0,0,0,LEGITIMATE
CUST_92773,1759.75,"Sheppard, Bishop and Hill",EDUCATION,CN,WALLET,1,614,0,0,2127,0,0,0,LEGITIMATE
CUST_77482,864.11,"Nunez, Simpson and Knight",ENTERTAINMENT,NG,WALLET,4,533,1,0,990,0,0,1,GEOGRAPHIC_ANOMALY
CUST_63656,458.83,"Jordan, Fernandez and Hurst",EDUCATION,NG,UPI,3,719,0,0,750,0,0,0,LEGITIMATE
CUST_45261,707.76,Reynolds-White,HEALTHCARE,CN,NET_BANKING,3,723,0,0,1423,0,0,0,LEGITIMATE
CUST_46199,4630.97,York Ltd,TRAVEL,IN,WALLET,17,1,1,1,397,1,1,1,MULTI_SIGNAL_ATTACK
CUST_27350,6610.41,"Simmons, George and Brooks",TRAVEL,IN,NET_BANKING,2,89,0,0,640,0,0,0,LEGITIMATE
CUST_38404,6311.982569470589,"Hobbs, Nolan and Mann",ENTERTAINMENT,CN,UPI,10,258,0,0,542,0,0,1,VELOCITY_ABUSE
CUST_14326,1701.93,"Edwards, Hunt and Tran",GROCERY,GB,NET_BANKING,3,180,0,0,1920,0,0,0,LEGITIMATE
CUST_94842,4093.17,"Mckinney, Medina and Gonzalez",OTHER,GB,NET_BANKING,2,380,0,0,638,0,0,0,LEGITIMATE
CUST_83135,2553.19,Johnson Group,GROCERY,CN,CREDIT_CARD,2,439,0,0,849,0,0,0,LEGITIMATE
CUST_63502,1874.96,Decker-Spencer,ECOMMERCE,US,DEBIT_CARD,3,162,0,0,2489,0,0,0,LEGITIMATE
CUST_29588,54580.46,Henderson-Freeman,ECOMMERCE,GB,DEBIT_CARD,2,506,0,0,2212,1,1,1,TRANSACTION_ANOMALY
CUST_75181,914.75,"Love, Brown and Fitzpatrick",HEALTHCARE,US,WALLET,2,764,0,0,753,0,0,0,LEGITIMATE
CUST_71805,2379.73,Mora-Nguyen,ENTERTAINMENT,IN,DEBIT_CARD,1,239,0,0,247,0,0,0,LEGITIMATE
CUST_68428,3168.842222450496,Bell LLC,ECOMMERCE,GB,DEBIT_CARD,27,677,0,0,75,0,0,1,VELOCITY_ABUSE
CUST_62248,4854.94,Morales-West,HEALTHCARE,US,NET_BANKING,1,305,0,0,367,0,0,0,LEGITIMATE
CUST_70914,28635.894025609603,Yang PLC,EDUCATION,CN,WALLET,3,10,0,1,16,1,1,1,SYNTHETIC_IDENTITY
CUST_92291,1765.06,"Hernandez, Rodriguez and Ward",ECOMMERCE,GB,UPI,2,128,0,0,1611,1,0,1,MERCHANT_ANOMALY
CUST_97253,2535.43,Swanson LLC,OTHER,US,WALLET,1,360,0,0,2239,0,0,0,LEGITIMATE
CUST_37034,2878.97,Jones-Adams,ECOMMERCE,CN,WALLET,2,299,0,0,625,0,0,0,LEGITIMATE
CUST_27404,488.62,Everett PLC,ECOMMERCE,NG,WALLET,4,965,0,0,2185,0,0,0,LEGITIMATE
CUST_98727,3997.51,Williams Ltd,ECOMMERCE,US,CREDIT_CARD,2,126,0,0,2151,0,0,0,LEGITIMATE
CUST_87838,4394.12,Arellano PLC,GROCERY,GB,UPI,1,160,0,0,2118,1,0,1,MERCHANT_ANOMALY
CUST_61920,3076.06,"Gomez, Glenn and Wheeler",EDUCATION,CN,CREDIT_CARD,3,536,0,0,1815,0,0,0,LEGITIMATE
CUST_64729,2969.4,Walters-Cherry,ENTERTAINMENT,IN,WALLET,2,175,0,0,1959,0,0,0,LEGITIMATE
CUST_83336,922.46,Schmidt-Norton,FOOD,GB,CREDIT_CARD,3,180,0,0,2420,0,0,0,LEGITIMATE
CUST_71564,1959.13,Hayes Group,TRAVEL,US,CREDIT_CARD,4,277,0,0,1591,0,0,0,LEGITIMATE
CUST_98736,5246.16,"Lawson, Wiggins and Gonzalez",ECOMMERCE,GB,WALLET,3,659,0,0,1839,0,0,0,LEGITIMATE
CUST_54147,2142.2,Ruiz Ltd,GROCERY,GB,DEBIT_CARD,3,454,0,0,2473,0,0,0,LEGITIMATE
CUST_57486,2233.75,Rivera and Sons,ECOMMERCE,GB,CREDIT_CARD,2,62,0,0,1813,0,0,0,LEGITIMATE
CUST_17022,4123.03,Miller-Brown,GROCERY,IN,UPI,2,419,0,1,642,0,0,1,PAYMENT_METHOD_ABUSE
CUST_99508,9222.179713081012,Thomas Inc,EDUCATION,GB,NET_BANKING,19,204,0,0,717,0,0,1,VELOCITY_ABUSE
CUST_69246,3698.56,"Lee, Jensen and Ward",ECOMMERCE,NG,WALLET,4,35,0,0,1127,0,0,0,LEGITIMATE
CUST_22587,362.0,Fleming-Torres,GROCERY,IN,WALLET,4,435,0,0,2406,0,0,0,LEGITIMATE
CUST_13002,5383.931341732571,Li-Walker,TRAVEL,US,NET_BANKING,25,822,0,0,1841,0,0,1,VELOCITY_ABUSE
CUST_90483,1418.9111532668987,"Mcintyre, Watson and Paul",FOOD,GB,NET_BANKING,25,643,0,0,1517,0,0,1,VELOCITY_ABUSE
CUST_64373,1215.7,"Jones, Mcgee and Barton",FOOD,NG,CREDIT_CARD,2,762,1,0,1228,0,0,1,GEOGRAPHIC_ANOMALY
CUST_67059,46249.74,"Ayala, Hunt and Perez",ENTERTAINMENT,IN,NET_BANKING,24,1,1,1,2383,1,1,1,MULTI_SIGNAL_ATTACK
CUST_13931,4905.49,"Cole, Davidson and Carlson",EDUCATION,CN,UPI,2,483,0,0,1388,0,0,0,LEGITIMATE
CUST_81083,3889.65,"Calderon, Jones and Martinez",OTHER,US,CREDIT_CARD,2,485,1,0,1270,0,0,1,GEOGRAPHIC_ANOMALY
CUST_44606,1936.37,"Davis, Wise and Carpenter",EDUCATION,IN,WALLET,1,434,0,0,1483,0,0,0,LEGITIMATE
CUST_30675,416.13,Crawford Ltd,TRAVEL,IN,UPI,4,317,0,1,1354,0,0,1,PAYMENT_METHOD_ABUSE
CUST_44762,1198.4,Rice Group,ECOMMERCE,GB,UPI,3,211,0,0,940,0,0,0,LEGITIMATE
CUST_24692,245.31,Miller Group,HEALTHCARE,IN,NET_BANKING,4,95,0,0,794,0,0,0,LEGITIMATE
CUST_10669,2156.98,Baker-Hill,GROCERY,NG,DEBIT_CARD,3,420,0,0,2164,0,0,0,LEGITIMATE
CUST_65989,3057.98,Brown-Adams,GROCERY,GB,DEBIT_CARD,3,500,0,0,32,0,0,0,LEGITIMATE
CUST_66401,361.46,Thompson Ltd,FOOD,IN,NET_BANKING,3,75,0,0,2417,0,0,0,LEGITIMATE
CUST_41161,3977.17,Goodman-Mack,HEALTHCARE,CN,UPI,1,683,0,0,2383,0,0,0,LEGITIMATE
CUST_83797,1951.42,"Howard, Hale and Barron",ENTERTAINMENT,IN,CREDIT_CARD,2,251,0,0,211,0,0,0,LEGITIMATE
CUST_58864,1383.96,Lozano Inc,EDUCATION,IN,NET_BANKING,7,2,1,1,566,1,1,1,ACCOUNT_TAKEOVER
CUST_73166,3295.29,Rodriguez and Sons,GROCERY,GB,CREDIT_CARD,1,218,1,0,820,0,0,1,GEOGRAPHIC_ANOMALY
CUST_71039,1898.52,Rodriguez Ltd,FOOD,NG,UPI,1,642,0,0,417,0,0,0,LEGITIMATE
CUST_48692,4413.35,"Nelson, Williams and Murphy",FOOD,NG,DEBIT_CARD,3,67,0,0,2357,0,0,0,LEGITIMATE
CUST_56693,9976.0,Roach PLC,FOOD,NG,WALLET,10,3,1,1,1406,1,1,1,MULTI_SIGNAL_ATTACK
CUST_80289,22399.94,Tucker LLC,TRAVEL,IN,WALLET,10,3,1,1,76,1,1,1,MULTI_SIGNAL_ATTACK
CUST_87462,4540.84,Berry LLC,TRAVEL,US,CREDIT_CARD,3,197,0,0,931,0,0,0,LEGITIMATE
CUST_27664,28080.73792399455,Rodriguez-Proctor,OTHER,NG,UPI,8,6,0,1,30,1,1,1,SYNTHETIC_IDENTITY
CUST_30250,1573.98,"Pruitt, Garcia and Donovan",GROCERY,GB,NET_BANKING,2,956,0,0,1868,0,0,0,LEGITIMATE
CUST_64331,6504.09,Farmer-Taylor,ECOMMERCE,IN,CREDIT_CARD,3,995,0,0,567,0,0,0,LEGITIMATE
CUST_19624,763.75,Martinez Ltd,OTHER,GB,CREDIT_CARD,4,79,0,0,1788,0,0,0,LEGITIMATE
CUST_94308,4787.97,Burnett-Mcdonald,FOOD,NG,CREDIT_CARD,2,925,0,0,289,0,0,0,LEGITIMATE
CUST_99069,1632.85,Perkins Group,GROCERY,US,DEBIT_CARD,4,624,0,0,937,0,0,0,LEGITIMATE
CUST_27780,1051.18,"Murphy, Collins and Brown",TRAVEL,CN,DEBIT_CARD,3,644,0,0,273,0,0,0,LEGITIMATE
CUST_66423,5183.17,Proctor-Gallegos,FOOD,NG,DEBIT_CARD,1,614,0,1,2303,0,0,1,PAYMENT_METHOD_ABUSE
CUST_47775,605.97,"Matthews, Simon and Smith",HEALTHCARE,IN,DEBIT_CARD,1,892,0,0,1501,0,0,0,LEGITIMATE
CUST_38462,3457.03,Miller-Lewis,FOOD,NG,NET_BANKING,1,289,1,0,1759,0,0,1,GEOGRAPHIC_ANOMALY
CUST_15570,1309.9,"Best, Lopez and Martin",OTHER,IN,NET_BANKING,2,309,0,1,2246,0,0,1,PAYMENT_METHOD_ABUSE
CUST_44552,4580.09,Ortega-Williams,HEALTHCARE,NG,CREDIT_CARD,3,878,0,0,1178,0,0,0,LEGITIMATE
CUST_75732,1487.06,Davis-Wallace,TRAVEL,CN,NET_BANKING,2,730,0,0,172,0,0,0,LEGITIMATE
CUST_91033,1224.42,Harris-Jones,GROCERY,GB,NET_BANKING,3,110,0,0,2267,0,0,0,LEGITIMATE
CUST_49983,3045.86,Johnson Group,GROCERY,NG,UPI,4,959,0,0,616,0,0,0,LEGITIMATE
CUST_66502,1611.79,"Gonzalez, Rivas and Beard",ECOMMERCE,GB,WALLET,4,649,0,0,763,0,0,0,LEGITIMATE
CUST_21216,6756.06,Peterson-Brown,EDUCATION,GB,CREDIT_CARD,3,537,0,0,2489,1,1,1,TRANSACTION_ANOMALY
CUST_26182,1935.75,"Reed, Walker and Johnson",EDUCATION,GB,DEBIT_CARD,2,831,0,1,1952,0,0,1,PAYMENT_METHOD_ABUSE
CUST_89790,2900.27,Odom-Howell,FOOD,CN,CREDIT_CARD,4,475,0,0,1856,0,0,0,LEGITIMATE
CUST_11032,2902.17,Vincent-Rodriguez,TRAVEL,GB,UPI,4,524,0,0,806,0,0,0,LEGITIMATE
CUST_95257,1165.98,Hull Inc,EDUCATION,US,UPI,4,871,1,0,218,0,0,1,GEOGRAPHIC_ANOMALY
CUST_30727,9206.01,Stewart-Bailey,ECOMMERCE,GB,DEBIT_CARD,2,360,0,0,287,1,1,1,TRANSACTION_ANOMALY
CUST_54591,67.76,Martinez Ltd,EDUCATION,GB,CREDIT_CARD,3,644,0,0,650,0,0,0,LEGITIMATE
CUST_61180,9847.08,Cox-Chapman,HEALTHCARE,CN,CREDIT_CARD,3,821,0,0,286,1,1,1,TRANSACTION_ANOMALY
CUST_39840,5434.08,Miller-Myers,FOOD,US,DEBIT_CARD,3,970,0,0,1383,0,0,0,LEGITIMATE
CUST_64225,2941.39,Black PLC,ECOMMERCE,GB,UPI,2,773,0,0,98,0,0,0,LEGITIMATE
CUST_26197,4827.92,Jones PLC,FOOD,NG,DEBIT_CARD,3,940,0,0,57,0,0,0,LEGITIMATE
CUST_39651,7099.334479241601,Martinez-Logan,FOOD,GB,UPI,18,554,0,0,476,0,0,1,VELOCITY_ABUSE
CUST_35799,430.29,Graham-Marsh,TRAVEL,CN,UPI,1,467,0,0,1937,0,0,0,LEGITIMATE
CUST_79586,3418.29987558038,"Banks, Hunt and Howe",GROCERY,US,WALLET,9,2,0,1,21,1,1,1,SYNTHETIC_IDENTITY
CUST_50728,1888.08,Shaw PLC,HEALTHCARE,CN,NET_BANKING,4,860,0,0,696,0,0,0,LEGITIMATE
CUST_38448,44635.9,Jenkins and Sons,ENTERTAINMENT,GB,NET_BANKING,3,917,0,0,1391,1,1,1,TRANSACTION_ANOMALY
CUST_75833,5509.77,Williams and Sons,TRAVEL,GB,DEBIT_CARD,2,352,1,0,2170,0,0,1,GEOGRAPHIC_ANOMALY
CUST_34337,3285.89,"Murphy, Johnson and Arnold",ECOMMERCE,US,UPI,9,2,1,1,555,1,1,1,ACCOUNT_TAKEOVER
CUST_57909,3584.91,Griffin-Rodriguez,TRAVEL,NG,WALLET,3,481,0,0,973,0,0,0,LEGITIMATE
CUST_61997,3349.32,Patterson Group,EDUCATION,CN,NET_BANKING,4,336,0,0,1966,0,0,0,LEGITIMATE
CUST_52067,354.35,"Reed, Morris and Moore",FOOD,CN,DEBIT_CARD,2,103,0,0,2080,0,0,0,LEGITIMATE
CUST_99655,1250.39,Rivera PLC,HEALTHCARE,CN,WALLET,2,435,0,0,911,0,0,0,LEGITIMATE
CUST_26828,2958.45,"Jenkins, Curtis and Lewis",OTHER,GB,UPI,3,839,1,0,420,0,0,1,GEOGRAPHIC_ANOMALY
CUST_10497,2360.2,Taylor-Harper,EDUCATION,IN,CREDIT_CARD,2,635,0,0,528,0,0,0,LEGITIMATE
CUST_88315,9871.21,"Cisneros, Miranda and Hunt",HEALTHCARE,IN,NET_BANKING,15,2,1,1,1594,1,1,1,MULTI_SIGNAL_ATTACK
CUST_41855,23250.14243449359,Nolan-Donovan,ECOMMERCE,NG,UPI,6,4,0,1,1,1,1,1,SYNTHETIC_IDENTITY
CUST_49521,4708.64,Anderson Inc,OTHER,NG,UPI,3,863,0,0,2486,0,0,0,LEGITIMATE
CUST_82292,3390.74,Allen and Sons,FOOD,IN,NET_BANKING,2,148,0,0,1723,0,0,0,LEGITIMATE
CUST_58019,2674.64,Webb PLC,TRAVEL,NG,NET_BANKING,4,970,0,0,2375,0,0,0,LEGITIMATE
CUST_38782,2387.98,Turner PLC,OTHER,US,UPI,2,249,0,0,2139,0,0,0,LEGITIMATE
CUST_25404,4466.11,Johnson-Holt,TRAVEL,US,DEBIT_CARD,1,981,0,0,686,0,0,0,LEGITIMATE
CUST_67536,4243.8,Keller-Martin,OTHER,GB,WALLET,2,846,0,1,86,0,0,1,PAYMENT_METHOD_ABUSE
CUST_50586,244.52,"Khan, Morrison and Frazier",OTHER,CN,UPI,4,424,0,0,1913,0,0,0,LEGITIMATE
CUST_63887,2075.67,Clark-Cain,GROCERY,CN,CREDIT_CARD,2,195,0,0,1476,0,0,0,LEGITIMATE
CUST_82040,647.33,"Oliver, Dean and Fisher",TRAVEL,IN,WALLET,2,909,0,0,663,0,0,0,LEGITIMATE
CUST_75987,2813.85,Alexander-Barajas,TRAVEL,NG,NET_BANKING,4,166,0,0,1731,0,0,0,LEGITIMATE
CUST_65923,4201.33,Cooper Inc,ECOMMERCE,US,UPI,3,689,0,1,1100,0,0,1,PAYMENT_METHOD_ABUSE
CUST_96803,553.07,"Khan, Cline and Rodriguez",EDUCATION,CN,NET_BANKING,3,267,0,0,180,0,0,0,LEGITIMATE
CUST_22386,775.58,Moore and Sons,ENTERTAINMENT,US,UPI,3,622,0,0,774,0,0,0,LEGITIMATE
CUST_83717,2125.65,Miller Group,ENTERTAINMENT,IN,NET_BANKING,3,215,0,0,405,0,0,0,LEGITIMATE
CUST_25512,3945.56,"Gray, Roberts and Martinez",ECOMMERCE,CN,NET_BANKING,1,344,0,0,149,0,0,0,LEGITIMATE
CUST_83283,1027.37,"Dawson, Bell and Dean",TRAVEL,CN,WALLET,3,623,0,0,953,1,0,1,MERCHANT_ANOMALY
CUST_82415,495.84,"Hall, Riley and Wright",ENTERTAINMENT,NG,DEBIT_CARD,2,973,0,0,1554,0,0,0,LEGITIMATE
CUST_23684,2037.96,Clark LLC,ECOMMERCE,CN,NET_BANKING,4,439,0,0,884,0,0,0,LEGITIMATE
CUST_70452,2905.18,Tran PLC,OTHER,NG,NET_BANKING,3,837,0,0,1781,0,0,0,LEGITIMATE
CUST_83269,659.35,Gibbs-Smith,ECOMMERCE,IN,UPI,1,628,0,0,1771,0,0,0,LEGITIMATE
CUST_55356,35965.49,Brown-Trujillo,GROCERY,US,WALLET,23,0,1,1,931,1,1,1,MULTI_SIGNAL_ATTACK
CUST_25070,621.01,"Brown, Cohen and Rice",GROCERY,IN,CREDIT_CARD,1,372,0,0,1518,0,0,0,LEGITIMATE
CUST_50363,396.46,Washington Group,ENTERTAINMENT,IN,UPI,3,541,0,0,2183,0,0,0,LEGITIMATE
CUST_91064,3626.03,Wallace-Scott,ENTERTAINMENT,IN,WALLET,4,129,0,0,670,0,0,0,LEGITIMATE
CUST_60393,32534.51,Peterson Ltd,GROCERY,IN,UPI,20,3,1,1,1054,1,1,1,MULTI_SIGNAL_ATTACK
CUST_40299,2836.32,Ruiz-Combs,TRAVEL,CN,CREDIT_CARD,1,850,0,0,1615,0,0,0,LEGITIMATE
CUST_33753,2519.5,Reese-Ramirez,TRAVEL,CN,WALLET,1,402,0,1,823,0,0,1,PAYMENT_METHOD_ABUSE
CUST_30739,16774.69,"Quinn, Norman and Brown",OTHER,US,CREDIT_CARD,8,3,1,1,1123,1,1,1,MULTI_SIGNAL_ATTACK
CUST_99298,3097.36,Smith PLC,FOOD,GB,NET_BANKING,2,777,0,0,1404,0,0,0,LEGITIMATE
CUST_64225,2746.51,Jefferson-Smith,EDUCATION,NG,WALLET,4,802,0,0,48,0,0,0,LEGITIMATE
CUST_18236,1961.4,"Tran, Cunningham and Flores",HEALTHCARE,US,WALLET,4,520,1,0,173,0,0,1,GEOGRAPHIC_ANOMALY
CUST_35499,383.88,Berger-Martin,ENTERTAINMENT,GB,NET_BANKING,2,531,0,0,1712,0,0,0,LEGITIMATE
CUST_61853,2012.99,Lee and Sons,ENTERTAINMENT,CN,WALLET,3,783,0,0,2048,1,0,1,MERCHANT_ANOMALY
CUST_68254,3919.13,Ryan-Morales,OTHER,CN,WALLET,1,387,0,0,1616,1,0,1,MERCHANT_ANOMALY
CUST_92360,4570.68,Jacobs LLC,OTHER,GB,UPI,2,289,0,0,1007,0,0,0,LEGITIMATE
CUST_13082,686.54,Harper LLC,OTHER,US,NET_BANKING,3,725,0,0,1523,0,0,0,LEGITIMATE
CUST_78710,1249.94,Richard-Thomas,TRAVEL,GB,WALLET,2,481,0,0,1661,1,0,1,MERCHANT_ANOMALY
CUST_82609,1104.26,Baker-Hernandez,GROCERY,CN,UPI,3,977,0,0,163,0,0,0,LEGITIMATE
CUST_62810,765.1,Young Inc,TRAVEL,US,WALLET,4,340,0,0,2407,0,0,0,LEGITIMATE
CUST_78794,1397.21,Garcia-Brooks,GROCERY,GB,NET_BANKING,3,119,0,0,205,0,0,0,LEGITIMATE
CUST_56104,24658.47108459884,Harris and Sons,TRAVEL,CN,NET_BANKING,8,8,0,1,2,1,1,1,SYNTHETIC_IDENTITY
CUST_40206,650.54,Coffey-Logan,EDUCATION,CN,DEBIT_CARD,4,508,0,0,2213,0,0,0,LEGITIMATE
CUST_46848,4783.8,Golden-Sanchez,EDUCATION,GB,NET_BANKING,2,955,0,0,1779,0,0,0,LEGITIMATE
CUST_73660,781.41,Rios Ltd,OTHER,NG,UPI,1,755,0,0,835,0,0,0,LEGITIMATE
CUST_85440,439.96,Bradford-Clark,GROCERY,IN,CREDIT_CARD,4,75,0,0,1191,0,0,0,LEGITIMATE
CUST_73299,22684.84,"Cook, Edwards and Bennett",HEALTHCARE,NG,CREDIT_CARD,15,1,1,1,2214,1,1,1,MULTI_SIGNAL_ATTACK
CUST_12847,1570.98,"Edwards, Hansen and Moreno",ENTERTAINMENT,IN,UPI,3,306,0,0,1779,0,0,0,LEGITIMATE
CUST_72004,2821.13,Parker Ltd,TRAVEL,NG,UPI,3,714,0,0,2193,1,1,1,TRANSACTION_ANOMALY
CUST_71255,3043.37,Schultz PLC,OTHER,CN,UPI,4,117,0,0,148,0,0,0,LEGITIMATE
CUST_93428,8897.37770251635,Davidson-Ho,FOOD,IN,DEBIT_CARD,6,7,0,1,28,1,1,1,SYNTHETIC_IDENTITY
CUST_70518,3472.31,"Holland, Henson and Simmons",ENTERTAINMENT,GB,WALLET,2,540,0,1,1068,0,0,1,PAYMENT_METHOD_ABUSE
CUST_11177,4670.05,Cooke-Harper,FOOD,NG,NET_BANKING,4,895,0,0,1399,1,0,1,MERCHANT_ANOMALY
CUST_13927,460.8,"Valentine, Ramirez and Conway",GROCERY,GB,NET_BANKING,2,809,0,0,1780,0,0,0,LEGITIMATE
CUST_80496,5546.96,"Daniels, Bell and Henderson",ECOMMERCE,CN,WALLET,2,290,0,0,1264,1,0,1,MERCHANT_ANOMALY
CUST_37927,44277.36,"Harris, Reynolds and Evans",GROCERY,GB,CREDIT_CARD,2,520,0,0,1802,1,1,1,TRANSACTION_ANOMALY
CUST_34791,2750.49,"Butler, Petty and Harvey",ECOMMERCE,CN,NET_BANKING,1,468,0,0,512,0,0,0,LEGITIMATE
CUST_74546,2399.0783241432723,Williams PLC,ENTERTAINMENT,GB,UPI,10,790,0,0,2156,0,0,1,VELOCITY_ABUSE
CUST_34404,238.93,"Ho, Brown and Mitchell",HEALTHCARE,CN,CREDIT_CARD,3,188,0,1,167,0,0,1,PAYMENT_METHOD_ABUSE
CUST_26278,3821.71,"Riley, Paul and Freeman",ECOMMERCE,US,CREDIT_CARD,4,420,0,0,1511,0,0,0,LEGITIMATE
CUST_35668,15128.25,Yu-Bailey,TRAVEL,US,DEBIT_CARD,12,0,1,1,926,1,1,1,ACCOUNT_TAKEOVER
CUST_56297,1677.58,Johnston Group,TRAVEL,IN,NET_BANKING,1,179,0,0,1157,0,0,0,LEGITIMATE
CUST_92307,5736.23,"Charles, Simon and Gray",FOOD,US,WALLET,1,329,0,0,1493,0,0,0,LEGITIMATE
CUST_26780,50200.51,"White, Owens and Huber",GROCERY,IN,CREDIT_CARD,4,985,0,0,851,1,1,1,TRANSACTION_ANOMALY
CUST_49446,1302.71,Gamble LLC,GROCERY,NG,WALLET,3,334,1,0,2194,0,0,1,GEOGRAPHIC_ANOMALY
CUST_38510,2460.18,Brown Inc,HEALTHCARE,GB,NET_BANKING,2,307,0,0,2144,1,0,1,MERCHANT_ANOMALY
CUST_99117,3899.93,"Molina, Norman and Mendez",FOOD,US,UPI,4,178,0,0,1371,0,0,0,LEGITIMATE
CUST_98931,12268.969476118527,Drake-Alvarado,HEALTHCARE,NG,UPI,10,10,0,1,17,1,1,1,SYNTHETIC_IDENTITY
CUST_64893,4002.51,"Jackson, Bonilla and Johnson",FOOD,NG,UPI,2,84,0,0,2192,0,0,0,LEGITIMATE
CUST_77279,1218.75,"Rivera, Donovan and Rodriguez",EDUCATION,NG,WALLET,4,426,0,0,537,0,0,0,LEGITIMATE
CUST_23541,2769.84,"Foster, Davis and Marquez",ENTERTAINMENT,IN,WALLET,1,936,0,0,1416,0,0,0,LEGITIMATE
CUST_52642,1361.06,Berry PLC,GROCERY,NG,UPI,1,273,0,0,154,1,0,1,MERCHANT_ANOMALY
CUST_68146,1060.51,"Stone, Harris and Garcia",HEALTHCARE,NG,UPI,2,407,0,0,1721,0,0,0,LEGITIMATE
CUST_53599,30251.32,Rivas-Wright,FOOD,GB,CREDIT_CARD,23,3,1,1,2112,1,1,1,MULTI_SIGNAL_ATTACK
CUST_45587,13702.39,Santos Ltd,TRAVEL,GB,UPI,23,1,1,1,1554,1,1,1,MULTI_SIGNAL_ATTACK
CUST_90700,3271.6,Patel LLC,OTHER,CN,CREDIT_CARD,3,644,1,0,187,0,0,1,GEOGRAPHIC_ANOMALY
CUST_84604,2305.41,Williams-Jackson,ENTERTAINMENT,CN,CREDIT_CARD,3,837,0,0,1734,0,0,0,LEGITIMATE
CUST_65282,1376.89,"Cox, Gardner and Nunez",TRAVEL,IN,UPI,1,982,0,0,2031,0,0,0,LEGITIMATE
CUST_32119,7181.345236332694,Jackson PLC,TRAVEL,CN,NET_BANKING,5,10,0,1,26,1,1,1,SYNTHETIC_IDENTITY
CUST_73265,1480.5802048455603,"Barker, Robertson and Jordan",ECOMMERCE,GB,CREDIT_CARD,18,740,0,0,1657,0,0,1,VELOCITY_ABUSE
CUST_93488,4998.25,"Murphy, Grimes and Allen",HEALTHCARE,IN,UPI,2,839,0,0,232,0,0,0,LEGITIMATE
CUST_47983,4043.611992494418,Johnson-Campos,HEALTHCARE,GB,UPI,16,464,0,0,1476,0,0,1,VELOCITY_ABUSE
CUST_96248,1908.9,Scott-Perez,EDUCATION,IN,WALLET,5,3,1,1,2011,1,1,1,ACCOUNT_TAKEOVER
CUST_16660,416.94,Wells LLC,OTHER,US,NET_BANKING,4,602,0,0,1233,1,0,1,MERCHANT_ANOMALY
CUST_30797,1176.27,"Cameron, Young and Sharp",OTHER,NG,WALLET,4,938,0,0,412,0,0,0,LEGITIMATE
CUST_16058,21397.29,Wilson-White,EDUCATION,US,CREDIT_CARD,10,2,1,1,1023,1,1,1,ACCOUNT_TAKEOVER
CUST_82334,6509.14,Haynes-Todd,GROCERY,NG,CREDIT_CARD,2,74,0,0,836,1,1,1,TRANSACTION_ANOMALY
CUST_14322,2155.8,Turner Ltd,ECOMMERCE,US,WALLET,1,219,0,0,807,0,0,0,LEGITIMATE
CUST_10319,3322.9648783177313,"Moore, Jones and Ramirez",OTHER,NG,WALLET,26,603,0,0,997,0,0,1,VELOCITY_ABUSE
CUST_68955,2228.93,Scott-Lopez,EDUCATION,IN,NET_BANKING,3,931,0,0,2158,0,0,0,LEGITIMATE
CUST_27709,2694.77,Alexander-Edwards,ECOMMERCE,NG,UPI,3,220,0,0,62,0,0,0,LEGITIMATE
CUST_63052,3583.06,Silva Group,OTHER,US,UPI,15,1,1,1,1811,1,1,1,ACCOUNT_TAKEOVER
CUST_74868,21712.52705783386,Miller Ltd,OTHER,CN,NET_BANKING,7,4,0,1,22,1,1,1,SYNTHETIC_IDENTITY
CUST_89873,1851.29,Lopez-Jones,ENTERTAINMENT,NG,NET_BANKING,3,984,1,0,2350,0,0,1,GEOGRAPHIC_ANOMALY
CUST_89935,797.56,Smith-Romero,HEALTHCARE,NG,DEBIT_CARD,4,443,0,0,919,0,0,0,LEGITIMATE
CUST_50757,2235.07,Johnson-Levy,ENTERTAINMENT,US,CREDIT_CARD,1,897,0,0,620,0,0,0,LEGITIMATE
CUST_82813,2660.9,"Nolan, Smith and Walker",ENTERTAINMENT,CN,WALLET,1,948,0,0,2345,0,0,0,LEGITIMATE
CUST_25956,5320.65,Hernandez Ltd,TRAVEL,US,WALLET,2,302,0,0,2232,0,0,0,LEGITIMATE
CUST_60293,4193.25,"Anderson, Sutton and Brown",TRAVEL,CN,DEBIT_CARD,2,265,0,0,2324,0,0,0,LEGITIMATE
CUST_73697,1202.12,Mullins-Jordan,GROCERY,GB,NET_BANKING,4,533,0,0,2315,0,0,0,LEGITIMATE
CUST_49426,1250.0,Horn Inc,OTHER,GB,UPI,3,365,0,1,2163,0,0,1,PAYMENT_METHOD_ABUSE
CUST_98575,2569.69,Haynes-Harrison,HEALTHCARE,CN,NET_BANKING,1,85,0,0,1870,0,0,0,LEGITIMATE
CUST_56210,2435.29,Berry-Ellis,TRAVEL,IN,NET_BANKING,4,297,0,0,1411,0,0,0,LEGITIMATE
CUST_93774,21918.14,Snow PLC,ENTERTAINMENT,IN,DEBIT_CARD,9,3,1,1,1076,1,1,1,ACCOUNT_TAKEOVER
CUST_56547,557.29,"Salinas, Smith and Alvarez",ENTERTAINMENT,GB,DEBIT_CARD,1,731,0,0,820,0,0,0,LEGITIMATE
CUST_76860,1286.8097759778473,Miller Ltd,ENTERTAINMENT,CN,NET_BANKING,20,81,0,0,1796,0,0,1,VELOCITY_ABUSE
CUST_85292,3122.67,Ware-Rodgers,HEALTHCARE,NG,CREDIT_CARD,1,271,0,0,409,0,0,0,LEGITIMATE
CUST_39333,1686.74,Carpenter LLC,HEALTHCARE,NG,CREDIT_CARD,2,964,0,0,1326,0,0,0,LEGITIMATE
CUST_34330,12238.53,"Lopez, Pearson and Harrington",OTHER,IN,NET_BANKING,14,1,1,1,791,1,1,1,MULTI_SIGNAL_ATTACK
CUST_22555,2986.53,Allen PLC,GROCERY,CN,WALLET,4,74,0,0,36,0,0,0,LEGITIMATE
CUST_15001,664.65,"Martin, Conley and Moreno",TRAVEL,US,WALLET,4,951,0,0,1519,0,0,0,LEGITIMATE
CUST_95762,2743.21,"Kirby, Brewer and Parrish",EDUCATION,NG,UPI,2,514,0,0,1240,0,0,0,LEGITIMATE
CUST_12483,3465.0568809410543,Miller LLC,EDUCATION,GB,CREDIT_CARD,11,354,0,0,768,0,0,1,VELOCITY_ABUSE
CUST_10817,1869.51,Lewis and Sons,HEALTHCARE,CN,CREDIT_CARD,1,639,0,0,2012,0,0,0,LEGITIMATE
CUST_30072,3636.71,Smith-Holloway,EDUCATION,IN,WALLET,2,872,0,0,603,0,0,0,LEGITIMATE
CUST_70280,4780.68,Roberts Ltd,OTHER,GB,DEBIT_CARD,3,281,0,0,481,0,0,0,LEGITIMATE
CUST_20837,3854.33,Davis LLC,ENTERTAINMENT,CN,DEBIT_CARD,4,451,0,0,547,0,0,0,LEGITIMATE
CUST_56057,1062.01,Ayala-Johnson,TRAVEL,IN,DEBIT_CARD,4,394,0,0,1660,0,0,0,LEGITIMATE
CUST_54532,1816.62,Arias-Mcintosh,EDUCATION,IN,DEBIT_CARD,3,183,0,0,2119,0,0,0,LEGITIMATE
CUST_65179,24081.35,"Tran, Pena and Hoffman",GROCERY,IN,DEBIT_CARD,19,0,1,1,1901,1,1,1,MULTI_SIGNAL_ATTACK
CUST_99808,2271.47,Allison-Bates,OTHER,NG,CREDIT_CARD,4,107,0,0,1818,0,0,0,LEGITIMATE
CUST_19305,34992.53,"Rodriguez, Simpson and Harrington",HEALTHCARE,IN,NET_BANKING,2,859,0,0,758,1,1,1,TRANSACTION_ANOMALY
CUST_34592,2818.07,"Dean, Reed and Harris",ECOMMERCE,US,CREDIT_CARD,3,781,0,0,2382,0,0,0,LEGITIMATE
CUST_86383,1623.02,"Evans, Anderson and Mason",EDUCATION,IN,UPI,4,625,0,0,1339,0,0,0,LEGITIMATE
CUST_48902,1394.78,"Meyers, Brown and Jackson",FOOD,US,WALLET,2,435,0,0,801,0,0,0,LEGITIMATE
CUST_99575,3691.07,Kennedy PLC,HEALTHCARE,CN,UPI,2,768,0,0,1115,0,0,0,LEGITIMATE
CUST_14524,4059.73,Bright Group,FOOD,IN,UPI,1,827,0,0,1277,0,0,0,LEGITIMATE
CUST_51426,1356.47,"Hernandez, Mckinney and Moore",ECOMMERCE,IN,UPI,2,259,0,1,433,0,0,1,PAYMENT_METHOD_ABUSE
CUST_41210,4645.92,"David, Brennan and Donovan",OTHER,GB,UPI,1,32,0,0,56,0,0,0,LEGITIMATE
CUST_85712,3046.03,"Delacruz, Wood and Sellers",FOOD,GB,NET_BANKING,4,981,0,0,2242,0,0,0,LEGITIMATE
CUST_68847,782.67,"May, Collins and Hoffman",FOOD,GB,NET_BANKING,10,1,1,1,165,1,1,1,ACCOUNT_TAKEOVER
CUST_82325,13221.9617764541,Fletcher Inc,OTHER,US,UPI,3,5,0,1,15,1,1,1,SYNTHETIC_IDENTITY
CUST_89207,1493.52,"Baird, Chan and Reid",EDUCATION,CN,WALLET,1,88,0,0,416,1,0,1,MERCHANT_ANOMALY
CUST_57590,4354.11,"Atkinson, Elliott and Thomas",EDUCATION,IN,WALLET,1,529,0,0,2445,0,0,0,LEGITIMATE
CUST_87182,254.5,Collins Ltd,ENTERTAINMENT,CN,NET_BANKING,3,770,0,0,897,0,0,0,LEGITIMATE
CUST_49318,5148.63,Miller-Moyer,ENTERTAINMENT,CN,UPI,2,787,0,0,206,1,0,1,MERCHANT_ANOMALY
CUST_36559,5664.87,Cross-Richard,GROCERY,NG,NET_BANKING,3,36,1,0,1539,0,0,1,GEOGRAPHIC_ANOMALY
CUST_33583,20864.22714670706,Lewis-Hicks,TRAVEL,CN,NET_BANKING,3,2,0,1,19,1,1,1,SYNTHETIC_IDENTITY
CUST_92782,29726.201768009556,Hernandez-Salas,ECOMMERCE,IN,NET_BANKING,3,9,0,1,1,1,1,1,SYNTHETIC_IDENTITY
CUST_95112,50.0,Orr Ltd,ENTERTAINMENT,NG,WALLET,4,80,0,0,308,0,0,0,LEGITIMATE
CUST_16421,2579.56,Garcia and Sons,OTHER,US,NET_BANKING,3,981,0,0,834,0,0,0,LEGITIMATE
CUST_97598,20747.84,Salazar-Cain,OTHER,NG,NET_BANKING,11,1,1,1,2175,1,1,1,MULTI_SIGNAL_ATTACK
CUST_54020,1951.18,Crawford-Martinez,ENTERTAINMENT,NG,UPI,4,237,0,0,1778,1,0,1,MERCHANT_ANOMALY
CUST_57450,2913.51,Smith PLC,FOOD,NG,WALLET,3,916,0,0,1628,0,0,0,LEGITIMATE
CUST_25745,4093.22,Buckley Inc,EDUCATION,US,DEBIT_CARD,4,846,1,0,868,0,0,1,GEOGRAPHIC_ANOMALY
CUST_56098,1074.08,Murphy Group,OTHER,IN,UPI,3,930,0,0,213,0,0,0,LEGITIMATE
CUST_78805,1516.97,Villanueva Inc,ECOMMERCE,CN,UPI,1,531,0,0,1734,0,0,0,LEGITIMATE
CUST_75095,1913.56,Beard Group,OTHER,NG,UPI,3,914,0,0,1103,0,0,0,LEGITIMATE
CUST_90506,3817.73,"Alexander, Robinson and Jacobson",ENTERTAINMENT,NG,DEBIT_CARD,4,799,0,0,1394,0,0,0,LEGITIMATE
CUST_26278,6214.0,"Kim, Fletcher and Hamilton",TRAVEL,GB,CREDIT_CARD,1,743,0,0,756,0,0,0,LEGITIMATE
CUST_59802,1978.78,Jimenez-Allen,FOOD,CN,DEBIT_CARD,1,612,0,0,1071,0,0,0,LEGITIMATE
CUST_65080,23645.69762340227,Smith-Shepard,OTHER,NG,WALLET,6,0,0,1,8,1,1,1,SYNTHETIC_IDENTITY
CUST_52065,3629.528354923987,Holt Group,TRAVEL,NG,WALLET,17,412,0,0,1641,0,0,1,VELOCITY_ABUSE
CUST_53448,7432.1,Booker-Garcia,TRAVEL,IN,CREDIT_CARD,20,1,1,1,758,1,1,1,MULTI_SIGNAL_ATTACK
CUST_97091,920.19,Reid-Brown,ENTERTAINMENT,US,UPI,2,849,0,0,2443,0,0,0,LEGITIMATE
CUST_26716,1844.33,Daniels-Myers,ECOMMERCE,NG,CREDIT_CARD,4,373,0,0,592,0,0,0,LEGITIMATE
CUST_11058,1968.47,Barber LLC,ECOMMERCE,NG,NET_BANKING,1,353,0,0,1030,1,0,1,MERCHANT_ANOMALY
CUST_96529,1577.28,Jenkins LLC,FOOD,CN,NET_BANKING,2,715,0,0,2057,0,0,0,LEGITIMATE
CUST_49487,2034.16,Mccormick-Taylor,HEALTHCARE,GB,DEBIT_CARD,1,100,0,0,897,0,0,0,LEGITIMATE
CUST_53309,1193.05,"Chavez, Hall and Nguyen",GROCERY,IN,WALLET,2,81,1,0,2057,0,0,1,GEOGRAPHIC_ANOMALY
CUST_34654,4012.75,"Boyd, Myers and Smith",HEALTHCARE,US,NET_BANKING,2,933,1,0,1588,0,0,1,GEOGRAPHIC_ANOMALY
CUST_36144,1470.31,Lambert-Flores,TRAVEL,IN,WALLET,4,34,0,0,2391,1,0,1,MERCHANT_ANOMALY
CUST_12172,5262.58,"Palmer, Allen and Gomez",ENTERTAINMENT,NG,DEBIT_CARD,3,302,0,0,1667,0,0,0,LEGITIMATE
CUST_23913,970.83,"Hall, Russell and Sullivan",GROCERY,IN,UPI,4,296,0,0,277,0,0,0,LEGITIMATE
CUST_91557,17733.832751861708,Lang Ltd,EDUCATION,GB,WALLET,4,3,0,1,17,1,1,1,SYNTHETIC_IDENTITY
CUST_30397,6643.8,"Brown, Mitchell and Williams",HEALTHCARE,US,NET_BANKING,3,845,0,0,2431,0,0,0,LEGITIMATE
CUST_75902,2628.37,Kirby Inc,FOOD,IN,UPI,2,336,0,0,347,0,0,0,LEGITIMATE
CUST_70038,38726.67,Henderson-Clayton,ENTERTAINMENT,CN,CREDIT_CARD,3,891,0,0,1543,1,1,1,TRANSACTION_ANOMALY
CUST_53820,162.43,Jackson Ltd,EDUCATION,GB,DEBIT_CARD,1,880,0,0,1354,0,0,0,LEGITIMATE
CUST_40214,2191.44,Baker-Torres,EDUCATION,GB,WALLET,2,613,0,0,1429,0,0,0,LEGITIMATE
CUST_47288,1501.11,"Smith, Wright and Lambert",FOOD,CN,NET_BANKING,3,424,0,0,46,0,0,0,LEGITIMATE
CUST_60203,4015.95,Anderson Inc,HEALTHCARE,NG,UPI,1,457,0,0,284,0,0,0,LEGITIMATE
CUST_16648,1252.32,Hubbard-Perez,FOOD,NG,UPI,3,140,0,1,1053,0,0,1,PAYMENT_METHOD_ABUSE
CUST_54210,3722.73,Nguyen Inc,ENTERTAINMENT,IN,CREDIT_CARD,2,199,0,0,576,0,0,0,LEGITIMATE
CUST_48150,607.22,"Cooper, Ortiz and Jackson",HEALTHCARE,CN,NET_BANKING,3,476,0,0,467,0,0,0,LEGITIMATE
CUST_43173,809.01,Williams Group,HEALTHCARE,NG,UPI,2,475,0,0,381,0,0,0,LEGITIMATE
CUST_61388,1782.72,Barker-Strong,TRAVEL,IN,UPI,1,366,0,1,1503,0,0,1,PAYMENT_METHOD_ABUSE
CUST_82341,2491.29,Ferrell Ltd,FOOD,CN,UPI,1,750,0,0,507,0,0,0,LEGITIMATE
CUST_53148,646.65,White-Bradshaw,TRAVEL,GB,DEBIT_CARD,1,688,0,0,757,0,0,0,LEGITIMATE
CUST_99859,2430.72,"Carney, Jones and Thomas",TRAVEL,GB,WALLET,1,327,0,0,450,0,0,0,LEGITIMATE
CUST_24438,1649.4726218494977,"Garza, Gomez and Santiago",FOOD,IN,DEBIT_CARD,28,952,0,0,1194,0,0,1,VELOCITY_ABUSE
CUST_32073,41714.94,"Martinez, Griffin and Johnson",TRAVEL,IN,CREDIT_CARD,24,0,1,1,1718,1,1,1,MULTI_SIGNAL_ATTACK
CUST_50268,2413.67,Hernandez Inc,EDUCATION,NG,NET_BANKING,1,737,0,0,1815,0,0,0,LEGITIMATE
CUST_81101,808.51,Frank Ltd,HEALTHCARE,CN,WALLET,4,938,0,0,631,1,0,1,MERCHANT_ANOMALY
CUST_23340,9681.67,Potter Inc,GROCERY,GB,WALLET,3,225,0,0,1735,1,1,1,TRANSACTION_ANOMALY
CUST_22465,2169.65,Byrd-Cameron,GROCERY,US,WALLET,1,397,0,0,432,0,0,0,LEGITIMATE
CUST_62775,1139.04,Hall-Hunter,ECOMMERCE,US,UPI,1,774,0,0,2215,0,0,0,LEGITIMATE
CUST_26434,5792.64,Castillo-Michael,EDUCATION,GB,DEBIT_CARD,1,674,0,0,634,0,0,0,LEGITIMATE
CUST_41810,4527.162720930638,Smith and Sons,TRAVEL,IN,UPI,27,192,0,0,677,0,0,1,VELOCITY_ABUSE
CUST_15158,2247.63,Cook Group,EDUCATION,CN,CREDIT_CARD,2,697,0,0,1865,0,0,0,LEGITIMATE
CUST_93162,33128.13,Taylor PLC,OTHER,US,NET_BANKING,22,0,1,1,2446,1,1,1,MULTI_SIGNAL_ATTACK
CUST_33393,21573.90924674857,"Robinson, Aguirre and Rodriguez",OTHER,IN,DEBIT_CARD,7,7,0,1,1,1,1,1,SYNTHETIC_IDENTITY
CUST_28031,2189.8774140422256,"Murray, Perkins and Kim",TRAVEL,GB,NET_BANKING,28,792,0,0,1441,0,0,1,VELOCITY_ABUSE
CUST_66937,6656.989897200368,"Clark, West and Baker",HEALTHCARE,NG,DEBIT_CARD,22,844,0,0,988,0,0,1,VELOCITY_ABUSE
CUST_97899,3480.22,"Brown, Keller and Ruiz",ECOMMERCE,CN,WALLET,1,310,0,0,711,1,1,1,TRANSACTION_ANOMALY
CUST_56174,2645.79,Guerrero PLC,FOOD,US,WALLET,2,102,0,0,1900,0,0,0,LEGITIMATE
CUST_20570,2646.3,Hoffman Ltd,TRAVEL,NG,CREDIT_CARD,3,754,0,0,1776,0,0,0,LEGITIMATE
CUST_71286,27468.14,Stanley Group,GROCERY,CN,NET_BANKING,20,2,1,1,263,1,1,1,MULTI_SIGNAL_ATTACK
CUST_55416,1226.76,"Brown, Mills and Larson",EDUCATION,CN,NET_BANKING,1,861,0,0,1898,0,0,0,LEGITIMATE
CUST_52644,5264.0,Ritter LLC,FOOD,GB,WALLET,3,787,0,0,2400,0,0,0,LEGITIMATE
CUST_57054,4435.78,Perry-Walker,TRAVEL,US,UPI,2,866,0,0,1168,0,0,0,LEGITIMATE
CUST_34763,1119.1,Rowland-Allen,FOOD,GB,UPI,2,705,0,0,171,0,0,0,LEGITIMATE
CUST_56450,2210.14,Doyle Ltd,GROCERY,IN,WALLET,1,718,0,0,479,0,0,0,LEGITIMATE
CUST_40198,2519.64,"Evans, Harrison and Hayden",EDUCATION,US,UPI,3,781,0,0,1786,0,0,0,LEGITIMATE
CUST_13989,1775.9278266741849,"Camacho, Santos and Edwards",OTHER,IN,DEBIT_CARD,18,174,0,0,1061,0,0,1,VELOCITY_ABUSE
CUST_73814,16930.771165824044,Ford Ltd,OTHER,CN,CREDIT_CARD,6,5,0,1,5,1,1,1,SYNTHETIC_IDENTITY
CUST_50266,705.92,Haley-Watts,TRAVEL,GB,CREDIT_CARD,3,1000,0,0,1845,0,0,0,LEGITIMATE
CUST_86197,484.34,Ellis-Gonzalez,OTHER,US,DEBIT_CARD,2,274,0,0,1763,0,0,0,LEGITIMATE
CUST_23782,6177.28,Gonzalez-Macias,EDUCATION,NG,DEBIT_CARD,4,779,0,0,96,0,0,0,LEGITIMATE
CUST_53821,5095.92,Cannon-Whitney,GROCERY,NG,CREDIT_CARD,9,2,1,1,2411,1,1,1,ACCOUNT_TAKEOVER
CUST_22147,4103.42,"Moss, Johnson and Chang",TRAVEL,IN,CREDIT_CARD,3,54,0,0,183,0,0,0,LEGITIMATE
CUST_81299,22941.48,Jordan-Rodriguez,GROCERY,US,DEBIT_CARD,17,0,1,1,387,1,1,1,MULTI_SIGNAL_ATTACK
CUST_85227,6338.3,Gonzalez-Duarte,ECOMMERCE,IN,DEBIT_CARD,3,710,0,0,1988,0,0,0,LEGITIMATE
CUST_74956,2143.61,Mccarthy Inc,ECOMMERCE,US,UPI,4,399,0,0,1077,0,0,0,LEGITIMATE
CUST_18695,111.99,Wagner Group,ENTERTAINMENT,IN,NET_BANKING,3,143,0,0,214,0,0,0,LEGITIMATE
CUST_36119,11654.83,Jackson-Poole,HEALTHCARE,GB,UPI,15,1,1,1,529,1,1,1,ACCOUNT_TAKEOVER
CUST_98999,13199.867184926525,Parker LLC,FOOD,NG,WALLET,10,8,0,1,16,1,1,1,SYNTHETIC_IDENTITY
CUST_69500,21518.08,"Hayes, Bell and Morales",OTHER,IN,NET_BANKING,25,1,1,1,2041,1,1,1,MULTI_SIGNAL_ATTACK
CUST_85203,317.8,Ramsey Group,OTHER,NG,DEBIT_CARD,2,69,0,0,944,0,0,0,LEGITIMATE
CUST_46033,1508.88,"Douglas, Pitts and Foster",ENTERTAINMENT,IN,UPI,1,690,0,0,1509,0,0,0,LEGITIMATE
CUST_69800,4335.45,Melton-Brady,FOOD,GB,UPI,4,622,0,1,944,0,0,1,PAYMENT_METHOD_ABUSE
CUST_98779,1507.4091537944828,Rogers PLC,FOOD,US,UPI,28,664,0,0,194,0,0,1,VELOCITY_ABUSE
CUST_80691,6043.5274521682595,Duncan LLC,EDUCATION,US,DEBIT_CARD,17,645,0,0,1362,0,0,1,VELOCITY_ABUSE
CUST_68727,270.17,"Chase, Abbott and Hall",HEALTHCARE,NG,UPI,3,897,0,0,362,0,0,0,LEGITIMATE
CUST_65112,3016.17,Clark Ltd,FOOD,IN,CREDIT_CARD,1,816,0,0,1898,1,0,1,MERCHANT_ANOMALY
CUST_70114,4442.37,"Lee, Pierce and Smith",TRAVEL,GB,CREDIT_CARD,3,766,0,0,2319,0,0,0,LEGITIMATE
CUST_54115,3112.56,Liu-Velasquez,ENTERTAINMENT,GB,WALLET,4,807,0,1,927,0,0,1,PAYMENT_METHOD_ABUSE
CUST_71339,24425.37,Alexander Group,TRAVEL,US,DEBIT_CARD,15,0,1,1,2091,1,1,1,ACCOUNT_TAKEOVER
CUST_46337,3879.84,"James, Moody and Roth",ENTERTAINMENT,NG,NET_BANKING,1,831,0,0,118,0,0,0,LEGITIMATE
CUST_32778,2016.52,Smith-Yang,FOOD,CN,NET_BANKING,1,943,0,0,1238,0,0,0,LEGITIMATE
CUST_46633,2151.28,Hoffman PLC,ENTERTAINMENT,IN,WALLET,4,293,0,0,418,0,0,0,LEGITIMATE
CUST_45837,1805.55,"Davis, Johnson and Hodges",TRAVEL,NG,UPI,4,90,1,0,640,0,0,1,GEOGRAPHIC_ANOMALY
CUST_71606,3062.08,"Romero, Walker and Macdonald",GROCERY,IN,CREDIT_CARD,1,266,0,0,366,0,0,0,LEGITIMATE
CUST_41744,17805.73,Andrews Ltd,OTHER,US,CREDIT_CARD,9,3,1,1,673,1,1,1,ACCOUNT_TAKEOVER
CUST_96429,7870.088085844716,Miller-Suarez,OTHER,NG,UPI,30,802,0,0,1763,0,0,1,VELOCITY_ABUSE
CUST_44181,2158.06,Knight and Sons,FOOD,NG,NET_BANKING,2,297,0,0,962,0,0,0,LEGITIMATE
CUST_62945,1385.8230736907349,Carroll Ltd,ENTERTAINMENT,US,NET_BANKING,11,137,0,0,2379,0,0,1,VELOCITY_ABUSE
CUST_65837,736.57,Garcia Group,TRAVEL,US,DEBIT_CARD,3,735,0,0,1211,0,0,0,LEGITIMATE
CUST_59670,1593.26,Gonzalez-Davis,FOOD,IN,DEBIT_CARD,4,88,0,0,1552,0,0,0,LEGITIMATE
CUST_12827,1631.7,"Chavez, Molina and Tucker",ECOMMERCE,GB,WALLET,2,392,0,1,1036,0,0,1,PAYMENT_METHOD_ABUSE
CUST_48799,436.07,Lyons Group,ECOMMERCE,GB,NET_BANKING,2,240,0,0,146,0,0,0,LEGITIMATE
CUST_26183,3295.76,Mason Inc,ENTERTAINMENT,GB,CREDIT_CARD,1,685,0,0,329,0,0,0,LEGITIMATE
CUST_28023,3101.14,Oliver Inc,GROCERY,US,NET_BANKING,7,0,1,1,143,1,1,1,ACCOUNT_TAKEOVER
CUST_98460,3024.67,Henry-Garcia,TRAVEL,GB,NET_BANKING,2,796,0,0,1296,0,0,0,LEGITIMATE
CUST_57911,1358.57,Lewis Ltd,ENTERTAINMENT,NG,DEBIT_CARD,1,882,0,0,849,0,0,0,LEGITIMATE
CUST_63655,4437.55,"Moran, Henderson and Buck",ENTERTAINMENT,GB,UPI,1,576,0,0,475,0,0,0,LEGITIMATE
CUST_46072,34826.82,Chandler-Rodriguez,TRAVEL,GB,NET_BANKING,3,578,0,0,1379,1,1,1,TRANSACTION_ANOMALY
CUST_94037,3609.07,Tapia and Sons,FOOD,IN,UPI,3,62,0,0,1540,0,0,0,LEGITIMATE
CUST_33982,3291.94,"Thomas, Pennington and Morgan",ECOMMERCE,US,UPI,3,553,0,0,814,0,0,0,LEGITIMATE
CUST_17335,2259.89,"Hill, Wood and Harris",TRAVEL,GB,WALLET,4,353,0,0,874,0,0,0,LEGITIMATE
CUST_15973,2962.8469570684756,Morgan and Sons,FOOD,NG,WALLET,21,857,0,0,2066,0,0,1,VELOCITY_ABUSE
CUST_48625,4243.64,Paul and Sons,TRAVEL,GB,UPI,4,524,0,0,568,0,0,0,LEGITIMATE
CUST_43175,4435.64,Rhodes-Ellis,EDUCATION,GB,UPI,3,467,0,0,1198,0,0,0,LEGITIMATE
CUST_47003,2192.45,Cobb Group,EDUCATION,IN,CREDIT_CARD,2,429,0,0,246,0,0,0,LEGITIMATE
CUST_49013,1782.79,"Fischer, Perez and Cunningham",TRAVEL,CN,NET_BANKING,2,538,0,0,2267,0,0,0,LEGITIMATE
CUST_70638,3644.06,Fuller LLC,HEALTHCARE,US,UPI,1,173,0,0,2461,0,0,0,LEGITIMATE
CUST_25896,924.85,"Scott, Olson and Montoya",GROCERY,GB,NET_BANKING,3,778,0,0,120,0,0,0,LEGITIMATE
CUST_35967,4265.23,Carpenter Inc,GROCERY,CN,CREDIT_CARD,2,174,0,0,2500,0,0,0,LEGITIMATE
CUST_92868,2544.63,Robinson-Johnson,GROCERY,CN,NET_BANKING,2,399,0,0,1065,0,0,0,LEGITIMATE
CUST_97612,760.62,Davis-Jefferson,ENTERTAINMENT,CN,DEBIT_CARD,1,252,0,0,456,0,0,0,LEGITIMATE
CUST_27261,1223.82,Allen Group,ECOMMERCE,GB,WALLET,3,1000,1,0,1552,0,0,1,GEOGRAPHIC_ANOMALY
CUST_70283,3460.7,Hill-Morris,HEALTHCARE,NG,DEBIT_CARD,1,835,0,0,2310,0,0,0,LEGITIMATE
CUST_75454,1445.72,Conley-Mclaughlin,OTHER,GB,UPI,3,758,0,0,2452,1,0,1,MERCHANT_ANOMALY
CUST_69823,2655.55,Tucker Inc,TRAVEL,GB,NET_BANKING,4,756,1,0,2106,0,0,1,GEOGRAPHIC_ANOMALY
CUST_67599,14499.49,Roy LLC,ECOMMERCE,US,DEBIT_CARD,11,1,1,1,466,1,1,1,ACCOUNT_TAKEOVER
CUST_72363,4852.01,Taylor-Turner,OTHER,IN,NET_BANKING,1,814,0,0,1617,0,0,0,LEGITIMATE
CUST_97335,2169.64,Villa-Grant,ENTERTAINMENT,IN,NET_BANKING,1,197,0,0,1163,0,0,0,LEGITIMATE
CUST_82408,4310.44,Davis and Sons,FOOD,US,CREDIT_CARD,2,754,0,0,1577,0,0,0,LEGITIMATE
CUST_27204,2742.66,"Decker, Willis and Wilson",TRAVEL,NG,CREDIT_CARD,3,631,0,0,2208,0,0,0,LEGITIMATE
CUST_56728,4486.23,Ross-Reid,TRAVEL,US,NET_BANKING,4,523,1,0,725,0,0,1,GEOGRAPHIC_ANOMALY
CUST_37037,5079.42,"Kline, Wilson and Ramirez",ENTERTAINMENT,GB,DEBIT_CARD,4,228,0,0,890,0,0,0,LEGITIMATE
CUST_27457,1751.85,Ellis-Hill,GROCERY,NG,WALLET,2,111,0,0,1834,1,0,1,MERCHANT_ANOMALY
CUST_15382,6453.083410025535,Morrison Group,EDUCATION,US,CREDIT_CARD,30,293,0,0,78,0,0,1,VELOCITY_ABUSE
CUST_78409,1352.41,"Rasmussen, Henry and Baird",EDUCATION,NG,UPI,3,954,0,0,1608,0,0,0,LEGITIMATE
CUST_56723,1912.69,Wood-Ramirez,FOOD,US,CREDIT_CARD,2,97,0,0,1981,0,0,0,LEGITIMATE
CUST_82890,2364.68,Cervantes-Thompson,GROCERY,US,WALLET,2,891,0,0,1886,0,0,0,LEGITIMATE
CUST_40531,5112.77,Gomez and Sons,ECOMMERCE,CN,CREDIT_CARD,2,940,0,0,1943,0,0,0,LEGITIMATE
CUST_46065,6973.36,Miller Inc,ENTERTAINMENT,GB,CREDIT_CARD,4,715,0,0,380,1,0,1,MERCHANT_ANOMALY
CUST_93742,2558.65,"Mclean, Rogers and Williams",TRAVEL,NG,NET_BANKING,1,513,0,0,139,0,0,0,LEGITIMATE
CUST_29758,3585.02,Gaines and Sons,OTHER,CN,CREDIT_CARD,1,564,1,0,737,0,0,1,GEOGRAPHIC_ANOMALY
CUST_33591,2388.87,Kelley PLC,HEALTHCARE,NG,WALLET,2,244,0,0,1034,0,0,0,LEGITIMATE
CUST_19881,810.66,Ward-Patterson,OTHER,NG,UPI,1,232,0,0,1372,0,0,0,LEGITIMATE
CUST_31934,12077.945733951445,"Allen, Crane and Hawkins",TRAVEL,IN,UPI,4,3,0,1,15,1,1,1,SYNTHETIC_IDENTITY
CUST_13148,2274.74,"Hernandez, Moses and Kelley",EDUCATION,CN,NET_BANKING,4,362,0,0,222,0,0,0,LEGITIMATE
CUST_54652,7545.1,Lynn and Sons,GROCERY,NG,WALLET,7,1,1,1,2246,1,1,1,ACCOUNT_TAKEOVER
CUST_61226,934.25,"Turner, Lewis and Bishop",ENTERTAINMENT,NG,NET_BANKING,4,377,0,0,1718,0,0,0,LEGITIMATE
CUST_23681,374.72,Peterson LLC,ENTERTAINMENT,CN,DEBIT_CARD,2,696,1,0,2242,0,0,1,GEOGRAPHIC_ANOMALY
CUST_16027,2752.43,Stein LLC,TRAVEL,CN,CREDIT_CARD,2,981,0,0,1091,0,0,0,LEGITIMATE
CUST_48783,2821.0,"Garrett, Miller and Ashley",ENTERTAINMENT,IN,CREDIT_CARD,4,489,1,0,854,0,0,1,GEOGRAPHIC_ANOMALY
CUST_67883,3229.82,"Bennett, Thompson and Schwartz",ECOMMERCE,NG,WALLET,3,575,0,0,2307,1,0,1,MERCHANT_ANOMALY
CUST_45485,48770.64,Lin-Fuentes,ENTERTAINMENT,IN,NET_BANKING,4,686,0,0,338,1,1,1,TRANSACTION_ANOMALY
CUST_22012,2843.99,"Carlson, Diaz and Sexton",ECOMMERCE,CN,WALLET,3,251,0,0,2094,0,0,0,LEGITIMATE
CUST_69574,1513.08,Morris-Kennedy,FOOD,IN,DEBIT_CARD,1,471,0,0,1966,0,0,0,LEGITIMATE
CUST_44861,19595.09,Howard Ltd,TRAVEL,IN,UPI,9,0,1,1,1489,1,1,1,ACCOUNT_TAKEOVER
CUST_73238,537.37,Miller-Larson,EDUCATION,US,UPI,4,412,0,0,2443,0,0,0,LEGITIMATE
CUST_61630,837.23,Anderson-Smith,EDUCATION,US,WALLET,2,714,0,0,2405,0,0,0,LEGITIMATE
CUST_30845,993.55,"Martin, Lewis and Hampton",HEALTHCARE,US,NET_BANKING,4,219,0,0,1953,0,0,0,LEGITIMATE
CUST_19485,2792.62,"Dorsey, Juarez and Young",GROCERY,US,CREDIT_CARD,3,836,0,0,662,0,0,0,LEGITIMATE
CUST_86936,2583.1,James-Duffy,ECOMMERCE,GB,DEBIT_CARD,4,419,0,0,501,0,0,0,LEGITIMATE
CUST_12584,29160.2,Navarro-Hill,GROCERY,US,UPI,5,1,1,1,58,1,1,1,ACCOUNT_TAKEOVER
CUST_45214,3489.55,Rivera and Sons,EDUCATION,US,UPI,3,474,0,0,329,0,0,0,LEGITIMATE
CUST_80268,5384.21,Gallegos-Rogers,OTHER,NG,NET_BANKING,4,850,0,0,1123,0,0,0,LEGITIMATE
CUST_15702,1734.57,"Stanley, Taylor and Perez",GROCERY,IN,NET_BANKING,3,836,0,0,1775,0,0,0,LEGITIMATE
CUST_41406,29727.4,Lewis-Riley,GROCERY,GB,CREDIT_CARD,25,3,1,1,1043,1,1,1,MULTI_SIGNAL_ATTACK
CUST_96549,1775.32,"Beasley, Wilkinson and Gonzales",OTHER,US,NET_BANKING,3,943,0,0,1592,0,0,0,LEGITIMATE
CUST_72653,1518.09,"Wilson, Turner and Terry",GROCERY,GB,UPI,4,469,0,0,2036,0,0,0,LEGITIMATE
CUST_25982,4849.77,Martinez Group,ENTERTAINMENT,US,WALLET,3,204,0,0,2174,0,0,0,LEGITIMATE
CUST_74098,1350.09,Rogers-Cunningham,ECOMMERCE,GB,UPI,4,207,0,1,2102,0,0,1,PAYMENT_METHOD_ABUSE
CUST_43847,968.43,"Nichols, Parker and Cole",HEALTHCARE,US,DEBIT_CARD,2,155,0,0,2372,1,0,1,MERCHANT_ANOMALY
CUST_13120,5243.08,Gill Inc,FOOD,CN,DEBIT_CARD,1,326,0,0,88,0,0,0,LEGITIMATE
CUST_45796,3099.89,"Brown, Wheeler and Wilson",HEALTHCARE,IN,NET_BANKING,1,402,1,0,2124,0,0,1,GEOGRAPHIC_ANOMALY
CUST_70903,2168.5,Rhodes Group,GROCERY,CN,UPI,2,620,0,0,1585,0,0,0,LEGITIMATE
CUST_21078,2817.13,"Goodwin, Gomez and Escobar",ENTERTAINMENT,CN,UPI,4,799,0,0,434,0,0,0,LEGITIMATE
CUST_62363,1956.85,Ramirez-Smith,EDUCATION,CN,NET_BANKING,4,77,0,0,1555,0,0,0,LEGITIMATE
CUST_83680,2932.73,Cordova-Thompson,GROCERY,US,UPI,2,630,0,1,1475,0,0,1,PAYMENT_METHOD_ABUSE
CUST_53192,2107.85,"Burns, Gomez and Ward",FOOD,US,NET_BANKING,4,571,0,0,1343,0,0,0,LEGITIMATE
CUST_27610,3017.21,"Larson, Ford and Simmons",OTHER,NG,DEBIT_CARD,3,175,0,0,2460,0,0,0,LEGITIMATE
CUST_31838,1828.87,"Kerr, Mckenzie and Hernandez",FOOD,CN,WALLET,2,639,0,0,50,0,0,0,LEGITIMATE
CUST_80282,473.09,Adkins-Contreras,EDUCATION,US,UPI,4,173,0,0,1944,0,0,0,LEGITIMATE
CUST_50014,524.89,Leach-Holmes,ECOMMERCE,CN,WALLET,1,293,0,0,1729,0,0,0,LEGITIMATE
CUST_42397,26328.01,Moreno PLC,FOOD,IN,WALLET,6,2,1,1,257,1,1,1,ACCOUNT_TAKEOVER
CUST_97632,2062.71,"Andrade, Mcgee and White",HEALTHCARE,CN,UPI,4,357,0,0,117,0,0,0,LEGITIMATE
CUST_58697,2830.71,Durham-Griffin,HEALTHCARE,GB,DEBIT_CARD,1,313,0,0,576,0,0,0,LEGITIMATE
CUST_35278,15232.802278223922,"Ramos, Hernandez and Browning",ECOMMERCE,NG,WALLET,10,1,0,1,30,1,1,1,SYNTHETIC_IDENTITY
CUST_96079,8174.911439338555,Kennedy PLC,HEALTHCARE,GB,NET_BANKING,16,927,0,0,1019,0,0,1,VELOCITY_ABUSE
CUST_81120,706.22,"Collins, Stevens and Mejia",EDUCATION,GB,CREDIT_CARD,2,364,0,1,2385,0,0,1,PAYMENT_METHOD_ABUSE
CUST_26078,8526.29,Edwards LLC,FOOD,US,NET_BANKING,20,1,1,1,2487,1,1,1,MULTI_SIGNAL_ATTACK
CUST_99653,2747.84,Graham-Williams,TRAVEL,GB,NET_BANKING,1,526,0,0,2228,0,0,0,LEGITIMATE
CUST_87313,9373.61,Hernandez-Cox,EDUCATION,NG,NET_BANKING,6,0,1,1,1904,1,1,1,ACCOUNT_TAKEOVER
CUST_99086,17428.48,Figueroa LLC,HEALTHCARE,US,DEBIT_CARD,2,133,0,0,1311,1,1,1,TRANSACTION_ANOMALY
CUST_93485,4832.6,"Dean, Ramirez and Sloan",GROCERY,GB,UPI,4,205,1,0,338,0,0,1,GEOGRAPHIC_ANOMALY
CUST_64666,968.85,Cooper-Vega,GROCERY,US,CREDIT_CARD,2,677,0,0,779,0,0,0,LEGITIMATE
CUST_40909,3390.08,Woodward-Dorsey,HEALTHCARE,US,CREDIT_CARD,2,422,0,0,2494,0,0,0,LEGITIMATE
CUST_26806,253.75,Valdez-Austin,FOOD,US,UPI,4,351,0,0,1353,0,0,0,LEGITIMATE
CUST_51073,6207.87,Huff-Miller,ENTERTAINMENT,GB,CREDIT_CARD,1,174,1,0,2468,0,0,1,GEOGRAPHIC_ANOMALY
CUST_34854,5397.168126061752,"Russell, Miranda and Rangel",OTHER,IN,UPI,15,785,0,0,1449,0,0,1,VELOCITY_ABUSE
CUST_86579,831.14,Bolton-Morales,OTHER,NG,CREDIT_CARD,3,980,0,0,2344,0,0,0,LEGITIMATE
CUST_36504,2457.13,Fischer Ltd,EDUCATION,IN,NET_BANKING,2,271,0,0,382,1,0,1,MERCHANT_ANOMALY
CUST_41657,3184.3,Vargas-Horton,OTHER,CN,DEBIT_CARD,3,481,0,0,559,0,0,0,LEGITIMATE
CUST_62145,2728.18,Keith-Baker,TRAVEL,IN,NET_BANKING,3,358,1,0,295,0,0,1,GEOGRAPHIC_ANOMALY
CUST_47761,1269.67,"Compton, White and Bennett",TRAVEL,IN,NET_BANKING,2,624,0,0,1947,0,0,0,LEGITIMATE
CUST_38463,1339.7,Greene Group,ENTERTAINMENT,US,DEBIT_CARD,2,100,0,0,2393,0,0,0,LEGITIMATE
CUST_55317,3535.4,Murphy-Arnold,ECOMMERCE,IN,UPI,2,613,0,0,271,0,0,0,LEGITIMATE
CUST_16624,4929.25,"Fields, Marshall and Foster",OTHER,US,WALLET,3,546,0,0,1818,0,0,0,LEGITIMATE
CUST_33715,13600.8,"Guzman, Freeman and Taylor",GROCERY,CN,DEBIT_CARD,1,881,0,0,1209,1,1,1,TRANSACTION_ANOMALY
CUST_38973,6254.46,Campbell PLC,FOOD,IN,DEBIT_CARD,2,610,0,0,1872,0,0,0,LEGITIMATE
CUST_57530,2835.17,Powell-Mejia,FOOD,CN,UPI,1,461,0,0,1320,0,0,0,LEGITIMATE
CUST_98256,3104.0925187082466,"Sexton, Dunn and Stafford",ENTERTAINMENT,US,UPI,6,6,0,1,2,1,1,1,SYNTHETIC_IDENTITY
CUST_42923,6978.56284097115,"Mays, Joyce and Hernandez",GROCERY,CN,CREDIT_CARD,10,10,0,1,9,1,1,1,SYNTHETIC_IDENTITY
CUST_29693,1068.18,"Parker, Crawford and Matthews",EDUCATION,CN,WALLET,1,897,0,0,706,0,0,0,LEGITIMATE
CUST_92208,352.13,"Barnett, Barber and Bailey",HEALTHCARE,CN,NET_BANKING,2,222,0,0,2107,0,0,0,LEGITIMATE
CUST_80832,424.11,Johnson and Sons,GROCERY,US,CREDIT_CARD,1,711,0,0,1554,0,0,0,LEGITIMATE
CUST_65442,4443.56,"Sampson, Gonzales and Cole",HEALTHCARE,US,WALLET,4,984,0,0,897,0,0,0,LEGITIMATE
CUST_68450,2760.46,Carroll Ltd,EDUCATION,GB,UPI,2,596,0,0,1384,0,0,0,LEGITIMATE
CUST_96254,19249.91,Horton Ltd,EDUCATION,CN,DEBIT_CARD,2,255,0,0,1295,1,1,1,TRANSACTION_ANOMALY
CUST_56361,11440.433698647985,Morris-Rogers,ECOMMERCE,NG,UPI,4,8,0,1,15,1,1,1,SYNTHETIC_IDENTITY
CUST_58031,3119.64,"Washington, Smith and Montes",EDUCATION,CN,WALLET,3,965,0,0,473,0,0,0,LEGITIMATE
CUST_86010,7567.57656850203,Anderson-Henderson,EDUCATION,GB,CREDIT_CARD,24,752,0,0,1702,0,0,1,VELOCITY_ABUSE
CUST_30112,2197.9,Evans-Wolfe,EDUCATION,NG,UPI,1,38,0,0,776,0,0,0,LEGITIMATE
CUST_83918,728.37,Murphy-Melton,TRAVEL,US,UPI,3,521,0,0,684,0,0,0,LEGITIMATE
CUST_87053,1408.1,Phillips Inc,OTHER,US,DEBIT_CARD,1,309,0,0,1538,0,0,0,LEGITIMATE
CUST_19186,1278.78,"Hughes, Mcclain and Cook",EDUCATION,US,UPI,4,77,0,0,1196,0,0,0,LEGITIMATE
CUST_81450,795.46,Hendricks LLC,OTHER,US,DEBIT_CARD,1,46,0,0,347,0,0,0,LEGITIMATE
CUST_91255,4280.5,Hood-Knight,GROCERY,GB,UPI,2,200,0,0,850,1,0,1,MERCHANT_ANOMALY
CUST_21396,1309.58,Fischer LLC,EDUCATION,NG,DEBIT_CARD,4,723,0,0,1281,0,0,0,LEGITIMATE
CUST_94726,481.87,Savage Group,ECOMMERCE,GB,WALLET,2,705,0,0,2453,0,0,0,LEGITIMATE
CUST_96018,4747.24,Lopez-Gray,EDUCATION,CN,NET_BANKING,4,547,0,0,1234,0,0,0,LEGITIMATE
CUST_30424,3098.36,"Harmon, Ortega and Dickerson",EDUCATION,GB,NET_BANKING,3,734,0,0,1302,0,0,0,LEGITIMATE
CUST_83663,2767.24,"Crawford, Perez and Jones",GROCERY,CN,WALLET,4,547,0,0,939,0,0,0,LEGITIMATE
CUST_30810,3225.78,"Garcia, Austin and Roberts",HEALTHCARE,IN,UPI,4,199,0,0,1488,0,0,0,LEGITIMATE
CUST_84824,24116.15,"Carter, Booth and Larson",TRAVEL,US,NET_BANKING,2,856,0,0,1982,1,1,1,TRANSACTION_ANOMALY
CUST_73942,3672.7,"Bautista, Walker and Henry",EDUCATION,GB,WALLET,2,514,0,0,1033,0,0,0,LEGITIMATE
CUST_17189,3265.25,"Freeman, Williams and Williams",TRAVEL,NG,DEBIT_CARD,3,683,1,0,1137,0,0,1,GEOGRAPHIC_ANOMALY
CUST_64550,5371.29,"Romero, Khan and King",GROCERY,NG,UPI,7,3,1,1,1659,1,1,1,ACCOUNT_TAKEOVER
CUST_78151,4990.75,"Callahan, Jones and Martin",TRAVEL,CN,UPI,3,940,0,0,2167,0,0,0,LEGITIMATE
CUST_12491,4073.39,Powell-Knox,HEALTHCARE,NG,CREDIT_CARD,3,457,0,0,1036,0,0,0,LEGITIMATE
CUST_21361,5672.401643186455,"Jones, Delgado and Taylor",ENTERTAINMENT,GB,CREDIT_CARD,13,742,0,0,970,0,0,1,VELOCITY_ABUSE
CUST_81362,3736.84,Watson-Salazar,EDUCATION,IN,WALLET,4,629,0,0,143,0,0,0,LEGITIMATE
CUST_18928,20404.45,"Nelson, Miranda and Gill",GROCERY,US,NET_BANKING,1,123,0,0,583,1,1,1,TRANSACTION_ANOMALY
CUST_20063,3858.3,"Bailey, Marshall and Williams",FOOD,US,WALLET,1,672,0,0,1609,0,0,0,LEGITIMATE
CUST_30091,740.28,Jones Group,FOOD,NG,UPI,2,278,0,0,1014,0,0,0,LEGITIMATE
CUST_61770,3677.16,"Thomas, Gregory and Evans",ENTERTAINMENT,IN,CREDIT_CARD,2,526,0,0,918,0,0,0,LEGITIMATE
CUST_15963,3227.49,Griffith PLC,FOOD,US,WALLET,2,65,0,0,781,0,0,0,LEGITIMATE
CUST_24732,2755.28,Maynard-Macdonald,HEALTHCARE,GB,WALLET,8,0,1,1,779,1,1,1,MULTI_SIGNAL_ATTACK
CUST_23788,62889.53,Bishop-Galvan,ENTERTAINMENT,IN,NET_BANKING,2,870,0,0,2413,1,1,1,TRANSACTION_ANOMALY
CUST_79415,6054.51,Palmer-Mitchell,ECOMMERCE,GB,WALLET,3,965,0,0,1006,0,0,0,LEGITIMATE
CUST_19532,2670.24,"Osborn, Mitchell and Newman",OTHER,GB,UPI,4,671,0,0,1310,0,0,0,LEGITIMATE
CUST_17678,2168.76,"Preston, Williams and Lambert",GROCERY,CN,DEBIT_CARD,2,957,0,0,2292,0,0,0,LEGITIMATE
CUST_14348,6457.444938102854,Cook-Smith,GROCERY,IN,WALLET,19,911,0,0,1072,0,0,1,VELOCITY_ABUSE
CUST_84435,651.13,Flowers PLC,OTHER,US,DEBIT_CARD,1,55,0,0,497,1,0,1,MERCHANT_ANOMALY
CUST_88682,2270.82,Jones-Harvey,ENTERTAINMENT,US,CREDIT_CARD,3,221,0,0,909,0,0,0,LEGITIMATE
CUST_69096,2710.99,Moreno-Freeman,HEALTHCARE,US,DEBIT_CARD,2,120,0,0,1604,0,0,0,LEGITIMATE
CUST_38867,8960.105077696286,Burke PLC,EDUCATION,IN,NET_BANKING,15,571,0,0,487,0,0,1,VELOCITY_ABUSE
CUST_74763,2616.39,Pennington Ltd,FOOD,IN,NET_BANKING,4,975,0,0,138,0,0,0,LEGITIMATE
CUST_71378,50.77,Jones-Turner,TRAVEL,CN,WALLET,3,223,0,0,2229,0,0,0,LEGITIMATE
CUST_76479,13666.09,Lawson LLC,TRAVEL,CN,NET_BANKING,6,3,1,1,1656,1,1,1,ACCOUNT_TAKEOVER
CUST_99885,2279.48,Lindsey and Sons,GROCERY,US,UPI,2,109,0,0,1414,0,0,0,LEGITIMATE
CUST_89735,3317.81,"Browning, Crawford and Powers",FOOD,GB,CREDIT_CARD,3,844,0,0,2167,0,0,0,LEGITIMATE
CUST_51907,1670.35,Allen-Watkins,ENTERTAINMENT,NG,WALLET,4,981,0,0,40,0,0,0,LEGITIMATE
CUST_74145,2406.2,"Powell, Smith and Harris",ECOMMERCE,IN,NET_BANKING,4,80,0,0,1859,0,0,0,LEGITIMATE
CUST_10909,3612.8942878538264,Nguyen-Weber,GROCERY,US,NET_BANKING,20,377,0,0,2320,0,0,1,VELOCITY_ABUSE
CUST_11019,708.07,"Forbes, Grant and Arroyo",TRAVEL,CN,NET_BANKING,4,278,0,0,374,0,0,0,LEGITIMATE
CUST_28028,4759.46,Warren Inc,GROCERY,US,CREDIT_CARD,2,163,0,0,2276,0,0,0,LEGITIMATE
CUST_11426,434.12,"Escobar, Perry and Warner",FOOD,IN,DEBIT_CARD,1,467,0,0,1508,0,0,0,LEGITIMATE
CUST_35617,4803.91,"Meadows, Castro and Hooper",GROCERY,NG,CREDIT_CARD,3,60,0,0,1600,0,0,0,LEGITIMATE
CUST_33431,3136.92,Lee-Brown,EDUCATION,US,UPI,20,0,1,1,1270,1,1,1,MULTI_SIGNAL_ATTACK
CUST_56090,2999.41,Davis Ltd,EDUCATION,IN,WALLET,1,197,1,0,1831,0,0,1,GEOGRAPHIC_ANOMALY
CUST_68698,26243.12,Elliott PLC,ENTERTAINMENT,IN,WALLET,9,2,1,1,133,1,1,1,ACCOUNT_TAKEOVER
CUST_63329,2519.24,"Patterson, Bauer and Nielsen",OTHER,CN,NET_BANKING,3,162,0,0,2077,0,0,0,LEGITIMATE
CUST_45123,2262.79,Graham PLC,GROCERY,CN,CREDIT_CARD,1,490,0,0,2342,0,0,0,LEGITIMATE
CUST_65334,4657.39,Ayala Group,FOOD,GB,NET_BANKING,1,162,0,0,1285,0,0,0,LEGITIMATE
CUST_29997,3363.71,"Klein, Miller and Kaufman",GROCERY,NG,UPI,2,342,0,0,872,0,0,0,LEGITIMATE
CUST_69259,3360.78,Lee and Sons,OTHER,US,NET_BANKING,2,776,0,0,2097,0,0,0,LEGITIMATE
CUST_29499,3024.76,Gonzales Inc,HEALTHCARE,NG,WALLET,3,566,0,0,272,0,0,0,LEGITIMATE
CUST_83928,3454.04,"Sutton, Sanders and Brooks",ECOMMERCE,CN,UPI,4,205,0,0,2305,0,0,0,LEGITIMATE
CUST_91185,4717.97,"Campbell, Taylor and Morris",HEALTHCARE,US,NET_BANKING,2,746,0,0,808,0,0,0,LEGITIMATE
CUST_43414,1965.25,Robinson-Castro,ECOMMERCE,CN,WALLET,2,761,1,0,152,0,0,1,GEOGRAPHIC_ANOMALY
CUST_47510,2574.68,Wise-Russell,ENTERTAINMENT,GB,DEBIT_CARD,2,356,0,0,2216,0,0,0,LEGITIMATE
CUST_61498,6738.56,"Key, Martin and Kelley",ECOMMERCE,GB,WALLET,18,1,1,1,1450,1,1,1,MULTI_SIGNAL_ATTACK
CUST_39589,1936.4,Hoover and Sons,GROCERY,GB,NET_BANKING,1,450,0,0,991,0,0,0,LEGITIMATE
CUST_65591,528.8,Murphy PLC,ECOMMERCE,US,CREDIT_CARD,2,124,0,0,826,1,0,1,MERCHANT_ANOMALY
CUST_35722,1265.05,Crosby LLC,TRAVEL,GB,NET_BANKING,4,216,0,0,1076,0,0,0,LEGITIMATE
CUST_38462,1211.74,Benson Group,OTHER,GB,CREDIT_CARD,3,848,0,0,828,0,0,0,LEGITIMATE
CUST_25360,5284.62,Wright-Perez,ENTERTAINMENT,US,UPI,1,508,0,0,1285,0,0,0,LEGITIMATE
CUST_54503,5002.85,Brock-Mosley,ENTERTAINMENT,NG,UPI,3,200,0,0,1116,0,0,0,LEGITIMATE
CUST_20623,12911.362066969628,Walker-Wagner,TRAVEL,NG,WALLET,4,1,0,1,29,1,1,1,SYNTHETIC_IDENTITY
CUST_63460,3922.99,"Brooks, Harper and Young",TRAVEL,CN,UPI,4,207,0,0,1148,0,0,0,LEGITIMATE
CUST_43185,4003.44,King-Jackson,HEALTHCARE,US,DEBIT_CARD,4,413,0,0,1836,0,0,0,LEGITIMATE
CUST_94560,3231.24,"Wright, Marshall and Allen",HEALTHCARE,IN,DEBIT_CARD,3,858,0,0,2364,0,0,0,LEGITIMATE
CUST_25627,1389.22,Owens-Herring,FOOD,GB,WALLET,2,969,0,0,1099,0,0,0,LEGITIMATE
CUST_40750,804.17,Mcguire Group,OTHER,GB,WALLET,2,108,0,0,229,0,0,0,LEGITIMATE
CUST_13370,2193.9,Martinez-Adams,TRAVEL,IN,UPI,2,790,0,0,2090,0,0,0,LEGITIMATE
CUST_72704,811.64,Collins PLC,TRAVEL,CN,UPI,1,973,0,0,2221,0,0,0,LEGITIMATE
CUST_45212,2060.48,Fuller-Gamble,EDUCATION,IN,NET_BANKING,1,772,0,0,1732,0,0,0,LEGITIMATE
CUST_13471,49358.24,Mcbride and Sons,FOOD,NG,DEBIT_CARD,1,932,0,0,1576,1,1,1,TRANSACTION_ANOMALY
CUST_78009,1766.79,"Vasquez, Hernandez and Smith",GROCERY,NG,NET_BANKING,3,478,0,0,2041,0,0,0,LEGITIMATE
CUST_20947,644.73,Franklin Ltd,GROCERY,NG,CREDIT_CARD,1,172,0,0,1463,0,0,0,LEGITIMATE
CUST_35036,22389.6,Thomas Ltd,GROCERY,NG,CREDIT_CARD,12,1,1,1,363,1,1,1,MULTI_SIGNAL_ATTACK
CUST_32629,1321.7,"Steele, Harrison and Flores",GROCERY,NG,CREDIT_CARD,3,174,0,0,276,1,0,1,MERCHANT_ANOMALY
CUST_70567,4696.72,"Jones, Barrett and Perry",OTHER,CN,WALLET,1,692,0,0,1648,0,0,0,LEGITIMATE
CUST_18840,845.2,"Goodwin, Chung and Cook",ENTERTAINMENT,IN,UPI,4,258,0,0,1201,0,0,0,LEGITIMATE
CUST_74007,3814.79,"Thomas, Anderson and Nelson",EDUCATION,US,CREDIT_CARD,3,203,0,0,724,0,0,0,LEGITIMATE
CUST_78002,32803.36,"Atkinson, Harrison and Austin",ENTERTAINMENT,US,NET_BANKING,8,1,1,1,1349,1,1,1,MULTI_SIGNAL_ATTACK
CUST_75393,22790.0,"Johnston, James and Riggs",OTHER,CN,WALLET,9,0,1,1,1987,1,1,1,MULTI_SIGNAL_ATTACK
CUST_38628,103.7,Davis Group,FOOD,NG,UPI,2,613,0,0,1146,0,0,0,LEGITIMATE
CUST_17297,4934.02,"Johnson, Salinas and Daniel",EDUCATION,GB,CREDIT_CARD,4,663,0,0,998,0,0,0,LEGITIMATE
CUST_92932,2865.44,Roberts-Foster,GROCERY,CN,WALLET,4,958,0,0,1599,0,0,0,LEGITIMATE
CUST_61484,4510.65,"Rodriguez, Sherman and Carlson",HEALTHCARE,CN,CREDIT_CARD,1,542,0,0,100,0,0,0,LEGITIMATE
CUST_48137,3630.1633243570204,Bennett-Simpson,TRAVEL,CN,UPI,8,9,0,1,17,1,1,1,SYNTHETIC_IDENTITY
CUST_48455,2811.53,Sherman-Wiggins,HEALTHCARE,NG,WALLET,3,276,0,0,279,0,0,0,LEGITIMATE
CUST_54088,29988.39,"Tyler, Scott and Stout",ECOMMERCE,NG,NET_BANKING,18,2,1,1,675,1,1,1,MULTI_SIGNAL_ATTACK
CUST_39295,1150.15,"Davies, Hudson and Smith",HEALTHCARE,GB,DEBIT_CARD,3,990,0,0,2020,0,0,0,LEGITIMATE
CUST_82195,3226.34,"Thomas, Pearson and Wells",OTHER,CN,WALLET,4,854,0,0,1219,0,0,0,LEGITIMATE
CUST_52548,3428.87,Raymond-Calderon,OTHER,US,UPI,3,606,0,1,725,0,0,1,PAYMENT_METHOD_ABUSE
CUST_31247,9974.84,"Hodges, Jackson and Saunders",EDUCATION,GB,NET_BANKING,9,0,1,1,886,1,1,1,ACCOUNT_TAKEOVER
CUST_67364,16869.39,"Jarvis, Richardson and Gill",HEALTHCARE,IN,CREDIT_CARD,2,319,0,0,33,1,1,1,TRANSACTION_ANOMALY
CUST_71575,2724.51,Jackson-Cox,HEALTHCARE,US,CREDIT_CARD,4,414,0,0,1341,0,0,0,LEGITIMATE
CUST_42460,495.85,"Berry, Gomez and Austin",ENTERTAINMENT,US,NET_BANKING,4,795,0,0,1396,0,0,0,LEGITIMATE
CUST_31964,1608.2,"Bruce, Haas and Figueroa",GROCERY,GB,WALLET,2,239,0,0,119,0,0,0,LEGITIMATE
CUST_44532,2528.8,Davies-Jacobson,FOOD,IN,WALLET,2,489,0,0,1699,0,0,0,LEGITIMATE
CUST_28864,890.1350738490097,Williams-Torres,EDUCATION,US,UPI,26,704,0,0,2165,0,0,1,VELOCITY_ABUSE
CUST_23423,283.65,Harper-Clements,FOOD,CN,NET_BANKING,2,92,0,0,300,0,0,0,LEGITIMATE
CUST_76139,3841.85,"Washington, Roberson and Brewer",ENTERTAINMENT,GB,CREDIT_CARD,4,698,0,0,1560,0,0,0,LEGITIMATE
CUST_66345,5560.37,Tucker-Coleman,GROCERY,US,WALLET,4,962,0,0,252,0,0,0,LEGITIMATE
CUST_82525,459.88,Thompson-Montoya,TRAVEL,IN,CREDIT_CARD,4,527,0,0,2243,0,0,0,LEGITIMATE
CUST_64158,1196.24,Miller-Martinez,OTHER,CN,NET_BANKING,4,416,0,0,2072,0,0,0,LEGITIMATE
CUST_50783,3045.3,Swanson-Chang,ENTERTAINMENT,GB,UPI,3,951,0,0,1492,0,0,0,LEGITIMATE
CUST_76094,3823.38,Adams Ltd,HEALTHCARE,US,UPI,14,2,1,1,483,1,1,1,ACCOUNT_TAKEOVER
CUST_58688,6701.6108370488,Wright-Mendez,GROCERY,US,WALLET,16,737,0,0,871,0,0,1,VELOCITY_ABUSE
CUST_20780,5475.81,"Butler, Duke and Aguirre",FOOD,GB,UPI,3,794,0,0,872,0,0,0,LEGITIMATE
CUST_13734,1856.16,Jones PLC,TRAVEL,IN,NET_BANKING,4,44,0,0,1932,0,0,0,LEGITIMATE
CUST_60529,2339.41,"Knight, Willis and Stewart",FOOD,GB,UPI,3,343,0,0,1832,0,0,0,LEGITIMATE
CUST_76459,6778.574114964848,Wood Inc,TRAVEL,CN,CREDIT_CARD,18,322,0,0,1985,0,0,1,VELOCITY_ABUSE
CUST_69397,997.27,"Dunn, Nielsen and Yang",ECOMMERCE,CN,CREDIT_CARD,4,610,0,0,2401,0,0,0,LEGITIMATE
CUST_52885,2213.67,Chan-Tate,HEALTHCARE,US,DEBIT_CARD,3,549,0,0,1987,0,0,0,LEGITIMATE
CUST_91265,1115.56,Harris PLC,OTHER,CN,CREDIT_CARD,3,573,0,0,874,0,0,0,LEGITIMATE
CUST_83313,1572.11,"Russell, Medina and Miller",ENTERTAINMENT,IN,WALLET,3,669,0,0,2498,0,0,0,LEGITIMATE
CUST_86333,4007.98,Burgess and Sons,ENTERTAINMENT,NG,UPI,3,335,0,0,305,0,0,0,LEGITIMATE
CUST_66696,3688.55,Thomas Inc,TRAVEL,GB,DEBIT_CARD,3,104,0,0,1059,0,0,0,LEGITIMATE
CUST_58549,1607.96,"Mckay, Price and Jimenez",TRAVEL,GB,WALLET,3,291,0,0,725,0,0,0,LEGITIMATE
CUST_74711,3070.34,"Carson, Nelson and Hamilton",OTHER,IN,NET_BANKING,1,157,0,0,68,0,0,0,LEGITIMATE
CUST_99765,3588.86,"Allen, Garza and Bond",OTHER,CN,CREDIT_CARD,2,463,0,0,1263,0,0,0,LEGITIMATE
CUST_74237,4132.83,Wallace Group,GROCERY,IN,DEBIT_CARD,1,846,1,0,616,0,0,1,GEOGRAPHIC_ANOMALY
CUST_70480,4429.251372281977,Oneal-Mann,OTHER,IN,DEBIT_CARD,13,719,0,0,2010,0,0,1,VELOCITY_ABUSE
CUST_39040,3419.77,Friedman Ltd,OTHER,CN,WALLET,1,424,1,0,1250,0,0,1,GEOGRAPHIC_ANOMALY
CUST_73102,2240.51,Mercado PLC,OTHER,US,UPI,2,920,0,0,1355,0,0,0,LEGITIMATE
CUST_26449,1888.37,Daniel-Cook,OTHER,CN,WALLET,3,726,0,0,2330,0,0,0,LEGITIMATE
CUST_16845,2399.57,Gardner Group,FOOD,CN,UPI,3,403,0,0,1762,0,0,0,LEGITIMATE
CUST_64510,1883.25,Gonzalez-Reyes,EDUCATION,IN,NET_BANKING,3,74,0,0,1735,0,0,0,LEGITIMATE
CUST_84143,1459.62,Robinson-Parker,ECOMMERCE,CN,NET_BANKING,3,612,0,0,1011,0,0,0,LEGITIMATE
CUST_58561,3153.25,Hunt-Jackson,EDUCATION,IN,CREDIT_CARD,2,631,0,0,1314,0,0,0,LEGITIMATE
CUST_53807,915.78,Serrano-Mathews,TRAVEL,US,DEBIT_CARD,1,553,0,0,1731,0,0,0,LEGITIMATE
CUST_29476,2485.09,Willis LLC,EDUCATION,CN,CREDIT_CARD,2,686,0,0,1558,0,0,0,LEGITIMATE
CUST_66315,19803.96,Sandoval Group,ENTERTAINMENT,NG,WALLET,14,3,1,1,2354,1,1,1,MULTI_SIGNAL_ATTACK
CUST_65686,3185.79,Serrano-Tate,HEALTHCARE,IN,DEBIT_CARD,2,428,0,0,949,0,0,0,LEGITIMATE
CUST_84803,3938.06,Rogers Inc,HEALTHCARE,US,WALLET,2,270,0,0,780,0,0,0,LEGITIMATE
CUST_10566,23384.64,Jones-Burton,OTHER,IN,UPI,24,0,1,1,523,1,1,1,MULTI_SIGNAL_ATTACK
CUST_41944,1222.77,Mendoza-Paul,HEALTHCARE,IN,UPI,4,837,0,0,1941,0,0,0,LEGITIMATE
CUST_29648,1188.45,Barton-Newton,GROCERY,US,NET_BANKING,2,686,0,0,741,0,0,0,LEGITIMATE
CUST_56240,3317.09,Kelly Group,HEALTHCARE,CN,NET_BANKING,3,849,0,0,2038,0,0,0,LEGITIMATE
CUST_18504,4594.24,Mitchell and Sons,GROCERY,US,CREDIT_CARD,9,1,1,1,37,1,1,1,ACCOUNT_TAKEOVER
CUST_68260,630.61,Jones-Ortiz,ECOMMERCE,CN,CREDIT_CARD,3,889,0,1,1277,0,0,1,PAYMENT_METHOD_ABUSE
CUST_25195,4756.21,Adkins Inc,TRAVEL,NG,NET_BANKING,1,733,0,1,2310,0,0,1,PAYMENT_METHOD_ABUSE
CUST_76266,20708.25416679067,Bell-Underwood,TRAVEL,US,WALLET,4,7,0,1,4,1,1,1,SYNTHETIC_IDENTITY
CUST_73494,1007.78,Harris-Scott,ECOMMERCE,IN,NET_BANKING,4,696,0,0,2499,0,0,0,LEGITIMATE
CUST_90829,531.03,Johnson Ltd,TRAVEL,CN,WALLET,4,899,0,0,1274,0,0,0,LEGITIMATE
CUST_52777,263.12,Wood-Irwin,ENTERTAINMENT,NG,UPI,4,655,0,0,2411,0,0,0,LEGITIMATE
CUST_16455,5087.84,Lawson-Snyder,ENTERTAINMENT,NG,CREDIT_CARD,2,383,0,0,738,0,0,0,LEGITIMATE
CUST_92960,31252.73,Gomez-Hernandez,ECOMMERCE,CN,DEBIT_CARD,11,3,1,1,840,1,1,1,MULTI_SIGNAL_ATTACK
CUST_54866,2444.21,Morrison-Dominguez,GROCERY,US,UPI,1,497,0,0,224,0,0,0,LEGITIMATE
CUST_18789,12599.580230707572,Wise-Meyers,ECOMMERCE,CN,WALLET,5,0,0,1,17,1,1,1,SYNTHETIC_IDENTITY
CUST_19677,1276.46,"Richardson, Cox and Graham",ENTERTAINMENT,IN,WALLET,3,618,0,0,1373,0,0,0,LEGITIMATE
CUST_21698,3890.25,"Francis, Smith and Cole",FOOD,CN,NET_BANKING,3,170,0,0,1037,0,0,0,LEGITIMATE
CUST_76603,31269.67,West-Beasley,EDUCATION,GB,CREDIT_CARD,14,2,1,1,712,1,1,1,ACCOUNT_TAKEOVER
CUST_83649,4611.85,"Robertson, Cole and Norton",ECOMMERCE,NG,DEBIT_CARD,3,788,0,0,1109,1,0,1,MERCHANT_ANOMALY
CUST_72948,5427.81,Evans-Smith,FOOD,CN,DEBIT_CARD,4,381,0,0,1706,0,0,0,LEGITIMATE
CUST_91963,4743.72,"Miller, Hunt and Valdez",GROCERY,IN,NET_BANKING,3,767,0,1,1422,0,0,1,PAYMENT_METHOD_ABUSE
CUST_77576,8167.132035978269,Craig PLC,ECOMMERCE,US,WALLET,22,988,0,0,798,0,0,1,VELOCITY_ABUSE
CUST_25338,2805.19,"Edwards, Wolfe and Rose",FOOD,GB,DEBIT_CARD,4,138,0,0,2402,0,0,0,LEGITIMATE
CUST_83652,3469.66,Mercado-Robinson,EDUCATION,US,CREDIT_CARD,1,988,0,0,1370,0,0,0,LEGITIMATE
CUST_67454,7264.469327837058,Lopez-Wade,EDUCATION,IN,NET_BANKING,10,6,0,1,3,1,1,1,SYNTHETIC_IDENTITY
CUST_38814,2526.19,Sanchez LLC,GROCERY,US,DEBIT_CARD,3,545,0,0,1844,0,0,0,LEGITIMATE
CUST_39332,366.09,Woods-Camacho,EDUCATION,GB,NET_BANKING,1,385,0,0,1567,0,0,0,LEGITIMATE
CUST_63166,2783.29,Campbell-Deleon,ENTERTAINMENT,CN,DEBIT_CARD,1,355,0,0,1365,0,0,0,LEGITIMATE
CUST_44162,1825.49,Mitchell Inc,ECOMMERCE,CN,WALLET,1,634,0,0,1631,0,0,0,LEGITIMATE
CUST_54789,2366.07,"Keller, Poole and Hall",OTHER,CN,DEBIT_CARD,3,559,0,0,1138,0,0,0,LEGITIMATE
CUST_75878,4906.01,Roberts-King,FOOD,NG,CREDIT_CARD,1,169,0,0,1786,0,0,0,LEGITIMATE
CUST_87305,9619.65,"Clark, Austin and Silva",EDUCATION,IN,DEBIT_CARD,9,0,1,1,751,1,1,1,ACCOUNT_TAKEOVER
CUST_21878,2016.29,Bowman LLC,FOOD,CN,UPI,1,71,0,0,1233,0,0,0,LEGITIMATE
CUST_13352,2492.7,Mosley-Castro,GROCERY,NG,CREDIT_CARD,3,293,0,0,318,0,0,0,LEGITIMATE
CUST_61444,8649.99,Graham-Sanchez,ENTERTAINMENT,CN,NET_BANKING,6,1,1,1,1836,1,1,1,ACCOUNT_TAKEOVER
CUST_24065,1588.75,Hess-Grant,HEALTHCARE,NG,WALLET,2,176,0,0,2382,0,0,0,LEGITIMATE
CUST_24314,6902.81,"Cooper, Mata and Williams",FOOD,IN,UPI,3,700,0,0,853,1,1,1,TRANSACTION_ANOMALY
CUST_23574,3739.46,"Anderson, Atkins and Fernandez",GROCERY,NG,DEBIT_CARD,1,621,0,0,384,0,0,0,LEGITIMATE
CUST_48509,4072.31,Roberts-Doyle,ENTERTAINMENT,NG,CREDIT_CARD,4,666,0,0,710,0,0,0,LEGITIMATE
CUST_91901,1575.0,Johnson-Mcdonald,ECOMMERCE,IN,DEBIT_CARD,4,725,0,0,2445,0,0,0,LEGITIMATE
CUST_64884,6149.83,Vaughn and Sons,EDUCATION,CN,CREDIT_CARD,2,891,0,0,1947,0,0,0,LEGITIMATE
CUST_78627,6312.993591815298,Goodman-Johnston,FOOD,GB,DEBIT_CARD,28,693,0,0,2394,0,0,1,VELOCITY_ABUSE
CUST_71654,8306.928046059682,Massey-Burnett,ECOMMERCE,US,DEBIT_CARD,6,10,0,1,17,1,1,1,SYNTHETIC_IDENTITY
CUST_91721,4023.72,Barton-Hernandez,TRAVEL,IN,NET_BANKING,2,928,0,0,1863,0,0,0,LEGITIMATE
CUST_10578,2634.55,Smith-Russell,HEALTHCARE,IN,UPI,1,257,0,0,1962,0,0,0,LEGITIMATE
CUST_39263,1308.75,Lee Group,OTHER,IN,WALLET,4,445,0,0,461,0,0,0,LEGITIMATE
CUST_69286,2665.49,"Bryant, Wallace and Montoya",TRAVEL,IN,WALLET,1,925,0,0,2050,0,0,0,LEGITIMATE
CUST_39841,3717.07,Morales Inc,OTHER,US,UPI,3,545,0,0,271,0,0,0,LEGITIMATE
CUST_91821,2734.0,"Mcdonald, Morgan and Davis",GROCERY,US,DEBIT_CARD,4,572,0,0,790,0,0,0,LEGITIMATE
CUST_73199,4290.89,Oneal PLC,TRAVEL,NG,UPI,2,417,0,0,483,0,0,0,LEGITIMATE
CUST_52418,3266.61,Bass PLC,FOOD,CN,DEBIT_CARD,4,518,0,0,1429,0,0,0,LEGITIMATE
CUST_43916,1354.54,Perez LLC,ENTERTAINMENT,IN,UPI,2,393,0,0,1518,0,0,0,LEGITIMATE
CUST_68117,1015.57,Holder Inc,TRAVEL,GB,UPI,1,754,0,0,1260,0,0,0,LEGITIMATE
CUST_24745,5708.92,"Moore, Bishop and Knight",FOOD,GB,CREDIT_CARD,4,517,0,0,2162,0,0,0,LEGITIMATE
CUST_42722,2119.81,Hayes-Rodriguez,HEALTHCARE,NG,CREDIT_CARD,4,536,0,0,981,0,0,0,LEGITIMATE
CUST_14859,320.46,Gregory Ltd,EDUCATION,IN,WALLET,2,546,0,0,1538,0,0,0,LEGITIMATE
CUST_37462,22765.17,Smith Inc,ECOMMERCE,CN,UPI,17,1,1,1,307,1,1,1,MULTI_SIGNAL_ATTACK
CUST_55102,4313.32,"Hudson, Stone and Mcdaniel",ECOMMERCE,US,DEBIT_CARD,2,337,0,0,1573,0,0,0,LEGITIMATE
CUST_91745,3110.25,"Martinez, Huff and Vasquez",ENTERTAINMENT,US,UPI,3,914,0,0,1502,0,0,0,LEGITIMATE
CUST_54203,749.1,Golden-Hoffman,TRAVEL,NG,NET_BANKING,2,853,0,0,1957,0,0,0,LEGITIMATE
CUST_31782,24453.03,"Trujillo, Allen and Baker",EDUCATION,US,CREDIT_CARD,4,821,0,0,1133,1,1,1,TRANSACTION_ANOMALY
CUST_86022,2962.81,Davis-Jones,OTHER,GB,NET_BANKING,2,677,0,0,1925,0,0,0,LEGITIMATE
CUST_71524,29753.6782356425,Jones-Mullins,ECOMMERCE,US,CREDIT_CARD,5,2,0,1,19,1,1,1,SYNTHETIC_IDENTITY
CUST_84961,1137.04,Jones-Martin,TRAVEL,IN,UPI,1,917,0,1,1179,0,0,1,PAYMENT_METHOD_ABUSE
CUST_55680,3892.12,Gregory Ltd,ENTERTAINMENT,NG,CREDIT_CARD,3,406,0,0,1015,0,0,0,LEGITIMATE
CUST_46464,1121.2,Mendoza Ltd,TRAVEL,NG,UPI,2,117,0,0,293,0,0,0,LEGITIMATE
CUST_44246,1911.59,"Johnson, Burke and Mcfarland",ECOMMERCE,IN,UPI,2,547,0,0,44,0,0,0,LEGITIMATE
CUST_29747,25242.5,Short and Sons,ECOMMERCE,NG,UPI,11,3,1,1,1795,1,1,1,MULTI_SIGNAL_ATTACK
CUST_76026,1287.04,"Brown, Johnson and Kennedy",TRAVEL,CN,UPI,3,91,0,1,2422,0,0,1,PAYMENT_METHOD_ABUSE
CUST_80765,1773.96,Archer LLC,HEALTHCARE,NG,NET_BANKING,3,478,0,0,1700,0,0,0,LEGITIMATE
CUST_60672,269.37,"Johnson, Brennan and Rios",TRAVEL,NG,DEBIT_CARD,3,587,0,0,237,0,0,0,LEGITIMATE
CUST_67588,4267.944212424719,Wilson LLC,ENTERTAINMENT,NG,NET_BANKING,12,432,0,0,755,0,0,1,VELOCITY_ABUSE
CUST_41992,452.69,Chambers Group,ENTERTAINMENT,NG,NET_BANKING,4,943,0,0,97,0,0,0,LEGITIMATE
CUST_29955,2821.28,"Castillo, Smith and Vega",ECOMMERCE,IN,DEBIT_CARD,1,557,0,0,2135,0,0,0,LEGITIMATE
CUST_47222,2673.011302623583,"Johnson, Elliott and Bennett",FOOD,GB,CREDIT_CARD,11,903,0,0,2076,0,0,1,VELOCITY_ABUSE
CUST_22454,1516.69,Smith LLC,EDUCATION,IN,NET_BANKING,2,799,0,0,280,0,0,0,LEGITIMATE
CUST_28832,1426.66,"Baird, Jackson and Diaz",HEALTHCARE,GB,UPI,1,576,0,0,2176,0,0,0,LEGITIMATE
CUST_93317,831.6,Flores PLC,EDUCATION,CN,DEBIT_CARD,1,812,0,0,1386,0,0,0,LEGITIMATE
CUST_23643,2197.28,Perez Group,ENTERTAINMENT,NG,WALLET,4,795,0,0,37,0,0,0,LEGITIMATE
CUST_15735,1524.63,Sandoval-Mendoza,EDUCATION,US,CREDIT_CARD,1,482,0,0,276,0,0,0,LEGITIMATE
CUST_44320,5728.04,Roberson-Washington,FOOD,US,NET_BANKING,3,314,0,0,1404,0,0,0,LEGITIMATE
CUST_19514,2950.7,Gonzalez Inc,EDUCATION,CN,NET_BANKING,4,924,0,0,127,0,0,0,LEGITIMATE
CUST_38947,382.97,"Carter, Castro and Hart",EDUCATION,IN,UPI,3,186,0,0,634,0,0,0,LEGITIMATE
CUST_37716,2175.3,"Brown, Marshall and Campbell",ECOMMERCE,NG,UPI,1,501,0,0,2179,0,0,0,LEGITIMATE
CUST_19996,3198.37,Adams Group,OTHER,IN,DEBIT_CARD,2,279,0,0,307,0,0,0,LEGITIMATE
CUST_96667,2720.46,Rogers LLC,GROCERY,GB,NET_BANKING,3,269,0,0,134,0,0,0,LEGITIMATE
CUST_39147,1206.35,"Cox, Gallagher and Harrington",OTHER,IN,CREDIT_CARD,3,395,0,0,845,0,0,0,LEGITIMATE
CUST_43484,4164.56,Howard Group,TRAVEL,US,UPI,2,35,0,0,300,0,0,0,LEGITIMATE
CUST_33580,4282.51,Gordon-Anderson,FOOD,NG,UPI,3,172,0,0,2109,0,0,0,LEGITIMATE
CUST_24504,2567.51,Henderson-Cordova,GROCERY,CN,CREDIT_CARD,4,200,0,0,1834,0,0,0,LEGITIMATE
CUST_53799,26959.830129304402,Bauer-Munoz,ENTERTAINMENT,GB,DEBIT_CARD,3,3,0,1,8,1,1,1,SYNTHETIC_IDENTITY
CUST_32120,1855.55,Davis and Sons,TRAVEL,IN,NET_BANKING,2,837,0,0,1526,0,0,0,LEGITIMATE
CUST_41419,384.52,Scott-Stokes,ENTERTAINMENT,US,NET_BANKING,2,523,0,1,2328,0,0,1,PAYMENT_METHOD_ABUSE
CUST_43671,3076.15,Williamson-Jones,ENTERTAINMENT,NG,DEBIT_CARD,3,785,0,0,892,0,0,0,LEGITIMATE
CUST_78753,2944.54,"Odom, Miller and Hunter",ECOMMERCE,US,CREDIT_CARD,1,324,0,0,108,0,0,0,LEGITIMATE
CUST_82957,3386.32,Barton Group,TRAVEL,US,WALLET,1,370,0,0,1715,0,0,0,LEGITIMATE
CUST_17500,1966.56,Jenkins-Thornton,OTHER,NG,CREDIT_CARD,3,150,0,0,1145,0,0,0,LEGITIMATE
CUST_83019,1066.65,"Lewis, Holmes and Cantrell",OTHER,US,NET_BANKING,1,524,0,0,543,0,0,0,LEGITIMATE
CUST_43178,3961.2,"Torres, Coleman and Green",OTHER,GB,WALLET,1,512,0,0,1213,0,0,0,LEGITIMATE
CUST_26367,1582.39,Anderson and Sons,GROCERY,GB,CREDIT_CARD,4,570,0,0,2014,0,0,0,LEGITIMATE
CUST_99076,3924.23,Henderson Group,EDUCATION,GB,UPI,2,520,0,0,2094,0,0,0,LEGITIMATE
CUST_48505,1482.39,"Owen, Freeman and Fischer",EDUCATION,NG,NET_BANKING,2,254,0,0,1169,0,0,0,LEGITIMATE
CUST_61610,1962.59,Smith PLC,ENTERTAINMENT,IN,NET_BANKING,1,586,0,0,1580,0,0,0,LEGITIMATE
CUST_10206,4610.02,Ferguson-Wagner,ECOMMERCE,CN,WALLET,2,839,0,0,820,0,0,0,LEGITIMATE
CUST_79924,2210.95,Dunn-Harris,GROCERY,GB,UPI,3,149,0,0,2428,0,0,0,LEGITIMATE
CUST_62711,2816.06,Perez Ltd,EDUCATION,US,WALLET,4,412,0,0,104,0,0,0,LEGITIMATE
CUST_27353,4974.29,"Spears, Gonzales and Green",ENTERTAINMENT,CN,WALLET,1,467,0,0,1793,0,0,0,LEGITIMATE
CUST_35729,821.09,Olson Group,FOOD,CN,NET_BANKING,1,284,0,0,1669,0,0,0,LEGITIMATE
CUST_54342,2487.3320690171813,Thornton Group,EDUCATION,CN,UPI,10,804,0,0,1029,0,0,1,VELOCITY_ABUSE
CUST_91804,3239.85,"Schroeder, Rodriguez and Hawkins",FOOD,US,DEBIT_CARD,4,72,0,0,1495,1,0,1,MERCHANT_ANOMALY
CUST_33703,2359.52,"Robbins, Williams and Garcia",OTHER,CN,DEBIT_CARD,1,116,1,0,2487,0,0,1,GEOGRAPHIC_ANOMALY
CUST_49921,9663.27,Livingston-Parks,ENTERTAINMENT,IN,NET_BANKING,22,3,1,1,1894,1,1,1,MULTI_SIGNAL_ATTACK
CUST_89056,1709.91,Davidson Group,EDUCATION,GB,CREDIT_CARD,2,654,0,1,1299,0,0,1,PAYMENT_METHOD_ABUSE
CUST_14105,4381.818197742084,Greer-Peterson,GROCERY,GB,UPI,4,10,0,1,30,1,1,1,SYNTHETIC_IDENTITY
CUST_75131,21486.995984444144,Garcia Group,OTHER,CN,NET_BANKING,4,10,0,1,29,1,1,1,SYNTHETIC_IDENTITY
CUST_65619,2063.55,"Barker, Fernandez and Horne",FOOD,NG,NET_BANKING,2,450,0,0,2390,0,0,0,LEGITIMATE
CUST_42407,709.01,"Mack, Hansen and Sanders",FOOD,IN,WALLET,4,599,0,1,1292,0,0,1,PAYMENT_METHOD_ABUSE
CUST_24467,3557.48,"Obrien, Vega and King",HEALTHCARE,CN,NET_BANKING,1,596,0,0,625,0,0,0,LEGITIMATE
CUST_28818,1844.85,Meyer and Sons,TRAVEL,IN,NET_BANKING,3,963,0,0,2433,0,0,0,LEGITIMATE
CUST_95003,4066.15,Fowler-Mullins,FOOD,GB,WALLET,3,132,0,0,704,0,0,0,LEGITIMATE
CUST_55570,3432.53,Moore-Gardner,HEALTHCARE,GB,DEBIT_CARD,3,249,0,0,2324,0,0,0,LEGITIMATE
CUST_69733,1897.05,"Lowe, Hicks and Rojas",FOOD,US,WALLET,4,52,0,0,1735,0,0,0,LEGITIMATE
CUST_74625,2217.27,"Griffin, Wilson and Woods",ENTERTAINMENT,IN,UPI,1,307,1,0,534,0,0,1,GEOGRAPHIC_ANOMALY
CUST_10626,1958.64,"Stout, Moore and Collins",GROCERY,GB,NET_BANKING,2,822,0,0,272,0,0,0,LEGITIMATE
CUST_26126,2344.27,Allen and Sons,ENTERTAINMENT,CN,UPI,4,192,0,1,238,0,0,1,PAYMENT_METHOD_ABUSE
CUST_33129,8932.58,"Patton, Gonzalez and Browning",HEALTHCARE,US,UPI,23,0,1,1,2331,1,1,1,MULTI_SIGNAL_ATTACK
CUST_63876,2447.02,"Austin, Adams and Mathews",ENTERTAINMENT,GB,NET_BANKING,4,886,0,0,1700,0,0,0,LEGITIMATE
CUST_83438,4856.23,Stanton-Hardy,FOOD,CN,CREDIT_CARD,2,393,0,0,1026,0,0,0,LEGITIMATE
CUST_94876,779.32,"Johnson, Reynolds and Williams",EDUCATION,IN,NET_BANKING,2,761,0,0,2447,0,0,0,LEGITIMATE
CUST_62599,39587.26,Copeland-Ramirez,GROCERY,IN,UPI,3,92,0,0,38,1,1,1,TRANSACTION_ANOMALY
CUST_16126,1899.18,Ramirez PLC,ECOMMERCE,IN,CREDIT_CARD,4,506,0,0,1232,0,0,0,LEGITIMATE
CUST_56153,846.05,Arnold-Mclaughlin,GROCERY,CN,NET_BANKING,4,619,0,0,634,0,0,0,LEGITIMATE
CUST_71435,3779.45,"Gonzales, Snyder and Garner",EDUCATION,CN,DEBIT_CARD,4,924,0,0,450,0,0,0,LEGITIMATE
CUST_48748,27528.07390258327,Stephens-Hernandez,EDUCATION,CN,NET_BANKING,9,2,0,1,16,1,1,1,SYNTHETIC_IDENTITY
CUST_32013,1134.0816805242712,White-Small,TRAVEL,IN,UPI,28,685,0,0,1825,0,0,1,VELOCITY_ABUSE
CUST_76882,845.33,"Stewart, Arnold and Crawford",ENTERTAINMENT,CN,NET_BANKING,3,423,0,0,1295,0,0,0,LEGITIMATE
CUST_71262,2246.71,"Butler, Ochoa and Harrison",GROCERY,US,DEBIT_CARD,1,357,0,0,2128,0,0,0,LEGITIMATE
CUST_55995,1146.23,Vargas-Murphy,EDUCATION,US,CREDIT_CARD,4,261,0,0,164,0,0,0,LEGITIMATE
CUST_22267,1797.07,Oneal-Lewis,GROCERY,US,NET_BANKING,3,323,0,0,583,0,0,0,LEGITIMATE
CUST_95981,1799.85,"Ryan, Mccall and Wright",ECOMMERCE,GB,DEBIT_CARD,1,738,0,0,47,0,0,0,LEGITIMATE
CUST_63985,1108.76,Hernandez-Roberson,ECOMMERCE,GB,UPI,4,965,0,0,2345,0,0,0,LEGITIMATE
CUST_19604,2796.33,Parker-Lozano,GROCERY,NG,UPI,1,370,0,0,1940,0,0,0,LEGITIMATE
CUST_69386,3108.4,"Sparks, Brown and Sullivan",ECOMMERCE,US,DEBIT_CARD,4,333,0,0,948,1,0,1,MERCHANT_ANOMALY
CUST_58796,497.15,Walton-Lee,FOOD,CN,UPI,3,711,0,0,576,0,0,0,LEGITIMATE
CUST_57893,1713.1,Gardner PLC,HEALTHCARE,IN,DEBIT_CARD,4,574,0,0,2068,0,0,0,LEGITIMATE
CUST_74580,4673.22,"Johnson, Little and Nelson",FOOD,GB,DEBIT_CARD,4,701,0,0,1123,0,0,0,LEGITIMATE
CUST_32719,765.78,"Mcintyre, Howell and Lindsey",EDUCATION,NG,WALLET,3,471,0,0,1332,0,0,0,LEGITIMATE
CUST_13270,3124.4,Ferrell-Mendoza,TRAVEL,CN,UPI,1,524,0,0,173,0,0,0,LEGITIMATE
CUST_86988,936.39,Maldonado-Brown,TRAVEL,GB,WALLET,3,632,0,0,1859,1,0,1,MERCHANT_ANOMALY
CUST_18770,3621.55,"Watts, Wade and Green",ECOMMERCE,CN,UPI,3,572,0,0,737,0,0,0,LEGITIMATE
CUST_94720,4900.19,Morgan-Wallace,OTHER,IN,NET_BANKING,3,456,0,0,111,0,0,0,LEGITIMATE
CUST_21688,2083.22,Cummings-Jackson,FOOD,GB,CREDIT_CARD,4,818,0,0,1654,1,0,1,MERCHANT_ANOMALY
CUST_29813,17256.6880483678,Hardy-Baker,FOOD,US,DEBIT_CARD,10,1,0,1,9,1,1,1,SYNTHETIC_IDENTITY
CUST_90664,2530.22,Christian and Sons,ENTERTAINMENT,NG,CREDIT_CARD,3,282,0,0,2317,0,0,0,LEGITIMATE
CUST_68646,3199.51,Hanson Ltd,FOOD,NG,DEBIT_CARD,4,802,0,0,1267,0,0,0,LEGITIMATE
CUST_88836,1244.52,Leonard Ltd,GROCERY,IN,WALLET,1,367,0,0,1052,0,0,0,LEGITIMATE
CUST_95771,196.24,Black-Hernandez,FOOD,IN,UPI,1,378,0,0,2110,0,0,0,LEGITIMATE
CUST_14368,2488.19,Davis LLC,GROCERY,IN,CREDIT_CARD,2,379,0,1,2294,0,0,1,PAYMENT_METHOD_ABUSE
CUST_93199,4928.59,Randall-Kaiser,ECOMMERCE,US,CREDIT_CARD,7,2,1,1,785,1,1,1,ACCOUNT_TAKEOVER
CUST_66382,2481.96,Rivera-Dunn,ENTERTAINMENT,CN,DEBIT_CARD,3,609,0,0,1865,0,0,0,LEGITIMATE
CUST_78640,2380.43,Hoffman Ltd,HEALTHCARE,CN,CREDIT_CARD,3,628,0,0,808,1,0,1,MERCHANT_ANOMALY
CUST_19810,756.13,Gould Ltd,GROCERY,CN,WALLET,1,771,0,0,735,0,0,0,LEGITIMATE
CUST_44041,2710.06,"Berry, Thomas and Bailey",EDUCATION,GB,WALLET,1,807,0,1,1802,0,0,1,PAYMENT_METHOD_ABUSE
CUST_56454,1287.63,Santos LLC,FOOD,CN,DEBIT_CARD,9,0,1,1,2041,1,1,1,ACCOUNT_TAKEOVER
CUST_62158,26024.01,Johns-Park,ECOMMERCE,GB,WALLET,3,224,0,0,1138,1,1,1,TRANSACTION_ANOMALY
CUST_13010,4948.68,"Stark, Parrish and Ortega",ENTERTAINMENT,US,WALLET,1,968,0,0,1962,0,0,0,LEGITIMATE
CUST_34425,2401.55,Garcia-Taylor,ECOMMERCE,CN,WALLET,3,531,1,0,1722,0,0,1,GEOGRAPHIC_ANOMALY
CUST_81314,3858.38,Leonard Ltd,GROCERY,IN,UPI,2,349,0,0,1655,0,0,0,LEGITIMATE
CUST_14736,13356.5,Gross Ltd,HEALTHCARE,CN,UPI,13,0,1,1,2152,1,1,1,MULTI_SIGNAL_ATTACK
CUST_90204,1944.71,"Mcintyre, Myers and Alvarado",EDUCATION,GB,WALLET,4,859,0,0,1599,0,0,0,LEGITIMATE
CUST_28621,1316.69,"Wallace, Jones and Thompson",TRAVEL,CN,DEBIT_CARD,1,855,0,0,1907,0,0,0,LEGITIMATE
CUST_32808,866.89,English and Sons,ECOMMERCE,GB,UPI,3,377,0,0,1955,0,0,0,LEGITIMATE
CUST_93201,13558.78,Sullivan-Harris,GROCERY,CN,DEBIT_CARD,12,0,1,1,1956,1,1,1,ACCOUNT_TAKEOVER
CUST_98859,1695.25,"Steele, Barnes and Sanchez",TRAVEL,CN,UPI,1,166,0,1,139,0,0,1,PAYMENT_METHOD_ABUSE
CUST_45056,1195.6226996420482,Knight-Webster,HEALTHCARE,US,DEBIT_CARD,29,743,0,0,1892,0,0,1,VELOCITY_ABUSE
CUST_38437,16764.75,"Warren, Kennedy and Lozano",FOOD,NG,WALLET,15,3,1,1,792,1,1,1,ACCOUNT_TAKEOVER
CUST_43686,2696.93,Wallace Ltd,TRAVEL,CN,CREDIT_CARD,1,332,0,0,1957,0,0,0,LEGITIMATE
CUST_10201,25786.32,Martin-Young,ENTERTAINMENT,NG,DEBIT_CARD,12,3,1,1,2288,1,1,1,ACCOUNT_TAKEOVER
CUST_91379,1206.93,"Macdonald, Hudson and Valencia",ECOMMERCE,US,UPI,2,993,0,0,1446,0,0,0,LEGITIMATE
CUST_90735,18435.27,"Clayton, Guzman and Vaughan",ENTERTAINMENT,US,DEBIT_CARD,4,491,0,0,561,0,1,1,TRANSACTION_ANOMALY
CUST_57462,28263.487979698337,"Shaw, Kline and Wilson",ENTERTAINMENT,GB,WALLET,7,6,0,1,4,1,1,1,SYNTHETIC_IDENTITY
CUST_14567,1228.06,Zimmerman and Sons,ECOMMERCE,US,WALLET,4,585,1,0,960,0,0,1,GEOGRAPHIC_ANOMALY
CUST_12072,4637.0,"Bailey, Snyder and Rodriguez",HEALTHCARE,CN,WALLET,3,487,0,0,1198,0,0,0,LEGITIMATE
CUST_72233,1126.26,Williams-Williams,ECOMMERCE,CN,WALLET,2,690,0,0,259,0,0,0,LEGITIMATE
CUST_93750,1642.73,"White, Nelson and Byrd",HEALTHCARE,NG,UPI,4,636,1,0,253,0,0,1,GEOGRAPHIC_ANOMALY
CUST_68340,5365.32,Torres-Nelson,FOOD,NG,WALLET,4,250,0,0,1882,0,0,0,LEGITIMATE
CUST_64298,43949.58,Chambers Ltd,FOOD,US,WALLET,3,834,0,0,351,1,1,1,TRANSACTION_ANOMALY
CUST_25042,1096.29,Schultz-Powell,OTHER,GB,DEBIT_CARD,1,119,0,0,2324,0,0,0,LEGITIMATE
CUST_91103,2659.8,"Serrano, Parker and Hines",ECOMMERCE,CN,NET_BANKING,4,720,0,0,1180,0,0,0,LEGITIMATE
CUST_35782,6668.03,Williams Group,EDUCATION,CN,UPI,12,1,1,1,2099,1,1,1,MULTI_SIGNAL_ATTACK
CUST_82108,2644.44,Thomas-Lozano,GROCERY,IN,CREDIT_CARD,4,713,0,0,535,0,0,0,LEGITIMATE
CUST_64554,2191.84,"Juarez, Ashley and King",EDUCATION,IN,DEBIT_CARD,3,630,0,0,2471,0,0,0,LEGITIMATE
CUST_54590,4065.17,Gomez-Herrera,GROCERY,GB,WALLET,1,709,0,0,471,0,0,0,LEGITIMATE
CUST_77010,2200.62,Jensen-Johnson,ENTERTAINMENT,IN,UPI,2,309,0,0,62,0,0,0,LEGITIMATE
CUST_30529,2955.7,"Barrera, Ward and Ruiz",ENTERTAINMENT,CN,WALLET,2,664,0,0,744,0,0,0,LEGITIMATE
CUST_48982,724.6,"Garcia, Morgan and Gordon",GROCERY,US,UPI,4,189,0,0,2144,0,0,0,LEGITIMATE
CUST_53501,1054.87,"Curry, Anderson and Salazar",ECOMMERCE,US,WALLET,3,267,0,1,291,0,0,1,PAYMENT_METHOD_ABUSE
CUST_58908,1255.37,"Holmes, Santiago and Mccormick",ENTERTAINMENT,CN,NET_BANKING,2,427,0,0,1862,1,0,1,MERCHANT_ANOMALY
CUST_73190,3027.256032067791,Hall Inc,OTHER,IN,CREDIT_CARD,5,8,0,1,9,1,1,1,SYNTHETIC_IDENTITY
CUST_13911,2113.77,"Williams, Wright and James",GROCERY,IN,WALLET,4,938,0,1,1721,0,0,1,PAYMENT_METHOD_ABUSE
CUST_97622,4205.457914772303,Dixon-Sullivan,TRAVEL,CN,CREDIT_CARD,21,326,0,0,1148,0,0,1,VELOCITY_ABUSE
CUST_75595,1728.67,Estes LLC,ECOMMERCE,IN,DEBIT_CARD,3,762,0,0,1033,0,0,0,LEGITIMATE
CUST_28927,2954.17,Anderson-Mendoza,OTHER,GB,NET_BANKING,1,515,0,0,1514,0,0,0,LEGITIMATE
CUST_83431,2235.68,Davis-Foster,OTHER,IN,DEBIT_CARD,3,861,0,0,413,0,0,0,LEGITIMATE
CUST_70457,1533.8,Harper Group,EDUCATION,GB,CREDIT_CARD,3,654,0,0,1611,0,0,0,LEGITIMATE
CUST_93756,2036.41,Potter-Page,ECOMMERCE,CN,CREDIT_CARD,4,371,0,0,868,0,0,0,LEGITIMATE
CUST_61703,5794.4,Lewis-Strong,ECOMMERCE,GB,WALLET,3,95,0,0,1251,0,0,0,LEGITIMATE
CUST_92516,4714.33,"Harmon, Fernandez and Monroe",EDUCATION,CN,DEBIT_CARD,4,235,0,0,1409,0,0,0,LEGITIMATE
CUST_61127,4201.54,"Shaw, Hess and Faulkner",GROCERY,IN,UPI,1,486,0,0,624,0,0,0,LEGITIMATE
CUST_76901,733.19,"Ross, Jones and Griffin",ENTERTAINMENT,IN,WALLET,3,813,0,0,1923,0,0,0,LEGITIMATE
CUST_35612,5998.95,Brown and Sons,EDUCATION,US,UPI,2,813,0,0,1981,0,0,0,LEGITIMATE
CUST_88079,2178.32,Gallagher and Sons,EDUCATION,IN,NET_BANKING,3,399,1,0,1328,0,0,1,GEOGRAPHIC_ANOMALY
CUST_72154,57112.47,Hill Group,OTHER,US,WALLET,3,329,0,0,395,1,1,1,TRANSACTION_ANOMALY
CUST_11240,5318.15,"Solis, Russell and Bennett",ECOMMERCE,US,UPI,2,161,0,1,233,0,0,1,PAYMENT_METHOD_ABUSE
CUST_71730,494.39,Costa Inc,GROCERY,CN,DEBIT_CARD,3,107,0,0,1102,0,0,0,LEGITIMATE
CUST_57147,3969.19,Crawford LLC,GROCERY,CN,DEBIT_CARD,3,206,0,0,2076,1,0,1,MERCHANT_ANOMALY
CUST_87389,15012.63,Hicks-Jones,HEALTHCARE,CN,NET_BANKING,3,374,0,0,1476,1,1,1,TRANSACTION_ANOMALY
CUST_57386,1894.49,Willis LLC,HEALTHCARE,NG,WALLET,4,229,0,0,561,0,0,0,LEGITIMATE
CUST_10752,31690.43,Frazier Inc,TRAVEL,NG,WALLET,14,2,1,1,649,1,1,1,MULTI_SIGNAL_ATTACK
CUST_88463,1850.48,Wallace-Perez,OTHER,GB,NET_BANKING,4,302,0,1,1709,0,0,1,PAYMENT_METHOD_ABUSE
CUST_98590,26412.53,Stanley-Curtis,GROCERY,IN,NET_BANKING,13,2,1,1,1504,1,1,1,ACCOUNT_TAKEOVER
CUST_99691,2550.14,Barnes-Mcdaniel,GROCERY,NG,WALLET,3,868,0,0,231,0,0,0,LEGITIMATE
CUST_55956,1085.08,Miller-Franklin,FOOD,GB,CREDIT_CARD,1,605,0,0,134,0,0,0,LEGITIMATE
CUST_94115,2062.15,Briggs-Torres,OTHER,CN,CREDIT_CARD,3,541,0,1,2307,0,0,1,PAYMENT_METHOD_ABUSE
CUST_87105,1512.39,"Green, Leon and Jenkins",EDUCATION,CN,NET_BANKING,3,427,0,0,898,0,0,0,LEGITIMATE
CUST_53318,5036.14,"Chen, Compton and Hull",ECOMMERCE,US,UPI,4,264,0,0,1022,0,0,0,LEGITIMATE
CUST_36035,40154.39,"Hale, Taylor and Harris",FOOD,NG,DEBIT_CARD,4,971,0,0,1994,1,1,1,TRANSACTION_ANOMALY
CUST_55210,1689.63,"Brown, Wheeler and Walton",ECOMMERCE,US,NET_BANKING,4,280,0,0,32,0,0,0,LEGITIMATE
CUST_47787,698.04,"Miller, Murray and Thornton",HEALTHCARE,IN,DEBIT_CARD,3,960,0,0,1312,0,0,0,LEGITIMATE
CUST_93020,5098.7,"Robertson, Hawkins and Moore",OTHER,GB,DEBIT_CARD,4,915,0,0,45,0,0,0,LEGITIMATE
CUST_94095,536.67,Hernandez LLC,TRAVEL,CN,WALLET,4,491,0,0,2338,0,0,0,LEGITIMATE
CUST_40964,18029.546339173714,Kennedy LLC,OTHER,CN,UPI,10,3,0,1,20,1,1,1,SYNTHETIC_IDENTITY
CUST_60969,2981.94,Ward-Rogers,ECOMMERCE,GB,WALLET,3,566,0,0,1815,0,0,0,LEGITIMATE
CUST_69034,1911.73,Poole Inc,HEALTHCARE,NG,UPI,3,298,0,0,1256,0,0,0,LEGITIMATE
CUST_44595,1899.94,Turner PLC,FOOD,CN,NET_BANKING,2,377,0,0,2491,0,0,0,LEGITIMATE
CUST_72769,946.33,"Sosa, Smith and Dixon",OTHER,CN,NET_BANKING,2,111,0,0,1057,0,0,0,LEGITIMATE
CUST_28560,3355.96,Kim-Francis,ENTERTAINMENT,NG,WALLET,1,834,0,0,940,0,0,0,LEGITIMATE
CUST_91375,1806.32,Stevens Ltd,OTHER,NG,UPI,2,159,0,0,363,0,0,0,LEGITIMATE
CUST_34562,1647.29,"Jackson, Jefferson and Juarez",GROCERY,IN,CREDIT_CARD,3,389,0,0,2465,0,0,0,LEGITIMATE
CUST_24851,1499.43,"Williams, Williams and Garcia",EDUCATION,US,UPI,3,776,0,0,1824,0,0,0,LEGITIMATE
CUST_84353,1465.94,Berger-Baldwin,ECOMMERCE,NG,UPI,4,158,0,0,305,0,0,0,LEGITIMATE
CUST_96207,2315.12,Daniels-Kirk,TRAVEL,IN,DEBIT_CARD,1,823,0,0,1952,0,0,0,LEGITIMATE
CUST_63270,3740.88,Scott and Sons,ECOMMERCE,US,UPI,3,657,0,0,1407,0,0,0,LEGITIMATE
CUST_71905,13890.162801281558,"Williams, Green and Santiago",GROCERY,NG,WALLET,10,8,0,1,20,1,1,1,SYNTHETIC_IDENTITY
CUST_74067,6103.43,"Smith, Camacho and Carter",TRAVEL,CN,NET_BANKING,4,283,0,0,1362,0,0,0,LEGITIMATE
CUST_16213,3144.14,Willis-Grant,OTHER,CN,WALLET,2,918,0,1,2438,0,0,1,PAYMENT_METHOD_ABUSE
CUST_63990,5362.72,Ashley PLC,OTHER,NG,WALLET,3,982,0,0,141,0,0,0,LEGITIMATE
CUST_53906,54816.33,Church and Sons,TRAVEL,IN,UPI,4,751,0,0,75,1,1,1,TRANSACTION_ANOMALY
CUST_89927,2447.31,Edwards-Obrien,TRAVEL,IN,NET_BANKING,2,444,0,0,141,1,0,1,MERCHANT_ANOMALY
CUST_68804,2974.59,"Morris, Jones and Ramirez",HEALTHCARE,US,UPI,3,716,0,0,2146,0,0,0,LEGITIMATE
CUST_20277,428.42,Reyes Ltd,OTHER,CN,CREDIT_CARD,2,628,0,0,1468,0,0,0,LEGITIMATE
CUST_82239,22579.45,"Mcdonald, Ferguson and Harris",ENTERTAINMENT,CN,UPI,5,3,1,1,1841,1,1,1,ACCOUNT_TAKEOVER
CUST_53166,1070.56,"Black, Bowen and Koch",GROCERY,US,UPI,4,175,0,0,1321,0,0,0,LEGITIMATE
CUST_67328,8126.811832230513,Mooney LLC,GROCERY,US,NET_BANKING,9,7,0,1,26,1,1,1,SYNTHETIC_IDENTITY
CUST_33812,2615.05,Burns PLC,FOOD,US,UPI,4,830,0,0,295,0,0,0,LEGITIMATE
CUST_13682,3109.12,Mcmahon-Flores,HEALTHCARE,US,DEBIT_CARD,2,144,1,0,780,0,0,1,GEOGRAPHIC_ANOMALY
CUST_50655,2432.04,Kelly-Nguyen,OTHER,US,CREDIT_CARD,4,735,0,0,375,0,0,0,LEGITIMATE
CUST_35194,1115.67,Smith Ltd,HEALTHCARE,IN,WALLET,3,729,0,0,2349,0,0,0,LEGITIMATE
CUST_75779,2294.09,Larson Ltd,FOOD,CN,NET_BANKING,4,465,0,0,866,0,0,0,LEGITIMATE
CUST_54036,2719.45,Dixon PLC,ECOMMERCE,IN,NET_BANKING,3,607,0,0,1724,1,0,1,MERCHANT_ANOMALY
CUST_41917,14758.39,James-Williams,GROCERY,GB,CREDIT_CARD,4,522,0,0,1369,1,1,1,TRANSACTION_ANOMALY
CUST_48491,3328.25,Collins Inc,OTHER,US,WALLET,1,56,0,0,190,1,0,1,MERCHANT_ANOMALY
CUST_52642,2129.93,"White, Page and Owens",TRAVEL,CN,DEBIT_CARD,3,833,0,0,2195,0,0,0,LEGITIMATE
CUST_71948,2231.41,"Ramirez, Wade and Oliver",GROCERY,IN,DEBIT_CARD,3,117,0,0,640,0,0,0,LEGITIMATE
CUST_58476,1505.57,"Thomas, Mills and Dunn",ENTERTAINMENT,CN,WALLET,1,565,0,0,272,0,0,0,LEGITIMATE
CUST_97964,1991.69,"Harris, Henson and Norris",FOOD,CN,CREDIT_CARD,4,477,0,0,516,0,0,0,LEGITIMATE
CUST_21708,16880.05,"Reed, Leon and Jordan",GROCERY,CN,UPI,10,2,1,1,976,1,1,1,ACCOUNT_TAKEOVER
CUST_14445,1097.38,Norman LLC,TRAVEL,NG,DEBIT_CARD,1,979,0,0,2298,0,0,0,LEGITIMATE
CUST_95303,1493.78,"Miller, Farmer and Martinez",ENTERTAINMENT,GB,WALLET,3,786,0,0,1604,0,0,0,LEGITIMATE
CUST_95128,1184.83,"Shepard, Mills and Clark",ECOMMERCE,IN,NET_BANKING,3,528,0,0,2103,0,0,0,LEGITIMATE
CUST_28363,20999.17,"Ray, Roberts and Murphy",HEALTHCARE,US,UPI,8,2,1,1,704,1,1,1,ACCOUNT_TAKEOVER
CUST_18470,834.5705629805822,"Ballard, Garcia and Blevins",ENTERTAINMENT,US,UPI,29,441,0,0,1245,0,0,1,VELOCITY_ABUSE
CUST_15325,2994.24,Rubio and Sons,HEALTHCARE,GB,WALLET,1,309,0,1,172,0,0,1,PAYMENT_METHOD_ABUSE
CUST_92833,361.96,"Velez, Mayo and White",FOOD,GB,UPI,1,786,0,0,708,0,0,0,LEGITIMATE
CUST_67347,564.78,"Dougherty, Moreno and Waters",OTHER,NG,WALLET,1,938,0,1,238,0,0,1,PAYMENT_METHOD_ABUSE
CUST_79901,1059.81,"Hernandez, Bradley and Harris",ECOMMERCE,IN,CREDIT_CARD,3,418,0,0,2327,0,0,0,LEGITIMATE
CUST_89002,576.76,Underwood-Thompson,FOOD,US,UPI,3,297,0,0,474,0,0,0,LEGITIMATE
CUST_63589,1240.63,Turner Group,HEALTHCARE,US,NET_BANKING,3,254,0,0,1607,0,0,0,LEGITIMATE
CUST_65273,3450.15,"Leon, Diaz and Olson",OTHER,US,NET_BANKING,2,818,0,0,472,0,0,0,LEGITIMATE
CUST_31207,4157.3,Cuevas and Sons,OTHER,GB,WALLET,3,68,0,0,2422,0,0,0,LEGITIMATE
CUST_82793,2041.92,"Holland, Pope and Ware",OTHER,NG,CREDIT_CARD,2,121,0,0,275,0,0,0,LEGITIMATE
CUST_54151,4584.75,Lam LLC,EDUCATION,IN,CREDIT_CARD,1,301,0,0,2061,0,0,0,LEGITIMATE
CUST_43092,378.36,"Blair, Hernandez and Sanchez",EDUCATION,IN,UPI,1,408,0,0,1864,0,0,0,LEGITIMATE
CUST_34294,3891.29,"Johnson, Smith and Richards",ENTERTAINMENT,GB,UPI,2,643,0,0,1791,0,0,0,LEGITIMATE
CUST_64275,5798.196724974349,"King, Burgess and Ray",HEALTHCARE,GB,UPI,24,885,0,0,2471,0,0,1,VELOCITY_ABUSE
CUST_43330,458.79,Ruiz-Stephenson,OTHER,NG,NET_BANKING,2,484,0,0,2466,0,0,0,LEGITIMATE
CUST_42313,1515.89,Hughes-Walls,HEALTHCARE,CN,DEBIT_CARD,4,716,0,0,2463,0,0,0,LEGITIMATE
CUST_64643,2028.71,Salas LLC,ENTERTAINMENT,CN,CREDIT_CARD,3,33,0,0,39,0,0,0,LEGITIMATE
CUST_32329,1035.02,"Cook, Durham and Carter",ECOMMERCE,IN,UPI,3,379,0,0,1813,0,0,0,LEGITIMATE
CUST_60513,3868.87,Welch and Sons,ECOMMERCE,NG,DEBIT_CARD,2,881,0,0,383,0,0,0,LEGITIMATE
CUST_21571,5413.75,Spencer Inc,ENTERTAINMENT,NG,CREDIT_CARD,1,892,0,0,881,0,0,0,LEGITIMATE
CUST_11165,3599.99,Bryan Ltd,ENTERTAINMENT,GB,DEBIT_CARD,2,917,0,0,2387,0,0,0,LEGITIMATE
CUST_73077,2784.34,"Short, Williams and Cook",HEALTHCARE,IN,NET_BANKING,1,552,0,0,1419,0,0,0,LEGITIMATE
CUST_45896,912.33,"Pittman, Stewart and Brown",GROCERY,US,NET_BANKING,4,222,0,0,2182,0,0,0,LEGITIMATE
CUST_36938,1069.76,Walker Group,TRAVEL,IN,WALLET,1,780,0,0,1286,0,0,0,LEGITIMATE
CUST_42536,1794.65,Mcmillan-Jackson,OTHER,CN,DEBIT_CARD,4,158,0,0,650,0,0,0,LEGITIMATE
CUST_68828,2185.01,Arnold and Sons,OTHER,CN,UPI,1,624,0,0,1861,0,0,0,LEGITIMATE
CUST_93172,4280.74,"Stanton, Robinson and Hammond",OTHER,CN,NET_BANKING,2,618,0,0,1229,0,0,0,LEGITIMATE
CUST_47949,1163.31,Wright PLC,ECOMMERCE,NG,CREDIT_CARD,4,190,0,0,1129,0,0,0,LEGITIMATE
CUST_62859,5197.34,Long-Smith,ENTERTAINMENT,NG,WALLET,3,265,0,0,1704,0,0,0,LEGITIMATE
CUST_62997,533.73,"Stewart, Hill and Reed",ECOMMERCE,CN,DEBIT_CARD,1,953,0,0,1761,0,0,0,LEGITIMATE
CUST_37052,236.82,"Gonzalez, Cardenas and Taylor",OTHER,CN,WALLET,1,967,0,0,469,0,0,0,LEGITIMATE
CUST_37180,3568.11,"Johnson, Gutierrez and Roberts",ECOMMERCE,CN,DEBIT_CARD,9,0,1,1,2301,1,1,1,ACCOUNT_TAKEOVER
CUST_30646,418.84,Mcclure-Brown,TRAVEL,CN,WALLET,2,542,0,0,1052,0,0,0,LEGITIMATE
CUST_79272,11537.14,Solis Group,FOOD,IN,CREDIT_CARD,15,3,1,1,1526,1,1,1,MULTI_SIGNAL_ATTACK
CUST_21349,2931.86,Brown Ltd,FOOD,NG,UPI,1,542,0,1,1330,0,0,1,PAYMENT_METHOD_ABUSE
CUST_40891,27589.0,"Miller, Yates and Burnett",ENTERTAINMENT,GB,UPI,4,964,0,0,1586,1,1,1,TRANSACTION_ANOMALY
CUST_74809,64045.68,Raymond Group,EDUCATION,NG,DEBIT_CARD,1,683,0,0,2291,1,1,1,TRANSACTION_ANOMALY
CUST_94046,7597.07,Bridges-Lamb,HEALTHCARE,US,CREDIT_CARD,1,572,0,0,436,0,0,0,LEGITIMATE
CUST_47891,19864.23,"Frank, Gilmore and Ross",HEALTHCARE,US,NET_BANKING,5,3,1,1,165,1,1,1,ACCOUNT_TAKEOVER
CUST_94222,5747.276376060827,"Rose, Johnson and Hall",EDUCATION,US,WALLET,23,576,0,0,1479,0,0,1,VELOCITY_ABUSE
CUST_61292,2163.92,Williams-Greene,FOOD,NG,UPI,6,2,1,1,2312,1,1,1,ACCOUNT_TAKEOVER
CUST_35910,1085.78,"Taylor, Jimenez and West",ECOMMERCE,NG,WALLET,7,3,1,1,2399,1,1,1,ACCOUNT_TAKEOVER
CUST_15185,2732.62,Cantrell Ltd,TRAVEL,IN,UPI,3,944,0,0,2005,0,0,0,LEGITIMATE
CUST_95626,1729.19,Richardson-Quinn,TRAVEL,NG,CREDIT_CARD,1,941,0,0,1868,0,0,0,LEGITIMATE
CUST_53276,333.95,"Webb, Parsons and Valdez",ECOMMERCE,US,DEBIT_CARD,2,819,0,0,743,0,0,0,LEGITIMATE
CUST_52988,1227.85,"Christian, Robinson and Roth",FOOD,NG,UPI,2,593,1,0,1078,0,0,1,GEOGRAPHIC_ANOMALY
CUST_58211,2433.28,"Fisher, Frazier and Ramirez",FOOD,NG,WALLET,3,644,1,0,1224,0,0,1,GEOGRAPHIC_ANOMALY
CUST_81575,1317.35,Brady-Dean,OTHER,IN,NET_BANKING,4,251,0,1,243,0,0,1,PAYMENT_METHOD_ABUSE
CUST_88466,1171.82,"Allen, Clayton and Pacheco",OTHER,US,UPI,3,693,0,0,2173,0,0,0,LEGITIMATE
CUST_12237,636.51,"Peters, Castro and Jacobs",ECOMMERCE,GB,WALLET,4,795,0,0,1177,0,0,0,LEGITIMATE
CUST_70918,9129.574832907918,Mendez Group,HEALTHCARE,NG,WALLET,3,4,0,1,26,1,1,1,SYNTHETIC_IDENTITY
CUST_35289,3641.04,Brown Group,FOOD,US,UPI,3,48,0,0,888,0,0,0,LEGITIMATE
CUST_25142,2263.1300469322377,Rodriguez Inc,ENTERTAINMENT,IN,NET_BANKING,20,973,0,0,229,0,0,1,VELOCITY_ABUSE
CUST_66987,2634.31,Green PLC,EDUCATION,US,CREDIT_CARD,4,791,0,0,711,0,0,0,LEGITIMATE
CUST_46218,991.87,Bryan Group,EDUCATION,CN,DEBIT_CARD,3,83,0,0,564,0,0,0,LEGITIMATE
CUST_82054,520.26,Benjamin-Martin,FOOD,US,CREDIT_CARD,4,153,0,0,669,0,0,0,LEGITIMATE
CUST_88913,3898.25,Hill-Mcclure,HEALTHCARE,GB,NET_BANKING,3,810,0,0,2414,0,0,0,LEGITIMATE
CUST_24435,621.63,Wright and Sons,ENTERTAINMENT,GB,WALLET,1,35,0,0,2375,1,0,1,MERCHANT_ANOMALY
CUST_67799,1428.62,Cook-Burton,TRAVEL,GB,NET_BANKING,3,119,0,0,983,0,0,0,LEGITIMATE
CUST_71845,1151.9,"Adams, Matthews and King",HEALTHCARE,US,DEBIT_CARD,1,183,0,0,1800,0,0,0,LEGITIMATE
CUST_34342,331.04,Johnson LLC,OTHER,CN,CREDIT_CARD,4,52,0,0,2189,0,0,0,LEGITIMATE
CUST_32089,1832.9,Scott-Taylor,TRAVEL,NG,DEBIT_CARD,4,324,0,0,1237,0,0,0,LEGITIMATE
CUST_20636,2129.04,Mcfarland-Green,GROCERY,NG,UPI,2,184,0,0,1262,0,0,0,LEGITIMATE
CUST_26843,7689.25,"Warren, Gray and White",OTHER,IN,UPI,11,1,1,1,2061,1,1,1,MULTI_SIGNAL_ATTACK
CUST_23879,769.93,"Nelson, Jones and Santiago",FOOD,CN,CREDIT_CARD,1,190,1,0,1329,0,0,1,GEOGRAPHIC_ANOMALY
CUST_57744,23008.946483500302,Newton-Ryan,ENTERTAINMENT,CN,CREDIT_CARD,3,10,0,1,30,1,1,1,SYNTHETIC_IDENTITY
CUST_63722,5176.61,"Hebert, Smith and Lee",HEALTHCARE,NG,UPI,1,585,0,0,1677,0,0,0,LEGITIMATE
CUST_56122,421.37,Mejia Inc,ECOMMERCE,IN,UPI,1,985,0,0,1978,0,0,0,LEGITIMATE
CUST_74608,1809.58,Andrade Ltd,OTHER,IN,CREDIT_CARD,1,146,0,0,1681,0,0,0,LEGITIMATE
CUST_23569,1366.47,"Williams, Bernard and Grant",ECOMMERCE,CN,WALLET,1,495,0,0,544,0,0,0,LEGITIMATE
CUST_31277,1657.11,Greene-Perez,HEALTHCARE,US,NET_BANKING,4,295,0,0,151,0,0,0,LEGITIMATE
CUST_11601,641.48,Robbins Group,FOOD,IN,UPI,4,770,0,0,155,0,0,0,LEGITIMATE
CUST_17503,678.97,Mitchell PLC,TRAVEL,NG,UPI,3,240,0,0,1822,0,0,0,LEGITIMATE
CUST_45551,1414.73,Stephenson-Lee,FOOD,NG,CREDIT_CARD,3,928,1,0,736,0,0,1,GEOGRAPHIC_ANOMALY
CUST_67212,1680.89,"Webb, Gonzales and Donovan",TRAVEL,US,DEBIT_CARD,4,946,1,0,621,0,0,1,GEOGRAPHIC_ANOMALY
CUST_19605,304.1,"Ramirez, Berry and Lee",ENTERTAINMENT,CN,NET_BANKING,3,130,0,0,354,0,0,0,LEGITIMATE
CUST_92301,8692.87,Higgins Group,OTHER,NG,DEBIT_CARD,4,356,0,0,1414,1,1,1,TRANSACTION_ANOMALY
CUST_47568,5654.61,Murphy-Morris,HEALTHCARE,GB,DEBIT_CARD,4,800,0,0,1769,0,0,0,LEGITIMATE
CUST_45433,403.89,Larson-Johnson,GROCERY,GB,NET_BANKING,3,135,0,0,2407,0,0,0,LEGITIMATE
CUST_22599,3507.79,Gardner-Glass,FOOD,CN,DEBIT_CARD,4,790,0,0,903,0,0,0,LEGITIMATE
CUST_41732,3079.95,"Knox, White and Alvarado",OTHER,IN,UPI,4,578,0,1,460,0,0,1,PAYMENT_METHOD_ABUSE
CUST_69358,2455.54,Moyer PLC,FOOD,IN,WALLET,1,310,0,0,1569,0,0,0,LEGITIMATE
CUST_23956,2237.18,Wright-Young,ENTERTAINMENT,GB,NET_BANKING,2,303,0,0,1351,0,0,0,LEGITIMATE
CUST_39215,1926.46,"Stanton, Perry and Smith",OTHER,NG,DEBIT_CARD,1,126,0,0,1550,0,0,0,LEGITIMATE
CUST_97143,4744.67,"Carter, Keller and Foster",HEALTHCARE,NG,DEBIT_CARD,2,108,0,0,1777,0,0,0,LEGITIMATE
CUST_97262,14537.54,"Jennings, Vargas and Walker",GROCERY,IN,UPI,13,2,1,1,2011,1,1,1,ACCOUNT_TAKEOVER
CUST_91445,14162.65,"Mccullough, Sullivan and Washington",OTHER,GB,UPI,5,2,1,1,1659,1,1,1,ACCOUNT_TAKEOVER
CUST_73319,6934.66,"Alvarez, Bryant and Hopkins",FOOD,GB,WALLET,14,1,1,1,2366,1,1,1,ACCOUNT_TAKEOVER
CUST_47751,2798.67,Bentley Ltd,FOOD,CN,UPI,1,861,0,1,345,0,0,1,PAYMENT_METHOD_ABUSE
CUST_73958,7740.313926085922,Cortez-Johnson,GROCERY,NG,WALLET,12,433,0,0,2130,0,0,1,VELOCITY_ABUSE
CUST_29672,852.8,"Durham, Jenkins and Olsen",HEALTHCARE,CN,WALLET,2,244,0,0,512,0,0,0,LEGITIMATE
CUST_41642,1366.63,Clark and Sons,HEALTHCARE,US,NET_BANKING,1,874,0,0,363,0,0,0,LEGITIMATE
CUST_38074,10540.248538265,Johnson-Wilson,TRAVEL,GB,NET_BANKING,10,3,0,1,7,1,1,1,SYNTHETIC_IDENTITY
CUST_28870,27189.064594782885,Clayton-Robinson,TRAVEL,GB,CREDIT_CARD,7,2,0,1,22,1,1,1,SYNTHETIC_IDENTITY
CUST_14546,1706.02,Martin and Sons,ECOMMERCE,NG,NET_BANKING,4,97,0,0,1829,0,0,0,LEGITIMATE
CUST_90951,4923.0,Kemp PLC,FOOD,US,CREDIT_CARD,2,709,0,0,1207,1,0,1,MERCHANT_ANOMALY
CUST_94016,3306.142288285167,Lopez LLC,HEALTHCARE,NG,UPI,22,536,0,0,38,0,0,1,VELOCITY_ABUSE
CUST_33872,1948.4,Hill Group,OTHER,US,WALLET,1,462,0,0,2031,0,0,0,LEGITIMATE
CUST_99262,2089.52,Graham-Hernandez,TRAVEL,US,CREDIT_CARD,1,275,0,0,322,0,0,0,LEGITIMATE
CUST_95931,2787.94,Combs Inc,FOOD,IN,CREDIT_CARD,1,212,0,0,879,0,0,0,LEGITIMATE
CUST_44096,8316.371317417961,"Wheeler, Jackson and Carter",ENTERTAINMENT,NG,WALLET,14,204,0,0,1688,0,0,1,VELOCITY_ABUSE
CUST_26528,22556.87,Garcia-Sparks,TRAVEL,CN,CREDIT_CARD,15,0,1,1,772,1,1,1,MULTI_SIGNAL_ATTACK
CUST_79047,1246.87,"Thomas, Foster and Butler",OTHER,NG,WALLET,1,260,0,0,1476,0,0,0,LEGITIMATE
CUST_24628,2108.72,Schmidt-Galvan,TRAVEL,NG,DEBIT_CARD,1,662,0,0,1767,0,0,0,LEGITIMATE
CUST_88126,517.84,Brown-Ruiz,FOOD,CN,UPI,4,892,0,0,886,0,0,0,LEGITIMATE
CUST_81231,238.32,Olsen-Gates,ECOMMERCE,GB,WALLET,3,695,0,0,1265,0,0,0,LEGITIMATE
CUST_67366,1601.26,Kennedy-Flynn,FOOD,NG,CREDIT_CARD,1,717,0,0,977,0,0,0,LEGITIMATE
CUST_42795,1320.75,King-Rios,EDUCATION,GB,DEBIT_CARD,3,61,0,0,2384,0,0,0,LEGITIMATE
CUST_67622,62098.51,"Jarvis, Brown and Chavez",ENTERTAINMENT,IN,UPI,3,695,0,0,2029,1,1,1,TRANSACTION_ANOMALY
CUST_82321,3999.55,Johnson-Lawrence,GROCERY,IN,WALLET,2,559,0,0,444,0,0,0,LEGITIMATE
CUST_52206,18597.24,King-Lopez,ENTERTAINMENT,GB,NET_BANKING,19,0,1,1,267,1,1,1,MULTI_SIGNAL_ATTACK
CUST_48638,4708.79,Carney-Jacobson,ECOMMERCE,GB,DEBIT_CARD,1,420,0,0,440,0,0,0,LEGITIMATE
CUST_63866,14630.221708252799,Brown PLC,FOOD,CN,CREDIT_CARD,8,5,0,1,23,1,1,1,SYNTHETIC_IDENTITY
CUST_38864,1412.03,Williams Group,ECOMMERCE,NG,NET_BANKING,2,291,0,0,134,0,0,0,LEGITIMATE
CUST_99807,5936.246447225908,Espinoza PLC,OTHER,US,NET_BANKING,25,822,0,0,263,0,0,1,VELOCITY_ABUSE
CUST_95476,4030.4,Burns Ltd,EDUCATION,IN,CREDIT_CARD,1,947,0,0,895,0,0,0,LEGITIMATE
CUST_11909,2795.81,"Flowers, Jones and Lynch",TRAVEL,NG,CREDIT_CARD,4,216,1,0,1204,0,0,1,GEOGRAPHIC_ANOMALY
CUST_49134,1604.88,Mckenzie-Alexander,EDUCATION,GB,WALLET,2,398,0,0,550,0,0,0,LEGITIMATE
CUST_52109,1484.59,"Griffin, Garcia and Vargas",HEALTHCARE,CN,DEBIT_CARD,3,763,0,0,278,0,0,0,LEGITIMATE
CUST_38684,204.18,Parrish Ltd,FOOD,CN,DEBIT_CARD,2,958,0,0,1605,0,0,0,LEGITIMATE
CUST_14483,19321.243348310098,Watson-Kelly,EDUCATION,CN,WALLET,7,4,0,1,19,1,1,1,SYNTHETIC_IDENTITY
CUST_52183,3812.75,Richards and Sons,OTHER,US,WALLET,4,299,1,0,1813,0,0,1,GEOGRAPHIC_ANOMALY
CUST_14406,3945.63,"Butler, Gaines and Cruz",ENTERTAINMENT,GB,UPI,3,975,0,0,1318,1,0,1,MERCHANT_ANOMALY
CUST_73484,503.07,Frazier PLC,TRAVEL,IN,CREDIT_CARD,4,848,0,0,1179,0,0,0,LEGITIMATE
CUST_51413,3386.65,"Mendez, Young and Jones",ECOMMERCE,NG,CREDIT_CARD,2,935,0,0,2493,0,0,0,LEGITIMATE
CUST_43750,1850.16,Stewart and Sons,GROCERY,GB,UPI,4,675,0,0,351,0,0,0,LEGITIMATE
CUST_72751,3860.17,Ayers-Austin,FOOD,NG,UPI,4,397,0,0,108,0,0,0,LEGITIMATE
CUST_50544,205.21,"Reynolds, Foster and Stevenson",GROCERY,NG,CREDIT_CARD,1,53,1,0,2156,0,0,1,GEOGRAPHIC_ANOMALY
CUST_43406,2075.18,Martin-Espinoza,OTHER,GB,NET_BANKING,4,389,0,0,1499,0,0,0,LEGITIMATE
CUST_32334,4884.29,Larsen Ltd,GROCERY,CN,UPI,2,910,0,0,1509,0,0,0,LEGITIMATE
CUST_46965,2540.62,"Gates, Jones and Young",TRAVEL,CN,UPI,2,573,0,0,1653,0,0,0,LEGITIMATE
CUST_15180,956.71,Brown-Mcdaniel,HEALTHCARE,NG,CREDIT_CARD,2,713,0,0,1957,0,0,0,LEGITIMATE
CUST_23994,303.19,Fuller Inc,HEALTHCARE,GB,UPI,3,609,0,0,1603,1,0,1,MERCHANT_ANOMALY
CUST_12948,6078.27,Terry-Poole,FOOD,US,UPI,1,824,0,0,1292,0,0,0,LEGITIMATE
CUST_75176,6445.5128526595245,"Arnold, Brown and Boyle",EDUCATION,IN,UPI,13,929,0,0,1081,0,0,1,VELOCITY_ABUSE
CUST_39976,1933.45,Manning PLC,FOOD,US,WALLET,2,400,0,0,670,0,0,0,LEGITIMATE
CUST_50277,1491.2,Evans-Johnson,EDUCATION,IN,WALLET,4,637,0,0,1569,0,0,0,LEGITIMATE
CUST_64974,3081.22,"Taylor, Holt and Good",TRAVEL,GB,UPI,2,219,0,0,1188,0,0,0,LEGITIMATE
CUST_76648,3387.3,Chang LLC,ECOMMERCE,IN,NET_BANKING,3,815,0,0,305,0,0,0,LEGITIMATE
CUST_74633,6748.47,Smith-Campbell,OTHER,US,UPI,3,967,0,0,2469,0,0,0,LEGITIMATE
CUST_49234,5143.93,Bauer-Boyle,ENTERTAINMENT,NG,CREDIT_CARD,3,423,0,0,2201,0,0,0,LEGITIMATE
CUST_54532,4997.17,"Espinoza, Torres and Howard",EDUCATION,NG,DEBIT_CARD,2,689,1,0,2259,0,0,1,GEOGRAPHIC_ANOMALY
CUST_83419,1880.36,"Burke, Francis and Cook",ECOMMERCE,CN,NET_BANKING,4,458,0,0,104,0,0,0,LEGITIMATE
CUST_43376,1729.35,Warren Inc,ECOMMERCE,CN,NET_BANKING,3,907,0,0,2373,0,0,0,LEGITIMATE
CUST_29400,2257.84,Allison-Oliver,FOOD,IN,WALLET,4,343,0,0,1466,0,0,0,LEGITIMATE
CUST_67873,4597.64,Collier Ltd,EDUCATION,CN,NET_BANKING,1,738,0,0,1812,0,0,0,LEGITIMATE
CUST_90034,686.64,"Shelton, Walker and Douglas",FOOD,NG,WALLET,4,888,0,0,364,0,0,0,LEGITIMATE
CUST_43176,12748.12,Martin LLC,ECOMMERCE,CN,CREDIT_CARD,11,3,1,1,546,1,1,1,ACCOUNT_TAKEOVER
CUST_51754,4393.89,Lewis Group,GROCERY,IN,UPI,2,845,0,0,2385,0,0,0,LEGITIMATE
CUST_87491,3919.343706941704,Jones Group,OTHER,CN,NET_BANKING,3,2,0,1,9,1,1,1,SYNTHETIC_IDENTITY
CUST_57866,3865.82,Vazquez-Newton,HEALTHCARE,IN,UPI,3,66,0,0,104,0,0,0,LEGITIMATE
CUST_93872,746.12,"Boyd, Smith and Kent",OTHER,GB,UPI,2,532,0,0,2234,0,0,0,LEGITIMATE
CUST_43860,1195.9,"Alvarez, Thomas and Holmes",ENTERTAINMENT,NG,UPI,4,429,0,0,1124,0,0,0,LEGITIMATE
CUST_98226,2656.17,"Armstrong, Ford and Adams",GROCERY,US,UPI,1,755,0,0,1709,1,0,1,MERCHANT_ANOMALY
CUST_84094,9461.73,Perez-Hopkins,HEALTHCARE,US,NET_BANKING,4,163,0,0,1428,1,1,1,TRANSACTION_ANOMALY
CUST_98113,3193.75,"Ryan, York and King",OTHER,NG,CREDIT_CARD,3,891,0,0,2108,0,0,0,LEGITIMATE
CUST_30655,1301.23,"Coleman, Farrell and Gonzalez",GROCERY,CN,DEBIT_CARD,1,836,0,0,1776,0,0,0,LEGITIMATE
CUST_93390,1236.92,Jones-Moses,EDUCATION,CN,UPI,3,231,0,0,797,0,0,0,LEGITIMATE
CUST_57232,5209.438862438235,"Carter, Sanchez and Jacobson",OTHER,IN,WALLET,25,393,0,0,219,0,0,1,VELOCITY_ABUSE
CUST_71215,2430.8,Turner-Cooper,TRAVEL,GB,UPI,3,607,0,0,2182,0,0,0,LEGITIMATE
CUST_18471,4185.27,Nguyen-Hart,EDUCATION,IN,DEBIT_CARD,3,52,0,0,2431,0,0,0,LEGITIMATE
CUST_99993,1056.05,Allen PLC,HEALTHCARE,US,WALLET,4,650,0,0,1958,0,0,0,LEGITIMATE
CUST_19693,280.38,Sherman Ltd,OTHER,CN,WALLET,2,243,0,0,1458,0,0,0,LEGITIMATE
CUST_17008,566.22,"Adams, Cook and Williams",GROCERY,IN,WALLET,3,874,0,0,1988,0,0,0,LEGITIMATE
CUST_85958,1795.38,"Carter, Graves and Lang",ECOMMERCE,US,NET_BANKING,4,617,0,0,105,0,0,0,LEGITIMATE
CUST_33014,2558.87,Powell-Brown,ENTERTAINMENT,NG,CREDIT_CARD,4,718,0,0,1171,0,0,0,LEGITIMATE
CUST_85657,4124.04,Lee Inc,FOOD,NG,CREDIT_CARD,3,460,0,0,1473,0,0,0,LEGITIMATE
CUST_44451,2013.28,"Ramirez, Clark and Mueller",FOOD,US,CREDIT_CARD,1,299,0,0,191,0,0,0,LEGITIMATE
CUST_66969,5847.383150675989,"Andrade, Rush and Diaz",HEALTHCARE,NG,CREDIT_CARD,17,859,0,0,1493,0,0,1,VELOCITY_ABUSE
CUST_17806,3597.68,Garcia and Sons,EDUCATION,NG,NET_BANKING,3,187,0,0,1535,0,0,0,LEGITIMATE
CUST_38422,3153.49,Nguyen Group,ECOMMERCE,US,WALLET,3,931,1,0,2380,0,0,1,GEOGRAPHIC_ANOMALY
CUST_79455,2463.11,Lopez-Cox,EDUCATION,GB,DEBIT_CARD,3,672,0,0,2081,0,0,0,LEGITIMATE
CUST_82075,48750.73,Jackson Ltd,FOOD,IN,CREDIT_CARD,4,516,0,0,1359,1,1,1,TRANSACTION_ANOMALY
CUST_69499,1253.18,Duncan Inc,FOOD,US,NET_BANKING,3,390,0,0,2387,0,0,0,LEGITIMATE
CUST_35934,2273.15,"Owens, Davis and Solomon",OTHER,CN,WALLET,3,721,0,0,676,0,0,0,LEGITIMATE
CUST_76981,8857.025238328311,Krause and Sons,TRAVEL,CN,NET_BANKING,26,633,0,0,1037,0,0,1,VELOCITY_ABUSE
CUST_79009,19007.4,"Roberson, West and Spencer",FOOD,NG,DEBIT_CARD,10,3,1,1,2362,1,1,1,MULTI_SIGNAL_ATTACK
CUST_12360,1711.03,Daniels-Smith,TRAVEL,CN,WALLET,4,351,0,0,1844,0,0,0,LEGITIMATE
CUST_33939,5121.2,Norris-Dawson,HEALTHCARE,CN,NET_BANKING,6,0,1,1,1183,1,1,1,ACCOUNT_TAKEOVER
CUST_70318,1034.1764456748651,"Watson, Hart and Luna",FOOD,NG,DEBIT_CARD,24,835,0,0,448,0,0,1,VELOCITY_ABUSE
CUST_33597,4165.98,Henderson Inc,OTHER,GB,WALLET,4,257,0,0,1759,0,0,0,LEGITIMATE
CUST_56871,1411.03,"Fernandez, Mason and Cooper",FOOD,IN,WALLET,1,707,0,0,1331,0,0,0,LEGITIMATE
CUST_20414,1174.31,Nash Inc,HEALTHCARE,IN,WALLET,2,926,0,0,154,0,0,0,LEGITIMATE
CUST_22009,9099.308379257798,"Beltran, Smith and Booth",GROCERY,CN,CREDIT_CARD,12,311,0,0,926,0,0,1,VELOCITY_ABUSE
CUST_69114,5243.86,Logan-Nelson,GROCERY,CN,NET_BANKING,1,752,0,0,1502,0,0,0,LEGITIMATE
CUST_68366,4699.3,Hall-Palmer,ECOMMERCE,CN,DEBIT_CARD,1,115,0,0,902,0,0,0,LEGITIMATE
CUST_10746,13784.7,"Boyd, Johnson and Coleman",ENTERTAINMENT,GB,NET_BANKING,2,971,0,0,430,1,1,1,TRANSACTION_ANOMALY
CUST_12038,1588.27,Sanders Group,FOOD,CN,DEBIT_CARD,4,978,0,0,30,0,0,0,LEGITIMATE
CUST_62803,5498.56,Graham-Rivera,HEALTHCARE,US,CREDIT_CARD,3,585,0,0,247,0,0,0,LEGITIMATE
CUST_15429,32480.99,Mcdonald-Branch,FOOD,GB,CREDIT_CARD,5,0,1,1,1163,1,1,1,ACCOUNT_TAKEOVER
CUST_51396,4354.64,"Diaz, Nichols and Shields",FOOD,IN,WALLET,4,89,0,0,1022,0,0,0,LEGITIMATE
CUST_29805,4970.98,Wilson-Glenn,ECOMMERCE,CN,WALLET,4,526,0,1,2003,0,0,1,PAYMENT_METHOD_ABUSE
CUST_16512,962.47,"Bell, Morris and Lucas",HEALTHCARE,GB,NET_BANKING,1,887,0,0,1370,0,0,0,LEGITIMATE
CUST_45830,6471.19,Williamson PLC,ENTERTAINMENT,NG,NET_BANKING,4,634,1,0,722,0,0,1,GEOGRAPHIC_ANOMALY
CUST_24369,4705.89,Shea Inc,ENTERTAINMENT,GB,CREDIT_CARD,4,141,0,0,2045,0,0,0,LEGITIMATE
CUST_25179,16478.8350918996,Griffin-Scott,HEALTHCARE,NG,UPI,10,0,0,1,19,1,1,1,SYNTHETIC_IDENTITY
CUST_82962,2044.67,Spencer-Zhang,OTHER,GB,WALLET,1,298,1,0,727,0,0,1,GEOGRAPHIC_ANOMALY
CUST_21981,4812.36,"Brown, Davis and Macdonald",TRAVEL,GB,WALLET,2,796,0,0,1254,0,0,0,LEGITIMATE
CUST_63006,2581.41,"Young, Reed and Green",GROCERY,IN,UPI,1,262,0,0,2052,0,0,0,LEGITIMATE
CUST_67442,2024.9,Riggs and Sons,TRAVEL,US,NET_BANKING,4,74,1,0,2126,0,0,1,GEOGRAPHIC_ANOMALY
CUST_43395,790.47,Price Inc,FOOD,CN,CREDIT_CARD,1,485,0,1,287,0,0,1,PAYMENT_METHOD_ABUSE
CUST_67558,281.55,"Mckinney, Porter and Schneider",EDUCATION,IN,WALLET,4,398,0,0,73,0,0,0,LEGITIMATE
CUST_85599,4279.031145930306,"Henry, Bailey and Russo",ENTERTAINMENT,US,CREDIT_CARD,10,1,0,1,22,1,1,1,SYNTHETIC_IDENTITY
CUST_52263,23049.88672953755,Terry Group,GROCERY,IN,CREDIT_CARD,10,7,0,1,23,1,1,1,SYNTHETIC_IDENTITY
CUST_82561,1128.9,Pena-Crawford,ENTERTAINMENT,US,UPI,4,973,0,0,1055,0,0,0,LEGITIMATE
CUST_73333,26782.68,Warren-Shelton,ECOMMERCE,IN,NET_BANKING,2,847,0,0,2005,1,1,1,TRANSACTION_ANOMALY
CUST_49242,322.82,Wiggins-Parker,ENTERTAINMENT,IN,DEBIT_CARD,2,143,0,0,2431,0,0,0,LEGITIMATE
CUST_57497,3367.22,"Smith, Oliver and Dalton",TRAVEL,CN,UPI,2,462,0,0,678,0,0,0,LEGITIMATE
CUST_70799,3214.12,"Smith, Bray and Fisher",FOOD,IN,DEBIT_CARD,3,857,0,0,1178,0,0,0,LEGITIMATE
CUST_47561,1201.3,Griffith-Casey,GROCERY,CN,UPI,3,803,0,1,1935,0,0,1,PAYMENT_METHOD_ABUSE
CUST_17972,4406.83,Spencer Ltd,ECOMMERCE,US,CREDIT_CARD,1,182,0,0,2209,1,0,1,MERCHANT_ANOMALY
CUST_96268,1091.5529180437788,Baird Group,EDUCATION,IN,DEBIT_CARD,24,765,0,0,187,0,0,1,VELOCITY_ABUSE
CUST_58714,561.19,"Fisher, Gray and Rocha",HEALTHCARE,NG,WALLET,4,950,0,0,1410,0,0,0,LEGITIMATE
CUST_59648,5256.26,Klein Ltd,EDUCATION,CN,DEBIT_CARD,3,584,0,0,344,0,0,0,LEGITIMATE
CUST_61978,5126.16,Weiss-Wright,GROCERY,CN,DEBIT_CARD,4,555,0,0,819,0,0,0,LEGITIMATE
CUST_73986,775.31,Johnson Group,GROCERY,US,WALLET,3,398,0,0,800,0,0,0,LEGITIMATE
CUST_16029,2267.69,Reyes Group,EDUCATION,IN,WALLET,4,869,0,0,2281,0,0,0,LEGITIMATE
CUST_36778,3987.6,Jones-Barton,FOOD,CN,WALLET,3,943,0,0,2319,0,0,0,LEGITIMATE
CUST_25369,2086.42,Newton-Bean,GROCERY,IN,NET_BANKING,3,276,0,0,259,0,0,0,LEGITIMATE
CUST_83867,1885.75,Fletcher-Phillips,GROCERY,IN,UPI,3,886,0,0,977,0,0,0,LEGITIMATE
CUST_95210,2156.3,Nelson Ltd,OTHER,IN,CREDIT_CARD,2,511,0,0,1726,0,0,0,LEGITIMATE
CUST_58885,2996.644276857033,Smith PLC,ENTERTAINMENT,GB,NET_BANKING,11,795,0,0,51,0,0,1,VELOCITY_ABUSE
CUST_11934,3690.61,Bridges-Mcclain,GROCERY,CN,DEBIT_CARD,3,146,0,0,548,0,0,0,LEGITIMATE
CUST_34651,3275.81,"Waters, Anderson and Pham",HEALTHCARE,IN,CREDIT_CARD,3,967,0,0,47,0,0,0,LEGITIMATE
CUST_74348,4687.34,"Jones, Shaffer and Gonzalez",OTHER,GB,DEBIT_CARD,1,584,0,0,1375,0,0,0,LEGITIMATE
CUST_47060,2544.02,Jackson-Guerrero,ENTERTAINMENT,CN,CREDIT_CARD,3,832,0,0,767,0,0,0,LEGITIMATE
CUST_10349,1479.45,Huffman and Sons,HEALTHCARE,US,UPI,2,579,0,0,1850,0,0,0,LEGITIMATE
CUST_57281,310.17,Miller-Walker,HEALTHCARE,GB,CREDIT_CARD,3,509,0,0,328,0,0,0,LEGITIMATE
CUST_20567,468.81,Silva-Ward,OTHER,CN,UPI,2,916,0,0,406,0,0,0,LEGITIMATE
CUST_91574,2858.33,"Foster, Garcia and Andersen",ENTERTAINMENT,NG,CREDIT_CARD,1,871,0,0,523,0,0,0,LEGITIMATE
CUST_47944,2066.7,Palmer PLC,GROCERY,US,CREDIT_CARD,1,311,0,0,447,0,0,0,LEGITIMATE
CUST_58979,30136.08,Perez-Jones,TRAVEL,GB,WALLET,2,851,0,0,307,1,1,1,TRANSACTION_ANOMALY
CUST_60157,1342.03,Porter-Brown,ENTERTAINMENT,NG,NET_BANKING,2,73,0,0,2330,0,0,0,LEGITIMATE
CUST_84363,2577.45,Bird LLC,TRAVEL,GB,DEBIT_CARD,1,405,0,0,647,0,0,0,LEGITIMATE
CUST_64103,617.7,Jones-Hall,GROCERY,CN,NET_BANKING,1,238,0,0,843,0,0,0,LEGITIMATE
CUST_72545,521.97,"Lamb, Sanford and Freeman",ENTERTAINMENT,NG,WALLET,1,611,0,0,870,0,0,0,LEGITIMATE
CUST_39075,2038.06,Odonnell-Robinson,ENTERTAINMENT,CN,DEBIT_CARD,4,388,0,0,1792,0,0,0,LEGITIMATE
CUST_98865,2921.31,Townsend Inc,ENTERTAINMENT,IN,UPI,3,411,0,0,828,0,0,0,LEGITIMATE
CUST_65143,2451.74,Ward-Singleton,HEALTHCARE,IN,CREDIT_CARD,1,968,0,0,2290,0,0,0,LEGITIMATE
CUST_48475,2434.83,Sanchez-Rodriguez,FOOD,US,WALLET,4,928,0,0,1592,0,0,0,LEGITIMATE
CUST_63851,1321.35,Duarte LLC,GROCERY,US,DEBIT_CARD,2,276,0,0,964,0,0,0,LEGITIMATE
CUST_39100,3809.2,Bridges Inc,ECOMMERCE,NG,CREDIT_CARD,2,362,0,0,2152,0,0,0,LEGITIMATE
CUST_13551,309.68,"Hernandez, Chapman and Hull",GROCERY,CN,WALLET,2,823,0,1,658,0,0,1,PAYMENT_METHOD_ABUSE
CUST_66195,39495.2,"Larsen, Smith and Green",OTHER,GB,CREDIT_CARD,4,73,0,0,2139,0,1,1,TRANSACTION_ANOMALY
CUST_76353,2268.14,Smith-Jackson,ECOMMERCE,CN,NET_BANKING,4,228,0,0,1744,0,0,0,LEGITIMATE
CUST_79457,24522.844633576293,"Miller, Kelly and Rodriguez",TRAVEL,NG,UPI,10,7,0,1,20,1,1,1,SYNTHETIC_IDENTITY
CUST_16602,2327.7,Gonzalez Ltd,FOOD,GB,WALLET,1,33,0,0,1941,0,0,0,LEGITIMATE
CUST_83851,14437.689629941879,Harrington LLC,EDUCATION,CN,CREDIT_CARD,3,6,0,1,29,1,1,1,SYNTHETIC_IDENTITY
CUST_62290,1923.52,Oliver PLC,FOOD,NG,DEBIT_CARD,2,408,0,0,2095,0,0,0,LEGITIMATE
CUST_32525,3323.87,White-Walls,EDUCATION,GB,UPI,1,723,0,0,2259,0,0,0,LEGITIMATE
CUST_68928,845.39,Guerra Group,TRAVEL,US,UPI,4,649,0,0,2474,0,0,0,LEGITIMATE
CUST_68047,3226.97,Thomas Ltd,FOOD,US,CREDIT_CARD,3,602,0,0,64,0,0,0,LEGITIMATE
CUST_10574,5781.97,Rodriguez-Wright,ENTERTAINMENT,US,UPI,1,996,1,0,2266,0,0,1,GEOGRAPHIC_ANOMALY
CUST_35217,7046.88,Velazquez LLC,HEALTHCARE,US,WALLET,6,0,1,1,1074,1,1,1,ACCOUNT_TAKEOVER
CUST_65359,1888.21,"Cantu, King and Thompson",ENTERTAINMENT,CN,CREDIT_CARD,4,680,0,0,1760,0,0,0,LEGITIMATE
CUST_99620,2512.59,Simmons Ltd,GROCERY,US,WALLET,2,485,0,0,1273,0,0,0,LEGITIMATE
CUST_78686,864.19,Ruiz-Underwood,ECOMMERCE,GB,NET_BANKING,4,53,0,0,738,0,0,0,LEGITIMATE
CUST_47661,2713.96,"Perez, Watson and Carson",HEALTHCARE,GB,NET_BANKING,2,676,0,0,358,0,0,0,LEGITIMATE
CUST_67620,4402.01,Hall and Sons,ENTERTAINMENT,IN,DEBIT_CARD,4,714,0,0,850,0,0,0,LEGITIMATE
CUST_54331,3464.89,Collins-Berg,ENTERTAINMENT,US,NET_BANKING,3,282,0,0,1618,0,0,0,LEGITIMATE
CUST_35741,14613.35,Tate Group,TRAVEL,US,NET_BANKING,8,2,1,1,485,1,1,1,MULTI_SIGNAL_ATTACK
CUST_67741,36436.53,Baldwin PLC,EDUCATION,NG,UPI,23,0,1,1,2163,1,1,1,MULTI_SIGNAL_ATTACK
CUST_51498,4464.97,Barton Inc,TRAVEL,CN,UPI,3,183,1,0,1780,0,0,1,GEOGRAPHIC_ANOMALY
CUST_83690,2300.77,Prince LLC,OTHER,CN,DEBIT_CARD,1,504,0,0,1758,0,0,0,LEGITIMATE
CUST_31235,564.08,Holmes LLC,OTHER,CN,WALLET,1,131,0,0,584,0,0,0,LEGITIMATE
CUST_51213,1034.87,Lewis-Bright,ECOMMERCE,IN,DEBIT_CARD,2,600,0,1,1094,0,0,1,PAYMENT_METHOD_ABUSE
CUST_41011,1088.45,"Larsen, Levine and Escobar",EDUCATION,US,DEBIT_CARD,3,463,0,0,582,0,0,0,LEGITIMATE
CUST_95089,2321.7,Nichols-Willis,TRAVEL,CN,WALLET,1,91,0,0,2082,0,0,0,LEGITIMATE
CUST_39708,763.63,"Cervantes, Moreno and Rice",HEALTHCARE,CN,NET_BANKING,3,235,0,0,1506,0,0,0,LEGITIMATE
CUST_74305,820.29,Nichols-Taylor,TRAVEL,GB,NET_BANKING,3,34,0,0,354,0,0,0,LEGITIMATE
CUST_94872,406.88,Decker and Sons,GROCERY,IN,CREDIT_CARD,3,905,0,0,1663,0,0,0,LEGITIMATE
CUST_61165,9063.93,"Jones, Horn and Dominguez",EDUCATION,CN,CREDIT_CARD,11,2,1,1,178,1,1,1,ACCOUNT_TAKEOVER
CUST_97294,14310.38,Bailey-Peters,ENTERTAINMENT,CN,UPI,11,1,1,1,2458,1,1,1,ACCOUNT_TAKEOVER
CUST_95789,6010.08,Wood Group,TRAVEL,GB,CREDIT_CARD,2,378,0,0,2040,0,0,0,LEGITIMATE
CUST_97190,29780.075905580787,"Hudson, Burch and Oliver",HEALTHCARE,NG,NET_BANKING,4,0,0,1,14,1,1,1,SYNTHETIC_IDENTITY
CUST_68646,3370.41,King Ltd,EDUCATION,IN,CREDIT_CARD,1,248,1,0,272,0,0,1,GEOGRAPHIC_ANOMALY
CUST_93798,1544.21,Brown-Thomas,GROCERY,GB,CREDIT_CARD,4,460,0,0,631,0,0,0,LEGITIMATE
CUST_43716,1984.28,"Garcia, Carroll and Edwards",FOOD,GB,NET_BANKING,3,92,0,0,1034,1,0,1,MERCHANT_ANOMALY
CUST_47283,467.14,Bullock-Thompson,ENTERTAINMENT,CN,CREDIT_CARD,2,550,0,0,2074,0,0,0,LEGITIMATE
CUST_59022,2851.16,Williams Inc,ECOMMERCE,GB,WALLET,3,643,0,0,2377,0,0,0,LEGITIMATE
CUST_93796,4109.44,Maddox and Sons,HEALTHCARE,CN,WALLET,3,771,0,0,2327,0,0,0,LEGITIMATE
CUST_19142,8155.323428595041,James Ltd,TRAVEL,GB,WALLET,11,811,0,0,1440,0,0,1,VELOCITY_ABUSE
CUST_22972,2021.42,"Butler, Williams and Howard",ECOMMERCE,GB,CREDIT_CARD,2,647,0,0,1665,0,0,0,LEGITIMATE
CUST_74881,1364.01,Rodriguez-Barber,ENTERTAINMENT,CN,UPI,2,637,1,0,1905,0,0,1,GEOGRAPHIC_ANOMALY
CUST_99011,39889.28,Glover and Sons,EDUCATION,US,NET_BANKING,16,3,1,1,1900,1,1,1,MULTI_SIGNAL_ATTACK
CUST_73022,3869.172432301849,"Wilson, Rocha and Peterson",OTHER,NG,WALLET,7,4,0,1,1,1,1,1,SYNTHETIC_IDENTITY
CUST_32772,2372.0,Vasquez-Farmer,ECOMMERCE,US,CREDIT_CARD,1,161,0,0,2110,0,0,0,LEGITIMATE
CUST_75898,2423.16,Copeland-Silva,HEALTHCARE,CN,WALLET,1,971,0,0,548,0,0,0,LEGITIMATE
CUST_33584,1717.85,Cruz-Sims,FOOD,NG,CREDIT_CARD,1,400,0,0,1194,0,0,0,LEGITIMATE
CUST_79309,4101.04,"Hall, Pierce and Phelps",ENTERTAINMENT,US,UPI,1,696,0,0,1099,0,0,0,LEGITIMATE
CUST_29318,8103.95,Pena-Munoz,ECOMMERCE,IN,UPI,11,1,1,1,943,1,1,1,ACCOUNT_TAKEOVER
CUST_19321,2188.89,"Orr, Martinez and Hebert",HEALTHCARE,NG,WALLET,4,582,0,0,1010,0,0,0,LEGITIMATE
CUST_95959,6905.69,"Fletcher, Terry and Ross",FOOD,GB,NET_BANKING,1,189,0,0,1133,1,1,1,TRANSACTION_ANOMALY
CUST_19354,744.65,Potter-Russo,ENTERTAINMENT,GB,DEBIT_CARD,1,357,1,0,777,0,0,1,GEOGRAPHIC_ANOMALY
CUST_74983,3803.99,Marquez-Figueroa,ECOMMERCE,NG,NET_BANKING,4,89,0,0,2297,0,0,0,LEGITIMATE
CUST_58486,1021.79,Lee PLC,GROCERY,CN,WALLET,1,683,0,0,145,0,0,0,LEGITIMATE
CUST_62714,1886.65,"Salas, Hensley and Miles",ECOMMERCE,CN,DEBIT_CARD,3,760,0,0,563,0,0,0,LEGITIMATE
CUST_96084,1853.08,"Crawford, Durham and Mccullough",EDUCATION,US,UPI,4,650,0,0,858,0,0,0,LEGITIMATE
CUST_78848,2572.74,Wright PLC,OTHER,GB,CREDIT_CARD,2,481,0,0,245,0,0,0,LEGITIMATE
CUST_89202,1100.91,Mendez Inc,OTHER,CN,DEBIT_CARD,2,665,0,1,2148,0,0,1,PAYMENT_METHOD_ABUSE
CUST_60961,2102.67,Soto Ltd,ENTERTAINMENT,IN,UPI,2,549,0,0,2347,0,0,0,LEGITIMATE
CUST_57490,871.68,"Brown, Bailey and West",TRAVEL,NG,UPI,1,133,0,1,1882,0,0,1,PAYMENT_METHOD_ABUSE
CUST_23717,2199.55,Mccarthy-Juarez,HEALTHCARE,NG,DEBIT_CARD,4,131,0,0,1323,0,0,0,LEGITIMATE
CUST_57332,694.24,Collins Ltd,ECOMMERCE,US,DEBIT_CARD,2,102,0,0,1387,0,0,0,LEGITIMATE
CUST_97181,15549.366528134171,Reed-Miller,HEALTHCARE,GB,CREDIT_CARD,5,1,0,1,28,1,1,1,SYNTHETIC_IDENTITY
CUST_12673,3603.14,Wiley-Velasquez,TRAVEL,IN,NET_BANKING,3,939,0,0,113,0,0,0,LEGITIMATE
CUST_78393,835.23,Austin-Shea,GROCERY,IN,UPI,3,262,0,0,1930,0,0,0,LEGITIMATE
CUST_77205,2237.01,Kelly-Murray,ECOMMERCE,CN,CREDIT_CARD,2,938,0,0,248,0,0,0,LEGITIMATE
CUST_75004,2470.12,Ayers Ltd,ECOMMERCE,NG,DEBIT_CARD,2,755,0,0,1599,0,0,0,LEGITIMATE
CUST_75265,1283.66,"Francis, Fischer and Maxwell",TRAVEL,CN,DEBIT_CARD,4,354,0,0,1205,0,0,0,LEGITIMATE
CUST_35484,30061.07,James-Parker,HEALTHCARE,US,DEBIT_CARD,22,2,1,1,393,1,1,1,MULTI_SIGNAL_ATTACK
CUST_22717,1925.94,Randall-Alexander,ENTERTAINMENT,GB,UPI,1,637,0,1,1301,0,0,1,PAYMENT_METHOD_ABUSE
CUST_51362,4989.26,Brennan-Smith,TRAVEL,CN,UPI,1,618,0,0,2383,0,0,0,LEGITIMATE
CUST_28495,2860.14,Ramsey PLC,GROCERY,CN,UPI,4,570,0,0,2049,1,0,1,MERCHANT_ANOMALY
CUST_94811,5807.37,Salas-Scott,HEALTHCARE,IN,CREDIT_CARD,1,691,0,0,1851,0,0,0,LEGITIMATE
CUST_25543,1954.44,Johnson Group,FOOD,US,WALLET,1,518,0,0,155,0,0,0,LEGITIMATE
CUST_56547,2969.85,Bryant and Sons,ENTERTAINMENT,IN,UPI,4,963,0,0,2401,0,0,0,LEGITIMATE
CUST_20115,4876.46,"Carter, Rodriguez and Huerta",OTHER,US,NET_BANKING,3,85,1,0,1701,0,0,1,GEOGRAPHIC_ANOMALY
CUST_45666,2300.08,"Morgan, Ortiz and Patterson",GROCERY,IN,DEBIT_CARD,4,417,0,0,36,0,0,0,LEGITIMATE
CUST_49858,1993.36,"Cantrell, Boyd and Brown",EDUCATION,GB,NET_BANKING,2,772,0,0,1920,0,0,0,LEGITIMATE
CUST_28254,659.45,"Smith, Miller and Armstrong",OTHER,CN,UPI,1,473,0,0,2438,0,0,0,LEGITIMATE
CUST_78111,1467.99,"Morton, Dixon and Burke",GROCERY,NG,DEBIT_CARD,3,942,0,0,1358,0,0,0,LEGITIMATE
CUST_65866,4299.77,Sullivan Ltd,ENTERTAINMENT,IN,UPI,1,887,0,1,791,0,0,1,PAYMENT_METHOD_ABUSE
CUST_38875,9109.46,"Murphy, Turner and Welch",GROCERY,IN,UPI,15,3,1,1,1925,1,1,1,ACCOUNT_TAKEOVER
CUST_29520,4606.49,Keller-Ibarra,GROCERY,US,WALLET,3,918,0,0,2400,0,0,0,LEGITIMATE
CUST_17361,2557.11,Thompson-Mcknight,GROCERY,IN,NET_BANKING,1,255,0,0,1991,0,0,0,LEGITIMATE
CUST_66815,543.15,Simpson Group,HEALTHCARE,IN,WALLET,4,702,0,0,1912,0,0,0,LEGITIMATE
CUST_85251,618.2,Cook PLC,EDUCATION,CN,DEBIT_CARD,3,452,0,0,1952,0,0,0,LEGITIMATE
CUST_68086,3374.33,"Garcia, Mason and Costa",EDUCATION,NG,CREDIT_CARD,4,877,0,0,162,0,0,0,LEGITIMATE
CUST_19073,18070.05,Johnson Inc,ECOMMERCE,GB,CREDIT_CARD,22,1,1,1,639,1,1,1,MULTI_SIGNAL_ATTACK
CUST_62857,2963.55,"Dawson, Mccormick and Cooke",EDUCATION,CN,DEBIT_CARD,2,991,0,0,2205,0,0,0,LEGITIMATE
CUST_40714,3168.11,Silva Inc,OTHER,IN,CREDIT_CARD,3,634,0,0,80,0,0,0,LEGITIMATE
CUST_56521,2192.5,Yu-Little,ENTERTAINMENT,IN,DEBIT_CARD,1,97,0,0,95,1,0,1,MERCHANT_ANOMALY
CUST_68468,2185.81,Caldwell Group,ENTERTAINMENT,NG,CREDIT_CARD,2,1000,1,0,2167,0,0,1,GEOGRAPHIC_ANOMALY
CUST_50446,2523.34,French Group,OTHER,US,CREDIT_CARD,3,716,0,0,517,0,0,0,LEGITIMATE
CUST_93869,4511.74,Leon-Green,FOOD,US,UPI,2,510,0,0,716,0,0,0,LEGITIMATE
CUST_80606,301.33,Smith-Bradley,FOOD,US,WALLET,1,756,0,0,381,0,0,0,LEGITIMATE
CUST_41628,1683.94,"Le, Perry and Armstrong",GROCERY,NG,CREDIT_CARD,1,341,0,0,1591,0,0,0,LEGITIMATE
CUST_66650,23535.792701050264,Mann PLC,ENTERTAINMENT,GB,DEBIT_CARD,10,8,0,1,20,1,1,1,SYNTHETIC_IDENTITY
CUST_84007,4869.08,Moore Group,TRAVEL,IN,NET_BANKING,1,51,0,0,411,0,0,0,LEGITIMATE
CUST_91740,4170.33,Boone-Owen,GROCERY,CN,NET_BANKING,3,345,0,0,2080,0,0,0,LEGITIMATE
CUST_20580,762.13,"Newman, Thompson and Lucas",EDUCATION,US,CREDIT_CARD,2,885,1,0,1786,0,0,1,GEOGRAPHIC_ANOMALY
CUST_10256,3690.12,Morgan-Harrison,GROCERY,CN,WALLET,3,597,0,0,1706,0,0,0,LEGITIMATE
CUST_30129,2820.76,"Olsen, Harmon and Reyes",ENTERTAINMENT,IN,WALLET,3,748,0,0,1177,0,0,0,LEGITIMATE
CUST_73460,1156.49,Mahoney-Guerrero,GROCERY,GB,CREDIT_CARD,3,96,0,0,753,0,0,0,LEGITIMATE
CUST_78147,3678.35,"Roberts, Bright and Palmer",OTHER,IN,UPI,2,821,0,0,1724,0,0,0,LEGITIMATE
CUST_29966,3140.81,Jones PLC,ENTERTAINMENT,NG,NET_BANKING,1,654,0,0,1300,0,0,0,LEGITIMATE
CUST_45452,3975.92,Roberts LLC,ECOMMERCE,GB,DEBIT_CARD,1,114,0,0,2445,0,0,0,LEGITIMATE
CUST_11313,1852.19,Ray-Graham,ECOMMERCE,CN,DEBIT_CARD,2,178,0,0,588,0,0,0,LEGITIMATE
CUST_68073,810.55,"Avila, Monroe and Cortez",GROCERY,CN,WALLET,2,462,0,0,2021,0,0,0,LEGITIMATE
CUST_76342,8674.76,Newton-Howard,GROCERY,US,UPI,3,581,0,0,735,1,1,1,TRANSACTION_ANOMALY
CUST_25360,1631.55,Hughes PLC,HEALTHCARE,GB,NET_BANKING,1,718,0,0,524,0,0,0,LEGITIMATE
CUST_58582,2692.98,Murray-Hernandez,HEALTHCARE,US,UPI,2,511,0,0,450,0,0,0,LEGITIMATE
CUST_57397,1556.08,Nichols-Oliver,ECOMMERCE,NG,WALLET,3,948,0,0,87,0,0,0,LEGITIMATE
CUST_31867,1696.85,"Dean, Mooney and Singh",ECOMMERCE,US,DEBIT_CARD,2,128,0,0,1339,0,0,0,LEGITIMATE
CUST_36806,4213.81,"Cisneros, Davidson and Lee",OTHER,GB,WALLET,4,199,0,0,2360,0,0,0,LEGITIMATE
CUST_82313,2183.32,Davis Group,ECOMMERCE,CN,DEBIT_CARD,3,907,0,0,56,0,0,0,LEGITIMATE
CUST_52689,4635.64,Lambert Group,GROCERY,NG,UPI,3,72,0,0,1365,0,0,0,LEGITIMATE
CUST_72371,2083.23,"Smith, Jackson and Miller",EDUCATION,US,DEBIT_CARD,4,796,0,0,2246,0,0,0,LEGITIMATE
CUST_33553,4515.15,"Cantrell, Green and Williams",EDUCATION,US,CREDIT_CARD,2,675,0,0,2391,1,0,1,MERCHANT_ANOMALY
CUST_76406,2666.01,Perry-Stuart,EDUCATION,US,CREDIT_CARD,2,876,0,0,1926,0,0,0,LEGITIMATE
CUST_98662,3303.86,Gentry-Watkins,OTHER,CN,DEBIT_CARD,4,501,0,0,586,1,0,1,MERCHANT_ANOMALY
CUST_12632,5412.56,"Lawrence, Wiggins and Smith",HEALTHCARE,IN,DEBIT_CARD,4,795,0,0,290,0,0,0,LEGITIMATE
CUST_13205,4006.61,Bowers LLC,FOOD,GB,UPI,3,805,0,0,910,0,0,0,LEGITIMATE
CUST_59771,2860.11,"Lee, Walters and Strickland",EDUCATION,NG,DEBIT_CARD,4,634,0,0,2261,0,0,0,LEGITIMATE
CUST_87050,3627.46,Jackson LLC,FOOD,CN,WALLET,3,284,0,0,2230,1,1,1,TRANSACTION_ANOMALY
CUST_33047,11656.38,Graham LLC,EDUCATION,NG,UPI,18,2,1,1,644,1,1,1,MULTI_SIGNAL_ATTACK
CUST_92085,837.71,Morrow LLC,TRAVEL,CN,DEBIT_CARD,2,833,0,0,1372,0,0,0,LEGITIMATE
CUST_46782,1040.370622663916,"Peck, Bender and Rice",ENTERTAINMENT,GB,DEBIT_CARD,26,154,0,0,1700,0,0,1,VELOCITY_ABUSE
CUST_19852,3193.26,Suarez Inc,GROCERY,GB,NET_BANKING,2,649,1,0,2319,0,0,1,GEOGRAPHIC_ANOMALY
CUST_19730,2837.03,Smith-Suarez,ECOMMERCE,CN,WALLET,1,420,0,0,181,0,0,0,LEGITIMATE
CUST_29097,1465.87,Christensen PLC,EDUCATION,NG,CREDIT_CARD,3,747,0,0,2414,0,0,0,LEGITIMATE
CUST_74928,4217.35,Ellis Ltd,ECOMMERCE,IN,NET_BANKING,3,415,0,0,463,0,0,0,LEGITIMATE
CUST_88446,3605.47,Turner and Sons,TRAVEL,IN,UPI,4,658,1,0,1394,0,0,1,GEOGRAPHIC_ANOMALY
CUST_28372,4158.0,"Torres, Martin and Thomas",TRAVEL,GB,WALLET,1,723,0,0,907,0,0,0,LEGITIMATE
CUST_81883,3524.26,Meyer-Ruiz,EDUCATION,NG,CREDIT_CARD,1,501,0,0,2137,0,0,0,LEGITIMATE
CUST_23036,4603.05,"Larsen, Johnson and Downs",TRAVEL,NG,DEBIT_CARD,4,553,0,0,1186,0,0,0,LEGITIMATE
CUST_13846,2581.99,"Hall, Morse and Pollard",ENTERTAINMENT,GB,UPI,4,167,0,0,2109,0,0,0,LEGITIMATE
CUST_24801,7293.48116427457,Smith-Brown,EDUCATION,US,NET_BANKING,12,914,0,0,842,0,0,1,VELOCITY_ABUSE
CUST_19951,2624.58,Harper Group,ENTERTAINMENT,IN,DEBIT_CARD,2,77,0,0,2095,0,0,0,LEGITIMATE
CUST_87499,4139.74,"Haney, Dalton and Hernandez",OTHER,NG,UPI,3,210,0,0,1950,0,0,0,LEGITIMATE
CUST_25367,21586.56,Escobar-Sullivan,GROCERY,US,CREDIT_CARD,11,0,1,1,2304,1,1,1,MULTI_SIGNAL_ATTACK
CUST_60652,2547.66,Smith Inc,OTHER,NG,UPI,2,732,0,0,1491,0,0,0,LEGITIMATE
CUST_37854,3075.82,"Green, Lambert and Griffin",FOOD,US,NET_BANKING,1,345,0,0,467,0,0,0,LEGITIMATE
CUST_33295,2125.95,Robinson Inc,OTHER,US,UPI,1,575,0,0,1031,0,0,0,LEGITIMATE
CUST_51610,390.92,"Byrd, Jacobs and Hodges",EDUCATION,IN,DEBIT_CARD,4,382,0,0,713,0,0,0,LEGITIMATE
CUST_27077,2400.37,"Rubio, Allen and Ray",EDUCATION,US,CREDIT_CARD,1,618,0,0,1887,0,0,0,LEGITIMATE
CUST_55105,61291.44,"Davis, Vazquez and Gonzales",FOOD,IN,CREDIT_CARD,4,646,0,0,952,1,1,1,TRANSACTION_ANOMALY
CUST_39557,2594.54,Perry PLC,TRAVEL,US,DEBIT_CARD,2,708,0,0,1655,0,0,0,LEGITIMATE
CUST_68822,3150.47,"Lee, Bennett and Adkins",GROCERY,US,WALLET,1,882,0,0,161,0,0,0,LEGITIMATE
CUST_88217,2458.43,"Marshall, Phillips and Jones",FOOD,IN,UPI,2,865,0,0,1306,0,0,0,LEGITIMATE
CUST_62819,3324.99,Weeks and Sons,OTHER,CN,DEBIT_CARD,3,403,0,0,176,0,0,0,LEGITIMATE
CUST_16365,3942.98823370496,Ramirez-Wright,GROCERY,NG,NET_BANKING,16,264,0,0,2370,0,0,1,VELOCITY_ABUSE
CUST_24684,959.92,Rosario-Santos,EDUCATION,US,DEBIT_CARD,3,893,0,0,1677,0,0,0,LEGITIMATE
CUST_85522,22689.011280130322,Horton and Sons,HEALTHCARE,CN,CREDIT_CARD,6,3,0,1,26,1,1,1,SYNTHETIC_IDENTITY
CUST_96183,6022.3,Martin-Maldonado,EDUCATION,US,NET_BANKING,15,1,1,1,544,1,1,1,ACCOUNT_TAKEOVER
CUST_54298,1543.23,White-Peterson,EDUCATION,CN,UPI,2,844,0,0,2352,0,0,0,LEGITIMATE
CUST_60317,1495.62,Pennington-Adams,HEALTHCARE,NG,NET_BANKING,1,632,0,0,952,0,0,0,LEGITIMATE
CUST_51954,3960.31,"Clark, Gould and Collins",GROCERY,IN,CREDIT_CARD,4,175,0,0,2095,0,0,0,LEGITIMATE
CUST_99347,710.22,Chavez and Sons,HEALTHCARE,CN,CREDIT_CARD,2,693,0,0,1574,0,0,0,LEGITIMATE
CUST_25896,4553.26,Dudley-Stewart,HEALTHCARE,GB,CREDIT_CARD,2,621,1,0,1127,0,0,1,GEOGRAPHIC_ANOMALY
CUST_57284,4429.96,Davis Group,EDUCATION,GB,UPI,1,811,0,0,2122,0,0,0,LEGITIMATE
CUST_94620,1224.45,Sanders Ltd,TRAVEL,IN,DEBIT_CARD,3,137,0,0,2478,0,0,0,LEGITIMATE
CUST_88649,42821.94,Sanders-Bullock,GROCERY,IN,NET_BANKING,11,2,1,1,2169,1,1,1,MULTI_SIGNAL_ATTACK
CUST_85808,13569.215986747899,Baldwin LLC,TRAVEL,CN,DEBIT_CARD,7,3,0,1,29,1,1,1,SYNTHETIC_IDENTITY
CUST_89180,22563.52,"Serrano, Lane and Barton",GROCERY,GB,WALLET,4,833,0,0,1796,1,1,1,TRANSACTION_ANOMALY
CUST_43697,3862.63,Hudson-Bailey,FOOD,CN,CREDIT_CARD,3,262,0,0,2306,0,0,0,LEGITIMATE
CUST_47264,9752.84,Buckley and Sons,ENTERTAINMENT,GB,CREDIT_CARD,17,0,1,1,2028,1,1,1,MULTI_SIGNAL_ATTACK
CUST_58261,977.45,Johnson-Pierce,GROCERY,IN,CREDIT_CARD,1,466,0,0,1484,0,0,0,LEGITIMATE
CUST_86380,4219.42,"Parsons, Green and Deleon",OTHER,GB,DEBIT_CARD,3,168,0,0,1463,0,0,0,LEGITIMATE
CUST_68861,2539.05,Skinner LLC,ENTERTAINMENT,NG,DEBIT_CARD,1,609,0,0,599,0,0,0,LEGITIMATE
CUST_78250,2414.08,Hurst-Moses,HEALTHCARE,GB,CREDIT_CARD,4,710,0,0,683,0,0,0,LEGITIMATE
CUST_48945,3156.97,Leonard Group,TRAVEL,IN,DEBIT_CARD,1,533,0,0,1840,0,0,0,LEGITIMATE
CUST_17765,1507.16,Rodriguez-Nunez,TRAVEL,IN,DEBIT_CARD,2,706,0,0,1782,0,0,0,LEGITIMATE
CUST_96300,2489.93,"Mcknight, Lowery and Mckay",ENTERTAINMENT,US,CREDIT_CARD,2,589,0,0,358,0,0,0,LEGITIMATE
CUST_13691,3067.47,Cook Group,ENTERTAINMENT,GB,CREDIT_CARD,1,128,0,0,2389,0,0,0,LEGITIMATE
CUST_60904,3345.79,"Green, Black and Bowen",GROCERY,CN,UPI,2,596,0,0,1043,0,0,0,LEGITIMATE
CUST_24891,4639.78,Cruz-Johnson,ECOMMERCE,US,DEBIT_CARD,4,663,0,0,1855,0,0,0,LEGITIMATE
CUST_92651,24929.03395477298,Taylor-Lewis,EDUCATION,IN,UPI,9,4,0,1,5,1,1,1,SYNTHETIC_IDENTITY
CUST_63581,3903.74,Williams-Collins,ENTERTAINMENT,CN,NET_BANKING,2,368,0,0,1994,0,0,0,LEGITIMATE
CUST_16257,3787.81,Wilson LLC,HEALTHCARE,GB,CREDIT_CARD,3,283,0,0,2303,0,0,0,LEGITIMATE
CUST_85181,2083.7,Bruce LLC,TRAVEL,NG,UPI,2,556,0,0,2407,0,0,0,LEGITIMATE
CUST_66613,1714.3,Norman-Morris,TRAVEL,IN,WALLET,1,286,0,0,520,0,0,0,LEGITIMATE
CUST_41249,1053.86,Horne and Sons,HEALTHCARE,US,UPI,4,375,0,0,2195,0,0,0,LEGITIMATE
CUST_83979,3415.5,Long Inc,FOOD,NG,WALLET,3,220,0,0,512,0,0,0,LEGITIMATE
CUST_79479,7418.28,Herman-David,GROCERY,US,UPI,5,1,1,1,870,1,1,1,ACCOUNT_TAKEOVER
CUST_83664,3533.42,Peterson-Higgins,GROCERY,GB,CREDIT_CARD,4,840,0,0,2189,0,0,0,LEGITIMATE
CUST_62671,3071.69,Moreno and Sons,FOOD,US,WALLET,1,366,0,0,2456,0,0,0,LEGITIMATE
CUST_11664,4494.93,Johnson PLC,OTHER,CN,CREDIT_CARD,3,963,1,0,2035,0,0,1,GEOGRAPHIC_ANOMALY
CUST_46352,1190.36,"Cole, Washington and Thomas",FOOD,CN,UPI,4,512,0,0,130,0,0,0,LEGITIMATE
CUST_37165,4715.89,Bradley PLC,ENTERTAINMENT,GB,CREDIT_CARD,3,792,0,0,2292,1,0,1,MERCHANT_ANOMALY
CUST_74925,4830.94,"Duncan, Kennedy and Lindsey",HEALTHCARE,NG,WALLET,4,214,0,0,1769,0,0,0,LEGITIMATE
CUST_63600,756.52,Elliott PLC,OTHER,US,DEBIT_CARD,2,530,0,0,958,0,0,0,LEGITIMATE
CUST_15621,3395.47,Campbell-Brown,FOOD,NG,WALLET,4,445,0,0,810,0,0,0,LEGITIMATE
CUST_52093,2008.47,Merritt-Snyder,FOOD,GB,DEBIT_CARD,4,436,0,0,477,0,0,0,LEGITIMATE
CUST_77942,3898.62,"Miller, Johnson and Brooks",OTHER,US,NET_BANKING,4,64,0,0,974,0,0,0,LEGITIMATE
CUST_56428,5197.93,French LLC,FOOD,NG,NET_BANKING,3,220,0,0,385,0,0,0,LEGITIMATE
CUST_41161,4643.21,"Delacruz, Webb and Ruiz",OTHER,US,UPI,2,576,0,0,1782,0,0,0,LEGITIMATE
CUST_15932,6120.9,Evans PLC,FOOD,US,WALLET,1,222,0,0,305,0,0,0,LEGITIMATE
CUST_55148,784.07,Harris Group,EDUCATION,IN,WALLET,1,788,0,0,2002,0,0,0,LEGITIMATE
CUST_47611,1706.19,Chang-Duncan,TRAVEL,CN,CREDIT_CARD,4,937,0,0,1919,0,0,0,LEGITIMATE
CUST_40009,3521.12,Thomas LLC,FOOD,GB,UPI,3,842,0,0,1438,0,0,0,LEGITIMATE
CUST_64730,30112.99,Colon-Coleman,ECOMMERCE,CN,CREDIT_CARD,3,636,0,0,1280,0,1,1,TRANSACTION_ANOMALY
CUST_72051,3221.06,"Stone, Cook and Gonzales",ENTERTAINMENT,IN,DEBIT_CARD,3,590,0,0,107,0,0,0,LEGITIMATE
CUST_97542,910.97,"Alvarado, Gonzales and Lamb",FOOD,CN,NET_BANKING,1,941,0,0,1528,0,0,0,LEGITIMATE
CUST_98843,14451.9,Olson Group,OTHER,IN,DEBIT_CARD,2,599,0,0,1113,1,1,1,TRANSACTION_ANOMALY
CUST_36899,2988.123229576324,Meyer Ltd,GROCERY,CN,WALLET,12,884,0,0,1104,0,0,1,VELOCITY_ABUSE
CUST_35578,2202.6,"Smith, Reese and Wilson",FOOD,NG,DEBIT_CARD,2,633,0,0,413,0,0,0,LEGITIMATE
CUST_36400,361.56,Ryan Group,ENTERTAINMENT,IN,UPI,2,313,0,0,2160,0,0,0,LEGITIMATE
CUST_84407,2821.54,Mahoney Inc,EDUCATION,IN,UPI,2,772,0,0,488,0,0,0,LEGITIMATE
CUST_72557,5426.31,Alexander Group,EDUCATION,NG,WALLET,2,978,0,0,839,0,0,0,LEGITIMATE
CUST_72267,658.11,Bowman Group,OTHER,US,WALLET,3,949,0,0,568,0,0,0,LEGITIMATE
CUST_37203,3416.31,"Farley, Brown and Johnson",HEALTHCARE,US,WALLET,2,120,0,0,2404,0,0,0,LEGITIMATE
CUST_36227,629.0,"Stokes, Costa and Lewis",FOOD,CN,NET_BANKING,3,104,0,0,1658,0,0,0,LEGITIMATE
CUST_72070,1250.62,Beasley Ltd,EDUCATION,CN,CREDIT_CARD,1,513,0,0,2164,0,0,0,LEGITIMATE
CUST_30953,1326.58,Thomas Group,FOOD,GB,CREDIT_CARD,1,457,0,0,1724,0,0,0,LEGITIMATE
CUST_73015,2483.34,Mullins-Green,TRAVEL,IN,WALLET,2,646,0,0,2229,0,0,0,LEGITIMATE
CUST_94950,23578.02,"Smith, Wilson and Howard",ECOMMERCE,IN,CREDIT_CARD,19,3,1,1,2242,1,1,1,MULTI_SIGNAL_ATTACK
CUST_51510,53704.93,"Rogers, Maldonado and Andrade",EDUCATION,CN,DEBIT_CARD,1,479,0,0,1033,1,1,1,TRANSACTION_ANOMALY
CUST_22993,1534.49,Potts-Kramer,EDUCATION,GB,DEBIT_CARD,4,540,0,0,380,0,0,0,LEGITIMATE
CUST_82422,7061.226324414554,Simmons-Reed,GROCERY,IN,UPI,7,7,0,1,28,1,1,1,SYNTHETIC_IDENTITY
CUST_23787,828.99,Fowler-Nicholson,ECOMMERCE,IN,NET_BANKING,3,545,0,0,679,0,0,0,LEGITIMATE
CUST_53217,28020.044378763894,Russo-James,TRAVEL,US,NET_BANKING,10,6,0,1,16,1,1,1,SYNTHETIC_IDENTITY
CUST_13320,4881.85,"Davenport, Wilson and Rose",HEALTHCARE,US,CREDIT_CARD,1,466,0,0,1733,0,0,0,LEGITIMATE
CUST_57151,2658.95,Wolfe-Gill,FOOD,GB,NET_BANKING,2,939,0,0,1973,0,0,0,LEGITIMATE
CUST_64422,26237.095346260354,"Hanson, Jackson and Stone",ENTERTAINMENT,US,UPI,6,5,0,1,29,1,1,1,SYNTHETIC_IDENTITY
CUST_73157,1788.45,Grimes-Berry,OTHER,CN,WALLET,3,377,0,0,1885,0,0,0,LEGITIMATE
CUST_76204,6265.55,"Golden, King and Smith",FOOD,GB,WALLET,2,480,1,0,987,0,0,1,GEOGRAPHIC_ANOMALY
CUST_80952,1295.05,"Wallace, Farrell and Murphy",ECOMMERCE,US,WALLET,3,163,0,0,2346,0,0,0,LEGITIMATE
CUST_45215,6329.57,Wood Group,GROCERY,NG,DEBIT_CARD,13,1,1,1,1123,1,1,1,ACCOUNT_TAKEOVER
CUST_90982,3741.64,Evans-Smith,FOOD,NG,DEBIT_CARD,2,478,0,1,1393,0,0,1,PAYMENT_METHOD_ABUSE
CUST_31213,3726.67,Miller-Marshall,GROCERY,GB,DEBIT_CARD,1,341,0,0,2442,0,0,0,LEGITIMATE
CUST_38032,3289.45,Yates and Sons,FOOD,GB,NET_BANKING,1,554,0,1,2040,0,0,1,PAYMENT_METHOD_ABUSE
CUST_51814,2451.73,House Inc,EDUCATION,IN,CREDIT_CARD,1,917,0,0,522,0,0,0,LEGITIMATE
CUST_75015,1583.72,Reyes Inc,ECOMMERCE,US,CREDIT_CARD,1,200,0,0,2087,0,0,0,LEGITIMATE
CUST_98637,2094.31,Cannon and Sons,ENTERTAINMENT,GB,DEBIT_CARD,4,412,0,0,1959,0,0,0,LEGITIMATE
CUST_68760,2165.31,"Brown, Aguilar and Hall",HEALTHCARE,GB,NET_BANKING,2,598,0,0,1522,0,0,0,LEGITIMATE
CUST_19337,8481.42,Burgess-Brown,GROCERY,GB,UPI,20,0,1,1,74,1,1,1,MULTI_SIGNAL_ATTACK
CUST_13759,3607.86,"Anderson, Ortiz and Clark",TRAVEL,CN,NET_BANKING,1,705,0,0,1797,1,0,1,MERCHANT_ANOMALY
CUST_20392,5174.59,Grant-Burke,EDUCATION,CN,CREDIT_CARD,3,740,0,0,1834,0,0,0,LEGITIMATE
CUST_59089,706.65,"Cole, White and Smith",OTHER,NG,WALLET,2,265,0,0,1572,0,0,0,LEGITIMATE
CUST_60733,2617.95,Tran-Boyd,OTHER,GB,UPI,4,834,0,0,1879,0,0,0,LEGITIMATE
CUST_12189,3390.75,"White, Newman and Richard",ECOMMERCE,NG,UPI,1,411,0,0,1604,0,0,0,LEGITIMATE
CUST_35474,3419.62,"Lopez, Shaw and Murphy",TRAVEL,NG,UPI,4,632,0,0,994,0,0,0,LEGITIMATE
CUST_62462,2948.63,"Coleman, Salazar and Gilbert",FOOD,IN,WALLET,1,325,0,0,1574,0,0,0,LEGITIMATE
CUST_24153,4075.76,"Johnson, Burke and Lewis",GROCERY,IN,NET_BANKING,4,296,0,0,1214,1,0,1,MERCHANT_ANOMALY
CUST_28102,6206.2750357565465,"Campbell, Ramirez and Gallagher",ECOMMERCE,IN,NET_BANKING,10,700,0,0,1628,0,0,1,VELOCITY_ABUSE
CUST_48170,686.26,Perez LLC,FOOD,US,DEBIT_CARD,3,368,0,0,1235,0,0,0,LEGITIMATE
CUST_67609,757.87,Snyder-Bray,GROCERY,IN,NET_BANKING,4,164,0,0,2473,0,0,0,LEGITIMATE
CUST_42707,21387.285977585787,Jones Inc,FOOD,CN,CREDIT_CARD,7,1,0,1,21,1,1,1,SYNTHETIC_IDENTITY
CUST_40951,7335.3760357615365,Anderson LLC,OTHER,CN,NET_BANKING,14,853,0,0,1664,0,0,1,VELOCITY_ABUSE
CUST_27380,1500.73,"King, Hickman and Allison",EDUCATION,NG,NET_BANKING,4,512,0,0,1141,0,0,0,LEGITIMATE
CUST_51105,357.38,Cardenas Inc,FOOD,CN,DEBIT_CARD,3,300,0,0,1375,0,0,0,LEGITIMATE
CUST_97820,8345.27,Johnston LLC,ENTERTAINMENT,CN,UPI,20,1,1,1,127,1,1,1,MULTI_SIGNAL_ATTACK
CUST_45328,4177.59,Mcgee Ltd,EDUCATION,NG,WALLET,1,561,0,0,2266,0,0,0,LEGITIMATE
CUST_72774,6048.812764604553,Wilkinson-Chambers,ECOMMERCE,CN,WALLET,20,155,0,0,2152,0,0,1,VELOCITY_ABUSE
CUST_91687,5604.76,"Ross, Bowman and Anderson",GROCERY,NG,UPI,3,220,0,0,1198,0,0,0,LEGITIMATE
CUST_70036,1069.47,Hodges-Ryan,TRAVEL,CN,UPI,2,521,0,0,248,0,0,0,LEGITIMATE
CUST_83494,1787.84,Jones PLC,GROCERY,IN,WALLET,2,592,0,0,1717,0,0,0,LEGITIMATE
CUST_72292,9818.867536704274,"Smith, Smith and Peters",GROCERY,IN,DEBIT_CARD,10,8,0,1,30,1,1,1,SYNTHETIC_IDENTITY
CUST_32064,12199.95,"Meyer, Walker and Flores",ECOMMERCE,CN,UPI,13,3,1,1,2319,1,1,1,ACCOUNT_TAKEOVER
CUST_72955,316.27,Carr Inc,OTHER,IN,UPI,2,888,0,0,1910,0,0,0,LEGITIMATE
CUST_88725,4881.2,Jackson Ltd,EDUCATION,NG,NET_BANKING,4,738,1,0,740,0,0,1,GEOGRAPHIC_ANOMALY
CUST_42090,2720.75,Gregory LLC,OTHER,CN,CREDIT_CARD,4,778,0,0,406,0,0,0,LEGITIMATE
CUST_67624,3279.468397335973,Houston Ltd,ECOMMERCE,CN,DEBIT_CARD,9,2,0,1,8,1,1,1,SYNTHETIC_IDENTITY
CUST_49720,3678.33,Snow-Adkins,ENTERTAINMENT,CN,CREDIT_CARD,3,858,0,0,2142,0,0,0,LEGITIMATE
CUST_46281,6052.0,Dennis-Parker,OTHER,CN,CREDIT_CARD,3,305,0,0,2352,0,0,0,LEGITIMATE
CUST_42564,640.48,"Browning, Moore and Baker",HEALTHCARE,NG,UPI,4,419,0,0,1081,0,0,0,LEGITIMATE
CUST_32332,2724.81,Johnson PLC,GROCERY,US,CREDIT_CARD,2,948,1,0,228,0,0,1,GEOGRAPHIC_ANOMALY
CUST_79813,2022.92,"Weber, Barrera and James",TRAVEL,CN,CREDIT_CARD,3,56,1,0,67,0,0,1,GEOGRAPHIC_ANOMALY
CUST_62348,1350.0034806394965,Scott and Sons,EDUCATION,CN,WALLET,16,927,0,0,2178,0,0,1,VELOCITY_ABUSE
CUST_51436,6144.24,Johnson-Chavez,GROCERY,GB,UPI,3,682,0,0,574,0,0,0,LEGITIMATE
CUST_69791,2247.18,Ross-Gonzales,ENTERTAINMENT,NG,DEBIT_CARD,1,697,0,0,1369,0,0,0,LEGITIMATE
CUST_32879,1103.96,"Kelley, Daniels and Rivera",ECOMMERCE,US,DEBIT_CARD,4,991,1,0,1997,0,0,1,GEOGRAPHIC_ANOMALY
CUST_12611,3549.26,White-Berry,ENTERTAINMENT,NG,UPI,4,115,0,0,413,0,0,0,LEGITIMATE
CUST_64285,4376.95,"Meyer, Huber and Moreno",HEALTHCARE,NG,CREDIT_CARD,1,248,0,0,747,0,0,0,LEGITIMATE
CUST_20199,31761.32,Banks Ltd,EDUCATION,GB,NET_BANKING,4,407,0,0,2219,1,1,1,TRANSACTION_ANOMALY
CUST_58425,681.64,Rivera-Harris,EDUCATION,NG,CREDIT_CARD,1,255,1,0,1512,0,0,1,GEOGRAPHIC_ANOMALY
CUST_69632,4871.3,Fleming Inc,ENTERTAINMENT,CN,UPI,2,752,0,0,740,0,0,0,LEGITIMATE
CUST_76864,3278.46,"Jones, Powell and Fischer",ENTERTAINMENT,GB,DEBIT_CARD,3,927,1,0,2494,0,0,1,GEOGRAPHIC_ANOMALY
CUST_54938,3195.3918949062117,"Smith, Aguilar and Lopez",EDUCATION,US,CREDIT_CARD,26,885,0,0,1790,0,0,1,VELOCITY_ABUSE
CUST_69587,4557.13,Parsons LLC,ECOMMERCE,IN,UPI,3,663,0,0,1394,0,0,0,LEGITIMATE
CUST_21561,2104.71,Nielsen-Pham,GROCERY,GB,UPI,2,715,0,0,2090,0,0,0,LEGITIMATE
CUST_44135,2469.53,"Vazquez, Meyer and White",HEALTHCARE,GB,UPI,2,90,0,0,242,0,0,0,LEGITIMATE
CUST_62627,33003.35,Wu-Wagner,FOOD,NG,CREDIT_CARD,15,2,1,1,124,1,1,1,MULTI_SIGNAL_ATTACK
CUST_40413,17642.79,"Ballard, Edwards and Ellison",HEALTHCARE,GB,NET_BANKING,3,307,0,0,516,1,1,1,TRANSACTION_ANOMALY
CUST_43315,543.56,"Martinez, Allen and Byrd",TRAVEL,IN,DEBIT_CARD,1,513,0,0,99,0,0,0,LEGITIMATE
CUST_83426,4089.5,"Warren, Lopez and Parks",GROCERY,US,UPI,1,275,0,0,2063,0,0,0,LEGITIMATE
CUST_45594,1126.47,Pittman Inc,EDUCATION,US,NET_BANKING,3,817,0,0,886,1,0,1,MERCHANT_ANOMALY
CUST_55376,3147.25,Espinoza-Curry,ENTERTAINMENT,US,WALLET,3,780,0,0,1597,0,0,0,LEGITIMATE
CUST_68008,1451.98,Estrada-Robinson,ECOMMERCE,US,WALLET,3,242,0,0,2267,0,0,0,LEGITIMATE
CUST_19390,4580.14,Hernandez-Jordan,HEALTHCARE,NG,CREDIT_CARD,3,810,0,0,150,0,0,0,LEGITIMATE
CUST_68316,4033.96,Callahan-Smith,TRAVEL,CN,WALLET,3,523,0,0,2270,0,0,0,LEGITIMATE
CUST_33607,1577.26,Reyes PLC,OTHER,US,UPI,1,604,0,1,2117,0,0,1,PAYMENT_METHOD_ABUSE
CUST_92727,3158.74,Kelly PLC,ENTERTAINMENT,NG,NET_BANKING,1,882,0,0,2440,0,0,0,LEGITIMATE
CUST_69098,39295.14,Porter and Sons,EDUCATION,US,DEBIT_CARD,11,3,1,1,1227,1,1,1,MULTI_SIGNAL_ATTACK
CUST_93737,2763.75,"Scott, Murray and Hughes",HEALTHCARE,CN,WALLET,1,710,0,0,2109,0,0,0,LEGITIMATE
CUST_27322,335.68,Le Ltd,HEALTHCARE,CN,DEBIT_CARD,1,937,0,0,171,0,0,0,LEGITIMATE
CUST_70648,37615.43,"Allen, Willis and Stevens",GROCERY,GB,NET_BANKING,17,1,1,1,1207,1,1,1,MULTI_SIGNAL_ATTACK
CUST_43475,2077.17,Price PLC,OTHER,IN,DEBIT_CARD,1,960,0,0,1131,0,0,0,LEGITIMATE
CUST_80964,420.33,Banks-Williams,FOOD,IN,DEBIT_CARD,4,530,0,0,31,0,0,0,LEGITIMATE
CUST_33567,4394.6,Mckee-Jensen,ENTERTAINMENT,CN,DEBIT_CARD,4,455,0,0,324,0,0,0,LEGITIMATE
CUST_96807,5258.09,Gordon-Johnson,OTHER,GB,CREDIT_CARD,2,384,0,0,1751,0,0,0,LEGITIMATE
CUST_33979,9560.14331061078,Noble LLC,EDUCATION,GB,UPI,13,586,0,0,1844,0,0,1,VELOCITY_ABUSE
CUST_35267,7275.126075056169,Simmons LLC,GROCERY,IN,CREDIT_CARD,10,4,0,1,11,1,1,1,SYNTHETIC_IDENTITY
CUST_19104,4530.12,Cole Group,ENTERTAINMENT,CN,DEBIT_CARD,1,852,0,0,1599,0,0,0,LEGITIMATE
CUST_48897,2005.01,"Johnson, Rodriguez and Webster",ECOMMERCE,NG,CREDIT_CARD,2,901,0,0,637,0,0,0,LEGITIMATE
CUST_49413,851.6,Mercer-Long,ENTERTAINMENT,GB,NET_BANKING,4,92,0,0,1594,0,0,0,LEGITIMATE
CUST_66368,3606.62,Lewis-Jefferson,OTHER,IN,NET_BANKING,2,104,1,0,1890,0,0,1,GEOGRAPHIC_ANOMALY
CUST_81222,1003.23,Gibbs Group,GROCERY,IN,NET_BANKING,3,512,0,0,512,0,0,0,LEGITIMATE
CUST_91350,24014.09,Lopez-Garcia,FOOD,NG,CREDIT_CARD,22,2,1,1,2213,1,1,1,MULTI_SIGNAL_ATTACK
CUST_68964,1588.24,"Turner, Rowland and Whitehead",ECOMMERCE,IN,DEBIT_CARD,3,678,0,0,2457,0,0,0,LEGITIMATE
CUST_87210,41970.93,"Rodriguez, Mitchell and Armstrong",FOOD,NG,CREDIT_CARD,14,1,1,1,1174,1,1,1,MULTI_SIGNAL_ATTACK
CUST_80522,5940.37,Yu-Morris,OTHER,GB,DEBIT_CARD,1,300,0,0,48,1,1,1,TRANSACTION_ANOMALY
CUST_14230,5464.06,"Robinson, Davis and Ferrell",TRAVEL,IN,NET_BANKING,3,298,0,0,38,0,0,0,LEGITIMATE
CUST_68546,4567.67,Cox Ltd,EDUCATION,US,UPI,4,245,0,0,1452,0,0,0,LEGITIMATE
CUST_79337,5316.0937246427875,Norris-Williams,FOOD,GB,CREDIT_CARD,21,83,0,0,601,0,0,1,VELOCITY_ABUSE
CUST_21761,4715.86,Reyes PLC,EDUCATION,IN,DEBIT_CARD,1,831,1,0,1974,0,0,1,GEOGRAPHIC_ANOMALY
CUST_80158,877.28,Meyer Group,FOOD,CN,CREDIT_CARD,1,339,0,0,2141,0,0,0,LEGITIMATE
CUST_49917,6605.537362553163,Heath-Sawyer,FOOD,IN,NET_BANKING,4,0,0,1,4,1,1,1,SYNTHETIC_IDENTITY
CUST_84012,7110.510782651538,Hughes PLC,EDUCATION,IN,NET_BANKING,6,10,0,1,11,1,1,1,SYNTHETIC_IDENTITY
CUST_69192,3282.42,Snyder-Turner,GROCERY,IN,UPI,4,568,0,1,499,0,0,1,PAYMENT_METHOD_ABUSE
CUST_64943,5114.46,Powell Ltd,ENTERTAINMENT,IN,NET_BANKING,3,467,0,0,1288,0,0,0,LEGITIMATE
CUST_81992,1764.67,Chapman and Sons,ECOMMERCE,GB,NET_BANKING,2,355,0,0,2361,0,0,0,LEGITIMATE
CUST_70210,4459.32,Perez Inc,OTHER,CN,NET_BANKING,3,120,0,0,1849,0,0,0,LEGITIMATE
CUST_60859,14867.71,Marquez-Bradley,ECOMMERCE,US,DEBIT_CARD,14,2,1,1,1610,1,1,1,ACCOUNT_TAKEOVER
CUST_94735,2624.168791253628,Lopez-Camacho,FOOD,CN,UPI,14,775,0,0,283,0,0,1,VELOCITY_ABUSE
CUST_95262,2901.26,Williams Group,OTHER,CN,DEBIT_CARD,1,748,0,0,1287,0,0,0,LEGITIMATE
CUST_21988,1690.72,Lindsey-Brewer,HEALTHCARE,NG,UPI,3,123,0,1,1510,0,0,1,PAYMENT_METHOD_ABUSE
CUST_99571,3339.27,Chapman-Little,EDUCATION,IN,WALLET,1,358,0,1,2404,0,0,1,PAYMENT_METHOD_ABUSE
CUST_17021,4851.82,Klein-Ochoa,GROCERY,IN,UPI,2,299,0,0,820,0,0,0,LEGITIMATE
CUST_36218,1750.58,"Edwards, Howard and Brown",ECOMMERCE,NG,NET_BANKING,1,739,0,0,1152,0,0,0,LEGITIMATE
CUST_78459,2867.53,"Roberts, Farrell and Gray",ECOMMERCE,CN,UPI,3,126,0,0,2072,0,0,0,LEGITIMATE
CUST_65627,4070.03,Thornton-Rivas,TRAVEL,CN,CREDIT_CARD,3,277,0,0,1929,0,0,0,LEGITIMATE
CUST_12698,763.61,"Goodwin, Bartlett and Daniel",OTHER,GB,UPI,2,430,0,0,1697,0,0,0,LEGITIMATE
CUST_79241,3036.67,"Williams, Wallace and Wood",GROCERY,GB,CREDIT_CARD,2,627,0,0,997,1,0,1,MERCHANT_ANOMALY
CUST_65132,352.24,Bautista Ltd,GROCERY,NG,WALLET,2,416,0,0,721,0,0,0,LEGITIMATE
CUST_28331,21100.907607009918,"Santiago, Jackson and Pace",OTHER,CN,NET_BANKING,9,3,0,1,5,1,1,1,SYNTHETIC_IDENTITY
CUST_44858,24993.44,Harris-Higgins,FOOD,US,WALLET,20,2,1,1,58,1,1,1,MULTI_SIGNAL_ATTACK
CUST_62574,4257.49,Johnston LLC,FOOD,GB,NET_BANKING,3,103,0,0,2143,0,0,0,LEGITIMATE
CUST_70473,3234.69,"Moyer, Dean and Underwood",HEALTHCARE,US,DEBIT_CARD,3,687,0,0,457,0,0,0,LEGITIMATE
CUST_69543,1336.19,Walker-Wright,EDUCATION,GB,CREDIT_CARD,3,729,0,0,149,1,0,1,MERCHANT_ANOMALY
CUST_79015,1678.35,"Williams, Becker and Montgomery",EDUCATION,CN,NET_BANKING,3,147,0,0,208,0,0,0,LEGITIMATE
CUST_39601,1764.54,"Stewart, Chapman and Reilly",FOOD,US,DEBIT_CARD,2,231,0,0,2264,0,0,0,LEGITIMATE
CUST_55894,5163.21,"Branch, Jones and Wilson",TRAVEL,NG,DEBIT_CARD,3,875,0,0,1202,0,0,0,LEGITIMATE
CUST_80920,14445.775917951121,Gomez-Martinez,HEALTHCARE,IN,UPI,9,1,0,1,16,1,1,1,SYNTHETIC_IDENTITY
CUST_44347,4139.54,Bradley-Jenkins,FOOD,IN,CREDIT_CARD,4,915,0,0,434,0,0,0,LEGITIMATE
CUST_39148,2110.74,"Williams, Gomez and Terrell",TRAVEL,CN,WALLET,3,562,1,0,2357,0,0,1,GEOGRAPHIC_ANOMALY
CUST_83407,2500.24,Snyder Inc,TRAVEL,IN,NET_BANKING,4,531,0,0,63,0,0,0,LEGITIMATE
CUST_23777,2748.55,"Lee, Romero and Hensley",HEALTHCARE,CN,DEBIT_CARD,1,727,0,0,1347,0,0,0,LEGITIMATE
CUST_69099,5369.41,Lindsey-Washington,OTHER,GB,WALLET,1,702,0,0,1184,0,0,0,LEGITIMATE
CUST_35205,3296.11,Hernandez Ltd,TRAVEL,NG,DEBIT_CARD,4,297,0,0,147,0,0,0,LEGITIMATE
CUST_22699,1058.6,"Sims, Wood and Murphy",ENTERTAINMENT,GB,CREDIT_CARD,4,460,0,0,1623,0,0,0,LEGITIMATE
CUST_43007,21139.87,"White, Campos and Love",EDUCATION,US,UPI,1,981,0,0,1348,0,1,1,TRANSACTION_ANOMALY
CUST_51975,5452.5,Ford-Johnson,EDUCATION,US,CREDIT_CARD,3,623,0,0,1749,0,0,0,LEGITIMATE
CUST_81270,4981.16,Jackson and Sons,GROCERY,IN,CREDIT_CARD,3,980,0,0,135,0,0,0,LEGITIMATE
CUST_35574,62575.11,Wright Inc,TRAVEL,NG,WALLET,4,674,0,0,1898,0,1,1,TRANSACTION_ANOMALY
CUST_16699,511.94,Harvey and Sons,OTHER,IN,UPI,1,951,0,1,810,0,0,1,PAYMENT_METHOD_ABUSE
CUST_31797,3449.19,Johnson Ltd,OTHER,NG,NET_BANKING,1,405,0,0,869,0,0,0,LEGITIMATE
CUST_45273,3885.11,Weaver Ltd,FOOD,GB,WALLET,1,888,0,0,313,0,0,0,LEGITIMATE
CUST_98993,39318.99,Page PLC,EDUCATION,CN,WALLET,3,899,0,0,549,1,1,1,TRANSACTION_ANOMALY
CUST_38398,26634.0,Blackburn-Graves,ECOMMERCE,GB,UPI,19,2,1,1,1390,1,1,1,MULTI_SIGNAL_ATTACK
CUST_16948,1819.04,Dominguez PLC,ECOMMERCE,US,UPI,3,496,0,0,606,0,0,0,LEGITIMATE
CUST_29465,3145.84,Cantu Ltd,ENTERTAINMENT,US,NET_BANKING,1,938,0,0,2141,0,0,0,LEGITIMATE
CUST_66973,7132.904596957043,Gonzalez-Miller,GROCERY,NG,UPI,10,404,0,0,364,0,0,1,VELOCITY_ABUSE
CUST_29606,3165.47,Novak-Martin,FOOD,CN,UPI,1,838,0,0,2434,0,0,0,LEGITIMATE
CUST_98671,3133.45,"Ayala, Gomez and Wilson",EDUCATION,IN,NET_BANKING,2,697,0,0,1249,0,0,0,LEGITIMATE
CUST_15524,1111.11,Lopez-Thomas,FOOD,CN,UPI,1,859,0,0,796,0,0,0,LEGITIMATE
CUST_19310,4233.21,"Frazier, Shaw and Riley",FOOD,NG,NET_BANKING,3,831,0,0,2333,0,0,0,LEGITIMATE
CUST_77644,2515.22,Adams Ltd,OTHER,NG,UPI,1,620,0,0,1262,0,0,0,LEGITIMATE
CUST_32847,55447.52,Bowen Group,GROCERY,US,UPI,4,702,0,0,1753,1,1,1,TRANSACTION_ANOMALY
CUST_83065,4740.452789175109,"Cruz, Oneill and Morgan",OTHER,GB,CREDIT_CARD,20,914,0,0,122,0,0,1,VELOCITY_ABUSE
CUST_99864,2159.86,"Shaffer, Manning and King",TRAVEL,NG,CREDIT_CARD,3,924,0,1,631,0,0,1,PAYMENT_METHOD_ABUSE
CUST_81727,8643.294870460628,Gonzales Inc,GROCERY,CN,CREDIT_CARD,22,160,0,0,1129,0,0,1,VELOCITY_ABUSE
CUST_45808,3788.21,"Duncan, Guzman and Gray",ENTERTAINMENT,GB,NET_BANKING,3,148,0,0,796,0,0,0,LEGITIMATE
CUST_84993,1262.09,Macias-Torres,OTHER,CN,DEBIT_CARD,4,81,0,0,192,0,0,0,LEGITIMATE
CUST_91460,4483.97,"Page, Ortiz and Kennedy",OTHER,CN,DEBIT_CARD,4,325,0,0,1502,0,0,0,LEGITIMATE
CUST_70041,859.59,Taylor-Collins,GROCERY,US,WALLET,1,997,0,0,1612,0,0,0,LEGITIMATE
CUST_90998,1310.84,Johnson Ltd,GROCERY,IN,NET_BANKING,3,672,0,0,417,0,0,0,LEGITIMATE
CUST_98453,5619.12,Johnston-Smith,GROCERY,NG,UPI,2,190,0,0,359,0,0,0,LEGITIMATE
CUST_35527,2868.55,Archer PLC,OTHER,GB,UPI,4,598,0,0,93,0,0,0,LEGITIMATE
CUST_95521,1859.3,Hernandez PLC,OTHER,NG,NET_BANKING,3,385,0,0,796,0,0,0,LEGITIMATE
CUST_28190,1326.63,"Jones, Moore and Joyce",EDUCATION,NG,WALLET,3,55,0,0,1389,0,0,0,LEGITIMATE
CUST_65862,1167.74,"Wood, Jones and Schroeder",OTHER,GB,WALLET,4,144,0,0,1604,0,0,0,LEGITIMATE
CUST_39381,1857.3,Reeves Inc,GROCERY,IN,DEBIT_CARD,3,378,0,0,214,0,0,0,LEGITIMATE
CUST_42679,1111.38,Soto-Thomas,OTHER,GB,WALLET,3,680,0,0,1007,0,0,0,LEGITIMATE
CUST_92139,987.02,Wright-Lawson,ENTERTAINMENT,NG,NET_BANKING,8,1,1,1,2113,1,1,1,ACCOUNT_TAKEOVER
CUST_73226,4267.19,"Watson, Carson and Hopkins",HEALTHCARE,CN,CREDIT_CARD,4,693,0,0,195,0,0,0,LEGITIMATE
CUST_25810,4348.96,Williamson LLC,OTHER,NG,UPI,3,197,0,0,840,0,0,0,LEGITIMATE
CUST_33352,21028.796923106176,Lamb LLC,OTHER,NG,NET_BANKING,4,1,0,1,20,1,1,1,SYNTHETIC_IDENTITY
CUST_78131,729.9,Brown and Sons,EDUCATION,IN,NET_BANKING,2,418,0,0,53,0,0,0,LEGITIMATE
CUST_16763,2882.9,Franco-Stein,GROCERY,NG,WALLET,4,131,0,0,1111,0,0,0,LEGITIMATE
CUST_43855,1516.95,Hartman-Baker,ENTERTAINMENT,CN,NET_BANKING,3,824,0,0,944,0,0,0,LEGITIMATE
CUST_72909,1273.58,"Ball, Copeland and Cameron",ECOMMERCE,NG,WALLET,1,747,0,0,1629,0,0,0,LEGITIMATE
CUST_79002,3659.33,Gibbs Ltd,EDUCATION,CN,UPI,1,582,0,0,1998,0,0,0,LEGITIMATE
CUST_48392,1655.55,Walker Ltd,EDUCATION,IN,UPI,4,887,0,0,804,0,0,0,LEGITIMATE
CUST_83975,3125.09,Mitchell Ltd,HEALTHCARE,IN,DEBIT_CARD,4,50,0,0,178,0,0,0,LEGITIMATE
CUST_58563,1031.02,Smith Group,ENTERTAINMENT,CN,CREDIT_CARD,3,978,0,0,1334,0,0,0,LEGITIMATE
CUST_54041,2471.38,Summers and Sons,OTHER,NG,NET_BANKING,1,685,0,0,1534,0,0,0,LEGITIMATE
CUST_32356,157.74,Murray-Woods,FOOD,NG,DEBIT_CARD,4,917,0,0,1732,0,0,0,LEGITIMATE
CUST_37486,2863.98,Welch Group,ECOMMERCE,NG,UPI,2,784,0,0,477,0,0,0,LEGITIMATE
CUST_40925,977.4,Baker-Wells,TRAVEL,GB,DEBIT_CARD,1,797,0,0,1101,0,0,0,LEGITIMATE
CUST_33740,515.08,Melendez Inc,HEALTHCARE,GB,NET_BANKING,4,213,0,0,1213,0,0,0,LEGITIMATE
CUST_70978,4438.95,Gonzalez-Harmon,HEALTHCARE,US,CREDIT_CARD,2,556,0,0,1135,0,0,0,LEGITIMATE
CUST_63956,1000.53,Love-Peterson,OTHER,US,CREDIT_CARD,3,679,0,0,853,0,0,0,LEGITIMATE
CUST_14364,4638.15,"Williams, Allen and Adkins",FOOD,NG,CREDIT_CARD,4,427,0,0,561,0,0,0,LEGITIMATE
CUST_40463,1055.55,Nelson-Wolf,ECOMMERCE,GB,DEBIT_CARD,2,695,0,0,1245,0,0,0,LEGITIMATE
CUST_59199,10547.63,Evans-Valdez,HEALTHCARE,GB,NET_BANKING,11,1,1,1,882,1,1,1,MULTI_SIGNAL_ATTACK
CUST_21552,1271.02,Morris-Simmons,HEALTHCARE,US,CREDIT_CARD,4,975,0,0,1131,0,0,0,LEGITIMATE
CUST_76497,1351.45,Medina-Contreras,ENTERTAINMENT,IN,UPI,1,678,0,0,1528,0,0,0,LEGITIMATE
CUST_28574,1111.42,Williams Group,ENTERTAINMENT,GB,NET_BANKING,1,942,0,0,1036,0,0,0,LEGITIMATE
CUST_51884,11343.95,Mccarty and Sons,GROCERY,CN,NET_BANKING,15,1,1,1,1505,1,1,1,ACCOUNT_TAKEOVER
CUST_72032,440.8,"Ross, Fisher and Jackson",ECOMMERCE,US,UPI,3,458,0,0,1520,0,0,0,LEGITIMATE
CUST_83716,3099.49,Webb-Anderson,HEALTHCARE,US,UPI,3,634,0,0,953,0,0,0,LEGITIMATE
CUST_82720,1194.25,"Adams, Patton and Cervantes",TRAVEL,NG,WALLET,4,334,0,0,289,0,0,0,LEGITIMATE
CUST_79451,9120.67769455867,"Walker, White and Hunter",GROCERY,NG,CREDIT_CARD,16,758,0,0,1625,0,0,1,VELOCITY_ABUSE
CUST_10432,1936.74,Buckley Ltd,TRAVEL,NG,NET_BANKING,3,40,0,0,1917,0,0,0,LEGITIMATE
CUST_49843,564.5,"Smith, Davis and Rush",HEALTHCARE,CN,WALLET,1,371,0,1,1061,0,0,1,PAYMENT_METHOD_ABUSE
CUST_55483,11621.63,Miller and Sons,TRAVEL,NG,NET_BANKING,4,916,0,0,1353,1,1,1,TRANSACTION_ANOMALY
CUST_47941,429.82,"Garrett, Scott and Sanders",ENTERTAINMENT,IN,DEBIT_CARD,1,617,0,0,774,0,0,0,LEGITIMATE
CUST_23767,3354.22,"Avila, Flores and Moore",OTHER,CN,CREDIT_CARD,2,378,0,0,182,0,0,0,LEGITIMATE
CUST_87559,4994.46,"Mcclain, Franco and Smith",ENTERTAINMENT,IN,CREDIT_CARD,2,590,0,1,351,0,0,1,PAYMENT_METHOD_ABUSE
CUST_27508,13990.66,Woods Inc,TRAVEL,GB,WALLET,15,2,1,1,621,1,1,1,ACCOUNT_TAKEOVER
CUST_53238,4360.75,"Vega, Sanchez and Nguyen",TRAVEL,US,UPI,3,275,0,0,1250,0,0,0,LEGITIMATE
CUST_12930,191.97,Velasquez-Medina,TRAVEL,US,CREDIT_CARD,2,488,0,0,638,0,0,0,LEGITIMATE
CUST_78999,3638.64,Nguyen PLC,TRAVEL,NG,UPI,4,610,0,0,731,0,0,0,LEGITIMATE
CUST_22567,19214.95,Cortez LLC,ECOMMERCE,US,DEBIT_CARD,24,2,1,1,985,1,1,1,MULTI_SIGNAL_ATTACK
CUST_73988,5077.48,Avery-Wheeler,TRAVEL,GB,WALLET,4,499,0,0,1569,1,0,1,MERCHANT_ANOMALY
CUST_59278,865.98,Collins-Conrad,GROCERY,GB,WALLET,1,641,0,0,313,0,0,0,LEGITIMATE
CUST_17045,535.41,Diaz-Johnson,ECOMMERCE,US,NET_BANKING,2,961,0,0,1636,0,0,0,LEGITIMATE
CUST_25988,2067.38,Jimenez-Smith,OTHER,CN,DEBIT_CARD,2,469,0,0,1399,0,0,0,LEGITIMATE
CUST_34512,22748.63,Rowe Inc,ENTERTAINMENT,GB,UPI,17,1,1,1,2437,1,1,1,MULTI_SIGNAL_ATTACK
CUST_75857,951.79,"Davis, George and Campbell",ENTERTAINMENT,IN,NET_BANKING,2,194,0,0,669,0,0,0,LEGITIMATE
CUST_79478,18657.75,Miller PLC,GROCERY,US,DEBIT_CARD,2,769,0,0,943,1,1,1,TRANSACTION_ANOMALY
CUST_60434,4321.34,"Eaton, Chaney and Henry",GROCERY,CN,WALLET,1,928,0,0,622,0,0,0,LEGITIMATE
CUST_22569,12741.8,Lopez-Weber,HEALTHCARE,GB,DEBIT_CARD,2,634,0,0,1168,1,1,1,TRANSACTION_ANOMALY
CUST_60838,3806.42,Estrada-Schroeder,ECOMMERCE,NG,WALLET,3,65,1,0,1843,0,0,1,GEOGRAPHIC_ANOMALY
CUST_30482,7298.956598801419,"Richards, Taylor and Murphy",OTHER,US,UPI,16,596,0,0,804,0,0,1,VELOCITY_ABUSE
CUST_68560,6003.404841352799,"Briggs, Carter and Wilcox",HEALTHCARE,NG,WALLET,11,378,0,0,2112,0,0,1,VELOCITY_ABUSE
CUST_45122,3616.12,"Kane, Johnson and Cruz",OTHER,NG,UPI,2,383,0,0,1423,0,0,0,LEGITIMATE
CUST_72521,162.18,Floyd-Goodwin,TRAVEL,US,DEBIT_CARD,4,924,0,0,558,0,0,0,LEGITIMATE
CUST_19180,5068.22,Baker-Ross,ENTERTAINMENT,CN,WALLET,4,321,0,0,2313,0,0,0,LEGITIMATE
CUST_71129,1989.98,Cain Ltd,GROCERY,US,UPI,4,920,0,0,1463,1,0,1,MERCHANT_ANOMALY
CUST_82875,19980.22,Stevenson-Scott,TRAVEL,NG,DEBIT_CARD,1,794,0,0,1590,0,1,1,TRANSACTION_ANOMALY
CUST_98799,4366.55,Thomas-Tran,FOOD,GB,CREDIT_CARD,3,393,0,0,1541,0,0,0,LEGITIMATE
CUST_63802,1164.2,Allen Ltd,FOOD,GB,DEBIT_CARD,4,947,0,0,758,0,0,0,LEGITIMATE
CUST_94522,3834.15,Hart PLC,ENTERTAINMENT,IN,CREDIT_CARD,3,525,0,0,2108,0,0,0,LEGITIMATE
CUST_14640,899.23,Carroll-Campbell,EDUCATION,US,UPI,3,807,0,0,1047,0,0,0,LEGITIMATE
CUST_36031,1214.77,Barnes-Manning,EDUCATION,IN,CREDIT_CARD,2,173,0,1,668,0,0,1,PAYMENT_METHOD_ABUSE
CUST_48657,3339.72,"Wells, Guerrero and Garrett",GROCERY,GB,DEBIT_CARD,3,224,0,0,933,0,0,0,LEGITIMATE
CUST_25697,20336.62,"Williams, Jackson and Alexander",FOOD,GB,UPI,8,0,1,1,206,1,1,1,ACCOUNT_TAKEOVER
CUST_34423,1216.01,"Hale, Leonard and Lewis",TRAVEL,GB,NET_BANKING,4,592,0,0,699,0,0,0,LEGITIMATE
CUST_70757,1624.43,Soto-Miranda,OTHER,CN,NET_BANKING,4,672,0,0,282,0,0,0,LEGITIMATE
CUST_40507,8420.78,Fernandez-Shaw,GROCERY,GB,NET_BANKING,9,0,1,1,181,1,1,1,ACCOUNT_TAKEOVER
CUST_58748,1856.09,Garcia-Stanley,ENTERTAINMENT,GB,DEBIT_CARD,14,0,1,1,1634,1,1,1,ACCOUNT_TAKEOVER
CUST_17162,52487.03,Coleman-Weaver,ENTERTAINMENT,CN,DEBIT_CARD,3,969,0,0,282,1,1,1,TRANSACTION_ANOMALY
CUST_84506,15377.350696047573,"Rivers, Yoder and White",ENTERTAINMENT,US,DEBIT_CARD,4,0,0,1,2,1,1,1,SYNTHETIC_IDENTITY
CUST_55615,887.79,Dyer-Jimenez,ECOMMERCE,IN,CREDIT_CARD,4,592,0,0,1547,0,0,0,LEGITIMATE
CUST_51483,3383.49,Harris LLC,EDUCATION,CN,CREDIT_CARD,3,693,0,0,189,0,0,0,LEGITIMATE
CUST_25173,7269.7,Price PLC,ENTERTAINMENT,US,WALLET,9,1,1,1,1124,1,1,1,ACCOUNT_TAKEOVER
CUST_70008,2066.39,Sanders Ltd,TRAVEL,IN,CREDIT_CARD,4,147,0,0,1972,0,0,0,LEGITIMATE
CUST_23725,1565.86,Campbell-Davis,FOOD,IN,CREDIT_CARD,4,896,0,0,1401,0,0,0,LEGITIMATE
CUST_22611,1842.69,Friedman LLC,HEALTHCARE,US,WALLET,4,137,0,0,1078,0,0,0,LEGITIMATE
CUST_94824,5412.46,"Garcia, Williams and Pacheco",ECOMMERCE,GB,UPI,2,999,0,0,1757,1,0,1,MERCHANT_ANOMALY
CUST_38239,2693.1,Cline-Baker,OTHER,IN,DEBIT_CARD,2,37,0,0,527,0,0,0,LEGITIMATE
CUST_67502,4287.95,Tucker-Cortez,GROCERY,GB,WALLET,2,337,0,0,624,0,0,0,LEGITIMATE
CUST_12621,5947.98,Garcia-Ward,EDUCATION,NG,CREDIT_CARD,2,355,0,0,2277,0,0,0,LEGITIMATE
CUST_40177,26529.08553146635,White-Williams,FOOD,CN,UPI,3,0,0,1,27,1,1,1,SYNTHETIC_IDENTITY
CUST_87998,24067.32,Kemp-Huff,OTHER,IN,WALLET,2,707,0,0,2098,1,1,1,TRANSACTION_ANOMALY
CUST_50095,950.17,Garcia-Lopez,ENTERTAINMENT,GB,WALLET,2,335,0,0,344,0,0,0,LEGITIMATE
CUST_53355,1399.54,Ellis-Wang,EDUCATION,US,NET_BANKING,2,575,0,0,210,0,0,0,LEGITIMATE
CUST_66818,7618.627244749739,Kennedy Ltd,TRAVEL,CN,NET_BANKING,5,4,0,1,25,1,1,1,SYNTHETIC_IDENTITY
CUST_34775,2054.22,"Dougherty, Garcia and Guerrero",OTHER,CN,NET_BANKING,4,496,0,0,108,0,0,0,LEGITIMATE
CUST_70132,1130.62,Ramirez-Young,GROCERY,GB,NET_BANKING,15,2,1,1,2109,1,1,1,ACCOUNT_TAKEOVER
CUST_20911,1577.17,Vasquez-Williams,FOOD,US,UPI,2,717,0,0,926,0,0,0,LEGITIMATE
CUST_42630,3223.74,Horton and Sons,FOOD,CN,NET_BANKING,4,876,0,0,1800,0,0,0,LEGITIMATE
CUST_29795,1175.33,Gibson Ltd,FOOD,GB,WALLET,4,89,0,1,2445,0,0,1,PAYMENT_METHOD_ABUSE
CUST_24464,3596.18,Baxter Ltd,ENTERTAINMENT,IN,CREDIT_CARD,2,704,0,0,388,0,0,0,LEGITIMATE
CUST_95878,3800.73,Johnson-Lane,OTHER,CN,DEBIT_CARD,4,264,0,0,1985,0,0,0,LEGITIMATE
CUST_37103,14243.3,Clayton Ltd,HEALTHCARE,GB,CREDIT_CARD,10,0,1,1,925,1,1,1,ACCOUNT_TAKEOVER
CUST_78960,3006.73,Brooks-Cohen,HEALTHCARE,IN,CREDIT_CARD,2,74,0,0,138,0,0,0,LEGITIMATE
CUST_64537,6821.81,Hansen Ltd,GROCERY,GB,UPI,3,409,0,1,795,0,0,1,PAYMENT_METHOD_ABUSE
CUST_50845,5698.17,Diaz-Miller,ENTERTAINMENT,NG,CREDIT_CARD,4,97,0,0,348,0,0,0,LEGITIMATE
CUST_61437,2109.22,Cox-Hill,GROCERY,GB,CREDIT_CARD,1,480,0,1,227,0,0,1,PAYMENT_METHOD_ABUSE
CUST_86187,3316.7,"Davis, Ortega and Fischer",FOOD,NG,UPI,4,535,0,0,511,0,0,0,LEGITIMATE
CUST_78403,714.75,"Turner, Warren and Fry",GROCERY,IN,DEBIT_CARD,4,483,1,0,1109,0,0,1,GEOGRAPHIC_ANOMALY
CUST_25584,3720.411584496617,White Inc,OTHER,CN,UPI,25,315,0,0,1988,0,0,1,VELOCITY_ABUSE
CUST_36093,36921.21,"Russell, Chavez and Willis",GROCERY,GB,UPI,2,944,0,0,460,1,1,1,TRANSACTION_ANOMALY
CUST_80566,5046.65,Shepherd LLC,EDUCATION,NG,WALLET,1,248,0,1,1044,0,0,1,PAYMENT_METHOD_ABUSE
CUST_48159,3680.31,Graves-Hopkins,OTHER,CN,UPI,3,903,0,0,2304,0,0,0,LEGITIMATE
CUST_36657,9373.791197672346,Moore-Richardson,HEALTHCARE,IN,DEBIT_CARD,29,321,0,0,1361,0,0,1,VELOCITY_ABUSE
CUST_75073,589.59,Jacobs and Sons,FOOD,NG,DEBIT_CARD,1,242,0,0,34,0,0,0,LEGITIMATE
CUST_74563,352.07,Mills PLC,GROCERY,IN,CREDIT_CARD,1,544,0,0,2240,0,0,0,LEGITIMATE
CUST_29952,1151.06,Coleman-Walker,FOOD,CN,NET_BANKING,20,3,1,1,1010,1,1,1,MULTI_SIGNAL_ATTACK
CUST_12421,1651.56,Waters-Williams,ENTERTAINMENT,CN,UPI,3,258,0,0,2072,0,0,0,LEGITIMATE
CUST_87329,5560.49,"Jones, Davis and Brown",FOOD,CN,NET_BANKING,2,507,0,0,1213,0,0,0,LEGITIMATE
CUST_68184,1616.84,"Lewis, Silva and Barrett",FOOD,CN,DEBIT_CARD,1,203,0,1,571,0,0,1,PAYMENT_METHOD_ABUSE
CUST_33603,2954.6,Cooley Ltd,EDUCATION,GB,UPI,1,754,0,0,2173,0,0,0,LEGITIMATE
CUST_79520,3694.26,Craig-Duncan,EDUCATION,GB,WALLET,3,924,0,0,2437,0,0,0,LEGITIMATE
CUST_91888,2493.16,Smith Group,ECOMMERCE,US,WALLET,2,927,0,0,2389,0,0,0,LEGITIMATE
CUST_89493,1529.57,"Castillo, Johnson and Vazquez",GROCERY,NG,DEBIT_CARD,4,450,0,0,289,0,0,0,LEGITIMATE
CUST_21043,7825.801183424893,Bray Ltd,ENTERTAINMENT,GB,DEBIT_CARD,22,955,0,0,1274,0,0,1,VELOCITY_ABUSE
CUST_94666,1237.82,"Smith, Hicks and Sparks",GROCERY,NG,WALLET,4,647,0,0,181,0,0,0,LEGITIMATE
CUST_50102,2347.71,Lopez-Crawford,ECOMMERCE,CN,CREDIT_CARD,3,214,0,0,1843,0,0,0,LEGITIMATE
CUST_85029,4530.95,"Moran, Aguirre and Smith",TRAVEL,IN,UPI,4,580,0,0,95,0,0,0,LEGITIMATE
CUST_54812,22481.85,"Figueroa, Hamilton and Holmes",EDUCATION,US,NET_BANKING,3,101,0,0,673,1,1,1,TRANSACTION_ANOMALY
CUST_74479,623.86,Miller-Arnold,EDUCATION,IN,CREDIT_CARD,4,924,0,0,1681,0,0,0,LEGITIMATE
CUST_51594,1995.3,Wade-Butler,EDUCATION,NG,WALLET,2,782,0,0,2101,1,0,1,MERCHANT_ANOMALY
CUST_65252,7435.99,"Gillespie, Atkins and Key",TRAVEL,GB,WALLET,9,2,1,1,1506,1,1,1,ACCOUNT_TAKEOVER
CUST_12328,3187.46,"Bowman, Guerrero and Small",EDUCATION,NG,CREDIT_CARD,3,416,0,1,982,0,0,1,PAYMENT_METHOD_ABUSE
CUST_78573,3164.05,"Mcgee, Scott and Ruiz",ENTERTAINMENT,GB,UPI,2,649,0,1,520,0,0,1,PAYMENT_METHOD_ABUSE
CUST_39508,9389.11,Miller Group,ECOMMERCE,IN,CREDIT_CARD,14,0,1,1,780,1,1,1,ACCOUNT_TAKEOVER
CUST_48205,420.03,"Phillips, Collins and Gardner",EDUCATION,CN,CREDIT_CARD,2,963,0,0,2188,0,0,0,LEGITIMATE
CUST_41293,2310.94,"Soto, Cox and Mcfarland",FOOD,GB,DEBIT_CARD,3,385,0,0,1165,0,0,0,LEGITIMATE
CUST_45831,3570.47,"Patterson, Reed and Stone",ECOMMERCE,NG,DEBIT_CARD,1,341,0,0,386,0,0,0,LEGITIMATE
CUST_95276,1710.88,May Inc,ECOMMERCE,GB,UPI,3,257,0,0,2042,1,1,1,TRANSACTION_ANOMALY
CUST_87965,3252.81,Rush-Cruz,GROCERY,IN,NET_BANKING,3,372,0,0,1486,0,0,0,LEGITIMATE
CUST_10076,15365.25,"Baker, Rivera and Smith",ECOMMERCE,NG,UPI,12,1,1,1,171,1,1,1,ACCOUNT_TAKEOVER
CUST_38478,3462.83,Torres Ltd,ENTERTAINMENT,IN,DEBIT_CARD,1,394,0,0,1623,0,0,0,LEGITIMATE
CUST_22209,1831.69,Brown-Smith,TRAVEL,US,WALLET,1,686,0,0,1809,0,0,0,LEGITIMATE
CUST_46077,1746.71,Campbell-Vargas,ENTERTAINMENT,US,DEBIT_CARD,1,484,0,0,2112,0,0,0,LEGITIMATE
CUST_79139,2154.81,"Knapp, Wilson and Calderon",HEALTHCARE,CN,NET_BANKING,4,99,0,0,693,0,0,0,LEGITIMATE
CUST_44135,25403.73,"Alvarez, Griffin and Macdonald",FOOD,US,NET_BANKING,5,1,1,1,1631,1,1,1,ACCOUNT_TAKEOVER
CUST_52913,44000.13,"Sanchez, Carroll and Mathews",ECOMMERCE,NG,UPI,4,878,0,0,1718,0,1,1,TRANSACTION_ANOMALY
CUST_92034,2116.03,Edwards and Sons,OTHER,CN,NET_BANKING,2,259,0,0,2310,0,0,0,LEGITIMATE
CUST_49015,511.17,Rosales Ltd,ENTERTAINMENT,IN,UPI,3,704,0,0,1959,0,0,0,LEGITIMATE
CUST_10853,44178.49,Richardson LLC,EDUCATION,NG,NET_BANKING,4,380,0,0,553,1,1,1,TRANSACTION_ANOMALY
CUST_72741,2499.95,"Martinez, Smith and Mendez",TRAVEL,CN,NET_BANKING,3,44,0,0,1512,0,0,0,LEGITIMATE
CUST_40718,2133.77,Ferguson-Perez,ECOMMERCE,NG,WALLET,3,272,0,0,1279,0,0,0,LEGITIMATE
CUST_62338,5764.46,Holt-Marks,TRAVEL,US,CREDIT_CARD,1,369,0,0,1252,0,0,0,LEGITIMATE
CUST_43690,7532.99,Ortiz PLC,EDUCATION,NG,UPI,11,1,1,1,1094,1,1,1,ACCOUNT_TAKEOVER
CUST_68494,25726.17,Cole Group,ECOMMERCE,CN,WALLET,16,1,1,1,285,1,1,1,MULTI_SIGNAL_ATTACK
CUST_95013,4466.96,"Nichols, Cole and Huang",GROCERY,US,DEBIT_CARD,4,950,0,0,1121,0,0,0,LEGITIMATE
CUST_41465,5034.3,"Christian, Myers and Peterson",ENTERTAINMENT,GB,UPI,3,92,0,0,2279,0,0,0,LEGITIMATE
CUST_30425,4811.34,Wagner Inc,GROCERY,NG,UPI,4,749,0,0,1093,0,0,0,LEGITIMATE
CUST_92291,4023.16,"Anderson, Williams and Snyder",GROCERY,NG,WALLET,3,990,0,0,2315,0,0,0,LEGITIMATE
CUST_96136,2018.91,Kennedy-Shah,TRAVEL,CN,UPI,1,389,0,0,743,0,0,0,LEGITIMATE
CUST_68383,3510.46,"Cooper, Martinez and Gordon",ECOMMERCE,CN,NET_BANKING,3,940,0,0,2282,0,0,0,LEGITIMATE
CUST_63298,3978.58,"Perry, Harmon and Owens",TRAVEL,CN,CREDIT_CARD,4,895,0,0,532,0,0,0,LEGITIMATE
CUST_21246,340.49,Meyers-Smith,OTHER,NG,DEBIT_CARD,2,957,0,0,990,0,0,0,LEGITIMATE
CUST_19878,17786.11,Morris-Zamora,EDUCATION,IN,NET_BANKING,1,464,0,0,2361,0,1,1,TRANSACTION_ANOMALY
CUST_90914,5636.12,"Mcconnell, Davis and Brown",EDUCATION,NG,NET_BANKING,1,544,0,0,2264,0,0,0,LEGITIMATE
CUST_28168,2203.75,Maxwell Inc,OTHER,GB,WALLET,2,293,0,0,767,0,0,0,LEGITIMATE
CUST_74754,3582.86,Garrison LLC,EDUCATION,GB,NET_BANKING,22,2,1,1,1688,1,1,1,MULTI_SIGNAL_ATTACK
CUST_53775,1438.04,King-Herrera,HEALTHCARE,NG,DEBIT_CARD,2,641,0,0,1898,0,0,0,LEGITIMATE
CUST_75897,3399.18,Allen PLC,ECOMMERCE,IN,UPI,4,274,0,0,255,0,0,0,LEGITIMATE
CUST_42916,2835.08,Montgomery Group,ECOMMERCE,GB,UPI,1,97,0,0,1427,1,0,1,MERCHANT_ANOMALY
CUST_77881,744.3,Dorsey-Johnson,FOOD,US,WALLET,1,485,0,0,790,0,0,0,LEGITIMATE
CUST_22068,5624.162550423107,Wilson PLC,EDUCATION,CN,UPI,8,3,0,1,7,1,1,1,SYNTHETIC_IDENTITY
CUST_82553,1213.89,Sims Inc,EDUCATION,US,UPI,1,905,0,0,834,0,0,0,LEGITIMATE
CUST_39216,2673.82,Scott-Tucker,ECOMMERCE,US,DEBIT_CARD,1,194,0,0,1507,0,0,0,LEGITIMATE
CUST_54210,4463.96,Werner and Sons,OTHER,CN,UPI,3,623,0,0,1258,0,0,0,LEGITIMATE
CUST_87170,382.23,Bailey-Lindsey,OTHER,NG,NET_BANKING,4,31,0,0,1497,0,0,0,LEGITIMATE
CUST_57235,2907.92,Johnson LLC,TRAVEL,NG,UPI,1,950,0,0,1785,0,0,0,LEGITIMATE
CUST_44832,1688.34,"Russell, Morris and Munoz",ENTERTAINMENT,GB,WALLET,2,834,0,1,916,0,0,1,PAYMENT_METHOD_ABUSE
CUST_90750,3740.1,Andersen Inc,ECOMMERCE,NG,NET_BANKING,3,715,0,0,2120,0,0,0,LEGITIMATE
CUST_50881,43349.25,Evans PLC,OTHER,NG,CREDIT_CARD,2,799,0,0,1297,1,1,1,TRANSACTION_ANOMALY
CUST_35281,3373.76,Walls PLC,GROCERY,GB,NET_BANKING,3,173,1,0,2342,0,0,1,GEOGRAPHIC_ANOMALY
CUST_90739,2786.42,Glenn Ltd,FOOD,IN,WALLET,3,247,0,0,604,0,0,0,LEGITIMATE
CUST_94187,3059.32,Cole Group,EDUCATION,IN,WALLET,2,91,0,0,1427,0,0,0,LEGITIMATE
CUST_85477,4877.17,Gomez LLC,OTHER,US,DEBIT_CARD,1,250,0,0,2401,0,0,0,LEGITIMATE
CUST_77056,4062.31,"Harris, Hart and Mitchell",GROCERY,NG,WALLET,1,137,0,0,648,1,0,1,MERCHANT_ANOMALY
CUST_97355,3351.95,Ball Inc,HEALTHCARE,NG,UPI,4,602,0,0,1535,0,0,0,LEGITIMATE
CUST_17983,461.98,Taylor-Silva,EDUCATION,NG,DEBIT_CARD,1,36,0,0,1620,1,0,1,MERCHANT_ANOMALY
CUST_45401,5042.25,"Mcbride, Rivera and Smith",GROCERY,US,CREDIT_CARD,1,869,1,0,1750,0,0,1,GEOGRAPHIC_ANOMALY
CUST_41489,1576.65,"Kelly, Williams and Jensen",HEALTHCARE,IN,NET_BANKING,1,152,0,0,1735,0,0,0,LEGITIMATE
CUST_55093,21451.70045493064,Bowen Group,FOOD,NG,WALLET,9,9,0,1,25,1,1,1,SYNTHETIC_IDENTITY
CUST_96238,1921.67,Hernandez Inc,FOOD,NG,DEBIT_CARD,4,354,0,0,223,0,0,0,LEGITIMATE
CUST_84577,2090.6,Harris LLC,HEALTHCARE,IN,WALLET,4,55,0,0,557,0,0,0,LEGITIMATE
CUST_84713,671.4228088307622,"Robinson, Parker and David",EDUCATION,IN,WALLET,23,945,0,0,141,0,0,1,VELOCITY_ABUSE
CUST_60462,37385.73,Mendoza-Bryant,ENTERTAINMENT,IN,UPI,9,3,1,1,1225,1,1,1,MULTI_SIGNAL_ATTACK
CUST_58708,1769.12,"Miller, Simon and Lamb",ECOMMERCE,GB,CREDIT_CARD,3,472,0,0,834,0,0,0,LEGITIMATE
CUST_32647,3692.55,"Marshall, Sanders and Mcintosh",GROCERY,NG,UPI,3,451,0,0,1292,0,0,0,LEGITIMATE
CUST_46211,4760.13,Mitchell LLC,HEALTHCARE,GB,UPI,4,613,0,0,2288,0,0,0,LEGITIMATE
CUST_37566,4829.2,"Mathews, Davies and Gibson",GROCERY,GB,UPI,4,804,0,0,697,0,0,0,LEGITIMATE
CUST_98108,989.32,Ballard-James,FOOD,IN,WALLET,1,671,0,0,1214,0,0,0,LEGITIMATE
CUST_10192,3866.63,Scott Inc,FOOD,NG,NET_BANKING,4,733,0,0,990,0,0,0,LEGITIMATE
CUST_13480,3509.35,Smith-Flowers,FOOD,US,WALLET,4,573,0,0,1505,0,0,0,LEGITIMATE
CUST_15615,3879.86,Ruiz Inc,ENTERTAINMENT,US,DEBIT_CARD,2,364,0,0,1099,0,0,0,LEGITIMATE
CUST_80756,18986.68,Perez Group,ECOMMERCE,NG,WALLET,10,1,1,1,1358,1,1,1,MULTI_SIGNAL_ATTACK
CUST_58263,4476.44,Williams Inc,EDUCATION,NG,WALLET,3,240,0,0,2290,0,0,0,LEGITIMATE
CUST_18067,791.55,Malone-Guzman,OTHER,GB,WALLET,1,770,0,0,1901,0,0,0,LEGITIMATE
CUST_87663,1698.1,Gonzalez and Sons,ENTERTAINMENT,IN,DEBIT_CARD,1,278,0,1,1459,0,0,1,PAYMENT_METHOD_ABUSE
CUST_74784,1997.3,Jones-Parks,GROCERY,IN,UPI,1,771,0,0,167,0,0,0,LEGITIMATE
CUST_27716,2104.79,Payne PLC,FOOD,GB,CREDIT_CARD,3,199,0,0,817,0,0,0,LEGITIMATE
CUST_51723,1106.82,Long-Duarte,EDUCATION,US,DEBIT_CARD,1,308,0,0,1368,0,0,0,LEGITIMATE
CUST_45249,3110.63,"Fox, Nash and Schaefer",TRAVEL,US,CREDIT_CARD,2,707,0,0,444,1,1,1,TRANSACTION_ANOMALY
CUST_87176,976.23,Simmons Ltd,OTHER,IN,NET_BANKING,3,557,0,0,1077,0,0,0,LEGITIMATE
CUST_40694,2212.12,Daniels-Barnes,GROCERY,GB,WALLET,2,983,0,0,675,0,0,0,LEGITIMATE
CUST_98704,21972.75423127099,"Howe, Fox and Pearson",GROCERY,IN,CREDIT_CARD,4,1,0,1,30,1,1,1,SYNTHETIC_IDENTITY
CUST_31587,985.39,Brown and Sons,GROCERY,US,CREDIT_CARD,4,375,0,0,878,0,0,0,LEGITIMATE
CUST_58323,884.54,Kemp and Sons,ECOMMERCE,IN,DEBIT_CARD,2,427,1,0,1628,0,0,1,GEOGRAPHIC_ANOMALY
CUST_48460,5469.2,Gomez and Sons,ENTERTAINMENT,GB,NET_BANKING,1,797,0,0,1016,0,0,0,LEGITIMATE
CUST_73788,5262.81,Gibson PLC,GROCERY,NG,UPI,1,380,0,0,1110,0,0,0,LEGITIMATE
CUST_90443,2618.55,Jones-Morales,ENTERTAINMENT,IN,DEBIT_CARD,2,436,0,0,1534,0,0,0,LEGITIMATE
CUST_29975,6931.88,"Waters, Thompson and Garcia",OTHER,IN,DEBIT_CARD,10,2,1,1,1387,1,1,1,MULTI_SIGNAL_ATTACK
CUST_55852,2578.29,Lopez PLC,FOOD,NG,UPI,3,637,0,0,1916,0,0,0,LEGITIMATE
CUST_56830,1308.21,Sanchez-Heath,EDUCATION,US,UPI,2,128,0,0,1537,0,0,0,LEGITIMATE
CUST_73427,1495.04,"Bush, Jones and Hardy",ENTERTAINMENT,US,DEBIT_CARD,2,610,0,0,842,0,0,0,LEGITIMATE
CUST_80089,3314.93,"Parker, Dean and Harris",GROCERY,US,DEBIT_CARD,4,206,0,0,274,0,0,0,LEGITIMATE
CUST_60326,1436.51,"Jones, Gonzalez and Rivera",ECOMMERCE,IN,UPI,3,891,0,0,1317,0,0,0,LEGITIMATE
CUST_74309,758.76,"Newman, Pierce and Watkins",FOOD,IN,CREDIT_CARD,4,170,0,0,2142,1,0,1,MERCHANT_ANOMALY
CUST_17937,5010.25,Phillips Inc,TRAVEL,IN,UPI,1,148,0,0,925,0,0,0,LEGITIMATE
CUST_24827,1603.97,Nelson-Clark,ENTERTAINMENT,IN,NET_BANKING,1,318,0,0,893,0,0,0,LEGITIMATE
CUST_42549,25214.03,Simon-Jordan,OTHER,CN,UPI,2,786,0,0,1934,1,1,1,TRANSACTION_ANOMALY
CUST_13085,2426.86,Johnson-Rhodes,GROCERY,CN,UPI,4,657,0,0,549,0,0,0,LEGITIMATE
CUST_86507,2107.54,Kim PLC,TRAVEL,CN,UPI,3,109,0,0,2152,0,0,0,LEGITIMATE
CUST_18341,42221.65,"Thomas, Roman and Alexander",EDUCATION,GB,NET_BANKING,4,492,0,0,897,1,1,1,TRANSACTION_ANOMALY
CUST_34903,637.48,"Craig, Mendoza and Sims",EDUCATION,NG,WALLET,1,962,0,0,921,0,0,0,LEGITIMATE
CUST_23888,10155.9,Davis and Sons,HEALTHCARE,US,CREDIT_CARD,12,0,1,1,1187,1,1,1,ACCOUNT_TAKEOVER
CUST_46956,2899.69,Martinez Inc,HEALTHCARE,US,WALLET,2,245,0,0,613,0,0,0,LEGITIMATE
CUST_82339,658.21,"Montes, Brown and Gutierrez",ECOMMERCE,GB,WALLET,1,471,0,1,381,0,0,1,PAYMENT_METHOD_ABUSE
CUST_50291,2253.09,"Roth, Herrera and Jacobs",OTHER,CN,CREDIT_CARD,3,949,0,0,1289,0,0,0,LEGITIMATE
CUST_18905,1552.27,Barnes Inc,HEALTHCARE,IN,NET_BANKING,2,626,0,0,480,0,0,0,LEGITIMATE
CUST_17868,29835.81,Cox-Walsh,TRAVEL,CN,UPI,4,40,0,0,837,1,1,1,TRANSACTION_ANOMALY
CUST_37555,4763.07,Jimenez Inc,ENTERTAINMENT,US,UPI,3,758,0,0,1681,0,0,0,LEGITIMATE
CUST_59325,2793.73,Branch-Dixon,OTHER,US,CREDIT_CARD,4,384,0,0,2408,0,0,0,LEGITIMATE
CUST_13382,4051.34,"Carter, Patton and Hunter",HEALTHCARE,IN,NET_BANKING,4,571,0,0,2156,0,0,0,LEGITIMATE
CUST_43838,1065.3,Owens-Singleton,GROCERY,GB,CREDIT_CARD,3,822,0,0,1286,0,0,0,LEGITIMATE
CUST_76710,1365.77,Hernandez-Harvey,TRAVEL,GB,UPI,2,445,0,0,2497,0,0,0,LEGITIMATE
CUST_61082,2687.35,Evans-Barnes,ENTERTAINMENT,IN,UPI,4,149,0,0,1782,0,0,0,LEGITIMATE
CUST_25666,735.73,"Santos, Thompson and Johnson",FOOD,NG,NET_BANKING,4,764,0,0,2235,0,0,0,LEGITIMATE
CUST_67741,1873.87,"King, Moss and Warren",OTHER,GB,NET_BANKING,3,413,0,0,932,0,0,0,LEGITIMATE
CUST_26439,3282.01,"Aguirre, Wagner and Giles",ECOMMERCE,US,WALLET,1,355,0,1,1925,0,0,1,PAYMENT_METHOD_ABUSE
CUST_52872,17066.48,"Lee, Vasquez and Obrien",ECOMMERCE,US,UPI,23,0,1,1,1196,1,1,1,MULTI_SIGNAL_ATTACK
CUST_94139,4942.69,Colon-Johnson,HEALTHCARE,GB,UPI,1,102,0,0,256,0,0,0,LEGITIMATE
CUST_73561,807.95,Fowler-Carson,ENTERTAINMENT,IN,CREDIT_CARD,3,631,0,0,832,0,0,0,LEGITIMATE
CUST_32991,1113.19,Burnett-Fisher,HEALTHCARE,US,NET_BANKING,1,405,0,0,474,0,0,0,LEGITIMATE
CUST_57975,3913.4,Welch-Lowe,HEALTHCARE,US,CREDIT_CARD,3,471,0,0,1430,0,0,0,LEGITIMATE
CUST_52037,3993.93,Brown-Richardson,ENTERTAINMENT,US,DEBIT_CARD,2,478,1,0,669,0,0,1,GEOGRAPHIC_ANOMALY
CUST_76228,891.15,Evans Ltd,GROCERY,US,DEBIT_CARD,1,458,0,0,583,0,0,0,LEGITIMATE
CUST_48347,963.13,"Bradley, Reeves and Kennedy",GROCERY,CN,NET_BANKING,1,878,0,0,2368,0,0,0,LEGITIMATE
CUST_99989,347.78,Adams-Payne,OTHER,GB,NET_BANKING,2,479,0,0,467,0,0,0,LEGITIMATE
CUST_32313,1282.85,Owens-Mullen,GROCERY,IN,WALLET,1,782,0,0,1561,0,0,0,LEGITIMATE
CUST_85097,290.59,"Li, Gates and Reed",GROCERY,CN,DEBIT_CARD,4,775,0,0,1432,1,0,1,MERCHANT_ANOMALY
CUST_62030,7208.15,Taylor Ltd,FOOD,CN,UPI,3,715,0,0,2357,0,0,0,LEGITIMATE
CUST_56037,2064.29,Hammond and Sons,EDUCATION,US,UPI,1,957,0,0,548,0,0,0,LEGITIMATE
CUST_13572,2177.56,"Byrd, Escobar and Brennan",GROCERY,US,WALLET,1,334,0,0,166,0,0,0,LEGITIMATE
CUST_17664,590.6,Acosta Inc,ECOMMERCE,US,DEBIT_CARD,4,352,0,0,1717,0,0,0,LEGITIMATE
CUST_26332,5294.53,Brown Ltd,ENTERTAINMENT,CN,WALLET,4,58,0,0,2497,1,0,1,MERCHANT_ANOMALY
CUST_66414,3470.51,"Davis, Cole and Farley",FOOD,US,UPI,2,213,0,0,1478,0,0,0,LEGITIMATE
CUST_14299,3846.71,"Dixon, Martinez and Meyer",OTHER,IN,DEBIT_CARD,4,498,0,0,2058,1,1,1,TRANSACTION_ANOMALY
CUST_43265,3331.07,Morrison Group,ECOMMERCE,GB,NET_BANKING,4,63,0,0,2477,0,0,0,LEGITIMATE
CUST_20753,2792.53,Young-Lang,OTHER,CN,WALLET,1,150,0,0,2021,0,0,0,LEGITIMATE
CUST_23609,2613.9523532915377,"Rodriguez, Cervantes and Shannon",GROCERY,US,UPI,26,997,0,0,291,0,0,1,VELOCITY_ABUSE
CUST_31548,2133.92,Miller and Sons,OTHER,US,NET_BANKING,1,437,0,0,635,0,0,0,LEGITIMATE
CUST_95588,4542.0,Montes-Ryan,ENTERTAINMENT,US,UPI,3,449,0,0,1021,0,0,0,LEGITIMATE
CUST_14540,1087.31,"Lloyd, Martin and Cruz",TRAVEL,GB,NET_BANKING,3,362,1,0,1171,0,0,1,GEOGRAPHIC_ANOMALY
CUST_71221,2435.16,Thompson LLC,ECOMMERCE,US,WALLET,1,939,0,0,2428,0,0,0,LEGITIMATE
CUST_49037,5877.61,Torres-Weiss,EDUCATION,IN,CREDIT_CARD,3,514,0,1,1590,0,0,1,PAYMENT_METHOD_ABUSE
CUST_16613,1605.31,"Pugh, Morris and Mcdowell",EDUCATION,NG,UPI,1,805,0,0,639,0,0,0,LEGITIMATE
CUST_44758,4321.82,Wood and Sons,OTHER,US,CREDIT_CARD,10,3,1,1,842,1,1,1,ACCOUNT_TAKEOVER
CUST_32069,1214.77,Marshall-Watson,TRAVEL,CN,UPI,3,857,0,0,1003,0,0,0,LEGITIMATE
CUST_62064,582.23,"Savage, Davis and Russell",HEALTHCARE,GB,CREDIT_CARD,4,357,0,0,69,0,0,0,LEGITIMATE
CUST_61500,2015.13,Haas-Thompson,TRAVEL,US,NET_BANKING,1,108,0,0,993,0,0,0,LEGITIMATE
CUST_74406,19115.065938693097,"Williams, Wilkins and Owens",TRAVEL,GB,DEBIT_CARD,5,9,0,1,13,1,1,1,SYNTHETIC_IDENTITY
CUST_28616,3612.38,Reilly LLC,ENTERTAINMENT,US,CREDIT_CARD,4,981,0,0,1456,0,0,0,LEGITIMATE
CUST_61152,1666.65,Hanna PLC,EDUCATION,CN,UPI,3,913,0,0,384,0,0,0,LEGITIMATE
CUST_57715,2265.32,"Frazier, Mcbride and Williams",ECOMMERCE,NG,NET_BANKING,2,270,0,0,2163,0,0,0,LEGITIMATE
CUST_96886,3156.53,Cross-Moore,ECOMMERCE,IN,DEBIT_CARD,1,390,0,0,1187,0,0,0,LEGITIMATE
CUST_93167,2581.38,Taylor PLC,EDUCATION,US,NET_BANKING,1,585,0,0,2390,0,0,0,LEGITIMATE
CUST_12900,2142.66,Wallace-Wright,HEALTHCARE,NG,NET_BANKING,1,220,0,0,2001,0,0,0,LEGITIMATE
CUST_28759,1270.78,Reese and Sons,GROCERY,GB,WALLET,1,317,0,0,2014,0,0,0,LEGITIMATE
CUST_71648,6834.343250243392,Thompson Group,FOOD,NG,DEBIT_CARD,10,4,0,1,9,1,1,1,SYNTHETIC_IDENTITY
CUST_68926,971.36,"Cole, Parks and White",ECOMMERCE,CN,WALLET,4,771,0,0,753,0,0,0,LEGITIMATE
CUST_75968,9428.940704126602,Anderson-Wagner,HEALTHCARE,NG,UPI,17,655,0,0,1170,0,0,1,VELOCITY_ABUSE
CUST_85249,230.79,Spencer-West,TRAVEL,US,UPI,1,830,0,0,2122,0,0,0,LEGITIMATE
CUST_90879,26772.39,"Andrews, Baker and Stephens",FOOD,IN,NET_BANKING,9,0,1,1,1445,1,1,1,ACCOUNT_TAKEOVER
CUST_91916,15773.62,"Walker, Andrade and Pena",HEALTHCARE,US,DEBIT_CARD,3,367,0,0,881,1,1,1,TRANSACTION_ANOMALY
CUST_88943,1270.75,"Ayala, Smith and Powell",EDUCATION,US,NET_BANKING,4,213,0,0,1090,0,0,0,LEGITIMATE
CUST_34296,1200.63,Jimenez LLC,HEALTHCARE,IN,UPI,1,431,0,0,634,0,0,0,LEGITIMATE
CUST_91067,4318.54,Hughes-Owen,TRAVEL,US,WALLET,3,128,0,0,2399,0,0,0,LEGITIMATE
CUST_21186,324.92,Williams Group,FOOD,GB,NET_BANKING,3,883,0,0,1646,0,0,0,LEGITIMATE
CUST_87711,2738.58,"Adams, Johnson and Garner",ECOMMERCE,IN,DEBIT_CARD,1,783,0,0,1361,0,0,0,LEGITIMATE
CUST_54698,5314.361458490139,Wells-Monroe,TRAVEL,GB,CREDIT_CARD,10,2,0,1,17,1,1,1,SYNTHETIC_IDENTITY
CUST_35337,1734.79,"Smith, Collins and Adams",FOOD,IN,WALLET,3,911,0,0,2378,0,0,0,LEGITIMATE
CUST_17106,15369.417494688492,Downs LLC,EDUCATION,US,UPI,8,9,0,1,13,1,1,1,SYNTHETIC_IDENTITY
CUST_91089,3033.07,"Anderson, Woodward and Schultz",EDUCATION,IN,NET_BANKING,2,171,0,0,2407,0,0,0,LEGITIMATE
CUST_35862,10811.549509550674,"Harmon, Barajas and Schroeder",OTHER,GB,CREDIT_CARD,7,3,0,1,28,1,1,1,SYNTHETIC_IDENTITY
CUST_99111,693.64,Walker-Baker,ENTERTAINMENT,US,WALLET,4,232,0,0,1061,0,0,0,LEGITIMATE
CUST_25681,3859.59,Miller-Yates,OTHER,CN,UPI,2,178,0,0,2067,0,0,0,LEGITIMATE
CUST_22945,22779.68287165935,"Smith, Aguilar and Lewis",GROCERY,GB,DEBIT_CARD,7,7,0,1,22,1,1,1,SYNTHETIC_IDENTITY
CUST_36739,328.05,Erickson LLC,HEALTHCARE,CN,CREDIT_CARD,3,583,0,0,455,0,0,0,LEGITIMATE
CUST_40986,4299.07,Wright and Sons,GROCERY,GB,WALLET,4,133,0,0,2321,0,0,0,LEGITIMATE
CUST_13197,379.14,"Dunlap, Rice and Wood",ECOMMERCE,GB,UPI,4,779,0,0,1252,0,0,0,LEGITIMATE
CUST_36444,5064.73,"Henderson, Kim and White",FOOD,US,NET_BANKING,1,945,0,0,1237,0,0,0,LEGITIMATE
CUST_59901,2400.96,Williams-Williams,HEALTHCARE,US,UPI,3,922,0,0,973,0,0,0,LEGITIMATE
CUST_44140,1669.99,Brady Inc,TRAVEL,US,UPI,4,587,0,0,894,0,0,0,LEGITIMATE
CUST_84900,5831.29,"Hutchinson, Ford and Roy",GROCERY,US,NET_BANKING,3,379,0,0,606,0,0,0,LEGITIMATE
CUST_82228,18233.10499580859,"Haas, Roberts and Farley",FOOD,US,NET_BANKING,5,5,0,1,25,1,1,1,SYNTHETIC_IDENTITY
CUST_48448,6323.54,Sullivan-Kramer,ECOMMERCE,NG,CREDIT_CARD,4,376,0,0,2474,0,0,0,LEGITIMATE
CUST_23082,2988.46,Phelps PLC,EDUCATION,US,CREDIT_CARD,3,899,0,0,850,0,0,0,LEGITIMATE
CUST_60597,4306.49,"Murray, Dean and Jones",FOOD,CN,NET_BANKING,2,261,0,0,364,0,0,0,LEGITIMATE
CUST_69333,2506.0,Moore-Reynolds,ECOMMERCE,CN,NET_BANKING,3,525,0,0,111,0,0,0,LEGITIMATE
CUST_10532,2976.19,Wilson and Sons,HEALTHCARE,NG,DEBIT_CARD,4,838,0,0,1740,0,0,0,LEGITIMATE
CUST_79290,3945.97,"Coffey, Cobb and Wilson",GROCERY,GB,NET_BANKING,4,487,0,0,2466,0,0,0,LEGITIMATE
CUST_28456,3580.02,"Cervantes, Combs and Ayers",FOOD,GB,WALLET,1,660,0,0,245,0,0,0,LEGITIMATE
CUST_23856,3752.25,Hawkins-Ray,OTHER,NG,UPI,4,736,1,0,1574,0,0,1,GEOGRAPHIC_ANOMALY
CUST_43880,2087.74,Cook PLC,OTHER,IN,UPI,4,372,0,0,88,1,0,1,MERCHANT_ANOMALY
CUST_10158,8793.937701192086,Fritz-Brock,FOOD,CN,NET_BANKING,29,80,0,0,1096,0,0,1,VELOCITY_ABUSE
CUST_26475,1527.63,Martin-Campos,HEALTHCARE,CN,UPI,1,625,0,0,1580,0,0,0,LEGITIMATE
CUST_48570,6933.623265078671,Parker-Carter,TRAVEL,GB,UPI,23,431,0,0,394,0,0,1,VELOCITY_ABUSE
CUST_17369,7011.361387960891,"Meadows, Ayers and Nelson",EDUCATION,NG,NET_BANKING,6,4,0,1,7,1,1,1,SYNTHETIC_IDENTITY
CUST_36564,15294.2,Wilson Group,HEALTHCARE,GB,WALLET,12,3,1,1,1500,1,1,1,MULTI_SIGNAL_ATTACK
CUST_94823,1627.82,"Newman, Ritter and Grant",OTHER,US,NET_BANKING,4,129,0,0,1134,0,0,0,LEGITIMATE
CUST_20069,4209.11,"Adams, Price and Rose",TRAVEL,IN,UPI,3,641,0,0,1920,1,0,1,MERCHANT_ANOMALY
CUST_35594,3100.76,"Villa, Byrd and Barnes",GROCERY,GB,NET_BANKING,3,544,0,0,1133,0,0,0,LEGITIMATE
CUST_96156,16528.4,Davis PLC,ENTERTAINMENT,GB,WALLET,11,2,1,1,556,1,1,1,MULTI_SIGNAL_ATTACK
CUST_36787,9815.698559363107,Green-Holloway,GROCERY,US,WALLET,9,7,0,1,12,1,1,1,SYNTHETIC_IDENTITY
CUST_61036,3862.84,Waller Ltd,TRAVEL,GB,WALLET,3,63,0,0,632,0,0,0,LEGITIMATE
CUST_50532,3311.18,Welch and Sons,TRAVEL,GB,NET_BANKING,1,235,0,0,122,0,0,0,LEGITIMATE
CUST_58258,21612.83,"Gordon, York and Dixon",EDUCATION,NG,NET_BANKING,18,3,1,1,1060,1,1,1,MULTI_SIGNAL_ATTACK
CUST_94510,4028.07,Wood-Watson,GROCERY,NG,NET_BANKING,1,666,0,0,31,0,0,0,LEGITIMATE
CUST_47086,6178.76,Cunningham Ltd,TRAVEL,IN,DEBIT_CARD,12,0,1,1,124,1,1,1,ACCOUNT_TAKEOVER
CUST_77288,461.55,"Miles, Williams and Smith",TRAVEL,NG,DEBIT_CARD,3,120,0,0,656,0,0,0,LEGITIMATE
CUST_37604,3854.2,Smith Inc,TRAVEL,IN,WALLET,1,341,0,0,146,0,0,0,LEGITIMATE
CUST_67829,21822.97,Mcintosh and Sons,ECOMMERCE,CN,WALLET,3,359,0,0,1081,1,1,1,TRANSACTION_ANOMALY
CUST_91006,1859.56,Stein Ltd,OTHER,CN,UPI,3,415,1,0,144,0,0,1,GEOGRAPHIC_ANOMALY
CUST_27878,4199.88,Ochoa Ltd,ECOMMERCE,US,DEBIT_CARD,3,935,0,0,1595,0,0,0,LEGITIMATE
CUST_64313,2649.87,"Wood, Powell and Brock",GROCERY,IN,DEBIT_CARD,1,602,0,0,1433,0,0,0,LEGITIMATE
CUST_28071,779.53,Mayer-Brown,ECOMMERCE,CN,CREDIT_CARD,4,707,1,0,1236,0,0,1,GEOGRAPHIC_ANOMALY
CUST_86238,15694.15,Hardin Ltd,HEALTHCARE,GB,WALLET,15,2,1,1,198,1,1,1,MULTI_SIGNAL_ATTACK
CUST_92638,5974.72,"Williams, Jones and Gregory",FOOD,CN,WALLET,1,670,0,0,203,0,0,0,LEGITIMATE
CUST_79640,28072.598741633024,Arias LLC,OTHER,IN,WALLET,4,10,0,1,17,1,1,1,SYNTHETIC_IDENTITY
CUST_21135,3012.46,Cunningham-Barber,GROCERY,NG,DEBIT_CARD,2,938,0,0,141,0,0,0,LEGITIMATE
CUST_62313,3894.03,Austin-Black,TRAVEL,CN,DEBIT_CARD,3,490,0,0,2394,1,0,1,MERCHANT_ANOMALY
CUST_56885,5125.95,Mendoza Inc,ENTERTAINMENT,GB,CREDIT_CARD,2,387,0,0,1762,0,0,0,LEGITIMATE
CUST_48270,4312.89,"King, Moreno and Brown",EDUCATION,US,DEBIT_CARD,4,196,0,0,1878,0,0,0,LEGITIMATE
CUST_50129,5011.401049941161,"Blackburn, Mccormick and Dorsey",ECOMMERCE,US,WALLET,12,88,0,0,98,0,0,1,VELOCITY_ABUSE
CUST_55220,1882.43,Mccoy and Sons,HEALTHCARE,GB,CREDIT_CARD,1,700,0,0,338,0,0,0,LEGITIMATE
CUST_35067,5414.02,Melton-Lucas,TRAVEL,CN,WALLET,3,271,0,0,1525,0,0,0,LEGITIMATE
CUST_85539,842.86,Brown Inc,EDUCATION,IN,NET_BANKING,2,485,0,0,397,0,0,0,LEGITIMATE
CUST_60331,3042.86,Rivas-Perez,ENTERTAINMENT,US,NET_BANKING,3,620,0,1,1340,0,0,1,PAYMENT_METHOD_ABUSE
CUST_78306,1813.68,Pitts Ltd,ECOMMERCE,US,WALLET,3,786,0,0,2384,0,0,0,LEGITIMATE
CUST_33910,4828.04,Lee Group,GROCERY,CN,CREDIT_CARD,3,724,1,0,141,0,0,1,GEOGRAPHIC_ANOMALY
CUST_50393,1029.01,Johnson-Davies,OTHER,GB,WALLET,1,405,0,0,2285,0,0,0,LEGITIMATE
CUST_23742,2866.09,"Brown, Turner and Callahan",GROCERY,CN,DEBIT_CARD,4,497,0,0,2280,0,0,0,LEGITIMATE
CUST_53018,3531.96,"Cochran, Andrews and Swanson",HEALTHCARE,US,UPI,2,617,0,0,253,0,0,0,LEGITIMATE
CUST_19756,3504.91,Garcia-Campbell,TRAVEL,US,CREDIT_CARD,1,265,0,0,136,0,0,0,LEGITIMATE
CUST_93873,5123.59,Moran Inc,OTHER,US,CREDIT_CARD,4,206,0,0,2023,1,0,1,MERCHANT_ANOMALY
CUST_68726,2325.85,Smith-Freeman,FOOD,GB,DEBIT_CARD,1,535,0,0,1368,0,0,0,LEGITIMATE
CUST_89593,4463.1,Williams PLC,ECOMMERCE,US,CREDIT_CARD,1,508,0,0,1776,0,0,0,LEGITIMATE
CUST_60741,5509.01,Bishop Inc,TRAVEL,CN,CREDIT_CARD,4,194,0,0,1788,0,0,0,LEGITIMATE
CUST_22930,3261.64,Dunn-Castillo,ECOMMERCE,US,UPI,2,684,0,0,881,1,0,1,MERCHANT_ANOMALY
CUST_55935,5323.2,"Nixon, Ortiz and Walker",FOOD,US,WALLET,3,895,0,0,1659,0,0,0,LEGITIMATE
CUST_88415,338.74,Mckenzie-Foley,ENTERTAINMENT,NG,UPI,3,970,0,0,164,0,0,0,LEGITIMATE
CUST_37268,3900.42,Miller Group,ECOMMERCE,CN,UPI,2,387,0,1,1828,0,0,1,PAYMENT_METHOD_ABUSE
CUST_76591,5573.28,Frazier-Gould,EDUCATION,NG,UPI,3,950,0,0,1479,0,0,0,LEGITIMATE
CUST_97036,2061.19,"Hines, Johnson and Lutz",OTHER,CN,CREDIT_CARD,3,993,0,0,1354,0,0,0,LEGITIMATE
CUST_16849,3595.97,Miller Inc,EDUCATION,CN,UPI,3,629,0,0,1653,0,0,0,LEGITIMATE
CUST_94038,1822.14,"Wheeler, Carter and Harmon",TRAVEL,GB,UPI,3,923,0,0,51,0,0,0,LEGITIMATE
CUST_31717,2224.86,"Shelton, Moss and Carlson",EDUCATION,GB,WALLET,1,834,0,0,1769,0,0,0,LEGITIMATE
CUST_49243,1426.46,Wilson-Hoffman,FOOD,CN,NET_BANKING,2,546,0,0,1657,1,0,1,MERCHANT_ANOMALY
CUST_48764,12148.22,Brewer-Graves,TRAVEL,CN,NET_BANKING,2,58,0,0,448,0,1,1,TRANSACTION_ANOMALY
CUST_24405,2683.7,"Moore, Jackson and Morris",GROCERY,US,UPI,3,301,0,1,785,0,0,1,PAYMENT_METHOD_ABUSE
CUST_74567,5468.62,"Dawson, Ayers and Lawrence",HEALTHCARE,US,CREDIT_CARD,4,299,0,0,1578,0,0,0,LEGITIMATE
CUST_87347,857.13,Hendrix LLC,HEALTHCARE,IN,CREDIT_CARD,3,312,0,0,1960,0,0,0,LEGITIMATE
CUST_58457,1650.19,Foster-Nguyen,ECOMMERCE,IN,WALLET,2,369,1,0,2325,0,0,1,GEOGRAPHIC_ANOMALY
CUST_66787,4382.28,"Spence, Carter and Boyle",ECOMMERCE,GB,UPI,3,176,0,0,2448,0,0,0,LEGITIMATE
CUST_27494,976.38,Miller Ltd,HEALTHCARE,CN,CREDIT_CARD,1,97,0,0,2283,0,0,0,LEGITIMATE
CUST_81854,2591.09,Walker LLC,ENTERTAINMENT,NG,WALLET,1,111,1,0,397,0,0,1,GEOGRAPHIC_ANOMALY
CUST_41302,11361.95,Gomez-Martinez,GROCERY,GB,WALLET,14,3,1,1,889,1,1,1,ACCOUNT_TAKEOVER
CUST_93245,4363.52,"Schultz, Trevino and Miller",OTHER,US,UPI,19,2,1,1,447,1,1,1,MULTI_SIGNAL_ATTACK
CUST_45723,16869.179889918203,Hall LLC,EDUCATION,IN,UPI,7,9,0,1,29,1,1,1,SYNTHETIC_IDENTITY
CUST_14723,1524.78,Snyder-Conner,OTHER,NG,DEBIT_CARD,3,348,0,0,1935,0,0,0,LEGITIMATE
CUST_25654,926.93,Malone-Phillips,GROCERY,IN,WALLET,4,807,0,0,1400,0,0,0,LEGITIMATE
CUST_71063,4923.95,"Obrien, Washington and Winters",EDUCATION,CN,NET_BANKING,1,959,0,1,39,0,0,1,PAYMENT_METHOD_ABUSE
CUST_24777,4263.85,"Roberts, Gates and Nelson",FOOD,GB,DEBIT_CARD,2,418,0,0,895,0,0,0,LEGITIMATE
CUST_88767,8393.7,Garcia LLC,HEALTHCARE,GB,WALLET,1,739,0,0,1312,0,0,0,LEGITIMATE
CUST_63638,2095.02,Davis PLC,ENTERTAINMENT,NG,DEBIT_CARD,1,870,0,0,2418,1,0,1,MERCHANT_ANOMALY
CUST_83839,3196.13,"Martinez, Walters and Smith",GROCERY,NG,CREDIT_CARD,2,539,0,1,1061,0,0,1,PAYMENT_METHOD_ABUSE
CUST_12547,4388.84,"Walton, Mata and Mason",ECOMMERCE,CN,UPI,1,975,1,0,74,0,0,1,GEOGRAPHIC_ANOMALY
CUST_86854,2294.6,Carlson Group,FOOD,NG,UPI,3,645,0,0,1601,0,0,0,LEGITIMATE
CUST_44256,1135.38,"Hebert, Daniel and Escobar",HEALTHCARE,NG,NET_BANKING,3,636,0,0,827,0,0,0,LEGITIMATE
CUST_21144,2600.84,Ramirez PLC,OTHER,NG,WALLET,1,674,0,0,1024,0,0,0,LEGITIMATE
CUST_96810,4821.68,Nelson Group,ECOMMERCE,IN,DEBIT_CARD,2,243,0,0,388,0,0,0,LEGITIMATE
CUST_36481,1892.87,Mcneil-Payne,ECOMMERCE,GB,DEBIT_CARD,4,42,0,0,414,0,0,0,LEGITIMATE
CUST_97708,5110.474811605324,Martin-Harris,TRAVEL,IN,NET_BANKING,26,275,0,0,1935,0,0,1,VELOCITY_ABUSE
CUST_90777,3310.78,Davis Inc,FOOD,NG,DEBIT_CARD,1,880,0,0,197,0,0,0,LEGITIMATE
CUST_76517,1255.75,"Lee, Hall and Morris",GROCERY,US,UPI,2,912,0,0,610,0,0,0,LEGITIMATE
CUST_51688,2819.01,Maynard LLC,OTHER,GB,WALLET,1,455,1,0,489,0,0,1,GEOGRAPHIC_ANOMALY
CUST_72365,3673.5,"Bradley, Flowers and Brown",ENTERTAINMENT,IN,DEBIT_CARD,1,45,0,0,486,0,0,0,LEGITIMATE
CUST_92837,24619.380981414277,"Simmons, Powers and Jimenez",ECOMMERCE,NG,CREDIT_CARD,6,7,0,1,18,1,1,1,SYNTHETIC_IDENTITY
CUST_74512,1143.73,Cruz-Mckay,EDUCATION,US,CREDIT_CARD,1,889,0,0,1159,1,0,1,MERCHANT_ANOMALY
CUST_97499,2700.29,"Gonzalez, Whitaker and Chang",TRAVEL,NG,UPI,4,258,0,0,1967,0,0,0,LEGITIMATE
CUST_39224,2457.77,Jackson Ltd,FOOD,GB,DEBIT_CARD,2,78,0,0,1037,0,0,0,LEGITIMATE
CUST_20708,3203.25,Brown-Cooper,OTHER,US,WALLET,3,443,0,0,1400,0,0,0,LEGITIMATE
CUST_33027,111.56,Weber-Smith,EDUCATION,IN,NET_BANKING,2,74,0,0,363,0,0,0,LEGITIMATE
CUST_77391,62.02,Petersen PLC,TRAVEL,CN,UPI,4,473,1,0,590,0,0,1,GEOGRAPHIC_ANOMALY
CUST_97532,788.36,Wu Inc,GROCERY,CN,WALLET,2,939,0,0,902,1,0,1,MERCHANT_ANOMALY
CUST_92966,1435.79,Wright-White,ECOMMERCE,IN,UPI,3,57,0,0,441,0,0,0,LEGITIMATE
CUST_87319,1655.24,Henry-Hernandez,FOOD,GB,WALLET,3,394,1,0,573,0,0,1,GEOGRAPHIC_ANOMALY
CUST_87830,2165.73,Hickman Ltd,HEALTHCARE,US,UPI,1,325,0,0,1828,0,0,0,LEGITIMATE
CUST_74159,2231.45,Vang and Sons,TRAVEL,GB,CREDIT_CARD,2,612,0,0,1056,0,0,0,LEGITIMATE
CUST_43702,1924.65,Perry LLC,ENTERTAINMENT,NG,NET_BANKING,3,294,1,0,2433,0,0,1,GEOGRAPHIC_ANOMALY
CUST_57592,4723.35,"Brown, Shaw and Welch",FOOD,GB,UPI,2,750,0,0,2016,0,0,0,LEGITIMATE
CUST_77058,7822.68,"Leonard, White and Bell",EDUCATION,IN,UPI,12,2,1,1,2122,1,1,1,ACCOUNT_TAKEOVER
CUST_30349,3566.55,Wong Inc,FOOD,GB,DEBIT_CARD,4,378,1,0,343,0,0,1,GEOGRAPHIC_ANOMALY
CUST_90641,4738.64,Robinson-Greene,OTHER,CN,NET_BANKING,4,785,0,0,909,0,0,0,LEGITIMATE
CUST_25988,1106.02,"Dunlap, Gardner and Cabrera",TRAVEL,GB,DEBIT_CARD,3,810,0,0,1512,0,0,0,LEGITIMATE
CUST_10196,5494.62,Miller-Johnson,ECOMMERCE,NG,UPI,4,170,0,0,863,0,0,0,LEGITIMATE
CUST_33649,968.3205519480548,Case and Sons,TRAVEL,CN,CREDIT_CARD,25,383,0,0,970,0,0,1,VELOCITY_ABUSE
CUST_98446,10942.88,Bush-Brown,ECOMMERCE,GB,DEBIT_CARD,8,0,1,1,242,1,1,1,MULTI_SIGNAL_ATTACK
CUST_79395,3958.56,Jensen Ltd,HEALTHCARE,CN,UPI,2,455,0,0,804,0,0,0,LEGITIMATE
CUST_39670,6306.588162645512,"Webb, Pierce and Mason",FOOD,IN,WALLET,7,2,0,1,17,1,1,1,SYNTHETIC_IDENTITY
CUST_83578,456.27,"Hall, Callahan and Hicks",ECOMMERCE,CN,UPI,4,291,0,0,521,0,0,0,LEGITIMATE
CUST_34864,984.58,"Mccarthy, Garza and Lewis",HEALTHCARE,NG,UPI,2,320,0,0,851,0,0,0,LEGITIMATE
CUST_83903,4026.24,Johnson Group,OTHER,IN,DEBIT_CARD,2,219,0,0,1888,0,0,0,LEGITIMATE
CUST_48147,3989.44,Price-Blanchard,ECOMMERCE,GB,CREDIT_CARD,1,727,0,0,637,0,0,0,LEGITIMATE
CUST_70233,996.09,"Smith, Campbell and Rojas",EDUCATION,IN,DEBIT_CARD,2,33,0,0,951,0,0,0,LEGITIMATE
CUST_96200,1750.53,May Group,TRAVEL,CN,UPI,1,974,0,0,2142,0,0,0,LEGITIMATE
CUST_73693,1794.12,Blair-Shepherd,FOOD,US,DEBIT_CARD,4,986,0,0,516,0,0,0,LEGITIMATE
CUST_88660,3740.07,"Bowen, Roberts and Johnson",TRAVEL,IN,UPI,2,512,0,0,349,0,0,0,LEGITIMATE
CUST_31343,5184.7,"Perez, Carter and Martin",HEALTHCARE,GB,DEBIT_CARD,1,394,0,0,1180,0,0,0,LEGITIMATE
CUST_28788,5585.52,"Fisher, Townsend and Davis",FOOD,US,CREDIT_CARD,4,548,0,0,2243,0,0,0,LEGITIMATE
CUST_85531,5355.14,Mason-Young,EDUCATION,CN,NET_BANKING,9,0,1,1,1491,1,1,1,ACCOUNT_TAKEOVER
CUST_28864,919.88,Austin PLC,EDUCATION,CN,UPI,2,129,0,1,1941,0,0,1,PAYMENT_METHOD_ABUSE
CUST_54499,6344.01,Mueller-Smith,FOOD,GB,CREDIT_CARD,4,910,0,0,1960,0,0,0,LEGITIMATE
CUST_63870,3066.2465367267714,"Coleman, Johnson and Garza",OTHER,GB,UPI,27,688,0,0,2231,0,0,1,VELOCITY_ABUSE
CUST_69117,19846.57,"Holloway, Ruiz and Mcgrath",ENTERTAINMENT,IN,UPI,7,0,1,1,403,1,1,1,ACCOUNT_TAKEOVER
CUST_80248,4991.77,Coffey LLC,EDUCATION,US,DEBIT_CARD,2,368,0,0,681,0,0,0,LEGITIMATE
CUST_24838,4912.33,Thompson and Sons,GROCERY,US,UPI,1,187,0,1,412,0,0,1,PAYMENT_METHOD_ABUSE
CUST_40470,1490.87,"Hall, Anderson and Hardy",HEALTHCARE,IN,CREDIT_CARD,3,600,0,0,1834,0,0,0,LEGITIMATE
CUST_32860,924.33,"Morgan, Johnson and Hernandez",TRAVEL,US,WALLET,4,374,0,0,1465,0,0,0,LEGITIMATE
CUST_98133,4505.32,"Smith, Walker and Sanchez",EDUCATION,CN,DEBIT_CARD,1,334,0,0,1171,0,0,0,LEGITIMATE
CUST_58573,2231.88,"Bennett, Perkins and Fox",GROCERY,NG,DEBIT_CARD,3,192,0,0,1479,0,0,0,LEGITIMATE
CUST_36741,2517.75,Taylor-Alvarado,ENTERTAINMENT,US,WALLET,2,201,0,1,1836,0,0,1,PAYMENT_METHOD_ABUSE
CUST_61097,3242.46,"Moreno, Morris and Simpson",ENTERTAINMENT,CN,NET_BANKING,3,799,0,0,332,0,0,0,LEGITIMATE
CUST_53952,3075.58,Moss Inc,ENTERTAINMENT,US,DEBIT_CARD,4,296,0,0,710,0,0,0,LEGITIMATE
CUST_29309,394.34,Lee-Miller,OTHER,GB,WALLET,4,115,0,0,1530,0,0,0,LEGITIMATE
CUST_90921,1531.007778405307,Rose and Sons,ECOMMERCE,IN,UPI,12,964,0,0,1660,0,0,1,VELOCITY_ABUSE
CUST_16080,23850.459575937788,Oliver LLC,HEALTHCARE,GB,UPI,5,4,0,1,4,1,1,1,SYNTHETIC_IDENTITY
CUST_10633,1229.77,Mcgee Ltd,GROCERY,GB,UPI,1,750,0,0,412,0,0,0,LEGITIMATE
CUST_78770,3833.72,Morales PLC,GROCERY,NG,WALLET,3,943,0,0,1733,0,0,0,LEGITIMATE
CUST_56175,1335.44,King-Poole,EDUCATION,US,UPI,4,412,0,0,2088,0,0,0,LEGITIMATE
CUST_90337,5467.33,Shepard-Thomas,OTHER,GB,UPI,8,3,1,1,1868,1,1,1,ACCOUNT_TAKEOVER
CUST_79493,1955.48,Moore-Cordova,HEALTHCARE,CN,NET_BANKING,4,937,0,0,716,0,0,0,LEGITIMATE
CUST_98066,2417.65,"Clark, Gross and Winters",GROCERY,GB,NET_BANKING,4,959,0,0,2192,0,0,0,LEGITIMATE
CUST_73072,4244.7,Kemp-Thomas,ECOMMERCE,GB,CREDIT_CARD,1,586,0,0,772,0,0,0,LEGITIMATE
CUST_62960,9383.35,Johnson LLC,EDUCATION,NG,UPI,2,725,0,0,1828,1,1,1,TRANSACTION_ANOMALY
CUST_73220,2248.15,Morrow-Smith,TRAVEL,NG,NET_BANKING,1,50,0,0,320,0,0,0,LEGITIMATE
CUST_11106,4755.01,Lucas-Smith,HEALTHCARE,NG,WALLET,1,850,0,0,631,0,0,0,LEGITIMATE
CUST_83333,1224.911407395925,Johnson Group,OTHER,GB,CREDIT_CARD,22,606,0,0,2020,0,0,1,VELOCITY_ABUSE
CUST_99653,2998.13,"Green, Lucas and Moore",ENTERTAINMENT,IN,UPI,1,666,0,0,112,0,0,0,LEGITIMATE
CUST_73227,3141.65,Smith-Mullins,ENTERTAINMENT,NG,CREDIT_CARD,4,365,0,0,675,0,0,0,LEGITIMATE
CUST_79544,15313.657426055885,"Soto, Perkins and Hudson",ECOMMERCE,CN,CREDIT_CARD,6,7,0,1,3,1,1,1,SYNTHETIC_IDENTITY
CUST_13664,6372.88,"Bullock, Bonilla and Garcia",ENTERTAINMENT,IN,NET_BANKING,4,517,0,0,1913,0,0,0,LEGITIMATE
CUST_40687,40102.86,Murillo-Washington,EDUCATION,US,NET_BANKING,4,383,0,0,1978,1,1,1,TRANSACTION_ANOMALY
CUST_16200,4238.64,Adams-Myers,GROCERY,US,NET_BANKING,4,511,1,0,375,0,0,1,GEOGRAPHIC_ANOMALY
CUST_10212,2785.33,Barrett Ltd,GROCERY,CN,CREDIT_CARD,4,420,0,0,2464,0,0,0,LEGITIMATE
CUST_19351,872.72,"Robles, Gonzales and Trevino",EDUCATION,NG,CREDIT_CARD,11,0,1,1,2258,1,1,1,MULTI_SIGNAL_ATTACK
CUST_29617,3479.68,Hayes-Peters,FOOD,US,DEBIT_CARD,2,924,0,0,605,0,0,0,LEGITIMATE
CUST_90484,13227.686742617856,Edwards LLC,ECOMMERCE,GB,UPI,4,0,0,1,24,1,1,1,SYNTHETIC_IDENTITY
CUST_60073,465.49,Koch-Smith,OTHER,IN,CREDIT_CARD,3,658,1,0,1927,0,0,1,GEOGRAPHIC_ANOMALY
CUST_20690,1069.51,"Brady, Deleon and Hester",TRAVEL,US,WALLET,1,611,0,0,1773,0,0,0,LEGITIMATE
CUST_59956,4014.18,Flores Group,HEALTHCARE,US,WALLET,4,179,0,0,1083,0,0,0,LEGITIMATE
CUST_24227,4087.53,"Ingram, Santiago and Green",GROCERY,CN,DEBIT_CARD,3,835,0,0,287,0,0,0,LEGITIMATE
CUST_87996,16992.894864910388,Brown LLC,TRAVEL,GB,UPI,7,10,0,1,28,1,1,1,SYNTHETIC_IDENTITY
CUST_78796,25141.94,"Rodriguez, Williams and Lee",ENTERTAINMENT,GB,UPI,1,931,0,0,236,1,1,1,TRANSACTION_ANOMALY
CUST_95307,5820.96,Collins Inc,ECOMMERCE,CN,DEBIT_CARD,1,705,0,0,596,0,0,0,LEGITIMATE
CUST_70679,15834.49,Sanchez and Sons,OTHER,NG,NET_BANKING,6,1,1,1,1342,1,1,1,ACCOUNT_TAKEOVER
CUST_90689,2984.99,"Ali, Bolton and Mcbride",ECOMMERCE,IN,CREDIT_CARD,4,881,0,0,563,0,0,0,LEGITIMATE
CUST_70586,2292.63,"Vazquez, Chavez and Clark",TRAVEL,GB,DEBIT_CARD,1,540,0,0,1177,0,0,0,LEGITIMATE
CUST_35598,2009.98,Chandler PLC,ENTERTAINMENT,IN,WALLET,4,457,0,0,283,0,0,0,LEGITIMATE
CUST_61302,1268.6,Andrews Ltd,TRAVEL,CN,WALLET,4,998,0,0,1869,0,0,0,LEGITIMATE
CUST_95294,1140.61,"Parker, Young and Sullivan",FOOD,GB,CREDIT_CARD,1,454,1,0,1307,0,0,1,GEOGRAPHIC_ANOMALY
CUST_43689,3270.72,Clark-Johnson,ENTERTAINMENT,NG,UPI,4,764,0,0,1343,0,0,0,LEGITIMATE
CUST_25471,1029.71,Adams-Hill,FOOD,CN,UPI,2,680,0,0,1034,0,0,0,LEGITIMATE
CUST_32873,3831.18,"Stewart, Perez and Payne",ECOMMERCE,CN,WALLET,4,815,0,1,2164,0,0,1,PAYMENT_METHOD_ABUSE
CUST_51997,1541.36,Burch-Davis,ENTERTAINMENT,NG,DEBIT_CARD,3,468,0,0,1082,0,0,0,LEGITIMATE
CUST_50023,6749.38,Lee-Johnson,GROCERY,GB,DEBIT_CARD,1,189,0,0,1433,0,0,0,LEGITIMATE
CUST_94305,9905.62476780081,Chen-Orr,ECOMMERCE,GB,NET_BANKING,27,397,0,0,440,0,0,1,VELOCITY_ABUSE
CUST_32570,3212.46,Williams-Smith,ECOMMERCE,US,UPI,2,253,0,0,910,0,0,0,LEGITIMATE
CUST_55758,4182.84,Howard-Pearson,TRAVEL,CN,DEBIT_CARD,4,865,0,0,1617,0,0,0,LEGITIMATE
CUST_57820,5000.38,Evans and Sons,ENTERTAINMENT,GB,WALLET,1,836,0,0,2013,0,0,0,LEGITIMATE
CUST_38977,1709.49,Thompson Group,FOOD,IN,DEBIT_CARD,4,104,0,0,2271,0,0,0,LEGITIMATE
CUST_90149,3865.32,Mahoney LLC,OTHER,GB,NET_BANKING,3,927,0,0,349,0,0,0,LEGITIMATE
CUST_21684,914.28,Frederick and Sons,HEALTHCARE,IN,WALLET,2,246,0,0,501,0,0,0,LEGITIMATE
CUST_19061,2446.08,Shannon-Pena,ENTERTAINMENT,US,DEBIT_CARD,4,926,0,0,1478,0,0,0,LEGITIMATE
CUST_63085,778.97,Flores-Mills,FOOD,IN,NET_BANKING,3,53,0,0,1413,0,0,0,LEGITIMATE
CUST_58381,5178.15,Sellers-Blevins,TRAVEL,NG,CREDIT_CARD,1,701,0,0,1828,0,0,0,LEGITIMATE
CUST_89114,8876.45,Mckinney Group,GROCERY,NG,CREDIT_CARD,12,1,1,1,2310,1,1,1,ACCOUNT_TAKEOVER
CUST_28130,4802.8,"Wilson, Mayo and Santiago",HEALTHCARE,CN,NET_BANKING,4,673,0,0,87,0,0,0,LEGITIMATE
CUST_34732,28133.5,Guerrero-Melendez,TRAVEL,GB,NET_BANKING,10,0,1,1,2297,1,1,1,MULTI_SIGNAL_ATTACK
CUST_20375,5081.67,"Soto, Malone and Mcintosh",HEALTHCARE,CN,DEBIT_CARD,4,110,0,0,281,0,0,0,LEGITIMATE
CUST_46217,3286.64,Haynes Inc,TRAVEL,GB,NET_BANKING,2,61,0,0,475,0,0,0,LEGITIMATE
CUST_59335,5637.67,Brown-Sweeney,FOOD,CN,UPI,2,883,0,0,1083,0,0,0,LEGITIMATE
CUST_76356,2277.6,Carey-Jenkins,OTHER,CN,UPI,3,960,0,0,289,0,0,0,LEGITIMATE
CUST_50715,989.45,Miranda Ltd,ENTERTAINMENT,GB,NET_BANKING,3,530,0,0,239,0,0,0,LEGITIMATE
CUST_54046,2682.56,Carr and Sons,OTHER,NG,DEBIT_CARD,4,964,0,0,577,0,0,0,LEGITIMATE
CUST_83914,4735.36,Howard and Sons,TRAVEL,NG,DEBIT_CARD,3,738,0,0,2306,0,0,0,LEGITIMATE
CUST_48679,238.27,Monroe and Sons,TRAVEL,GB,CREDIT_CARD,4,151,0,0,138,0,0,0,LEGITIMATE
CUST_24354,2311.44,Salas LLC,HEALTHCARE,CN,UPI,1,768,0,0,1968,0,0,0,LEGITIMATE
CUST_55402,63172.3,Duncan LLC,ECOMMERCE,NG,NET_BANKING,4,638,0,0,1832,1,1,1,TRANSACTION_ANOMALY
CUST_41052,416.1,"Sloan, Orr and Medina",EDUCATION,GB,CREDIT_CARD,2,700,0,0,2350,1,0,1,MERCHANT_ANOMALY
CUST_56038,6122.39,Spencer Ltd,HEALTHCARE,NG,DEBIT_CARD,2,495,0,0,830,0,0,0,LEGITIMATE
CUST_73896,1058.66,Black-Miller,TRAVEL,IN,UPI,4,856,0,0,923,0,0,0,LEGITIMATE
CUST_14187,347.92,Williams-Scott,FOOD,US,CREDIT_CARD,4,273,0,0,533,0,0,0,LEGITIMATE
CUST_97429,1182.53,Beck-Roberts,ECOMMERCE,GB,NET_BANKING,2,157,0,0,874,0,0,0,LEGITIMATE
CUST_54158,1428.65,"Drake, Jackson and Ewing",EDUCATION,GB,WALLET,4,937,0,0,384,0,0,0,LEGITIMATE
CUST_81780,4522.961949389626,Martin LLC,HEALTHCARE,IN,UPI,5,5,0,1,30,1,1,1,SYNTHETIC_IDENTITY
CUST_66782,3118.16,Smith LLC,ECOMMERCE,CN,WALLET,2,906,0,0,681,0,0,0,LEGITIMATE
CUST_26340,3667.59,"Cole, Greer and Cross",TRAVEL,IN,CREDIT_CARD,4,706,0,0,1793,0,0,0,LEGITIMATE
CUST_79931,2128.19,Henderson and Sons,ENTERTAINMENT,NG,DEBIT_CARD,3,135,0,0,1978,0,0,0,LEGITIMATE
CUST_51220,328.42,"Hayden, Cooper and Phillips",OTHER,CN,DEBIT_CARD,3,66,0,0,940,0,0,0,LEGITIMATE
CUST_60309,6633.1,Murphy Ltd,FOOD,NG,DEBIT_CARD,4,560,0,0,1568,0,0,0,LEGITIMATE
CUST_53205,27441.56951652806,Anderson PLC,FOOD,GB,UPI,9,10,0,1,25,1,1,1,SYNTHETIC_IDENTITY
CUST_81031,9589.95,Jenkins PLC,GROCERY,IN,DEBIT_CARD,8,3,1,1,1331,1,1,1,ACCOUNT_TAKEOVER
CUST_42744,25117.111448651736,"Martin, Avila and Robertson",EDUCATION,US,CREDIT_CARD,6,0,0,1,14,1,1,1,SYNTHETIC_IDENTITY
CUST_67699,3886.59,Mclaughlin Ltd,OTHER,NG,CREDIT_CARD,3,727,0,0,1014,0,0,0,LEGITIMATE
CUST_52115,246.97,Leonard-Diaz,ECOMMERCE,GB,CREDIT_CARD,3,864,0,0,1139,0,0,0,LEGITIMATE
CUST_98534,740.55,Jackson-Martinez,EDUCATION,CN,UPI,4,871,0,0,1876,1,0,1,MERCHANT_ANOMALY
CUST_23143,2370.1031198926257,"Johnson, Nunez and Ellis",FOOD,US,NET_BANKING,23,257,0,0,2083,0,0,1,VELOCITY_ABUSE
CUST_53583,4985.94,"King, Gray and Rivers",OTHER,GB,WALLET,1,494,0,0,1900,0,0,0,LEGITIMATE
CUST_17648,4156.87,"Johnson, Solomon and Mills",GROCERY,GB,NET_BANKING,4,75,0,0,795,0,0,0,LEGITIMATE
CUST_60666,22606.05,"Brown, Scott and Ward",GROCERY,NG,WALLET,10,2,1,1,2387,1,1,1,ACCOUNT_TAKEOVER
CUST_37418,1907.69,Kelley LLC,ENTERTAINMENT,CN,NET_BANKING,3,95,0,0,586,0,0,0,LEGITIMATE
CUST_33676,2835.73,Mayo and Sons,ENTERTAINMENT,IN,DEBIT_CARD,2,355,0,0,1144,0,0,0,LEGITIMATE
CUST_86423,3489.11,"Bradley, Smith and Byrd",GROCERY,IN,CREDIT_CARD,2,37,0,0,1618,0,0,0,LEGITIMATE
CUST_77324,2227.87,Parrish-Gibson,EDUCATION,IN,DEBIT_CARD,2,757,0,0,2029,0,0,0,LEGITIMATE
CUST_98736,2204.5,Watkins Inc,OTHER,US,CREDIT_CARD,2,602,0,0,2412,0,0,0,LEGITIMATE
CUST_23865,2035.18,Brown LLC,TRAVEL,CN,CREDIT_CARD,1,506,0,0,2218,0,0,0,LEGITIMATE
CUST_57453,13404.99,Smith Ltd,GROCERY,GB,CREDIT_CARD,21,1,1,1,1900,1,1,1,MULTI_SIGNAL_ATTACK
CUST_88263,2516.33,"Medina, Barton and Vasquez",TRAVEL,GB,WALLET,1,958,0,0,384,0,0,0,LEGITIMATE
CUST_62914,4974.84,Kirby Ltd,FOOD,GB,NET_BANKING,2,115,0,0,1817,0,0,0,LEGITIMATE
CUST_90516,1127.19,Proctor-Yang,ECOMMERCE,GB,CREDIT_CARD,4,722,0,0,1917,0,0,0,LEGITIMATE
CUST_65931,1295.6,Foster-Peterson,HEALTHCARE,GB,WALLET,3,94,0,0,776,0,0,0,LEGITIMATE
CUST_22167,2375.78,"Wright, Tyler and Robertson",HEALTHCARE,US,NET_BANKING,3,142,0,0,2154,0,0,0,LEGITIMATE
CUST_60249,957.74,"Chapman, Mccarty and Smith",FOOD,NG,NET_BANKING,3,287,0,0,908,0,0,0,LEGITIMATE
CUST_80097,24173.73716094485,"Kline, Brown and Coleman",GROCERY,CN,DEBIT_CARD,6,4,0,1,8,1,1,1,SYNTHETIC_IDENTITY
CUST_62723,2492.54,Lawson LLC,ENTERTAINMENT,CN,WALLET,4,363,0,0,80,0,0,0,LEGITIMATE
CUST_68438,1754.69,Garcia Inc,EDUCATION,GB,UPI,2,147,0,0,1265,0,0,0,LEGITIMATE
CUST_77539,22049.86,Thompson Ltd,TRAVEL,CN,CREDIT_CARD,9,2,1,1,2030,1,1,1,MULTI_SIGNAL_ATTACK
CUST_18535,4916.31,Green-Turner,ECOMMERCE,IN,UPI,1,588,0,0,1424,0,0,0,LEGITIMATE
CUST_96868,3053.26,White Inc,EDUCATION,GB,WALLET,2,588,0,0,1733,0,0,0,LEGITIMATE
CUST_74276,603.96,"Long, Brown and Bryant",OTHER,GB,NET_BANKING,2,377,0,0,1121,0,0,0,LEGITIMATE
CUST_41241,321.53,Gonzalez-Hudson,ENTERTAINMENT,US,CREDIT_CARD,4,876,0,0,2154,0,0,0,LEGITIMATE
CUST_27739,1936.71,"Little, Wright and Castillo",EDUCATION,CN,UPI,1,927,0,0,1854,0,0,0,LEGITIMATE
CUST_65180,7933.49,Peterson-Molina,ECOMMERCE,CN,WALLET,25,0,1,1,2073,1,1,1,MULTI_SIGNAL_ATTACK
CUST_86730,1222.79,"Riley, Marquez and Chapman",FOOD,US,WALLET,1,253,1,0,1951,0,0,1,GEOGRAPHIC_ANOMALY
CUST_91562,2102.61,"Duke, Johnson and Garcia",TRAVEL,GB,NET_BANKING,4,232,0,0,1035,0,0,0,LEGITIMATE
CUST_27722,1988.72,Miller Group,FOOD,US,CREDIT_CARD,4,749,0,0,247,0,0,0,LEGITIMATE
CUST_57138,2473.72,Johnston and Sons,ENTERTAINMENT,NG,NET_BANKING,4,568,0,0,425,0,0,0,LEGITIMATE
CUST_81972,36324.43,Jordan LLC,HEALTHCARE,CN,WALLET,22,0,1,1,2127,1,1,1,MULTI_SIGNAL_ATTACK
CUST_88855,597.19,Douglas LLC,FOOD,CN,WALLET,2,849,0,0,1233,0,0,0,LEGITIMATE
CUST_39530,2249.1,Thompson Ltd,FOOD,GB,CREDIT_CARD,2,166,0,0,2369,0,0,0,LEGITIMATE
CUST_74641,3775.1,Benjamin PLC,EDUCATION,CN,WALLET,3,179,0,0,2146,0,0,0,LEGITIMATE
CUST_12325,4105.38,Daniel-Nelson,TRAVEL,US,NET_BANKING,2,80,0,0,115,0,0,0,LEGITIMATE
CUST_51530,1206.14,Williams PLC,FOOD,GB,CREDIT_CARD,4,446,0,0,602,0,0,0,LEGITIMATE
CUST_59010,961.92,Horne LLC,ECOMMERCE,US,UPI,3,517,0,0,419,0,0,0,LEGITIMATE
CUST_67310,5928.15,"Lopez, White and Smith",EDUCATION,US,CREDIT_CARD,2,803,0,0,247,0,0,0,LEGITIMATE
CUST_87409,21758.35505335298,Jones PLC,OTHER,IN,NET_BANKING,10,6,0,1,5,1,1,1,SYNTHETIC_IDENTITY
CUST_29967,3574.24,"Bradley, Schultz and Ross",HEALTHCARE,US,UPI,1,317,0,0,495,0,0,0,LEGITIMATE
CUST_39711,1843.8,Farley-Clark,FOOD,GB,WALLET,3,601,0,0,523,1,0,1,MERCHANT_ANOMALY
CUST_18701,3332.6,Thompson-James,GROCERY,IN,WALLET,1,349,0,0,760,0,0,0,LEGITIMATE
CUST_16256,4487.1,"Trujillo, Walters and Butler",ENTERTAINMENT,US,CREDIT_CARD,2,444,0,0,150,0,0,0,LEGITIMATE
CUST_42968,1766.44,Garcia-Torres,OTHER,US,DEBIT_CARD,2,348,0,0,780,0,0,0,LEGITIMATE
CUST_18205,2744.77,Davis-Wagner,FOOD,CN,WALLET,4,196,0,0,1227,0,0,0,LEGITIMATE
CUST_19811,2166.04,"Anderson, Snyder and Torres",ENTERTAINMENT,CN,DEBIT_CARD,2,130,0,0,1997,0,0,0,LEGITIMATE
CUST_14595,2242.87,"Fox, Cortez and Fernandez",TRAVEL,CN,NET_BANKING,2,112,0,0,454,0,0,0,LEGITIMATE
CUST_54650,3745.38,"Johnson, Reed and Lozano",HEALTHCARE,CN,CREDIT_CARD,4,271,0,0,385,0,0,0,LEGITIMATE
CUST_20509,3898.29,Morris Group,ENTERTAINMENT,US,DEBIT_CARD,3,630,0,1,951,0,0,1,PAYMENT_METHOD_ABUSE
CUST_91568,2300.07,"Simpson, Scott and Harrell",FOOD,GB,WALLET,1,312,0,0,1749,0,0,0,LEGITIMATE
CUST_55993,4839.47,Cooper-Odom,EDUCATION,IN,UPI,4,827,0,0,2013,0,0,0,LEGITIMATE
CUST_76511,26874.9777171711,Martinez-May,OTHER,US,CREDIT_CARD,5,1,0,1,22,1,1,1,SYNTHETIC_IDENTITY
CUST_85395,3444.07,"Smith, Henson and Kemp",ECOMMERCE,NG,WALLET,4,31,0,0,2449,0,0,0,LEGITIMATE
CUST_97275,1250.72,Hall LLC,GROCERY,IN,DEBIT_CARD,4,823,0,0,2034,0,0,0,LEGITIMATE
CUST_31079,14748.27,Bryant-Richards,HEALTHCARE,IN,DEBIT_CARD,8,3,1,1,1163,1,1,1,ACCOUNT_TAKEOVER
CUST_75629,3490.3,Wang Inc,ENTERTAINMENT,CN,NET_BANKING,3,785,0,0,193,0,0,0,LEGITIMATE
CUST_88224,32238.77,Haynes-Flores,EDUCATION,US,WALLET,14,0,1,1,389,1,1,1,MULTI_SIGNAL_ATTACK
CUST_28509,2290.86,"Herrera, Hansen and Wright",EDUCATION,CN,WALLET,2,511,0,0,713,0,0,0,LEGITIMATE
CUST_58109,1752.36,Gonzales-Robertson,FOOD,CN,UPI,4,938,0,0,1554,1,0,1,MERCHANT_ANOMALY
CUST_10557,1626.89,"Shields, Adams and Huber",ENTERTAINMENT,US,NET_BANKING,1,257,0,0,2405,0,0,0,LEGITIMATE
CUST_26903,2009.7,Watts LLC,HEALTHCARE,US,NET_BANKING,2,197,0,0,644,0,0,0,LEGITIMATE
CUST_65255,2848.48,Sandoval-Webb,ECOMMERCE,GB,UPI,3,888,0,0,1640,0,0,0,LEGITIMATE
CUST_51313,1500.15,Carter and Sons,ECOMMERCE,CN,CREDIT_CARD,4,462,0,0,1544,0,0,0,LEGITIMATE
CUST_33241,1411.85,Miller Inc,OTHER,GB,NET_BANKING,2,854,0,0,625,0,0,0,LEGITIMATE
CUST_99175,659.86,"Carroll, Garza and Taylor",OTHER,IN,CREDIT_CARD,3,568,0,0,2087,0,0,0,LEGITIMATE
CUST_79229,3091.24,Hoffman PLC,FOOD,GB,NET_BANKING,4,657,0,0,1785,0,0,0,LEGITIMATE
CUST_72696,3402.13,Arnold-Munoz,ECOMMERCE,US,WALLET,2,771,0,0,2500,0,0,0,LEGITIMATE
CUST_35679,3715.77,"Friedman, Lang and Mills",EDUCATION,CN,WALLET,4,564,0,0,2188,0,0,0,LEGITIMATE
CUST_86133,544.14,Miller Inc,HEALTHCARE,US,WALLET,4,581,0,0,2198,0,0,0,LEGITIMATE
CUST_23434,1004.23,Gonzales-Sparks,TRAVEL,GB,DEBIT_CARD,2,521,0,0,1581,0,0,0,LEGITIMATE
CUST_81227,542.45,Martin LLC,HEALTHCARE,US,DEBIT_CARD,1,415,0,0,2039,0,0,0,LEGITIMATE
CUST_77687,3343.38,King and Sons,GROCERY,NG,CREDIT_CARD,3,210,0,0,1077,1,0,1,MERCHANT_ANOMALY
CUST_80933,2393.04,Jones Inc,TRAVEL,CN,DEBIT_CARD,2,577,0,0,1646,0,0,0,LEGITIMATE
CUST_21557,5080.429849883483,Palmer-Reid,EDUCATION,CN,NET_BANKING,29,483,0,0,261,0,0,1,VELOCITY_ABUSE
CUST_79831,5471.01,"Mason, Mccoy and Terry",GROCERY,NG,UPI,4,543,0,0,306,0,0,0,LEGITIMATE
CUST_85256,847.03,"Brewer, Hernandez and Tate",ECOMMERCE,US,UPI,3,73,0,1,2358,0,0,1,PAYMENT_METHOD_ABUSE
CUST_43592,4152.57,"Stewart, Cervantes and Salazar",FOOD,CN,CREDIT_CARD,3,599,0,0,604,0,0,0,LEGITIMATE
CUST_71896,621.14,Watkins LLC,EDUCATION,US,UPI,1,658,0,0,2070,0,0,0,LEGITIMATE
CUST_80322,749.21,Stephens Ltd,FOOD,CN,DEBIT_CARD,4,273,0,0,1704,0,0,0,LEGITIMATE
CUST_57753,1803.51,"Sutton, Lin and Horton",ENTERTAINMENT,US,NET_BANKING,3,517,0,0,1965,0,0,0,LEGITIMATE
CUST_29323,163.1,"Wise, Bennett and Williams",HEALTHCARE,NG,CREDIT_CARD,3,893,0,0,1655,0,0,0,LEGITIMATE
CUST_39703,38253.16,"Stewart, Moss and Fisher",ENTERTAINMENT,GB,CREDIT_CARD,4,474,0,0,2111,1,1,1,TRANSACTION_ANOMALY
CUST_94524,5304.64,Lang and Sons,HEALTHCARE,IN,CREDIT_CARD,3,545,0,0,1312,0,0,0,LEGITIMATE
CUST_71232,1520.2,House-Ryan,OTHER,GB,NET_BANKING,3,270,0,1,945,0,0,1,PAYMENT_METHOD_ABUSE
CUST_91084,16491.75,Bell Ltd,TRAVEL,CN,CREDIT_CARD,4,497,0,0,2345,1,1,1,TRANSACTION_ANOMALY
CUST_66266,2913.29,Harris-Lopez,FOOD,CN,UPI,1,40,0,0,1289,0,0,0,LEGITIMATE
CUST_29367,2616.44,Sparks-Hanson,TRAVEL,IN,WALLET,4,892,0,1,2064,0,0,1,PAYMENT_METHOD_ABUSE
CUST_67264,327.83,Lewis Ltd,GROCERY,US,UPI,4,694,0,0,2336,0,0,0,LEGITIMATE
CUST_87900,3693.56,Li-Brooks,EDUCATION,IN,WALLET,1,539,0,0,70,0,0,0,LEGITIMATE
CUST_54831,3263.76,"Hall, Lamb and Peck",HEALTHCARE,IN,NET_BANKING,1,386,0,0,56,1,0,1,MERCHANT_ANOMALY
CUST_55402,4471.93,Payne-Spencer,TRAVEL,US,DEBIT_CARD,3,996,0,0,2358,0,0,0,LEGITIMATE
CUST_67164,840.67,Bell Group,ECOMMERCE,US,DEBIT_CARD,3,316,0,0,1417,0,0,0,LEGITIMATE
CUST_20999,2956.38,Estrada Inc,HEALTHCARE,NG,CREDIT_CARD,2,243,0,0,806,0,0,0,LEGITIMATE
CUST_16788,2741.36,Sanchez-Pena,FOOD,NG,UPI,1,523,0,0,1006,0,0,0,LEGITIMATE
CUST_11738,286.45,"Hernandez, Gutierrez and Walsh",HEALTHCARE,CN,CREDIT_CARD,2,451,0,0,1460,0,0,0,LEGITIMATE
CUST_24676,4232.72,Hayes-Mclean,OTHER,IN,UPI,15,3,1,1,290,1,1,1,MULTI_SIGNAL_ATTACK
CUST_29040,7917.727236424814,Hall-Davis,HEALTHCARE,GB,DEBIT_CARD,10,168,0,0,313,0,0,1,VELOCITY_ABUSE
CUST_34522,963.23,Newman Inc,GROCERY,GB,UPI,1,358,0,0,2293,0,0,0,LEGITIMATE
CUST_60243,2067.41,"Myers, Sanchez and Hanson",ECOMMERCE,NG,CREDIT_CARD,4,84,0,0,243,0,0,0,LEGITIMATE
CUST_44429,1319.06,Jenkins-Hill,EDUCATION,CN,UPI,1,591,1,0,2267,0,0,1,GEOGRAPHIC_ANOMALY
CUST_12025,5613.85,Mcfarland PLC,EDUCATION,US,UPI,2,956,0,0,2463,0,0,0,LEGITIMATE
CUST_75480,2449.87,"Anderson, Rodriguez and Maynard",ENTERTAINMENT,GB,WALLET,1,374,0,0,240,0,0,0,LEGITIMATE
CUST_62312,3398.7,"Thomas, Rogers and Martinez",ENTERTAINMENT,US,CREDIT_CARD,1,883,0,0,1588,1,0,1,MERCHANT_ANOMALY
CUST_10888,4390.57,Mercado-Reyes,ENTERTAINMENT,GB,NET_BANKING,1,171,0,0,2423,0,0,0,LEGITIMATE
CUST_98183,1292.69,Wise PLC,GROCERY,GB,NET_BANKING,4,473,0,0,935,0,0,0,LEGITIMATE
CUST_17247,414.97,Young Group,HEALTHCARE,IN,WALLET,3,689,0,0,1504,0,0,0,LEGITIMATE
CUST_58839,2638.82,"Huffman, Carey and Gutierrez",HEALTHCARE,CN,NET_BANKING,4,616,0,0,1905,0,0,0,LEGITIMATE
CUST_42591,1893.16,"Berry, Robinson and Ramos",ENTERTAINMENT,IN,NET_BANKING,1,751,0,0,2420,0,0,0,LEGITIMATE
CUST_34994,6728.309179100124,"Jones, Sutton and Hopkins",EDUCATION,US,UPI,10,1,0,1,1,1,1,1,SYNTHETIC_IDENTITY
CUST_50433,510.31,"Watson, Wilson and Evans",ECOMMERCE,GB,DEBIT_CARD,1,163,0,0,797,0,0,0,LEGITIMATE
CUST_67259,570.6422538658888,Harris and Sons,ECOMMERCE,US,NET_BANKING,17,831,0,0,1736,0,0,1,VELOCITY_ABUSE
CUST_80417,5967.88,Kim Inc,ENTERTAINMENT,IN,UPI,1,242,0,0,1026,0,0,0,LEGITIMATE
CUST_50460,2197.99,Maynard PLC,ECOMMERCE,US,DEBIT_CARD,2,852,0,0,1610,0,0,0,LEGITIMATE
CUST_57762,2420.87,Smith-Bass,ENTERTAINMENT,GB,WALLET,1,795,0,0,1737,1,0,1,MERCHANT_ANOMALY
CUST_15339,2680.32,Howard-White,HEALTHCARE,IN,WALLET,2,587,0,0,158,0,0,0,LEGITIMATE
CUST_25183,2318.41,"Young, Henderson and Marshall",ECOMMERCE,CN,CREDIT_CARD,3,256,0,0,1371,1,0,1,MERCHANT_ANOMALY
CUST_80838,10615.259414595774,Martin Inc,FOOD,NG,UPI,4,4,0,1,26,1,1,1,SYNTHETIC_IDENTITY
CUST_45533,2367.8,Smith and Sons,FOOD,CN,WALLET,1,495,0,0,1781,0,0,0,LEGITIMATE
CUST_22216,2210.7,Fitzpatrick-Ortiz,EDUCATION,IN,UPI,4,430,0,0,175,0,0,0,LEGITIMATE
CUST_66124,3028.76,"Mcclure, Chase and Williams",HEALTHCARE,NG,UPI,3,270,0,0,2226,0,0,0,LEGITIMATE
CUST_93072,2761.86,"Murphy, Trevino and Carr",OTHER,US,NET_BANKING,3,663,0,0,1664,0,0,0,LEGITIMATE
CUST_88581,14552.74767344554,Wallace-Burns,TRAVEL,US,NET_BANKING,9,4,0,1,27,1,1,1,SYNTHETIC_IDENTITY
CUST_76895,3164.01,Ortiz-Smith,FOOD,NG,WALLET,4,937,0,0,1298,0,0,0,LEGITIMATE
CUST_30993,1450.35,Collins Ltd,ECOMMERCE,NG,NET_BANKING,1,705,0,0,2277,0,0,0,LEGITIMATE
CUST_59027,737.03,Hernandez-Moody,FOOD,US,UPI,2,383,0,0,876,0,0,0,LEGITIMATE
CUST_66488,981.54,Wood Group,OTHER,IN,CREDIT_CARD,4,222,0,0,495,0,0,0,LEGITIMATE
CUST_48942,823.26,Ross-Moran,ECOMMERCE,CN,NET_BANKING,1,524,0,0,1286,0,0,0,LEGITIMATE
CUST_59841,539.98,Howell PLC,EDUCATION,NG,WALLET,3,712,0,0,341,0,0,0,LEGITIMATE
CUST_78507,17536.61,Gentry-Stein,FOOD,CN,DEBIT_CARD,12,2,1,1,1149,1,1,1,ACCOUNT_TAKEOVER
CUST_13618,2502.07,"White, Gutierrez and Blevins",OTHER,US,DEBIT_CARD,4,385,0,0,1879,0,0,0,LEGITIMATE
CUST_63389,2994.1511520643307,Davis PLC,OTHER,CN,WALLET,19,157,0,0,1428,0,0,1,VELOCITY_ABUSE
CUST_53096,1569.79,Dunn Inc,GROCERY,IN,WALLET,1,629,0,0,539,0,0,0,LEGITIMATE
CUST_96838,5420.5,Smith-Johnson,FOOD,GB,UPI,4,272,0,0,546,0,0,0,LEGITIMATE
CUST_50799,31086.23,Garcia-Rowland,GROCERY,NG,CREDIT_CARD,17,0,1,1,2271,1,1,1,MULTI_SIGNAL_ATTACK
CUST_37832,14755.25970310827,Moore LLC,FOOD,CN,NET_BANKING,7,1,0,1,9,1,1,1,SYNTHETIC_IDENTITY
CUST_55967,10212.502434372633,Underwood-Brown,OTHER,US,WALLET,4,0,0,1,7,1,1,1,SYNTHETIC_IDENTITY
CUST_91087,2167.47,Nelson-Warren,FOOD,CN,WALLET,3,955,0,0,53,0,0,0,LEGITIMATE
CUST_55195,5120.1963100286375,Tate and Sons,HEALTHCARE,GB,CREDIT_CARD,27,364,0,0,446,0,0,1,VELOCITY_ABUSE
CUST_37876,882.84,Walker PLC,GROCERY,NG,NET_BANKING,1,895,0,0,1601,0,0,0,LEGITIMATE
CUST_77824,3783.42,"Gardner, Goodman and Taylor",ENTERTAINMENT,NG,DEBIT_CARD,1,421,0,0,233,0,0,0,LEGITIMATE
CUST_80894,18146.97,Cole-Benson,TRAVEL,IN,NET_BANKING,9,3,1,1,1303,1,1,1,ACCOUNT_TAKEOVER
CUST_46106,251.01,"Thompson, Sanchez and French",GROCERY,GB,DEBIT_CARD,1,297,0,0,1057,0,0,0,LEGITIMATE
CUST_56873,715.12,Diaz Inc,GROCERY,NG,WALLET,2,246,0,0,539,0,0,0,LEGITIMATE
CUST_16915,9526.42,Wallace-Sherman,OTHER,US,NET_BANKING,4,217,0,0,146,0,1,1,TRANSACTION_ANOMALY
CUST_39095,964.85,"Atkins, Murray and Frye",HEALTHCARE,NG,CREDIT_CARD,4,941,0,0,1777,0,0,0,LEGITIMATE
CUST_15877,3502.39,"Hernandez, Cook and Simpson",GROCERY,NG,UPI,3,893,0,0,1389,0,0,0,LEGITIMATE
CUST_28460,3273.01,Powell-Sutton,HEALTHCARE,CN,UPI,3,911,0,0,702,0,0,0,LEGITIMATE
CUST_37422,2754.25,Fields Inc,ECOMMERCE,CN,UPI,3,858,0,0,2337,0,0,0,LEGITIMATE
CUST_90553,1974.68,Holloway-Sanders,ENTERTAINMENT,CN,DEBIT_CARD,1,762,0,0,2436,0,0,0,LEGITIMATE
CUST_13342,2509.54,Yang Group,OTHER,US,DEBIT_CARD,3,121,1,0,2330,0,0,1,GEOGRAPHIC_ANOMALY
CUST_25001,4447.37,Hernandez Ltd,ENTERTAINMENT,GB,CREDIT_CARD,2,474,0,0,1614,1,0,1,MERCHANT_ANOMALY
CUST_50694,3216.54,"Perez, Strickland and Clark",HEALTHCARE,US,UPI,1,73,0,0,232,0,0,0,LEGITIMATE
CUST_64098,1379.4,Christian Inc,TRAVEL,NG,DEBIT_CARD,3,901,0,0,550,0,0,0,LEGITIMATE
CUST_70620,2217.76,"Smith, Frank and Anderson",GROCERY,NG,WALLET,2,189,0,0,798,1,0,1,MERCHANT_ANOMALY
CUST_94012,880.36,Meyer-Wall,OTHER,GB,UPI,4,499,0,0,2006,0,0,0,LEGITIMATE
CUST_56578,2287.3045956157093,"Jackson, Lopez and Hernandez",HEALTHCARE,GB,CREDIT_CARD,27,476,0,0,1660,0,0,1,VELOCITY_ABUSE
CUST_74284,355.27,"Dalton, Brown and Wallace",HEALTHCARE,CN,NET_BANKING,1,110,0,0,1700,0,0,0,LEGITIMATE
CUST_31974,7881.786308904674,"Mitchell, Fisher and Brown",ECOMMERCE,IN,DEBIT_CARD,30,394,0,0,552,0,0,1,VELOCITY_ABUSE
CUST_44304,3703.86,Fritz Ltd,ENTERTAINMENT,IN,UPI,3,325,0,0,761,0,0,0,LEGITIMATE
CUST_98591,3065.01,"Bailey, Williams and Williams",ENTERTAINMENT,CN,DEBIT_CARD,2,663,0,1,1388,0,0,1,PAYMENT_METHOD_ABUSE
CUST_83652,5553.96,"Walker, Roy and Miller",TRAVEL,GB,UPI,2,990,0,0,550,0,0,0,LEGITIMATE
CUST_54773,1536.09,Mcgee-Kennedy,TRAVEL,GB,CREDIT_CARD,3,838,0,0,1049,0,0,0,LEGITIMATE
CUST_59778,1867.03,"Campos, Carter and Terry",EDUCATION,IN,WALLET,2,796,0,0,1750,0,0,0,LEGITIMATE
CUST_43522,3920.74,Gamble-Alvarado,HEALTHCARE,IN,NET_BANKING,1,47,0,0,1956,0,0,0,LEGITIMATE
CUST_81505,4435.66,Jones-Alexander,GROCERY,IN,DEBIT_CARD,1,762,0,0,220,0,0,0,LEGITIMATE
CUST_28334,756.11,Woods LLC,HEALTHCARE,NG,UPI,4,640,0,0,888,0,0,0,LEGITIMATE
CUST_77112,41145.71,"Keller, Cook and Murray",EDUCATION,US,DEBIT_CARD,1,298,0,0,949,1,1,1,TRANSACTION_ANOMALY
CUST_40235,1666.27,Mack-Wells,TRAVEL,CN,CREDIT_CARD,4,138,0,0,575,0,0,0,LEGITIMATE
CUST_54050,5800.52,"Miller, Ford and Brown",HEALTHCARE,GB,CREDIT_CARD,4,535,0,0,178,0,0,0,LEGITIMATE
CUST_82148,30141.11,Valencia Ltd,ENTERTAINMENT,IN,CREDIT_CARD,1,243,0,0,2078,1,1,1,TRANSACTION_ANOMALY
CUST_34405,6631.7,Reyes Ltd,EDUCATION,NG,DEBIT_CARD,14,1,1,1,831,1,1,1,ACCOUNT_TAKEOVER
CUST_21344,2558.66,"Wolf, Olsen and Campbell",OTHER,GB,CREDIT_CARD,2,750,0,0,173,0,0,0,LEGITIMATE
CUST_81852,1747.52,Zhang LLC,ENTERTAINMENT,GB,UPI,4,477,0,0,440,0,0,0,LEGITIMATE
CUST_93734,6226.4,"Burton, Cook and Roman",GROCERY,CN,DEBIT_CARD,3,52,0,0,692,0,0,0,LEGITIMATE
CUST_98592,2993.63,"Gray, Collins and Kennedy",GROCERY,US,WALLET,4,551,0,0,2419,0,0,0,LEGITIMATE
CUST_89565,2499.74,Harrison-Jimenez,HEALTHCARE,NG,CREDIT_CARD,4,990,0,0,350,0,0,0,LEGITIMATE
CUST_84577,4189.0,"Cole, Liu and Maxwell",ECOMMERCE,CN,WALLET,1,938,1,0,1635,0,0,1,GEOGRAPHIC_ANOMALY
CUST_45765,6148.67,"Garza, Cox and Hoffman",TRAVEL,IN,DEBIT_CARD,1,66,0,0,1622,0,0,0,LEGITIMATE
CUST_28614,1106.71,"Rosales, Ferguson and Humphrey",HEALTHCARE,IN,DEBIT_CARD,3,562,0,1,1214,0,0,1,PAYMENT_METHOD_ABUSE
CUST_69386,1108.14,Stone-Woods,ECOMMERCE,GB,DEBIT_CARD,2,546,0,0,893,0,0,0,LEGITIMATE
CUST_87743,2324.36,Oliver-Bond,EDUCATION,US,WALLET,3,862,1,0,1675,0,0,1,GEOGRAPHIC_ANOMALY
CUST_19122,21920.884420166363,"Roberts, Foley and Johnson",ENTERTAINMENT,CN,NET_BANKING,6,9,0,1,10,1,1,1,SYNTHETIC_IDENTITY
CUST_62766,50.0,Maynard-Abbott,ECOMMERCE,GB,CREDIT_CARD,4,97,0,0,1519,0,0,0,LEGITIMATE
CUST_96902,2861.98,Wood-Conrad,GROCERY,US,DEBIT_CARD,1,600,0,0,215,0,0,0,LEGITIMATE
CUST_92527,2106.99,Leonard Group,HEALTHCARE,NG,WALLET,2,369,0,0,2265,0,0,0,LEGITIMATE
CUST_78341,1222.26,"Cook, White and Anderson",ENTERTAINMENT,US,DEBIT_CARD,3,817,0,0,1256,0,0,0,LEGITIMATE
CUST_53702,2955.22,Mcguire Inc,TRAVEL,IN,DEBIT_CARD,4,76,0,1,714,0,0,1,PAYMENT_METHOD_ABUSE
CUST_94239,373.89,"Cooper, Peterson and Salazar",FOOD,NG,WALLET,1,354,0,0,50,0,0,0,LEGITIMATE
CUST_26269,1722.45,"Woods, Mendoza and Grant",ENTERTAINMENT,IN,CREDIT_CARD,3,44,0,0,1266,0,0,0,LEGITIMATE
CUST_97193,2919.2511341389272,Levine Inc,ENTERTAINMENT,US,NET_BANKING,23,960,0,0,354,0,0,1,VELOCITY_ABUSE
CUST_33937,6684.77,Wiley-Obrien,ECOMMERCE,CN,NET_BANKING,2,746,0,0,733,1,1,1,TRANSACTION_ANOMALY
CUST_88604,2154.51,"Howard, Carter and Page",ENTERTAINMENT,IN,DEBIT_CARD,1,494,0,0,1659,0,0,0,LEGITIMATE
CUST_47116,5161.6,"Watts, Johnson and Price",OTHER,US,DEBIT_CARD,4,570,0,0,1162,1,0,1,MERCHANT_ANOMALY
CUST_92017,2935.12,"Jacobs, Reed and Reyes",EDUCATION,CN,WALLET,1,591,0,0,790,0,0,0,LEGITIMATE
CUST_94871,10010.829179439632,"Porter, Bailey and Ramirez",TRAVEL,IN,WALLET,3,9,0,1,30,1,1,1,SYNTHETIC_IDENTITY
CUST_73991,3228.52,"Ellis, Vasquez and Knox",GROCERY,US,WALLET,1,651,0,0,36,0,0,0,LEGITIMATE
CUST_67058,1439.61,"Campbell, Grimes and Christian",FOOD,GB,UPI,3,694,0,0,1041,0,0,0,LEGITIMATE
CUST_37947,5492.59,"Moses, Maddox and Davis",OTHER,US,CREDIT_CARD,9,3,1,1,995,1,1,1,MULTI_SIGNAL_ATTACK
CUST_94825,3341.16,"Walters, Johnson and Glover",OTHER,CN,UPI,3,233,0,0,995,0,0,0,LEGITIMATE
CUST_71235,3951.06,Le Inc,TRAVEL,CN,CREDIT_CARD,2,262,0,0,383,0,0,0,LEGITIMATE
CUST_13252,4962.16,"Anthony, Smith and Ramos",TRAVEL,US,UPI,4,308,0,0,60,0,0,0,LEGITIMATE
CUST_68332,350.65,Kaiser PLC,ECOMMERCE,IN,DEBIT_CARD,1,639,0,0,1059,0,0,0,LEGITIMATE
CUST_64337,3342.94,Ortiz-Garcia,ENTERTAINMENT,US,NET_BANKING,2,174,0,1,2090,0,0,1,PAYMENT_METHOD_ABUSE
CUST_35886,368.75,Benitez-Clarke,ENTERTAINMENT,IN,DEBIT_CARD,1,241,1,0,385,0,0,1,GEOGRAPHIC_ANOMALY
CUST_42343,7562.59,"Moore, Valenzuela and Collins",EDUCATION,NG,UPI,14,3,1,1,341,1,1,1,MULTI_SIGNAL_ATTACK
CUST_49515,1403.39,Yu-Jimenez,TRAVEL,US,WALLET,2,932,0,0,1360,0,0,0,LEGITIMATE
CUST_52615,3918.69,Graves and Sons,HEALTHCARE,GB,DEBIT_CARD,2,759,0,0,916,0,0,0,LEGITIMATE
CUST_43509,2304.49,Conley Ltd,HEALTHCARE,CN,NET_BANKING,2,384,0,0,2471,0,0,0,LEGITIMATE
CUST_33105,5066.65,Proctor Inc,OTHER,NG,CREDIT_CARD,1,473,0,0,518,0,0,0,LEGITIMATE
CUST_47804,2071.84,Tate PLC,ECOMMERCE,US,CREDIT_CARD,3,297,0,0,391,0,0,0,LEGITIMATE
CUST_70321,5184.7,Brock Ltd,GROCERY,US,NET_BANKING,4,231,0,0,2090,0,0,0,LEGITIMATE
CUST_28578,3131.68,Jackson-Roberts,ECOMMERCE,IN,UPI,1,721,0,0,2067,0,0,0,LEGITIMATE
CUST_55383,5379.25,Lane-Murphy,EDUCATION,CN,DEBIT_CARD,3,201,0,0,543,0,0,0,LEGITIMATE
CUST_70877,2944.11,Holland LLC,TRAVEL,IN,NET_BANKING,3,993,0,0,655,0,0,0,LEGITIMATE
CUST_47342,2980.25,"Jones, Jimenez and Cruz",OTHER,CN,WALLET,4,655,0,1,860,0,0,1,PAYMENT_METHOD_ABUSE
CUST_96391,2376.56,"Mcdowell, Blackwell and Bryan",OTHER,CN,DEBIT_CARD,2,34,0,0,1282,0,0,0,LEGITIMATE
CUST_21664,15209.577307339794,Rivera-Brown,TRAVEL,US,NET_BANKING,10,1,0,1,27,1,1,1,SYNTHETIC_IDENTITY
CUST_89039,2692.08,Sosa Ltd,FOOD,CN,UPI,1,907,0,0,2351,0,0,0,LEGITIMATE
CUST_80787,13087.67,Cox LLC,ENTERTAINMENT,CN,NET_BANKING,14,2,1,1,1471,1,1,1,ACCOUNT_TAKEOVER
CUST_29691,3695.03,"Gonzalez, Fisher and Burgess",HEALTHCARE,IN,WALLET,4,609,0,0,1661,1,0,1,MERCHANT_ANOMALY
CUST_62949,3463.97,Dodson-Clarke,FOOD,GB,CREDIT_CARD,1,718,0,0,323,0,0,0,LEGITIMATE
CUST_58314,27882.91,Erickson-Wilkinson,ECOMMERCE,GB,DEBIT_CARD,5,3,1,1,725,1,1,1,ACCOUNT_TAKEOVER
CUST_84508,7968.2534883185235,Mathis LLC,TRAVEL,US,NET_BANKING,6,0,0,1,3,1,1,1,SYNTHETIC_IDENTITY
CUST_95193,45837.62,Payne Ltd,TRAVEL,US,WALLET,1,740,0,0,599,1,1,1,TRANSACTION_ANOMALY
CUST_14612,536.7,Singh Ltd,TRAVEL,US,DEBIT_CARD,3,783,0,0,1933,0,0,0,LEGITIMATE
CUST_82541,19914.826934356504,"Moore, Jarvis and Torres",OTHER,US,NET_BANKING,6,8,0,1,8,1,1,1,SYNTHETIC_IDENTITY
CUST_96691,2718.66,Walsh-Collins,TRAVEL,NG,NET_BANKING,4,994,0,0,1904,0,0,0,LEGITIMATE
CUST_79920,3157.82,Calderon-Rose,EDUCATION,US,WALLET,2,163,0,1,670,0,0,1,PAYMENT_METHOD_ABUSE
CUST_53127,5321.15,Hayes Group,ENTERTAINMENT,GB,UPI,4,307,0,0,456,0,0,0,LEGITIMATE
CUST_35946,1653.21,"Howell, Peters and Carlson",TRAVEL,CN,CREDIT_CARD,3,858,0,0,126,0,0,0,LEGITIMATE
CUST_84190,7712.4137956255745,Griffin Group,OTHER,NG,DEBIT_CARD,10,94,0,0,535,0,0,1,VELOCITY_ABUSE
CUST_77858,815.02,Wood-Jacobs,ECOMMERCE,US,WALLET,1,623,0,0,1142,0,0,0,LEGITIMATE
CUST_82051,2082.02,Andrews-Powers,GROCERY,IN,WALLET,1,670,0,0,505,1,0,1,MERCHANT_ANOMALY
CUST_69581,7096.45,Morris-Rodriguez,HEALTHCARE,NG,CREDIT_CARD,2,481,0,0,1175,0,0,0,LEGITIMATE
CUST_22690,2642.25,Gilbert and Sons,GROCERY,US,DEBIT_CARD,3,810,0,0,2449,0,0,0,LEGITIMATE
CUST_24611,9453.11,Green-Young,GROCERY,IN,WALLET,4,858,0,0,1706,1,1,1,TRANSACTION_ANOMALY
CUST_78108,911.01,Morgan PLC,FOOD,GB,NET_BANKING,1,230,0,0,2185,0,0,0,LEGITIMATE
CUST_74227,702.01,Mendez Ltd,OTHER,GB,UPI,4,979,0,0,87,0,0,0,LEGITIMATE
CUST_30805,3824.2658137892595,Long-Medina,HEALTHCARE,CN,WALLET,26,398,0,0,747,0,0,1,VELOCITY_ABUSE
CUST_66575,782.02,Hudson Ltd,OTHER,NG,WALLET,4,319,1,0,989,0,0,1,GEOGRAPHIC_ANOMALY
CUST_63810,5421.0,White Inc,OTHER,GB,CREDIT_CARD,1,841,0,0,2079,0,0,0,LEGITIMATE
CUST_23168,5657.98509027561,Richardson-English,HEALTHCARE,US,WALLET,4,1,0,1,27,1,1,1,SYNTHETIC_IDENTITY
CUST_16970,755.93,"Manning, Richmond and Simpson",HEALTHCARE,GB,CREDIT_CARD,3,285,0,0,414,1,0,1,MERCHANT_ANOMALY
CUST_87600,1771.35,"Mathews, Cook and Costa",TRAVEL,NG,WALLET,3,79,0,0,1656,0,0,0,LEGITIMATE
CUST_80497,3407.6,Harris Group,ECOMMERCE,US,WALLET,4,537,0,1,495,0,0,1,PAYMENT_METHOD_ABUSE
CUST_16431,3231.86,Cobb and Sons,FOOD,CN,NET_BANKING,3,921,0,0,615,0,0,0,LEGITIMATE
CUST_71411,498.34,"Taylor, Johnson and Mason",FOOD,CN,WALLET,2,344,0,0,2129,0,0,0,LEGITIMATE
CUST_75358,9903.655163625768,Garrison LLC,HEALTHCARE,IN,CREDIT_CARD,10,515,0,0,1847,0,0,1,VELOCITY_ABUSE
CUST_82712,10014.3,Cross-Watson,FOOD,US,CREDIT_CARD,3,888,0,0,155,1,1,1,TRANSACTION_ANOMALY
CUST_49438,1855.01,Hicks LLC,ENTERTAINMENT,IN,UPI,3,180,0,0,988,0,0,0,LEGITIMATE
CUST_52945,22706.58,"Patterson, Randolph and Williams",ECOMMERCE,NG,UPI,11,1,1,1,2334,1,1,1,ACCOUNT_TAKEOVER
CUST_42341,1669.85,"Moyer, Guzman and Harvey",GROCERY,GB,CREDIT_CARD,1,712,0,0,1163,0,0,0,LEGITIMATE
CUST_21357,2290.81,Tran-Fletcher,ECOMMERCE,IN,CREDIT_CARD,4,102,0,0,841,0,0,0,LEGITIMATE
CUST_72483,2223.64,Austin-Moore,FOOD,CN,NET_BANKING,3,905,0,0,47,0,0,0,LEGITIMATE
CUST_64232,4757.64,"Sanford, Perkins and Woodard",TRAVEL,NG,CREDIT_CARD,2,573,0,0,1303,0,0,0,LEGITIMATE
CUST_50569,2610.67,"Jordan, Lewis and Robinson",FOOD,IN,WALLET,2,261,0,0,2173,0,0,0,LEGITIMATE
CUST_46803,1961.01,Lee Ltd,GROCERY,GB,UPI,3,540,0,0,1072,0,0,0,LEGITIMATE
CUST_70451,2587.68,Davis-Walker,ECOMMERCE,IN,WALLET,4,186,0,0,730,0,0,0,LEGITIMATE
CUST_13355,21428.61,Barnett PLC,EDUCATION,GB,CREDIT_CARD,8,0,1,1,2417,1,1,1,MULTI_SIGNAL_ATTACK
CUST_17326,4098.12,"Moon, Johnson and Anderson",EDUCATION,CN,DEBIT_CARD,3,835,0,0,1628,0,0,0,LEGITIMATE
CUST_82714,3978.8,Moore-Walsh,HEALTHCARE,NG,WALLET,1,856,1,0,2389,0,0,1,GEOGRAPHIC_ANOMALY
CUST_15163,4975.04,Lee-Jones,FOOD,CN,DEBIT_CARD,3,423,0,0,1529,0,0,0,LEGITIMATE
CUST_46472,2087.13,Robinson Ltd,HEALTHCARE,CN,NET_BANKING,3,499,0,0,443,0,0,0,LEGITIMATE
CUST_24696,5509.12,"Miller, Bentley and Mccoy",TRAVEL,IN,CREDIT_CARD,1,739,0,0,370,0,0,0,LEGITIMATE
CUST_54249,3732.42,Montgomery-Brown,ECOMMERCE,NG,UPI,2,853,0,0,2186,0,0,0,LEGITIMATE
CUST_63645,2178.01,Ferguson PLC,HEALTHCARE,GB,DEBIT_CARD,3,58,0,0,777,0,0,0,LEGITIMATE
CUST_41148,455.54,Sullivan Inc,ENTERTAINMENT,GB,WALLET,1,546,0,0,798,0,0,0,LEGITIMATE
CUST_66507,5329.06,Ramirez-Johnson,GROCERY,GB,UPI,8,0,1,1,2145,1,1,1,MULTI_SIGNAL_ATTACK
CUST_41515,2910.45,Lopez LLC,ECOMMERCE,NG,CREDIT_CARD,1,283,0,0,927,0,0,0,LEGITIMATE
CUST_74223,2924.92,Ruiz-Mckee,ENTERTAINMENT,GB,WALLET,3,73,0,0,1751,0,0,0,LEGITIMATE
CUST_54452,3842.06,Jacobs-Hampton,GROCERY,GB,DEBIT_CARD,4,68,0,0,1802,0,0,0,LEGITIMATE
CUST_98155,1877.22,"Moss, Jackson and Sanders",HEALTHCARE,GB,WALLET,11,0,1,1,2478,1,1,1,ACCOUNT_TAKEOVER
CUST_87972,1673.03,Obrien-Ramos,ECOMMERCE,IN,WALLET,2,419,0,0,2386,0,0,0,LEGITIMATE
CUST_27443,1114.51,Ross Ltd,EDUCATION,NG,CREDIT_CARD,4,717,0,0,1703,0,0,0,LEGITIMATE
CUST_72261,907.13,"Smith, Davenport and Hill",OTHER,CN,UPI,3,985,0,0,302,0,0,0,LEGITIMATE
CUST_98250,20186.344371356914,Mcfarland-Parker,FOOD,CN,DEBIT_CARD,7,5,0,1,22,1,1,1,SYNTHETIC_IDENTITY
CUST_31476,248.41,"Collins, Martin and Montgomery",GROCERY,CN,UPI,4,375,0,0,1851,0,0,0,LEGITIMATE
CUST_54298,1480.24,Greer-Russell,EDUCATION,GB,WALLET,1,586,0,1,197,0,0,1,PAYMENT_METHOD_ABUSE
CUST_77711,1893.26,"Nelson, Parker and Parker",GROCERY,GB,CREDIT_CARD,2,568,0,0,2453,0,0,0,LEGITIMATE
CUST_70463,2052.26,Murray PLC,ENTERTAINMENT,CN,CREDIT_CARD,1,276,0,0,284,0,0,0,LEGITIMATE
CUST_46239,6952.1,Henderson PLC,ECOMMERCE,IN,WALLET,1,988,1,0,2233,0,0,1,GEOGRAPHIC_ANOMALY
CUST_48398,3027.85,Lucero LLC,OTHER,US,NET_BANKING,2,844,0,0,1629,1,0,1,MERCHANT_ANOMALY
CUST_67677,3244.29,Sanchez Ltd,EDUCATION,US,DEBIT_CARD,1,543,0,0,787,0,0,0,LEGITIMATE
CUST_96618,1415.93,"Jimenez, Hill and Johnson",ECOMMERCE,IN,UPI,4,701,0,0,2366,0,0,0,LEGITIMATE
CUST_75537,4100.09,Berger-Moreno,ECOMMERCE,US,CREDIT_CARD,1,916,0,0,1190,1,0,1,MERCHANT_ANOMALY
CUST_88814,27317.49,Greene Group,EDUCATION,IN,CREDIT_CARD,24,0,1,1,1615,1,1,1,MULTI_SIGNAL_ATTACK
CUST_46559,3155.48,Orr LLC,EDUCATION,CN,CREDIT_CARD,3,150,0,0,1655,0,0,0,LEGITIMATE
CUST_22146,5124.25,Whitney Inc,HEALTHCARE,US,NET_BANKING,4,739,0,0,192,0,0,0,LEGITIMATE
CUST_62145,306.3,Murphy Ltd,GROCERY,IN,WALLET,3,494,0,0,574,0,0,0,LEGITIMATE
CUST_87376,14513.794690288967,Tanner Inc,EDUCATION,GB,DEBIT_CARD,3,5,0,1,12,1,1,1,SYNTHETIC_IDENTITY
CUST_68828,5785.33,Johnson-Perez,HEALTHCARE,CN,NET_BANKING,2,52,0,0,670,0,1,1,TRANSACTION_ANOMALY
CUST_80867,3903.34,David LLC,ECOMMERCE,US,WALLET,4,59,0,0,2357,0,0,0,LEGITIMATE
CUST_25404,8964.877549204322,"Turner, Sanchez and Barker",EDUCATION,CN,CREDIT_CARD,14,34,0,0,959,0,0,1,VELOCITY_ABUSE
CUST_46599,728.89,"Franco, Sutton and Lindsey",ECOMMERCE,NG,DEBIT_CARD,4,968,0,0,2157,0,0,0,LEGITIMATE
CUST_57927,5109.7,Ward-Harvey,FOOD,CN,WALLET,4,916,0,0,1752,1,0,1,MERCHANT_ANOMALY
CUST_34410,1450.25,Smith-Knight,ENTERTAINMENT,IN,WALLET,1,938,0,0,1165,0,0,0,LEGITIMATE
CUST_73794,2363.78,Gray-Poole,OTHER,GB,UPI,3,722,0,0,1837,0,0,0,LEGITIMATE
CUST_67539,18590.4,Bates-Torres,ECOMMERCE,GB,UPI,2,313,0,0,2279,1,1,1,TRANSACTION_ANOMALY
CUST_44781,3248.08,"Shaw, Jimenez and Owen",FOOD,NG,WALLET,1,438,0,0,1610,1,0,1,MERCHANT_ANOMALY
CUST_34063,699.17,Torres PLC,ECOMMERCE,CN,UPI,4,573,0,0,2165,0,0,0,LEGITIMATE
CUST_61551,1482.56,"Lawrence, Christian and Long",FOOD,NG,UPI,4,481,1,0,1015,0,0,1,GEOGRAPHIC_ANOMALY
CUST_63423,56152.18,Lyons PLC,OTHER,US,CREDIT_CARD,21,3,1,1,836,1,1,1,MULTI_SIGNAL_ATTACK
CUST_63714,3760.99,Johnson-Hernandez,HEALTHCARE,NG,NET_BANKING,2,39,0,0,2239,1,0,1,MERCHANT_ANOMALY
CUST_13985,1099.6,Mcdonald-Morgan,ENTERTAINMENT,NG,NET_BANKING,4,244,1,0,1358,0,0,1,GEOGRAPHIC_ANOMALY
CUST_53313,2664.32,Oneill-Thompson,EDUCATION,NG,UPI,1,165,0,0,409,0,0,0,LEGITIMATE
CUST_18346,725.83,"Fields, Tate and Curtis",ECOMMERCE,IN,WALLET,4,668,0,0,1230,0,0,0,LEGITIMATE
CUST_16146,4876.17,Crawford-Jones,EDUCATION,CN,CREDIT_CARD,3,477,0,1,2207,0,0,1,PAYMENT_METHOD_ABUSE
CUST_23432,1349.85,Clark-Sutton,HEALTHCARE,IN,WALLET,1,139,0,0,2054,0,0,0,LEGITIMATE
CUST_53879,1956.49,Butler-Parrish,ECOMMERCE,US,NET_BANKING,3,425,0,0,1543,1,0,1,MERCHANT_ANOMALY
CUST_30208,3418.42,White-Compton,GROCERY,GB,WALLET,2,971,0,0,2492,1,0,1,MERCHANT_ANOMALY
CUST_59727,5939.63,"Hayes, Smith and Walker",TRAVEL,US,CREDIT_CARD,4,763,0,0,2254,0,0,0,LEGITIMATE
CUST_26297,451.19,"Beltran, Wise and Flynn",FOOD,US,WALLET,3,645,0,0,368,0,0,0,LEGITIMATE
CUST_78005,4251.39,Garcia-Schwartz,ENTERTAINMENT,IN,NET_BANKING,3,398,0,0,240,0,0,0,LEGITIMATE
CUST_68543,332.13,Mills Ltd,ENTERTAINMENT,US,DEBIT_CARD,1,222,0,0,2020,0,0,0,LEGITIMATE
CUST_26697,6082.4074959245945,"Spencer, Dyer and Hess",ECOMMERCE,NG,NET_BANKING,21,668,0,0,301,0,0,1,VELOCITY_ABUSE
CUST_94034,33212.85,Long-Price,OTHER,NG,NET_BANKING,4,241,0,0,70,1,1,1,TRANSACTION_ANOMALY
CUST_51371,965.92,Wilson Inc,HEALTHCARE,GB,NET_BANKING,2,507,0,0,2120,0,0,0,LEGITIMATE
CUST_16990,4112.19,Miller-Morris,ENTERTAINMENT,GB,NET_BANKING,3,607,0,0,618,0,0,0,LEGITIMATE
CUST_81015,8255.580387699532,"Medina, Ray and Baxter",GROCERY,NG,NET_BANKING,11,508,0,0,149,0,0,1,VELOCITY_ABUSE
CUST_29273,1448.82,"Cantrell, Johnson and Villegas",EDUCATION,GB,UPI,4,211,0,0,1773,0,0,0,LEGITIMATE
CUST_45073,7054.06,"Gregory, Schultz and Palmer",GROCERY,GB,DEBIT_CARD,3,845,0,0,1127,1,1,1,TRANSACTION_ANOMALY
CUST_85919,1543.55,Holt LLC,ENTERTAINMENT,CN,WALLET,1,633,0,0,737,0,0,0,LEGITIMATE
CUST_77590,20426.58736920629,Nguyen Group,HEALTHCARE,IN,CREDIT_CARD,6,6,0,1,5,1,1,1,SYNTHETIC_IDENTITY
CUST_76797,574.5821372539908,Morgan Group,HEALTHCARE,IN,UPI,25,199,0,0,1172,0,0,1,VELOCITY_ABUSE
CUST_80441,617.88,Rivera-Craig,OTHER,CN,UPI,1,240,0,0,1881,0,0,0,LEGITIMATE
CUST_33056,1685.35,King-Washington,GROCERY,US,NET_BANKING,4,551,1,0,678,0,0,1,GEOGRAPHIC_ANOMALY
CUST_31071,1344.18,"Allen, Maddox and Werner",ENTERTAINMENT,CN,WALLET,2,109,0,0,1775,0,0,0,LEGITIMATE
CUST_18108,3072.97,"Hernandez, Schmidt and Griffith",ECOMMERCE,GB,DEBIT_CARD,3,860,1,0,885,0,0,1,GEOGRAPHIC_ANOMALY
CUST_68535,3084.76,Hood Inc,ECOMMERCE,CN,CREDIT_CARD,2,109,0,0,1810,0,0,0,LEGITIMATE
CUST_91391,5846.14,Stafford-Howard,HEALTHCARE,GB,WALLET,2,171,0,0,1761,0,0,0,LEGITIMATE
CUST_45577,2099.814106140685,Garcia Group,TRAVEL,IN,CREDIT_CARD,29,994,0,0,873,0,0,1,VELOCITY_ABUSE
CUST_37001,4506.11,Thompson-Vega,FOOD,NG,UPI,5,3,1,1,115,1,1,1,ACCOUNT_TAKEOVER
CUST_75302,17083.6,"Williams, Cunningham and Landry",ENTERTAINMENT,US,UPI,21,2,1,1,793,1,1,1,MULTI_SIGNAL_ATTACK
CUST_73761,1921.32,Smith Inc,GROCERY,IN,DEBIT_CARD,3,354,0,0,893,0,0,0,LEGITIMATE
CUST_88824,4161.85,Goodwin Ltd,ENTERTAINMENT,US,NET_BANKING,2,755,0,0,1788,0,0,0,LEGITIMATE
CUST_23047,3226.28,Riggs-Parker,GROCERY,NG,DEBIT_CARD,3,545,0,0,81,0,0,0,LEGITIMATE
CUST_72420,3235.89,"Saunders, Spears and Mclean",ECOMMERCE,CN,DEBIT_CARD,1,888,0,0,583,0,0,0,LEGITIMATE
CUST_34551,1763.88,Mcneil and Sons,TRAVEL,IN,NET_BANKING,1,207,0,0,2040,0,0,0,LEGITIMATE
CUST_40845,5721.02,Brown-Larson,TRAVEL,CN,WALLET,4,285,0,0,2281,0,0,0,LEGITIMATE
CUST_66976,1735.75,Hart LLC,OTHER,GB,CREDIT_CARD,3,622,0,0,1726,0,0,0,LEGITIMATE
CUST_91329,367.31,Stewart Ltd,EDUCATION,IN,DEBIT_CARD,2,383,0,1,40,0,0,1,PAYMENT_METHOD_ABUSE
CUST_34760,738.35,Garcia Inc,GROCERY,GB,DEBIT_CARD,1,933,0,0,2410,0,0,0,LEGITIMATE
CUST_76686,1755.76,"Carlson, Gregory and Johnson",GROCERY,GB,CREDIT_CARD,7,0,1,1,1961,1,1,1,ACCOUNT_TAKEOVER
CUST_81013,2783.09,Noble Ltd,HEALTHCARE,US,NET_BANKING,1,328,0,0,2432,0,0,0,LEGITIMATE
CUST_65662,3572.08,Henry-Koch,OTHER,IN,CREDIT_CARD,1,322,0,0,1598,0,0,0,LEGITIMATE
CUST_71625,16151.408084997947,"Thompson, Castillo and Campbell",GROCERY,US,NET_BANKING,9,5,0,1,29,1,1,1,SYNTHETIC_IDENTITY
CUST_17639,4534.813923306938,Thornton-Williams,HEALTHCARE,NG,NET_BANKING,13,506,0,0,1680,0,0,1,VELOCITY_ABUSE
CUST_41276,5578.95,"Alexander, Higgins and Day",TRAVEL,IN,UPI,4,872,0,0,1456,0,0,0,LEGITIMATE
CUST_36115,900.07,"Kelly, Wright and Lopez",GROCERY,CN,NET_BANKING,1,706,0,1,548,0,0,1,PAYMENT_METHOD_ABUSE
CUST_93323,2834.54,Peterson-Perkins,ENTERTAINMENT,CN,NET_BANKING,4,821,0,0,1315,0,0,0,LEGITIMATE
CUST_93293,963.35,Morrow PLC,FOOD,CN,UPI,1,47,0,0,1071,0,0,0,LEGITIMATE
CUST_10661,1875.45,Burton LLC,ECOMMERCE,IN,NET_BANKING,3,530,0,0,85,0,0,0,LEGITIMATE
CUST_22795,3199.37,Bridges-Vargas,ECOMMERCE,CN,WALLET,2,180,0,0,100,0,0,0,LEGITIMATE
CUST_52613,30873.09,Guzman LLC,ECOMMERCE,US,NET_BANKING,2,687,0,0,2250,0,1,1,TRANSACTION_ANOMALY
CUST_40842,2308.61,Clay PLC,GROCERY,GB,CREDIT_CARD,4,444,0,0,1130,0,0,0,LEGITIMATE
CUST_58375,4256.73,Shepherd Group,EDUCATION,IN,NET_BANKING,6,3,1,1,1921,1,1,1,ACCOUNT_TAKEOVER
CUST_31322,4514.496136208286,"Stafford, Franco and Griffin",EDUCATION,CN,WALLET,9,3,0,1,10,1,1,1,SYNTHETIC_IDENTITY
CUST_21297,357.51,Smith-Irwin,HEALTHCARE,GB,WALLET,4,409,0,0,1340,0,0,0,LEGITIMATE
CUST_75310,4680.3,"Jones, Reeves and Smith",HEALTHCARE,CN,CREDIT_CARD,2,783,0,0,1416,0,0,0,LEGITIMATE
CUST_82294,2610.89,Pruitt PLC,OTHER,US,CREDIT_CARD,3,292,0,0,586,0,0,0,LEGITIMATE
CUST_60877,3410.87,Love Inc,GROCERY,GB,CREDIT_CARD,1,280,0,0,2225,0,0,0,LEGITIMATE
CUST_76394,2973.27,Johnson-Duncan,FOOD,GB,WALLET,2,194,0,0,1532,0,0,0,LEGITIMATE
CUST_62815,6780.49742699519,Robinson-Hall,OTHER,GB,CREDIT_CARD,25,285,0,0,1176,0,0,1,VELOCITY_ABUSE
CUST_18752,1363.8,Blair Group,HEALTHCARE,CN,DEBIT_CARD,4,114,0,0,223,0,0,0,LEGITIMATE
CUST_34096,3766.53,Todd-Hernandez,ECOMMERCE,NG,CREDIT_CARD,4,198,0,0,1967,0,0,0,LEGITIMATE
CUST_94840,17764.32,Bradley-Martinez,HEALTHCARE,NG,NET_BANKING,14,3,1,1,1998,1,1,1,ACCOUNT_TAKEOVER
CUST_11400,8286.66,"Mora, Robinson and Baker",GROCERY,CN,CREDIT_CARD,2,593,0,0,1502,1,1,1,TRANSACTION_ANOMALY
CUST_73021,1670.84,Meyer and Sons,EDUCATION,NG,UPI,2,52,0,0,1312,0,0,0,LEGITIMATE
CUST_86698,5713.06,Johnson-Taylor,ECOMMERCE,GB,DEBIT_CARD,3,622,0,0,2049,0,0,0,LEGITIMATE
CUST_27647,3921.81,"Oconnor, Huff and Schroeder",EDUCATION,CN,WALLET,14,3,1,1,2084,1,1,1,MULTI_SIGNAL_ATTACK
CUST_51570,2858.43,Vazquez PLC,EDUCATION,NG,UPI,1,456,0,0,1155,0,0,0,LEGITIMATE
CUST_84421,4670.91,Pratt-Williams,HEALTHCARE,US,UPI,1,232,0,0,2378,0,0,0,LEGITIMATE
CUST_55835,1439.34,Perry PLC,OTHER,US,UPI,2,290,1,0,2220,0,0,1,GEOGRAPHIC_ANOMALY
CUST_15136,1601.26,"Turner, Gutierrez and Garza",HEALTHCARE,NG,DEBIT_CARD,2,973,0,0,2106,0,0,0,LEGITIMATE
CUST_21199,947.2892933983833,Mathis PLC,TRAVEL,CN,NET_BANKING,19,548,0,0,793,0,0,1,VELOCITY_ABUSE
CUST_86407,3934.25,"Hall, Kirk and Smith",FOOD,IN,WALLET,15,0,1,1,799,1,1,1,MULTI_SIGNAL_ATTACK
CUST_32873,563.54,"Garcia, Tucker and Hawkins",ECOMMERCE,CN,NET_BANKING,4,805,0,0,248,0,0,0,LEGITIMATE
CUST_44303,1317.89,Chavez Ltd,FOOD,CN,WALLET,1,841,0,0,462,0,0,0,LEGITIMATE
CUST_18148,25262.910133480684,"Diaz, Schmitt and Jones",GROCERY,IN,UPI,3,1,0,1,9,1,1,1,SYNTHETIC_IDENTITY
CUST_22275,1742.28,Rojas-Johnson,TRAVEL,NG,CREDIT_CARD,1,624,0,0,1042,0,0,0,LEGITIMATE
CUST_29660,1186.17,"Johnson, Copeland and Garcia",TRAVEL,CN,UPI,4,325,0,0,1939,0,0,0,LEGITIMATE
CUST_52244,9164.992446252287,Sawyer LLC,ENTERTAINMENT,IN,NET_BANKING,16,955,0,0,1575,0,0,1,VELOCITY_ABUSE
CUST_53030,4008.11,"Johnson, Fernandez and Merritt",OTHER,GB,CREDIT_CARD,1,328,0,0,1845,0,0,0,LEGITIMATE
CUST_77547,51277.1,Wilson-Avila,EDUCATION,IN,WALLET,2,258,0,0,1919,1,1,1,TRANSACTION_ANOMALY
CUST_55553,13178.90483800703,Blackburn PLC,EDUCATION,IN,WALLET,4,6,0,1,5,1,1,1,SYNTHETIC_IDENTITY
CUST_85243,3008.04,"Boyle, Woodard and Collins",OTHER,US,UPI,4,742,0,1,2350,0,0,1,PAYMENT_METHOD_ABUSE
CUST_69762,2889.89,"Bennett, Escobar and Russell",EDUCATION,NG,UPI,3,644,0,0,1244,0,0,0,LEGITIMATE
CUST_70814,32552.15,"Stephenson, Griffin and Hawkins",OTHER,NG,DEBIT_CARD,14,1,1,1,2038,1,1,1,MULTI_SIGNAL_ATTACK
CUST_42530,1369.27,Holmes LLC,ECOMMERCE,US,WALLET,3,737,0,0,1975,0,0,0,LEGITIMATE
CUST_22233,25877.87,"Burke, Daniels and Gamble",OTHER,GB,WALLET,8,3,1,1,749,1,1,1,MULTI_SIGNAL_ATTACK
CUST_57107,919.86,Turner-Banks,OTHER,IN,DEBIT_CARD,1,683,0,0,666,0,0,0,LEGITIMATE
CUST_53551,2008.95,Williams-Ruiz,TRAVEL,CN,WALLET,2,761,0,0,2135,0,0,0,LEGITIMATE
CUST_98629,5364.640690124892,Smith Inc,HEALTHCARE,NG,UPI,11,437,0,0,670,0,0,1,VELOCITY_ABUSE
CUST_80448,3475.06,Parsons-Garcia,GROCERY,CN,NET_BANKING,1,882,0,0,911,0,0,0,LEGITIMATE
CUST_98120,994.01,"Miles, Porter and Johnson",EDUCATION,GB,DEBIT_CARD,1,384,1,0,2492,0,0,1,GEOGRAPHIC_ANOMALY
CUST_50181,3391.41,"Hamilton, Miller and Pratt",FOOD,NG,WALLET,4,33,0,0,1232,0,0,0,LEGITIMATE
CUST_93645,774.55,Hardy-Sanchez,OTHER,GB,NET_BANKING,2,330,0,0,2266,1,0,1,MERCHANT_ANOMALY
CUST_86774,2569.29,Paul Ltd,ENTERTAINMENT,IN,DEBIT_CARD,1,661,1,0,1574,0,0,1,GEOGRAPHIC_ANOMALY
CUST_64729,1467.37,Smith-Decker,OTHER,CN,DEBIT_CARD,4,197,0,0,608,0,0,0,LEGITIMATE
CUST_83353,836.81,Jackson and Sons,FOOD,IN,DEBIT_CARD,4,464,0,0,2047,0,0,0,LEGITIMATE
CUST_68827,2467.94,Long and Sons,FOOD,IN,WALLET,1,304,0,0,283,0,0,0,LEGITIMATE
CUST_53727,2111.02,Mendoza and Sons,TRAVEL,NG,CREDIT_CARD,1,183,0,0,2374,0,0,0,LEGITIMATE
CUST_32606,2739.48,Brown-Robertson,FOOD,US,WALLET,3,65,0,0,352,0,0,0,LEGITIMATE
CUST_35008,1183.78,Johnson-Juarez,FOOD,CN,CREDIT_CARD,4,950,0,0,1309,0,0,0,LEGITIMATE
CUST_43654,2422.49,Olson and Sons,EDUCATION,GB,UPI,2,283,0,0,390,0,0,0,LEGITIMATE
CUST_37058,4309.87,Roberts-Garcia,FOOD,GB,WALLET,1,387,0,1,1423,0,0,1,PAYMENT_METHOD_ABUSE
CUST_35347,1062.29,Shelton Ltd,EDUCATION,US,DEBIT_CARD,3,551,0,0,126,0,0,0,LEGITIMATE
CUST_62378,6929.2,"Torres, Larson and Steele",GROCERY,IN,NET_BANKING,3,213,0,0,1393,0,0,0,LEGITIMATE
CUST_51559,1998.84,Gutierrez and Sons,FOOD,IN,NET_BANKING,4,50,0,0,35,0,0,0,LEGITIMATE
CUST_61489,1874.74,Long PLC,EDUCATION,NG,NET_BANKING,2,301,0,0,1812,0,0,0,LEGITIMATE
CUST_18454,5769.16,Hill-Charles,TRAVEL,GB,UPI,4,311,0,0,1295,0,0,0,LEGITIMATE
CUST_86543,5061.49,Gonzalez-Smith,ECOMMERCE,GB,UPI,3,231,0,0,295,0,0,0,LEGITIMATE
CUST_56027,5216.47,"Mitchell, Carter and Burns",ENTERTAINMENT,NG,CREDIT_CARD,2,642,0,0,340,0,0,0,LEGITIMATE
CUST_30108,4995.49,Roberts Ltd,EDUCATION,IN,UPI,13,0,1,1,2491,1,1,1,MULTI_SIGNAL_ATTACK
CUST_46735,41460.74,Hill-Hanson,HEALTHCARE,NG,NET_BANKING,1,619,0,0,994,1,1,1,TRANSACTION_ANOMALY
CUST_16383,1707.2206066503697,Jacobson-Edwards,ECOMMERCE,CN,DEBIT_CARD,22,704,0,0,419,0,0,1,VELOCITY_ABUSE
CUST_86353,30812.12,Arias-Morris,FOOD,US,UPI,1,741,0,0,931,1,1,1,TRANSACTION_ANOMALY
CUST_28349,6414.6650144058185,Clark-Johnson,GROCERY,US,CREDIT_CARD,30,554,0,0,2122,0,0,1,VELOCITY_ABUSE
CUST_45160,2619.77,Rowe-Cameron,EDUCATION,IN,NET_BANKING,4,155,0,0,1521,0,0,0,LEGITIMATE
CUST_99389,4544.56,"Hawkins, Luna and Clark",GROCERY,CN,NET_BANKING,4,174,0,0,2377,0,0,0,LEGITIMATE
CUST_90339,2353.57,Stewart-Morris,ECOMMERCE,US,UPI,2,400,0,0,641,0,0,0,LEGITIMATE
CUST_37034,27687.17,Hill LLC,HEALTHCARE,GB,UPI,4,766,0,0,367,1,1,1,TRANSACTION_ANOMALY
CUST_93057,1258.92,Lewis-Pittman,GROCERY,GB,WALLET,4,711,0,0,120,0,0,0,LEGITIMATE
CUST_75067,2365.83,"Patel, Molina and Sanchez",TRAVEL,CN,WALLET,1,579,0,0,398,0,0,0,LEGITIMATE
CUST_95265,1736.6324080525155,Stanton Ltd,ENTERTAINMENT,GB,NET_BANKING,22,439,0,0,556,0,0,1,VELOCITY_ABUSE
CUST_73990,9724.032128662428,Miller LLC,EDUCATION,US,UPI,14,929,0,0,46,0,0,1,VELOCITY_ABUSE
CUST_31283,994.51,"Richardson, Leon and Miller",TRAVEL,US,UPI,4,921,0,0,921,0,0,0,LEGITIMATE
CUST_82903,1809.88,Wallace-Martin,FOOD,CN,DEBIT_CARD,3,169,0,0,909,0,0,0,LEGITIMATE
CUST_78350,1798.82,Chavez Ltd,ENTERTAINMENT,NG,NET_BANKING,3,506,0,0,2017,0,0,0,LEGITIMATE
CUST_47097,1244.43,"Steele, Monroe and Poole",EDUCATION,CN,UPI,1,382,0,0,399,0,0,0,LEGITIMATE
CUST_70062,4418.48,"Carlson, Boyle and Ryan",GROCERY,GB,NET_BANKING,3,252,0,0,2431,0,0,0,LEGITIMATE
CUST_33146,1556.92,Morales-Rivera,TRAVEL,US,UPI,2,314,0,0,2401,0,0,0,LEGITIMATE
CUST_59048,3949.66,Spencer PLC,OTHER,NG,UPI,4,524,0,0,516,1,0,1,MERCHANT_ANOMALY
CUST_44581,3170.58,Smith-Douglas,FOOD,US,UPI,4,463,0,0,2053,0,0,0,LEGITIMATE
CUST_33321,5388.22,"Smith, Webb and Taylor",FOOD,IN,NET_BANKING,3,229,0,0,1448,0,0,0,LEGITIMATE
CUST_96426,4249.29,Manning LLC,FOOD,CN,UPI,4,198,0,0,1867,0,0,0,LEGITIMATE
CUST_46929,642.62,Andrade and Sons,TRAVEL,GB,NET_BANKING,2,35,0,0,2151,0,0,0,LEGITIMATE
CUST_52299,4435.34,Robinson-Hubbard,TRAVEL,NG,CREDIT_CARD,1,550,0,0,1770,0,0,0,LEGITIMATE
CUST_33015,22330.06,Thompson-Boyer,FOOD,CN,WALLET,2,66,0,0,117,1,1,1,TRANSACTION_ANOMALY
CUST_10512,4340.276522214803,Heath-Manning,TRAVEL,GB,NET_BANKING,5,9,0,1,7,1,1,1,SYNTHETIC_IDENTITY
CUST_86048,3463.67,Carr Group,HEALTHCARE,GB,CREDIT_CARD,24,3,1,1,76,1,1,1,MULTI_SIGNAL_ATTACK
CUST_42457,8079.82,"Hernandez, Simmons and Deleon",GROCERY,NG,DEBIT_CARD,2,212,0,0,1393,1,1,1,TRANSACTION_ANOMALY
CUST_95039,12373.296583660107,Joyce-Solomon,EDUCATION,CN,WALLET,8,2,0,1,26,1,1,1,SYNTHETIC_IDENTITY
CUST_48494,1065.4,"Watts, James and Pittman",GROCERY,IN,WALLET,3,149,0,0,1591,1,0,1,MERCHANT_ANOMALY
CUST_34482,4356.78,Wright-Morales,EDUCATION,NG,NET_BANKING,4,736,0,0,604,0,0,0,LEGITIMATE
CUST_47978,4139.69,"Thompson, Taylor and Walker",FOOD,GB,CREDIT_CARD,1,270,0,0,2396,0,0,0,LEGITIMATE
CUST_63183,11534.37869444041,Reeves Ltd,EDUCATION,NG,WALLET,7,8,0,1,5,1,1,1,SYNTHETIC_IDENTITY
CUST_36707,43829.41,Gonzalez-Ryan,TRAVEL,CN,WALLET,18,1,1,1,1132,1,1,1,MULTI_SIGNAL_ATTACK
CUST_87977,8368.08,Garcia Group,FOOD,IN,WALLET,14,0,1,1,1357,1,1,1,ACCOUNT_TAKEOVER
CUST_94437,7685.84,"Harris, Roberts and Collins",OTHER,US,DEBIT_CARD,3,669,0,0,222,1,1,1,TRANSACTION_ANOMALY
CUST_33532,5142.76,Perry and Sons,GROCERY,GB,UPI,3,575,0,0,857,0,0,0,LEGITIMATE
CUST_81210,3252.45,"Simmons, Yates and Gutierrez",ECOMMERCE,CN,CREDIT_CARD,2,584,0,0,1807,0,0,0,LEGITIMATE
CUST_71116,1755.34,Roberts-Nguyen,FOOD,CN,CREDIT_CARD,1,145,0,0,261,0,0,0,LEGITIMATE
CUST_78410,17552.21,Caldwell-Meyer,EDUCATION,NG,WALLET,1,668,0,0,2078,1,1,1,TRANSACTION_ANOMALY
CUST_52630,1354.43,Hunt Ltd,FOOD,GB,NET_BANKING,4,463,0,0,2408,0,0,0,LEGITIMATE
CUST_50038,3957.89,Holt Inc,ENTERTAINMENT,US,DEBIT_CARD,6,0,1,1,2277,1,1,1,ACCOUNT_TAKEOVER
CUST_10629,1317.48,Griffith PLC,TRAVEL,US,DEBIT_CARD,2,423,0,0,1708,0,0,0,LEGITIMATE
CUST_55525,4121.5,Burgess-Ward,HEALTHCARE,NG,CREDIT_CARD,1,687,0,0,1117,0,0,0,LEGITIMATE
CUST_85926,516.05,Porter-Green,HEALTHCARE,NG,UPI,1,384,0,0,2025,0,0,0,LEGITIMATE
CUST_47355,1687.7,"Velasquez, Warren and Bishop",GROCERY,CN,DEBIT_CARD,3,576,0,0,1006,0,0,0,LEGITIMATE
CUST_87919,1139.11,"Francis, Levine and Mitchell",ENTERTAINMENT,IN,WALLET,1,64,0,0,869,0,0,0,LEGITIMATE
CUST_10752,2039.48,"Henderson, Nelson and Campbell",HEALTHCARE,NG,NET_BANKING,2,222,0,0,1735,0,0,0,LEGITIMATE
CUST_34991,4934.17,Raymond-Campbell,OTHER,CN,WALLET,4,324,0,0,381,0,0,0,LEGITIMATE
CUST_12255,182.11,Price PLC,OTHER,IN,UPI,1,701,0,0,1003,0,0,0,LEGITIMATE
CUST_66444,2316.05,Stevens-Bryant,FOOD,IN,CREDIT_CARD,1,482,0,0,1169,0,0,0,LEGITIMATE
CUST_91768,22223.94,Harrell-Velasquez,FOOD,CN,CREDIT_CARD,8,3,1,1,1569,1,1,1,ACCOUNT_TAKEOVER
CUST_47919,3807.09,Sanders-Clark,HEALTHCARE,GB,UPI,2,117,0,0,2402,0,0,0,LEGITIMATE
CUST_78843,849.17,"Williams, Hill and Barnes",EDUCATION,CN,UPI,2,291,0,0,1522,0,0,0,LEGITIMATE
CUST_70584,3949.09,Henry-Tapia,TRAVEL,IN,NET_BANKING,1,37,0,0,2119,0,0,0,LEGITIMATE
CUST_71467,463.01,Jones-Austin,ECOMMERCE,CN,DEBIT_CARD,1,673,0,0,2315,0,0,0,LEGITIMATE
CUST_38565,4398.35,Smith LLC,FOOD,CN,NET_BANKING,2,364,0,0,123,0,0,0,LEGITIMATE
CUST_53963,13998.21,Wise-Johnson,FOOD,IN,CREDIT_CARD,25,0,1,1,2205,1,1,1,MULTI_SIGNAL_ATTACK
CUST_75911,2226.55,Delacruz-Copeland,TRAVEL,GB,UPI,1,92,0,0,1119,0,0,0,LEGITIMATE
CUST_43287,1156.22,Walker and Sons,OTHER,GB,NET_BANKING,3,292,0,0,599,0,0,0,LEGITIMATE
CUST_49093,3258.08,"Winters, Whitney and Harris",ENTERTAINMENT,NG,CREDIT_CARD,3,119,0,1,1463,0,0,1,PAYMENT_METHOD_ABUSE
CUST_43327,21420.86,Olson-Mullins,GROCERY,GB,CREDIT_CARD,9,3,1,1,2379,1,1,1,ACCOUNT_TAKEOVER
CUST_32277,1890.65,"Preston, Martin and Wilson",FOOD,US,NET_BANKING,4,866,0,0,1562,0,0,0,LEGITIMATE
CUST_38454,2435.66,Collins-Doyle,OTHER,IN,NET_BANKING,3,748,0,0,2414,0,0,0,LEGITIMATE
CUST_29889,3350.94,"Brown, Gonzalez and Obrien",TRAVEL,GB,CREDIT_CARD,3,522,0,0,1081,0,0,0,LEGITIMATE
CUST_87230,3830.34,Brown Ltd,GROCERY,CN,NET_BANKING,1,134,0,0,2461,0,0,0,LEGITIMATE
CUST_27165,2563.83,Cook-Rivas,GROCERY,GB,NET_BANKING,2,365,0,0,1166,0,0,0,LEGITIMATE
CUST_15586,4467.47,Hernandez LLC,GROCERY,NG,WALLET,4,152,0,1,1756,0,0,1,PAYMENT_METHOD_ABUSE
CUST_32455,1028.25,Gibson Ltd,ECOMMERCE,NG,UPI,1,502,0,0,875,0,0,0,LEGITIMATE
CUST_92475,2079.44,Kennedy LLC,EDUCATION,US,UPI,2,160,0,0,1862,0,0,0,LEGITIMATE
CUST_66964,33558.91,"Hill, Davila and Fields",TRAVEL,US,UPI,1,114,0,0,433,1,1,1,TRANSACTION_ANOMALY
CUST_94363,6445.48,"Russell, Roman and Lara",TRAVEL,IN,WALLET,1,312,0,1,265,0,0,1,PAYMENT_METHOD_ABUSE
CUST_50484,7721.655683490791,Ayala Ltd,FOOD,CN,WALLET,13,255,0,0,99,0,0,1,VELOCITY_ABUSE
CUST_54580,4381.9,Smith Ltd,ECOMMERCE,GB,UPI,4,377,0,0,1683,0,0,0,LEGITIMATE
CUST_35339,2778.96,Caldwell-Flores,ENTERTAINMENT,US,WALLET,2,417,1,0,466,0,0,1,GEOGRAPHIC_ANOMALY
CUST_24517,726.72,Walker and Sons,EDUCATION,US,UPI,1,417,0,0,1441,0,0,0,LEGITIMATE
CUST_60331,1284.9,King-Fuller,ECOMMERCE,NG,CREDIT_CARD,1,474,0,0,825,0,0,0,LEGITIMATE
CUST_82362,682.12,"Neal, Ruiz and Henderson",OTHER,IN,CREDIT_CARD,1,881,0,0,2133,0,0,0,LEGITIMATE
CUST_53831,27227.02,Gilmore Ltd,ECOMMERCE,CN,CREDIT_CARD,3,132,0,0,1407,1,1,1,TRANSACTION_ANOMALY
CUST_35563,2881.62,Pruitt-Wright,FOOD,IN,NET_BANKING,3,302,0,0,1219,0,0,0,LEGITIMATE
CUST_54808,8259.05,Lewis-Gomez,FOOD,CN,NET_BANKING,4,184,0,0,1527,1,0,1,MERCHANT_ANOMALY
CUST_63867,738.67,Day-Smith,FOOD,IN,NET_BANKING,2,342,0,0,1878,0,0,0,LEGITIMATE
CUST_58075,2069.89,Walton Ltd,FOOD,GB,NET_BANKING,2,243,0,0,1994,0,0,0,LEGITIMATE
CUST_10762,4099.96,Underwood-Young,TRAVEL,US,UPI,4,123,0,0,223,0,0,0,LEGITIMATE
CUST_62745,3627.25,"Porter, Black and Hernandez",ECOMMERCE,GB,DEBIT_CARD,3,968,0,0,1607,0,0,0,LEGITIMATE
CUST_21072,4331.34,"Hart, Ross and Torres",OTHER,NG,DEBIT_CARD,3,166,0,0,2484,0,0,0,LEGITIMATE
CUST_90426,4190.29,"Bright, Benton and Fisher",GROCERY,CN,WALLET,1,461,0,0,692,0,0,0,LEGITIMATE
CUST_71755,27844.71592683559,"Smith, Harris and Mason",ECOMMERCE,GB,CREDIT_CARD,3,1,0,1,16,1,1,1,SYNTHETIC_IDENTITY
CUST_15258,1567.68,"Moyer, Higgins and Mccarty",ENTERTAINMENT,CN,NET_BANKING,11,3,1,1,499,1,1,1,ACCOUNT_TAKEOVER
CUST_80102,6781.89,Johnson Group,FOOD,US,CREDIT_CARD,24,3,1,1,1670,1,1,1,MULTI_SIGNAL_ATTACK
CUST_85195,777.76,Rios-Lewis,GROCERY,NG,DEBIT_CARD,3,304,0,0,778,0,0,0,LEGITIMATE
CUST_79311,3557.27,Hopkins-Lee,GROCERY,NG,NET_BANKING,4,395,0,0,2257,0,0,0,LEGITIMATE
CUST_70640,2051.16,Lewis Ltd,HEALTHCARE,CN,UPI,2,597,0,0,1967,0,0,0,LEGITIMATE
CUST_84294,3637.7,"Henderson, Guzman and Kemp",EDUCATION,GB,DEBIT_CARD,3,380,0,0,439,0,0,0,LEGITIMATE
CUST_99618,3819.04,Johns-Zamora,OTHER,GB,CREDIT_CARD,1,108,0,1,998,0,0,1,PAYMENT_METHOD_ABUSE
CUST_76752,1304.77,Welch-Russell,FOOD,CN,WALLET,3,725,0,0,1116,0,0,0,LEGITIMATE
CUST_45523,4205.62,"Molina, Forbes and Reeves",ENTERTAINMENT,CN,NET_BANKING,3,578,1,0,2376,0,0,1,GEOGRAPHIC_ANOMALY
CUST_97143,3836.45,Dixon-Jenkins,ENTERTAINMENT,NG,UPI,3,211,0,0,1648,0,0,0,LEGITIMATE
CUST_25473,1473.19,Smith-Cox,TRAVEL,CN,WALLET,2,418,0,0,1537,0,0,0,LEGITIMATE
CUST_17268,4670.86,"Espinoza, Cooper and Greene",ECOMMERCE,IN,DEBIT_CARD,2,955,0,0,1994,0,0,0,LEGITIMATE
CUST_80133,2693.92,Lowe-Serrano,EDUCATION,CN,UPI,2,246,0,0,561,0,0,0,LEGITIMATE
CUST_88784,3916.17,Clark LLC,EDUCATION,GB,UPI,2,947,0,0,1470,1,0,1,MERCHANT_ANOMALY
CUST_84855,2905.94,"Brewer, Sanders and Garcia",OTHER,US,DEBIT_CARD,4,843,0,0,487,0,0,0,LEGITIMATE
CUST_71419,4500.57,Knight Inc,GROCERY,US,WALLET,1,276,0,0,1837,0,0,0,LEGITIMATE
CUST_90155,2114.32,"Jones, Mendez and Silva",EDUCATION,GB,WALLET,4,381,0,0,905,0,0,0,LEGITIMATE
CUST_37800,5089.11,Graham Inc,FOOD,IN,WALLET,2,559,0,0,2336,0,0,0,LEGITIMATE
CUST_99662,151.67,Daniels-Garner,ECOMMERCE,IN,UPI,3,574,0,0,2341,0,0,0,LEGITIMATE
CUST_93697,496.36,Martin-Houston,GROCERY,GB,UPI,3,126,0,0,1348,0,0,0,LEGITIMATE
CUST_99743,2051.15,Thompson and Sons,EDUCATION,GB,DEBIT_CARD,4,818,0,0,384,0,0,0,LEGITIMATE
CUST_93178,55065.55,"Ayala, Cochran and Booth",TRAVEL,US,NET_BANKING,4,978,0,0,1696,1,1,1,TRANSACTION_ANOMALY
CUST_50601,1451.16,Randolph-Hester,FOOD,NG,UPI,3,115,0,0,972,0,0,0,LEGITIMATE
CUST_45199,1187.41,Brewer Group,OTHER,NG,UPI,3,295,0,0,2457,0,0,0,LEGITIMATE
CUST_60453,1827.3,"Smith, Adams and Montgomery",ENTERTAINMENT,US,UPI,1,121,0,0,900,0,0,0,LEGITIMATE
CUST_26398,5130.362238435793,Shelton-Moore,GROCERY,US,UPI,6,0,0,1,7,1,1,1,SYNTHETIC_IDENTITY
CUST_82571,16989.5,Price-Poole,ECOMMERCE,GB,CREDIT_CARD,6,3,1,1,2380,1,1,1,ACCOUNT_TAKEOVER
CUST_65931,2009.5930043654005,"Welch, Taylor and Johnson",OTHER,NG,CREDIT_CARD,27,921,0,0,1699,0,0,1,VELOCITY_ABUSE
CUST_31578,3390.43,"Case, Fox and Davila",OTHER,GB,UPI,13,3,1,1,1578,1,1,1,MULTI_SIGNAL_ATTACK
CUST_88340,1057.36,Brown LLC,GROCERY,NG,CREDIT_CARD,3,968,0,0,1463,0,0,0,LEGITIMATE
CUST_34759,1322.65,Lyons-Green,TRAVEL,NG,UPI,2,472,1,0,242,0,0,1,GEOGRAPHIC_ANOMALY
CUST_66299,2009.89,"Elliott, Rosario and Walter",OTHER,US,CREDIT_CARD,4,335,0,0,2411,0,0,0,LEGITIMATE
CUST_48072,1399.73,"Tyler, Smith and Pratt",FOOD,US,UPI,1,664,0,0,123,0,0,0,LEGITIMATE
CUST_44126,6085.15,"Bryan, Wagner and Griffin",TRAVEL,CN,CREDIT_CARD,3,262,0,0,1383,0,0,0,LEGITIMATE
CUST_31328,1193.91,Morales-Martin,HEALTHCARE,CN,UPI,3,847,0,0,442,0,0,0,LEGITIMATE
CUST_58154,390.43,"Roberts, Moss and Brock",ECOMMERCE,GB,NET_BANKING,3,830,0,0,86,0,0,0,LEGITIMATE
CUST_85789,3535.14,Bridges Group,TRAVEL,US,WALLET,4,927,0,0,2391,0,0,0,LEGITIMATE
CUST_60874,229.82,Campbell PLC,GROCERY,NG,CREDIT_CARD,3,993,0,0,2100,0,0,0,LEGITIMATE
CUST_33596,2333.82,Duncan-Haynes,ENTERTAINMENT,GB,UPI,2,706,0,0,2201,0,0,0,LEGITIMATE
CUST_37696,25402.37,Bradford Ltd,ENTERTAINMENT,GB,CREDIT_CARD,12,2,1,1,1771,1,1,1,MULTI_SIGNAL_ATTACK
CUST_15908,9142.294695280603,"Hart, Arroyo and Bradford",TRAVEL,IN,WALLET,29,613,0,0,1461,0,0,1,VELOCITY_ABUSE
CUST_72086,4032.65,"Valenzuela, Santos and Buchanan",FOOD,NG,CREDIT_CARD,1,990,0,0,2327,0,0,0,LEGITIMATE
CUST_55622,1765.0,Nguyen-Fuller,HEALTHCARE,US,UPI,4,565,1,0,2477,0,0,1,GEOGRAPHIC_ANOMALY
CUST_50411,1089.04,Moore PLC,EDUCATION,GB,CREDIT_CARD,4,529,0,0,459,1,0,1,MERCHANT_ANOMALY
CUST_20161,18105.6,Hughes-Turner,TRAVEL,NG,DEBIT_CARD,13,2,1,1,1354,1,1,1,ACCOUNT_TAKEOVER
CUST_98381,3014.03,Morse-Brock,OTHER,GB,NET_BANKING,3,512,0,0,86,0,0,0,LEGITIMATE
CUST_94033,4813.98,"White, Esparza and Schultz",ENTERTAINMENT,GB,CREDIT_CARD,2,815,1,0,2472,0,0,1,GEOGRAPHIC_ANOMALY
CUST_71245,610.5,Frye-Roy,OTHER,CN,UPI,4,316,0,0,1586,0,0,0,LEGITIMATE
CUST_63493,1370.65,Davis LLC,HEALTHCARE,CN,NET_BANKING,4,333,0,0,1566,0,0,0,LEGITIMATE
CUST_41005,3622.21,Gibson and Sons,TRAVEL,IN,CREDIT_CARD,3,631,0,0,1656,1,0,1,MERCHANT_ANOMALY
CUST_50725,1771.58,Lane-King,FOOD,CN,NET_BANKING,2,352,0,0,320,0,0,0,LEGITIMATE
CUST_63316,967.86,"Johnson, Curtis and Martin",ECOMMERCE,GB,DEBIT_CARD,1,57,0,0,1045,0,0,0,LEGITIMATE
CUST_31696,1762.1,Brown PLC,ECOMMERCE,NG,CREDIT_CARD,1,306,0,0,2310,0,0,0,LEGITIMATE
CUST_20035,363.98,Rush Ltd,FOOD,IN,DEBIT_CARD,4,861,0,0,248,0,0,0,LEGITIMATE
CUST_50043,3232.4,Fleming LLC,FOOD,GB,UPI,1,632,0,0,1944,0,0,0,LEGITIMATE
CUST_45925,3155.38,Boyle-Scott,GROCERY,US,DEBIT_CARD,3,852,0,0,560,0,0,0,LEGITIMATE
CUST_80651,3464.37,"Bailey, Davies and Whitaker",OTHER,GB,CREDIT_CARD,4,74,0,0,661,0,0,0,LEGITIMATE
CUST_86633,1950.42,Barnes Group,HEALTHCARE,CN,NET_BANKING,3,197,0,0,769,0,0,0,LEGITIMATE
CUST_53263,450.48,"Sexton, Clark and Chandler",ENTERTAINMENT,US,NET_BANKING,1,674,0,0,1154,0,0,0,LEGITIMATE
CUST_51733,1716.03,Flores Inc,EDUCATION,CN,NET_BANKING,1,525,0,0,1226,0,0,0,LEGITIMATE
CUST_32840,39772.98,"Cooper, Cole and Allen",TRAVEL,NG,DEBIT_CARD,17,1,1,1,2371,1,1,1,MULTI_SIGNAL_ATTACK
CUST_46259,3736.65,Ortiz-Snyder,OTHER,US,UPI,2,613,0,0,1465,0,0,0,LEGITIMATE
CUST_95741,2976.97,Mills-Morales,HEALTHCARE,US,NET_BANKING,1,171,0,0,113,0,0,0,LEGITIMATE
CUST_83023,1951.26,Greer and Sons,GROCERY,GB,DEBIT_CARD,2,704,0,0,1271,0,0,0,LEGITIMATE
CUST_59615,16230.83,"Gonzales, Brooks and Love",ENTERTAINMENT,CN,CREDIT_CARD,18,3,1,1,2291,1,1,1,MULTI_SIGNAL_ATTACK
CUST_40728,4056.98,Hanson PLC,TRAVEL,NG,NET_BANKING,4,51,0,0,2039,0,0,0,LEGITIMATE
CUST_80761,4036.02,Thompson and Sons,TRAVEL,US,CREDIT_CARD,2,638,0,0,559,0,0,0,LEGITIMATE
CUST_71943,3900.68,"Reynolds, Chavez and Duran",EDUCATION,IN,NET_BANKING,3,462,0,0,2226,0,0,0,LEGITIMATE
CUST_51164,989.51,"Morris, Sharp and Wood",GROCERY,US,WALLET,2,153,0,0,1314,0,0,0,LEGITIMATE
CUST_26748,2465.67,Lawson-Daniel,FOOD,NG,NET_BANKING,3,869,0,0,2135,0,0,0,LEGITIMATE
CUST_80323,1316.2,Acevedo-Cruz,TRAVEL,US,DEBIT_CARD,3,295,0,0,919,0,0,0,LEGITIMATE
CUST_28112,2020.04,Mitchell LLC,EDUCATION,IN,CREDIT_CARD,1,290,0,0,1127,0,0,0,LEGITIMATE
CUST_81208,2799.42,"Phillips, Cole and Castillo",ENTERTAINMENT,NG,WALLET,2,249,0,0,2422,0,0,0,LEGITIMATE
CUST_99884,5157.59,"Murray, Osborne and Walls",TRAVEL,US,WALLET,4,152,0,0,814,0,0,0,LEGITIMATE
CUST_88868,6004.06,Griffin LLC,FOOD,NG,CREDIT_CARD,4,231,0,0,2420,1,1,1,TRANSACTION_ANOMALY
CUST_41442,634.47,"Brown, House and Wilkins",HEALTHCARE,CN,DEBIT_CARD,3,875,0,0,958,0,0,0,LEGITIMATE
CUST_49573,22219.72,Harmon LLC,TRAVEL,GB,DEBIT_CARD,18,1,1,1,1084,1,1,1,MULTI_SIGNAL_ATTACK
CUST_69302,7619.15,Peterson-Diaz,ECOMMERCE,NG,NET_BANKING,9,1,1,1,851,1,1,1,ACCOUNT_TAKEOVER
CUST_29013,42225.3,Morris-Powers,EDUCATION,NG,CREDIT_CARD,23,3,1,1,236,1,1,1,MULTI_SIGNAL_ATTACK
CUST_76551,2709.818472398538,"Medina, Bird and Tate",OTHER,NG,NET_BANKING,17,509,0,0,1487,0,0,1,VELOCITY_ABUSE
CUST_39148,3050.16,Wilson and Sons,OTHER,US,WALLET,3,830,0,0,2084,0,0,0,LEGITIMATE
CUST_98460,7556.76576130116,Blake-Smith,FOOD,GB,DEBIT_CARD,3,7,0,1,20,1,1,1,SYNTHETIC_IDENTITY
CUST_89377,298.96,Patterson-Vazquez,ENTERTAINMENT,US,WALLET,3,192,0,0,1671,0,0,0,LEGITIMATE
CUST_30957,11012.9,"Smith, Blackburn and Bryant",OTHER,IN,UPI,10,0,1,1,1103,1,1,1,MULTI_SIGNAL_ATTACK
CUST_52097,1043.05,Villa-Hudson,EDUCATION,GB,NET_BANKING,2,407,0,0,1382,0,0,0,LEGITIMATE
CUST_24664,3976.92,Price and Sons,OTHER,CN,UPI,1,834,0,0,206,0,0,0,LEGITIMATE
CUST_74350,18730.93,King-Davis,OTHER,GB,NET_BANKING,14,1,1,1,539,1,1,1,ACCOUNT_TAKEOVER
CUST_38719,11643.939175346237,Scott PLC,HEALTHCARE,IN,CREDIT_CARD,6,9,0,1,25,1,1,1,SYNTHETIC_IDENTITY
CUST_91970,3073.86,Lee LLC,TRAVEL,IN,WALLET,2,799,0,0,825,1,0,1,MERCHANT_ANOMALY
CUST_36974,4980.19,Greene-Ayala,OTHER,CN,DEBIT_CARD,13,0,1,1,461,1,1,1,ACCOUNT_TAKEOVER
CUST_90798,4750.56,Campbell Ltd,HEALTHCARE,CN,WALLET,2,171,0,0,2246,0,0,0,LEGITIMATE
CUST_33254,487.84,Rice-Watson,OTHER,US,WALLET,2,933,0,0,2419,0,0,0,LEGITIMATE
CUST_96876,2669.47,Thomas-Brewer,EDUCATION,NG,DEBIT_CARD,1,459,0,0,2385,0,0,0,LEGITIMATE
CUST_33398,1104.0451570616474,Jackson Inc,EDUCATION,GB,NET_BANKING,27,816,0,0,157,0,0,1,VELOCITY_ABUSE
CUST_60791,2105.64,Lin-Moreno,ENTERTAINMENT,IN,WALLET,4,745,0,0,2400,0,0,0,LEGITIMATE
CUST_90258,5297.73,Montgomery-Thomas,ENTERTAINMENT,CN,UPI,1,588,0,0,2232,0,0,0,LEGITIMATE
CUST_56014,1435.42,"Whitney, Reyes and Cunningham",FOOD,IN,UPI,2,360,0,0,365,0,0,0,LEGITIMATE
CUST_53809,1832.77,Powell PLC,HEALTHCARE,US,CREDIT_CARD,4,168,0,0,1911,1,0,1,MERCHANT_ANOMALY
CUST_49508,937.52,"White, Sanchez and Martin",TRAVEL,US,DEBIT_CARD,2,526,0,0,748,1,0,1,MERCHANT_ANOMALY
CUST_25025,1718.73,Stewart Ltd,OTHER,IN,DEBIT_CARD,3,256,1,0,1438,0,0,1,GEOGRAPHIC_ANOMALY
CUST_60606,10184.47,Gutierrez-Marshall,TRAVEL,IN,NET_BANKING,21,2,1,1,1601,1,1,1,MULTI_SIGNAL_ATTACK
CUST_34732,1422.15,Robinson-Combs,HEALTHCARE,CN,DEBIT_CARD,1,658,0,1,1263,0,0,1,PAYMENT_METHOD_ABUSE
CUST_44021,2151.0,"English, Price and Odonnell",OTHER,CN,CREDIT_CARD,4,837,0,0,2217,0,0,0,LEGITIMATE
CUST_30747,689.28,Wilson-Wallace,FOOD,NG,NET_BANKING,1,363,0,0,545,0,0,0,LEGITIMATE
CUST_41645,5606.21,Foster and Sons,FOOD,IN,CREDIT_CARD,4,900,0,0,2475,0,0,0,LEGITIMATE
CUST_71720,3247.74,Perry Inc,FOOD,US,WALLET,4,238,0,0,2243,0,0,0,LEGITIMATE
CUST_72468,1348.71,"Drake, Lopez and Wells",OTHER,IN,CREDIT_CARD,3,87,0,0,1054,0,0,0,LEGITIMATE
CUST_77529,3130.57,Hill-Haynes,ECOMMERCE,NG,DEBIT_CARD,4,925,0,0,392,0,0,0,LEGITIMATE
CUST_43842,4846.29,"Allen, Jordan and Caldwell",ENTERTAINMENT,GB,UPI,3,964,0,0,1222,0,0,0,LEGITIMATE
CUST_73204,4642.63,Smith-Lutz,OTHER,CN,WALLET,4,866,0,0,686,0,0,0,LEGITIMATE
CUST_98707,290.41,Harper and Sons,OTHER,GB,UPI,4,490,1,0,1912,0,0,1,GEOGRAPHIC_ANOMALY
CUST_10752,18882.62,"Price, Wilkerson and Ray",ECOMMERCE,GB,NET_BANKING,8,1,1,1,1569,1,1,1,MULTI_SIGNAL_ATTACK
CUST_77867,642.84,Murphy-Nielsen,GROCERY,NG,WALLET,1,210,0,0,2052,0,0,0,LEGITIMATE
CUST_20807,2142.77,Young LLC,ECOMMERCE,CN,WALLET,1,404,0,1,690,0,0,1,PAYMENT_METHOD_ABUSE
CUST_19825,1182.67,Flynn and Sons,EDUCATION,US,DEBIT_CARD,1,652,0,0,167,0,0,0,LEGITIMATE
CUST_36185,6888.2639575096455,Green PLC,EDUCATION,GB,DEBIT_CARD,25,327,0,0,816,0,0,1,VELOCITY_ABUSE
CUST_80924,4825.34,King-Reyes,ENTERTAINMENT,NG,CREDIT_CARD,2,393,0,0,782,0,0,0,LEGITIMATE
CUST_27386,1137.87,"Hicks, Sloan and Wong",ENTERTAINMENT,IN,DEBIT_CARD,1,583,0,0,269,0,0,0,LEGITIMATE
CUST_30531,2915.43,Velazquez-Johnson,TRAVEL,IN,UPI,4,471,0,0,2079,0,0,0,LEGITIMATE
CUST_96636,1148.25,Nelson LLC,ECOMMERCE,NG,CREDIT_CARD,2,641,0,0,1940,0,0,0,LEGITIMATE
CUST_44929,1057.23,"Wells, Jordan and Gonzalez",ECOMMERCE,NG,NET_BANKING,4,937,0,0,235,0,0,0,LEGITIMATE
CUST_99419,2932.49,"Dalton, Moore and Alexander",FOOD,GB,UPI,4,536,0,0,2221,0,0,0,LEGITIMATE
CUST_83840,616.49,"Paul, Warren and Wilson",ENTERTAINMENT,NG,UPI,3,666,0,0,438,0,0,0,LEGITIMATE
CUST_65908,4741.34,"Lester, Smith and White",HEALTHCARE,US,CREDIT_CARD,3,988,0,0,1464,0,0,0,LEGITIMATE
CUST_62840,25562.831442568946,Terry-Bennett,HEALTHCARE,GB,DEBIT_CARD,10,9,0,1,2,1,1,1,SYNTHETIC_IDENTITY
CUST_90897,34786.36,"Yu, Fields and Wagner",HEALTHCARE,US,UPI,3,78,0,0,1970,1,1,1,TRANSACTION_ANOMALY
CUST_90871,3641.55,"Davidson, Bruce and Lloyd",TRAVEL,IN,DEBIT_CARD,3,931,0,0,1047,0,0,0,LEGITIMATE
CUST_47413,1110.89,Price-Mccall,HEALTHCARE,GB,CREDIT_CARD,3,588,0,0,2365,0,0,0,LEGITIMATE
CUST_27368,4965.05,"Wright, Martinez and Walsh",EDUCATION,GB,NET_BANKING,4,482,0,0,1382,0,0,0,LEGITIMATE
CUST_97420,50.0,Reed-Franklin,ECOMMERCE,NG,WALLET,1,446,0,0,2016,0,0,0,LEGITIMATE
CUST_36419,5370.55,"Carr, Norris and Mcmillan",EDUCATION,NG,NET_BANKING,7,1,1,1,2256,1,1,1,ACCOUNT_TAKEOVER
CUST_90907,3062.01,Ashley Ltd,EDUCATION,CN,UPI,1,322,0,0,486,0,0,0,LEGITIMATE
CUST_93154,4519.28,"Hensley, Trujillo and Jackson",ENTERTAINMENT,GB,CREDIT_CARD,1,964,0,0,1487,0,0,0,LEGITIMATE
CUST_90143,2052.5,Hart-Bennett,HEALTHCARE,CN,CREDIT_CARD,3,603,0,0,1513,0,0,0,LEGITIMATE
CUST_49420,17655.68,Perez Ltd,ECOMMERCE,GB,DEBIT_CARD,4,64,0,0,320,1,1,1,TRANSACTION_ANOMALY
CUST_56728,6878.17,Ortiz-Young,OTHER,IN,DEBIT_CARD,4,223,0,1,292,0,0,1,PAYMENT_METHOD_ABUSE
CUST_80821,3231.84,"Fox, Pittman and Hicks",ENTERTAINMENT,GB,NET_BANKING,3,264,0,0,219,0,0,0,LEGITIMATE
CUST_54208,1334.81,Schroeder-Bailey,HEALTHCARE,CN,WALLET,4,981,0,0,459,0,0,0,LEGITIMATE
CUST_18576,2106.39,Cherry-Andrews,ENTERTAINMENT,CN,UPI,1,803,1,0,166,0,0,1,GEOGRAPHIC_ANOMALY
CUST_99413,1365.79,"Manning, Chapman and Nicholson",FOOD,CN,DEBIT_CARD,4,398,0,0,2453,0,0,0,LEGITIMATE
CUST_53910,3408.01,"Jensen, Smith and Miller",ECOMMERCE,GB,CREDIT_CARD,1,466,0,1,2101,0,0,1,PAYMENT_METHOD_ABUSE
CUST_91774,3573.2,"Smith, Malone and Myers",FOOD,NG,CREDIT_CARD,4,322,1,0,1687,0,0,1,GEOGRAPHIC_ANOMALY
CUST_35446,35670.42,Flores PLC,OTHER,NG,NET_BANKING,8,3,1,1,770,1,1,1,MULTI_SIGNAL_ATTACK
CUST_78277,3607.63,Morrow-Huber,ECOMMERCE,GB,UPI,4,320,0,0,1430,0,0,0,LEGITIMATE
CUST_40361,347.09,Abbott-Pitts,FOOD,CN,UPI,3,466,0,0,712,1,0,1,MERCHANT_ANOMALY
CUST_71968,2580.39,"George, Harmon and Gray",FOOD,IN,CREDIT_CARD,2,429,0,1,1889,0,0,1,PAYMENT_METHOD_ABUSE
CUST_80756,5106.66,"Anderson, Thomas and Francis",TRAVEL,GB,NET_BANKING,1,76,0,0,262,0,0,0,LEGITIMATE
CUST_83172,4144.99,Raymond and Sons,EDUCATION,GB,DEBIT_CARD,3,984,0,0,1364,0,0,0,LEGITIMATE
CUST_63616,2386.9,Medina-Delgado,EDUCATION,CN,UPI,2,274,0,0,190,0,0,0,LEGITIMATE
CUST_73550,18698.991542480257,"Chen, Rose and Hicks",TRAVEL,GB,UPI,7,8,0,1,9,1,1,1,SYNTHETIC_IDENTITY
CUST_52558,5341.88,Wade PLC,FOOD,US,CREDIT_CARD,4,475,0,0,2397,1,0,1,MERCHANT_ANOMALY
CUST_43906,453.64,Waters Group,OTHER,NG,CREDIT_CARD,2,894,0,0,2077,0,0,0,LEGITIMATE
CUST_80376,1148.6,"Zavala, Caldwell and Jimenez",GROCERY,IN,CREDIT_CARD,4,438,0,0,367,0,0,0,LEGITIMATE
CUST_63654,29267.728770486152,Booth LLC,TRAVEL,CN,NET_BANKING,10,6,0,1,13,1,1,1,SYNTHETIC_IDENTITY
CUST_55309,28829.128298430278,"Weber, Zhang and Rogers",HEALTHCARE,US,DEBIT_CARD,10,5,0,1,12,1,1,1,SYNTHETIC_IDENTITY
CUST_86741,3673.44,Wolfe Ltd,FOOD,CN,WALLET,4,959,0,0,670,0,0,0,LEGITIMATE
CUST_25237,9643.18,Webb Ltd,ENTERTAINMENT,IN,DEBIT_CARD,12,0,1,1,1569,1,1,1,ACCOUNT_TAKEOVER
CUST_25148,3208.29,Thompson Inc,ENTERTAINMENT,CN,UPI,3,602,0,0,1826,0,0,0,LEGITIMATE
CUST_59185,3801.02,Davis-Montes,FOOD,NG,NET_BANKING,2,127,0,0,1116,0,0,0,LEGITIMATE
CUST_27305,2820.07,Clark-Allen,FOOD,US,UPI,4,416,0,0,869,0,0,0,LEGITIMATE
CUST_32684,4380.94,Mahoney Ltd,GROCERY,CN,CREDIT_CARD,2,493,0,0,452,1,0,1,MERCHANT_ANOMALY
CUST_49081,3834.58,"Mason, Sampson and Rodriguez",ENTERTAINMENT,CN,WALLET,4,570,0,0,466,0,0,0,LEGITIMATE
CUST_99823,3790.91,Johnson-Cox,TRAVEL,NG,DEBIT_CARD,2,693,0,0,2396,0,0,0,LEGITIMATE
CUST_27126,1260.18,Callahan-Robertson,EDUCATION,NG,CREDIT_CARD,4,250,0,0,1853,0,0,0,LEGITIMATE
CUST_57165,951.74,Olsen PLC,TRAVEL,GB,CREDIT_CARD,1,298,0,0,1530,1,0,1,MERCHANT_ANOMALY
CUST_52149,4029.72,"Adams, Christian and Baker",HEALTHCARE,GB,DEBIT_CARD,4,403,0,0,813,0,0,0,LEGITIMATE
CUST_45596,4975.34,Murray-Bailey,GROCERY,CN,UPI,3,292,0,0,2361,0,0,0,LEGITIMATE
CUST_57294,9152.92,Rojas-Scott,ECOMMERCE,NG,UPI,1,34,0,0,2436,1,1,1,TRANSACTION_ANOMALY
CUST_76110,643.83,Allen Ltd,GROCERY,US,NET_BANKING,4,52,1,0,2263,0,0,1,GEOGRAPHIC_ANOMALY
CUST_18741,726.62,Rodriguez-Smith,GROCERY,IN,CREDIT_CARD,4,392,0,0,608,0,0,0,LEGITIMATE
CUST_28909,1740.09,Baker-Carlson,GROCERY,IN,WALLET,3,209,0,0,361,0,0,0,LEGITIMATE
CUST_55488,905.49,Williams LLC,EDUCATION,CN,DEBIT_CARD,3,856,0,0,1386,0,0,0,LEGITIMATE
CUST_44901,7455.139513044604,Cantrell-Williams,OTHER,IN,CREDIT_CARD,29,539,0,0,1190,0,0,1,VELOCITY_ABUSE
CUST_91271,44846.09,"Mccoy, Carrillo and Wang",GROCERY,US,NET_BANKING,25,1,1,1,916,1,1,1,MULTI_SIGNAL_ATTACK
CUST_85468,3446.21,Simon-Serrano,OTHER,IN,UPI,4,524,0,0,1397,0,0,0,LEGITIMATE
CUST_13041,3923.36,Roy Inc,ECOMMERCE,GB,CREDIT_CARD,2,503,0,0,193,0,0,0,LEGITIMATE
CUST_42592,2117.29,Hill Group,HEALTHCARE,GB,DEBIT_CARD,3,251,0,0,726,0,0,0,LEGITIMATE
CUST_83203,6125.61,Johnson Inc,EDUCATION,US,DEBIT_CARD,4,922,0,0,989,0,0,0,LEGITIMATE
CUST_37295,1177.438989063066,Kim-Chen,ECOMMERCE,NG,NET_BANKING,10,946,0,0,1275,0,0,1,VELOCITY_ABUSE
CUST_63849,31942.12,"Payne, Perez and Miller",OTHER,GB,UPI,9,0,1,1,1081,1,1,1,ACCOUNT_TAKEOVER
CUST_80966,4202.78,"Robinson, Jackson and Kennedy",GROCERY,US,DEBIT_CARD,1,863,0,0,1321,0,0,0,LEGITIMATE
CUST_25849,1068.29,Pham-Davis,ENTERTAINMENT,GB,DEBIT_CARD,1,627,0,0,110,0,0,0,LEGITIMATE
CUST_80700,317.21,"Malone, Reynolds and Cruz",ECOMMERCE,NG,UPI,4,743,0,0,248,0,0,0,LEGITIMATE
CUST_12586,2645.15,Romero Group,ENTERTAINMENT,NG,NET_BANKING,4,412,0,0,254,1,0,1,MERCHANT_ANOMALY
CUST_97905,1206.64,"Hoover, Rodriguez and Horton",TRAVEL,US,UPI,4,565,0,0,1271,0,0,0,LEGITIMATE
CUST_56093,42146.91,Graham Group,HEALTHCARE,GB,NET_BANKING,3,174,0,0,1945,0,1,1,TRANSACTION_ANOMALY
CUST_13022,4603.42,"Parker, Jones and Davis",ECOMMERCE,NG,DEBIT_CARD,4,874,0,0,384,0,0,0,LEGITIMATE
CUST_67832,4649.74,Rosario-Maldonado,ENTERTAINMENT,NG,WALLET,2,122,0,1,1308,0,0,1,PAYMENT_METHOD_ABUSE
CUST_17604,3003.0,Williams PLC,ECOMMERCE,GB,WALLET,4,107,1,0,1485,0,0,1,GEOGRAPHIC_ANOMALY
CUST_12851,2662.85,Rodriguez-Nielsen,OTHER,GB,NET_BANKING,2,289,0,0,940,0,0,0,LEGITIMATE
CUST_16648,9238.813841034464,Willis Ltd,ECOMMERCE,NG,WALLET,12,180,0,0,1217,0,0,1,VELOCITY_ABUSE
CUST_54293,1210.24,Jensen Ltd,ECOMMERCE,US,NET_BANKING,4,509,0,0,1468,0,0,0,LEGITIMATE
CUST_95220,2237.99,"Snyder, Santos and Mack",GROCERY,US,NET_BANKING,2,494,0,0,1798,0,0,0,LEGITIMATE
CUST_66505,2098.45,"Brown, Crawford and Baker",EDUCATION,GB,WALLET,4,254,0,0,1488,0,0,0,LEGITIMATE
CUST_93278,5192.58,Novak Inc,OTHER,CN,WALLET,1,971,1,0,146,0,0,1,GEOGRAPHIC_ANOMALY
CUST_93564,1948.42,Stewart and Sons,ECOMMERCE,NG,NET_BANKING,1,501,0,0,549,0,0,0,LEGITIMATE
CUST_51057,16330.690101777356,Wilkerson-Richardson,ENTERTAINMENT,GB,WALLET,4,8,0,1,2,1,1,1,SYNTHETIC_IDENTITY
CUST_78313,517.73,"Davidson, Hernandez and Hull",EDUCATION,NG,CREDIT_CARD,1,95,0,0,1674,0,0,0,LEGITIMATE
CUST_73962,42086.78,Mclaughlin-Price,ECOMMERCE,NG,DEBIT_CARD,1,776,0,0,324,1,1,1,TRANSACTION_ANOMALY
CUST_94113,2857.46,"Sanders, Torres and Patel",EDUCATION,GB,DEBIT_CARD,1,429,0,0,508,0,0,0,LEGITIMATE
CUST_16365,14041.76,"Phillips, Stein and Johnson",FOOD,GB,NET_BANKING,10,1,1,1,1563,1,1,1,ACCOUNT_TAKEOVER
CUST_63144,4999.79,Palmer LLC,FOOD,US,WALLET,4,115,0,0,2289,0,0,0,LEGITIMATE
CUST_86280,2376.2,Hayes-Arnold,ECOMMERCE,US,DEBIT_CARD,4,830,0,0,35,0,0,0,LEGITIMATE
CUST_42298,1927.01,"Smith, Garcia and Taylor",OTHER,GB,UPI,2,275,0,0,546,0,0,0,LEGITIMATE
CUST_14683,2784.14,"Mills, Stephens and Bell",GROCERY,GB,UPI,2,926,0,0,860,0,0,0,LEGITIMATE
CUST_20700,2610.15,White Ltd,FOOD,US,CREDIT_CARD,4,244,0,0,1843,0,0,0,LEGITIMATE
CUST_18739,689.9638398327284,Nelson-Russell,EDUCATION,NG,NET_BANKING,21,577,0,0,321,0,0,1,VELOCITY_ABUSE
CUST_51872,1233.77,Yates-Ford,HEALTHCARE,GB,WALLET,2,127,0,0,1262,0,0,0,LEGITIMATE
CUST_29480,5042.69,"Rodgers, Hamilton and Marks",OTHER,GB,CREDIT_CARD,4,227,0,0,1500,0,0,0,LEGITIMATE
CUST_43542,5954.5,Martin-Murphy,HEALTHCARE,US,CREDIT_CARD,1,490,0,0,453,0,0,0,LEGITIMATE
CUST_63971,4717.89,"Huynh, Allen and Pierce",FOOD,CN,WALLET,2,675,0,0,1071,0,0,0,LEGITIMATE
CUST_86978,2755.59,Schmitt PLC,EDUCATION,US,WALLET,3,928,0,0,1135,0,0,0,LEGITIMATE
CUST_53652,23246.96,"Howard, Peterson and Flores",ENTERTAINMENT,CN,WALLET,13,2,1,1,988,1,1,1,ACCOUNT_TAKEOVER
CUST_55446,1726.31,Cruz-Moore,HEALTHCARE,GB,WALLET,2,484,0,0,2151,0,0,0,LEGITIMATE
CUST_73368,2753.91,"Williams, Hart and Pratt",TRAVEL,IN,CREDIT_CARD,4,925,0,0,1581,0,0,0,LEGITIMATE
CUST_73556,3766.39,"Erickson, Giles and Webb",TRAVEL,CN,NET_BANKING,3,290,1,0,548,0,0,1,GEOGRAPHIC_ANOMALY
CUST_26111,2704.97,Henderson-Newton,EDUCATION,IN,NET_BANKING,1,780,0,0,2441,0,0,0,LEGITIMATE
CUST_11018,1321.15,Jimenez LLC,GROCERY,US,NET_BANKING,2,884,0,0,2310,0,0,0,LEGITIMATE
CUST_74219,23498.77,Hill LLC,OTHER,IN,DEBIT_CARD,3,306,0,0,451,1,1,1,TRANSACTION_ANOMALY
CUST_41234,4000.07,Ramirez Ltd,ENTERTAINMENT,US,WALLET,3,564,0,0,1412,0,0,0,LEGITIMATE
CUST_64971,896.91,Rangel-Griffith,ECOMMERCE,NG,DEBIT_CARD,2,374,0,0,2160,0,0,0,LEGITIMATE
CUST_13442,1497.9,"Pittman, Young and Baker",OTHER,US,NET_BANKING,1,227,0,0,784,0,0,0,LEGITIMATE
CUST_40153,1590.8,Mcclure-Zuniga,OTHER,GB,CREDIT_CARD,1,377,0,0,2151,0,0,0,LEGITIMATE
CUST_79187,2632.82,Willis-Daniels,HEALTHCARE,GB,DEBIT_CARD,5,1,1,1,2053,1,1,1,ACCOUNT_TAKEOVER
CUST_38153,3366.2524785316314,Rhodes Group,GROCERY,US,DEBIT_CARD,27,685,0,0,1181,0,0,1,VELOCITY_ABUSE
CUST_37550,4087.0079245214747,Harrison-Mccarty,GROCERY,IN,DEBIT_CARD,22,275,0,0,1500,0,0,1,VELOCITY_ABUSE
CUST_84165,18579.061843082694,Gilbert Ltd,HEALTHCARE,US,CREDIT_CARD,6,10,0,1,20,1,1,1,SYNTHETIC_IDENTITY
CUST_50577,3165.86,"Hall, Hanson and Munoz",HEALTHCARE,GB,DEBIT_CARD,4,539,0,0,1233,0,0,0,LEGITIMATE
CUST_34889,3151.52,"Hicks, White and Jones",ENTERTAINMENT,GB,DEBIT_CARD,4,141,0,0,2043,0,0,0,LEGITIMATE
CUST_62109,3190.82,Mcdonald and Sons,ECOMMERCE,CN,DEBIT_CARD,1,647,0,0,1745,0,0,0,LEGITIMATE
CUST_20710,1299.32,Watson-Smith,ENTERTAINMENT,GB,CREDIT_CARD,4,497,0,0,428,0,0,0,LEGITIMATE
CUST_10746,35655.68,Lewis and Sons,FOOD,NG,CREDIT_CARD,10,2,1,1,1489,1,1,1,ACCOUNT_TAKEOVER
CUST_74755,5659.37,Lee-Miller,FOOD,GB,DEBIT_CARD,3,641,0,0,1655,0,0,0,LEGITIMATE
CUST_12301,395.62,Allen-Bailey,ECOMMERCE,GB,UPI,3,988,0,0,1906,0,0,0,LEGITIMATE
CUST_57932,1987.74,"Mitchell, Mcguire and Shaw",ECOMMERCE,US,DEBIT_CARD,4,896,0,0,1722,0,0,0,LEGITIMATE
CUST_53347,4316.03,"Ruiz, Turner and Smith",TRAVEL,NG,DEBIT_CARD,1,638,1,0,474,0,0,1,GEOGRAPHIC_ANOMALY
CUST_62574,2674.92,"Smith, Jackson and Sanchez",EDUCATION,GB,CREDIT_CARD,3,716,0,1,178,0,0,1,PAYMENT_METHOD_ABUSE
CUST_31990,5106.0,Reynolds-Pierce,ECOMMERCE,NG,DEBIT_CARD,1,349,0,0,1148,0,0,0,LEGITIMATE
CUST_60055,50047.38,"Pearson, Wagner and Singleton",FOOD,NG,WALLET,2,410,0,0,2019,1,1,1,TRANSACTION_ANOMALY
CUST_47520,3477.2,"Adams, Powell and Williams",OTHER,US,DEBIT_CARD,2,657,0,0,2468,0,0,0,LEGITIMATE
CUST_16251,3666.37,"Shah, Peterson and Mason",FOOD,CN,CREDIT_CARD,4,488,1,0,2156,0,0,1,GEOGRAPHIC_ANOMALY
CUST_68722,743.19,Johnson and Sons,OTHER,CN,DEBIT_CARD,1,129,0,0,2177,0,0,0,LEGITIMATE
CUST_62943,4931.24,"Gomez, Mclean and Matthews",FOOD,GB,WALLET,4,994,0,0,1067,0,0,0,LEGITIMATE
CUST_97721,5013.92,Singleton-Goodwin,OTHER,NG,CREDIT_CARD,4,304,0,0,366,0,0,0,LEGITIMATE
CUST_12746,338.52,"Pace, Ward and Jones",EDUCATION,GB,WALLET,3,765,0,0,1466,1,0,1,MERCHANT_ANOMALY
CUST_25910,1627.77,Norman Inc,ENTERTAINMENT,CN,DEBIT_CARD,2,945,0,0,530,0,0,0,LEGITIMATE
CUST_68181,797.18,"Brown, Gonzalez and Glenn",ENTERTAINMENT,IN,UPI,2,566,0,0,1300,0,0,0,LEGITIMATE
CUST_99089,445.78,Cole-Dunn,ECOMMERCE,NG,NET_BANKING,2,383,0,0,1377,0,0,0,LEGITIMATE
CUST_69361,2654.28,"Williams, Lee and Romero",FOOD,US,WALLET,1,348,0,0,1160,0,0,0,LEGITIMATE
CUST_94670,460.65,"Thompson, Garza and Johnson",TRAVEL,US,NET_BANKING,2,585,0,0,2415,1,0,1,MERCHANT_ANOMALY
CUST_97493,2302.66,Jackson-Clark,GROCERY,NG,DEBIT_CARD,1,697,0,0,2362,1,0,1,MERCHANT_ANOMALY
CUST_77107,3194.72,"Allison, Mercado and Pacheco",EDUCATION,IN,NET_BANKING,2,785,0,0,322,0,0,0,LEGITIMATE
CUST_85778,21755.14,"Hester, Wood and Hunt",TRAVEL,CN,DEBIT_CARD,4,307,0,0,1500,1,1,1,TRANSACTION_ANOMALY
CUST_39126,3283.11,"Booker, Wolfe and Cohen",ENTERTAINMENT,NG,WALLET,1,580,0,0,1504,0,0,0,LEGITIMATE
CUST_64876,8228.36,"Swanson, Evans and Wright",ENTERTAINMENT,NG,CREDIT_CARD,2,318,0,0,1187,0,0,0,LEGITIMATE
CUST_84643,5168.22,Frank-Graves,HEALTHCARE,IN,WALLET,4,73,0,0,1584,0,0,0,LEGITIMATE
CUST_61363,1825.82,Blevins Inc,TRAVEL,CN,DEBIT_CARD,2,420,0,0,628,0,0,0,LEGITIMATE
CUST_21686,4245.03,Lee and Sons,OTHER,US,CREDIT_CARD,4,195,0,0,484,0,0,0,LEGITIMATE
CUST_91342,4178.17,Vargas Ltd,OTHER,GB,UPI,1,786,0,0,2106,0,0,0,LEGITIMATE
CUST_16910,1222.86,"Cox, Brown and Nelson",ENTERTAINMENT,CN,NET_BANKING,3,556,0,0,2359,0,0,0,LEGITIMATE
CUST_42087,822.88,Allen Inc,EDUCATION,GB,WALLET,3,597,0,1,2129,0,0,1,PAYMENT_METHOD_ABUSE
CUST_67601,3466.09,"Olson, Adams and Jones",HEALTHCARE,NG,DEBIT_CARD,4,814,0,0,2187,0,0,0,LEGITIMATE
CUST_54051,1020.0,"Christensen, Cobb and Smith",ECOMMERCE,NG,CREDIT_CARD,1,925,0,0,912,0,0,0,LEGITIMATE
CUST_90197,2567.41,"Turner, Spears and Bryant",ECOMMERCE,NG,DEBIT_CARD,4,144,0,0,2367,0,0,0,LEGITIMATE
CUST_92887,5309.61,Johnson-Robinson,ENTERTAINMENT,CN,UPI,2,915,0,1,1550,0,0,1,PAYMENT_METHOD_ABUSE
CUST_68906,509.53,Kennedy-King,ECOMMERCE,IN,NET_BANKING,4,359,0,0,2178,0,0,0,LEGITIMATE
CUST_80536,5479.09,Black Group,OTHER,NG,UPI,2,70,1,0,2260,0,0,1,GEOGRAPHIC_ANOMALY
CUST_54282,1422.43,Rodriguez and Sons,EDUCATION,GB,UPI,4,797,0,0,1268,0,0,0,LEGITIMATE
CUST_37493,4811.57,"White, Goodman and Lee",FOOD,US,DEBIT_CARD,2,935,0,0,1630,0,0,0,LEGITIMATE
CUST_33067,740.08,Kelly-Anderson,ENTERTAINMENT,IN,DEBIT_CARD,2,955,0,0,893,0,0,0,LEGITIMATE
CUST_14019,35437.64,Harrison-Morrison,OTHER,IN,WALLET,7,1,1,1,1267,1,1,1,ACCOUNT_TAKEOVER
CUST_36330,9490.07,Ford-Harvey,ECOMMERCE,US,NET_BANKING,14,1,1,1,1402,1,1,1,ACCOUNT_TAKEOVER
CUST_91145,819.09,"Sanders, Wright and Long",FOOD,IN,DEBIT_CARD,3,358,0,0,663,0,0,0,LEGITIMATE
CUST_72167,29152.62138979431,"Nelson, Wade and Shepard",ECOMMERCE,IN,WALLET,5,8,0,1,30,1,1,1,SYNTHETIC_IDENTITY
CUST_27628,2125.02,Torres Ltd,EDUCATION,CN,UPI,2,821,0,0,834,0,0,0,LEGITIMATE
CUST_66707,2378.1983434458216,Dixon-Charles,FOOD,US,DEBIT_CARD,27,992,0,0,2327,0,0,1,VELOCITY_ABUSE
CUST_40824,5963.41,Daugherty-Jenkins,ECOMMERCE,IN,NET_BANKING,19,2,1,1,1806,1,1,1,MULTI_SIGNAL_ATTACK
CUST_65129,792.53,Rowe LLC,FOOD,GB,WALLET,4,746,0,0,387,0,0,0,LEGITIMATE
CUST_89894,4703.99,Moss-Lopez,TRAVEL,CN,WALLET,12,1,1,1,2497,1,1,1,MULTI_SIGNAL_ATTACK
CUST_15081,2591.72,Reed-Olson,FOOD,NG,CREDIT_CARD,2,699,0,0,2321,0,0,0,LEGITIMATE
CUST_98171,1305.83,"Rose, Kirby and Martin",OTHER,GB,WALLET,3,303,0,0,2068,0,0,0,LEGITIMATE
CUST_26203,3534.89,"Davis, Stewart and Randall",ECOMMERCE,NG,UPI,2,377,0,0,54,0,0,0,LEGITIMATE
CUST_42526,2832.75,Rogers-Cunningham,TRAVEL,GB,UPI,4,543,0,0,2019,0,0,0,LEGITIMATE
CUST_53456,250.11,Robbins-Patrick,OTHER,GB,NET_BANKING,2,549,0,0,2278,0,0,0,LEGITIMATE
CUST_97863,549.67,Morrison Inc,GROCERY,IN,WALLET,1,641,0,0,807,0,0,0,LEGITIMATE
CUST_22283,2310.71,Garcia-Mcclain,ECOMMERCE,GB,WALLET,2,980,0,0,73,0,0,0,LEGITIMATE
CUST_41435,5835.41,Williams and Sons,GROCERY,IN,DEBIT_CARD,3,77,0,0,1300,0,0,0,LEGITIMATE
CUST_52208,4709.1,Garcia LLC,FOOD,CN,CREDIT_CARD,4,889,1,0,1627,0,0,1,GEOGRAPHIC_ANOMALY
CUST_18681,41150.12,Powell-Kirby,OTHER,NG,NET_BANKING,12,3,1,1,2275,1,1,1,MULTI_SIGNAL_ATTACK
CUST_12600,3134.17,Golden Group,OTHER,US,UPI,1,89,0,0,1264,0,0,0,LEGITIMATE
CUST_22253,19427.51,"Baker, Torres and Peterson",EDUCATION,IN,CREDIT_CARD,3,972,0,0,1294,1,1,1,TRANSACTION_ANOMALY
CUST_55157,26961.616591391554,Collier and Sons,GROCERY,IN,CREDIT_CARD,7,9,0,1,11,1,1,1,SYNTHETIC_IDENTITY
CUST_64597,2075.89,Wright Inc,ENTERTAINMENT,GB,NET_BANKING,1,548,0,0,130,0,0,0,LEGITIMATE
CUST_49396,3874.02,Blake Inc,FOOD,GB,NET_BANKING,3,158,0,0,2433,0,0,0,LEGITIMATE
CUST_16513,39633.53,Hardy LLC,TRAVEL,CN,CREDIT_CARD,4,369,0,0,1188,1,1,1,TRANSACTION_ANOMALY
CUST_31679,9541.97,"Patton, Pearson and Phillips",ENTERTAINMENT,IN,CREDIT_CARD,5,1,1,1,2168,1,1,1,ACCOUNT_TAKEOVER
CUST_72956,1148.01,King-Warren,GROCERY,IN,DEBIT_CARD,2,233,0,0,1982,0,0,0,LEGITIMATE
CUST_53337,1786.38,"Bean, Smith and Simmons",TRAVEL,CN,NET_BANKING,3,514,0,0,126,0,0,0,LEGITIMATE
CUST_16985,1889.11,"Caldwell, Santos and Gardner",ECOMMERCE,NG,DEBIT_CARD,1,300,0,0,2111,0,0,0,LEGITIMATE
CUST_22548,2001.1,Dudley-Brady,ENTERTAINMENT,IN,DEBIT_CARD,3,628,0,0,1588,0,0,0,LEGITIMATE
CUST_24719,3227.64,Gonzalez LLC,TRAVEL,CN,UPI,4,776,1,0,2090,0,0,1,GEOGRAPHIC_ANOMALY
CUST_92076,2903.62,"Sellers, Brown and Davenport",ECOMMERCE,CN,DEBIT_CARD,13,0,1,1,1238,1,1,1,ACCOUNT_TAKEOVER
CUST_75651,15899.31,"Morgan, Shaw and Wood",GROCERY,GB,DEBIT_CARD,4,158,0,0,514,1,1,1,TRANSACTION_ANOMALY
CUST_88189,2530.543652463739,"Bryant, Ramos and Spencer",FOOD,GB,WALLET,17,483,0,0,2475,0,0,1,VELOCITY_ABUSE
CUST_33090,13071.18,"Weaver, Hebert and Johnson",EDUCATION,US,UPI,5,0,1,1,868,1,1,1,ACCOUNT_TAKEOVER
CUST_59048,3909.45,Hanson-Moreno,GROCERY,NG,NET_BANKING,2,490,0,0,808,1,0,1,MERCHANT_ANOMALY
CUST_37833,711.88,Garcia LLC,EDUCATION,GB,UPI,3,929,0,0,784,0,0,0,LEGITIMATE
CUST_87879,2202.31,Cabrera-Dougherty,EDUCATION,GB,CREDIT_CARD,3,71,0,0,437,0,0,0,LEGITIMATE
CUST_69431,335.54,"Henderson, Gordon and Cox",ECOMMERCE,NG,UPI,4,837,0,0,2445,0,0,0,LEGITIMATE
CUST_19891,28064.041770359076,Miles LLC,ECOMMERCE,IN,UPI,9,3,0,1,28,1,1,1,SYNTHETIC_IDENTITY
CUST_32950,3150.57,"Pruitt, Martinez and Fuller",HEALTHCARE,GB,DEBIT_CARD,4,914,0,0,420,0,0,0,LEGITIMATE
CUST_52003,11914.71,Hughes-Baker,TRAVEL,IN,UPI,4,132,0,0,857,1,1,1,TRANSACTION_ANOMALY
CUST_43472,2051.15,Wilson-Chan,GROCERY,IN,DEBIT_CARD,3,907,0,0,124,0,0,0,LEGITIMATE
CUST_80741,300.16,Hoffman-Garcia,ECOMMERCE,NG,UPI,2,604,0,0,372,0,0,0,LEGITIMATE
CUST_71990,5585.52,Paul Inc,OTHER,IN,UPI,3,920,0,0,1125,0,0,0,LEGITIMATE
CUST_27872,4294.14,Duarte-Fisher,FOOD,GB,WALLET,2,853,0,0,967,0,0,0,LEGITIMATE
CUST_66861,2923.84,Flores-Pierce,FOOD,US,DEBIT_CARD,3,104,0,1,1303,0,0,1,PAYMENT_METHOD_ABUSE
CUST_46495,4836.13,"Brock, Strickland and Walker",OTHER,CN,WALLET,4,656,0,0,1199,0,0,0,LEGITIMATE
CUST_36048,17082.17,Johnson Group,HEALTHCARE,CN,UPI,15,1,1,1,647,1,1,1,MULTI_SIGNAL_ATTACK
CUST_38720,774.47,"Montes, Obrien and Miller",ENTERTAINMENT,NG,NET_BANKING,2,737,0,1,1054,0,0,1,PAYMENT_METHOD_ABUSE
CUST_48367,6292.59,Hernandez-Villa,ECOMMERCE,US,NET_BANKING,3,675,0,0,1222,0,0,0,LEGITIMATE
CUST_11483,3951.27,Newman-Brady,GROCERY,NG,DEBIT_CARD,1,839,0,0,614,0,0,0,LEGITIMATE
CUST_10972,979.51,Cole and Sons,FOOD,NG,CREDIT_CARD,4,382,0,0,939,0,0,0,LEGITIMATE
CUST_58982,748.98,Davis-Wilson,EDUCATION,CN,DEBIT_CARD,2,288,0,0,2369,0,0,0,LEGITIMATE
CUST_76316,1433.69,Walton LLC,ECOMMERCE,GB,CREDIT_CARD,3,983,0,0,1281,0,0,0,LEGITIMATE
CUST_93125,2548.34,Davis LLC,HEALTHCARE,GB,CREDIT_CARD,2,597,0,0,1991,0,0,0,LEGITIMATE
CUST_29069,629.03,Shaw-Montgomery,EDUCATION,NG,NET_BANKING,1,625,0,0,2193,1,0,1,MERCHANT_ANOMALY
CUST_77554,3450.87,Wells-Buck,OTHER,NG,DEBIT_CARD,4,154,1,0,2222,0,0,1,GEOGRAPHIC_ANOMALY
CUST_39263,4054.3,"Martinez, Estrada and Edwards",ENTERTAINMENT,GB,DEBIT_CARD,4,249,0,0,1458,0,0,0,LEGITIMATE
CUST_92807,7644.9279092604565,"Rangel, Sanders and Horne",TRAVEL,CN,CREDIT_CARD,14,567,0,0,2254,0,0,1,VELOCITY_ABUSE
CUST_73105,3523.82,Lee and Sons,ENTERTAINMENT,GB,DEBIT_CARD,3,59,0,0,278,0,0,0,LEGITIMATE
CUST_30968,1250.88,Baker Ltd,HEALTHCARE,GB,WALLET,3,603,0,0,1585,0,0,0,LEGITIMATE
CUST_16594,448.82,"Rodriguez, Gordon and Taylor",ECOMMERCE,US,CREDIT_CARD,3,693,0,0,707,0,0,0,LEGITIMATE
CUST_46621,6539.805362779904,Lee PLC,HEALTHCARE,IN,CREDIT_CARD,25,515,0,0,2226,0,0,1,VELOCITY_ABUSE
CUST_44940,2615.64,Taylor LLC,ENTERTAINMENT,IN,UPI,1,769,0,0,2398,0,0,0,LEGITIMATE
CUST_36460,1138.57,Smith Inc,GROCERY,GB,NET_BANKING,3,448,0,0,620,0,0,0,LEGITIMATE
CUST_22443,7890.51,"Murphy, Williams and Shelton",HEALTHCARE,CN,UPI,10,2,1,1,981,1,1,1,ACCOUNT_TAKEOVER
CUST_61214,3863.98,"King, Strickland and Cantu",FOOD,IN,UPI,12,2,1,1,812,1,1,1,MULTI_SIGNAL_ATTACK
CUST_96741,1923.05,"Kelly, Anderson and Simmons",EDUCATION,NG,NET_BANKING,3,749,0,0,802,0,0,0,LEGITIMATE
CUST_23773,4490.84,"Mccall, Rivers and Graham",EDUCATION,IN,WALLET,4,314,0,0,1090,1,0,1,MERCHANT_ANOMALY
CUST_69325,4948.19,Oneill PLC,EDUCATION,GB,UPI,2,410,0,0,1157,0,0,0,LEGITIMATE
CUST_12332,2343.77,White and Sons,ECOMMERCE,US,DEBIT_CARD,2,455,1,0,2028,0,0,1,GEOGRAPHIC_ANOMALY
CUST_58990,681.52,Brooks-Jones,FOOD,CN,DEBIT_CARD,1,541,0,0,974,0,0,0,LEGITIMATE
CUST_17870,1078.84,Fox-Green,HEALTHCARE,NG,WALLET,2,819,0,0,267,0,0,0,LEGITIMATE
CUST_80687,326.62,Monroe and Sons,TRAVEL,US,DEBIT_CARD,3,734,0,0,1637,0,0,0,LEGITIMATE
CUST_51916,3702.32,Chandler-Ponce,OTHER,GB,UPI,4,432,0,0,2066,0,0,0,LEGITIMATE
CUST_74290,3123.2,"Hayes, Smith and Zimmerman",TRAVEL,GB,CREDIT_CARD,3,77,0,0,963,0,0,0,LEGITIMATE
CUST_31887,3074.57,"Hernandez, Brown and Lyons",OTHER,NG,UPI,2,302,0,0,2109,0,0,0,LEGITIMATE
CUST_90353,3789.78,"Tyler, Le and Hamilton",OTHER,GB,WALLET,3,918,0,0,1632,0,0,0,LEGITIMATE
CUST_61060,718.06,"Shelton, Davidson and Newton",HEALTHCARE,IN,WALLET,2,881,0,1,701,0,0,1,PAYMENT_METHOD_ABUSE
CUST_20625,4401.12,"Young, Allen and Kelly",TRAVEL,NG,NET_BANKING,2,471,0,0,2182,0,0,0,LEGITIMATE
CUST_18560,2567.34,Watkins-Morrow,EDUCATION,IN,NET_BANKING,2,153,0,0,2418,0,0,0,LEGITIMATE
CUST_94264,1468.79,"Carter, Singh and Brown",HEALTHCARE,CN,WALLET,3,528,0,0,1904,0,0,0,LEGITIMATE
CUST_72802,988.36,Thompson-Gilbert,ENTERTAINMENT,IN,UPI,4,778,0,0,760,0,0,0,LEGITIMATE
CUST_60765,880.54,"Santos, Wright and Hayes",FOOD,CN,NET_BANKING,3,280,0,0,2441,0,0,0,LEGITIMATE
CUST_85446,7827.983996466234,"Merritt, Khan and Potter",EDUCATION,IN,DEBIT_CARD,30,242,0,0,1706,0,0,1,VELOCITY_ABUSE
CUST_82818,2646.71,"May, Hamilton and Gallegos",OTHER,IN,WALLET,3,914,0,0,2413,0,0,0,LEGITIMATE
CUST_64884,877.53,Paul-Patel,TRAVEL,NG,UPI,1,789,0,1,935,0,0,1,PAYMENT_METHOD_ABUSE
CUST_60212,5577.73,Lopez Group,OTHER,CN,NET_BANKING,8,2,1,1,2379,1,1,1,ACCOUNT_TAKEOVER
CUST_49334,223.57,"Palmer, Owens and Carey",HEALTHCARE,NG,CREDIT_CARD,3,497,0,0,1717,0,0,0,LEGITIMATE
CUST_97264,5472.2,"Knight, Ford and Jenkins",ECOMMERCE,US,DEBIT_CARD,1,427,0,1,2456,0,0,1,PAYMENT_METHOD_ABUSE
CUST_89894,3777.45,"Hardy, Wolfe and Winters",OTHER,NG,WALLET,4,582,0,0,196,0,0,0,LEGITIMATE
CUST_60237,5358.24,"Rodriguez, Ross and King",OTHER,CN,NET_BANKING,4,424,0,0,981,0,0,0,LEGITIMATE
CUST_40185,2052.35,Sanders-Bray,OTHER,US,DEBIT_CARD,4,399,0,0,1554,0,0,0,LEGITIMATE
CUST_58206,4627.21,"Lucero, Harris and Haynes",GROCERY,NG,WALLET,10,1,1,1,75,1,1,1,ACCOUNT_TAKEOVER
CUST_81307,301.54,"Jones, Gibson and Byrd",OTHER,IN,WALLET,4,156,0,0,566,0,0,0,LEGITIMATE
CUST_77697,1704.61,Boyd LLC,EDUCATION,GB,CREDIT_CARD,2,595,0,0,743,0,0,0,LEGITIMATE
CUST_93990,1053.96,White PLC,GROCERY,US,WALLET,3,331,0,1,45,0,0,1,PAYMENT_METHOD_ABUSE
CUST_20930,3215.77,Sutton PLC,FOOD,GB,NET_BANKING,4,437,0,0,1722,0,0,0,LEGITIMATE
CUST_63639,2752.47,"Lozano, Dudley and Downs",HEALTHCARE,CN,NET_BANKING,2,587,0,0,780,0,0,0,LEGITIMATE
CUST_79458,23908.943799699588,Middleton-Barnett,FOOD,US,NET_BANKING,9,4,0,1,6,1,1,1,SYNTHETIC_IDENTITY
CUST_85498,4560.94,Donovan PLC,OTHER,GB,NET_BANKING,4,244,0,0,2314,0,0,0,LEGITIMATE
CUST_51301,3323.81,Gonzalez-Brown,TRAVEL,NG,CREDIT_CARD,4,56,0,0,2356,1,0,1,MERCHANT_ANOMALY
CUST_71403,16153.74,"Hunt, Clark and Perez",EDUCATION,IN,NET_BANKING,3,855,0,0,662,1,1,1,TRANSACTION_ANOMALY
CUST_70202,3641.25,Craig Inc,OTHER,GB,WALLET,1,748,0,1,2463,0,0,1,PAYMENT_METHOD_ABUSE
CUST_80860,4493.29,"Wilson, Baker and Lambert",ECOMMERCE,CN,CREDIT_CARD,1,969,0,0,208,0,0,0,LEGITIMATE
CUST_68707,10474.25,Gill LLC,ECOMMERCE,CN,NET_BANKING,1,213,0,0,2360,1,1,1,TRANSACTION_ANOMALY
CUST_66372,924.02,Cruz Group,ECOMMERCE,US,WALLET,3,215,0,0,1291,0,0,0,LEGITIMATE
CUST_28482,563.69,Stewart Group,ENTERTAINMENT,NG,CREDIT_CARD,3,700,0,0,151,0,0,0,LEGITIMATE
CUST_62614,1507.43,"Ryan, Mcdonald and Hatfield",TRAVEL,IN,CREDIT_CARD,1,620,0,0,791,0,0,0,LEGITIMATE
CUST_43104,3917.07,"Rhodes, Willis and Sellers",ECOMMERCE,IN,WALLET,3,193,0,0,463,0,0,0,LEGITIMATE
CUST_53167,1409.06,West-Escobar,OTHER,CN,NET_BANKING,2,461,1,0,1312,0,0,1,GEOGRAPHIC_ANOMALY
CUST_13423,2930.47,Mejia-Villarreal,EDUCATION,US,DEBIT_CARD,4,409,0,0,2485,0,0,0,LEGITIMATE
CUST_98660,4670.96,Obrien-Miller,GROCERY,US,DEBIT_CARD,2,905,0,0,2041,0,0,0,LEGITIMATE
CUST_11313,4072.67,Boyle-Smith,ENTERTAINMENT,IN,DEBIT_CARD,3,993,0,0,1690,0,0,0,LEGITIMATE
CUST_79277,18285.937230826006,Sanders-Murphy,ECOMMERCE,NG,NET_BANKING,4,0,0,1,18,1,1,1,SYNTHETIC_IDENTITY
CUST_43797,840.73,"Anderson, Obrien and Christian",GROCERY,NG,NET_BANKING,4,289,0,0,1272,0,0,0,LEGITIMATE
CUST_65561,2637.87,Wise-Mullen,HEALTHCARE,NG,NET_BANKING,4,557,0,0,2243,1,0,1,MERCHANT_ANOMALY
CUST_13366,2738.62,"Shah, Dawson and Freeman",FOOD,NG,DEBIT_CARD,4,662,0,0,805,0,0,0,LEGITIMATE
CUST_14873,699.14,"Kerr, Lane and Austin",OTHER,GB,UPI,3,247,1,0,1407,0,0,1,GEOGRAPHIC_ANOMALY
CUST_85692,1213.67,Ross Ltd,ECOMMERCE,IN,WALLET,4,237,0,0,1879,0,0,0,LEGITIMATE
CUST_40411,4373.13,Lawrence-Walker,GROCERY,IN,UPI,2,198,0,0,2134,0,0,0,LEGITIMATE
CUST_95583,508.19,"Harrison, Wells and Arnold",ENTERTAINMENT,NG,UPI,3,814,0,0,1741,0,0,0,LEGITIMATE
CUST_27472,3954.7,Smith Group,GROCERY,US,UPI,4,403,0,1,870,0,0,1,PAYMENT_METHOD_ABUSE
CUST_34900,482.49,Mitchell Ltd,OTHER,GB,WALLET,2,948,0,0,944,0,0,0,LEGITIMATE
CUST_22223,1916.06,"Burke, Mckenzie and Sawyer",OTHER,GB,UPI,4,254,0,0,290,0,0,0,LEGITIMATE
CUST_32147,1551.64,Sanchez PLC,ENTERTAINMENT,IN,CREDIT_CARD,4,981,0,0,1327,0,0,0,LEGITIMATE
CUST_34888,6911.56,Smith PLC,OTHER,US,DEBIT_CARD,4,616,0,0,383,1,1,1,TRANSACTION_ANOMALY
CUST_62233,2039.27,Ellis-Sherman,ENTERTAINMENT,CN,CREDIT_CARD,2,754,0,0,497,0,0,0,LEGITIMATE
CUST_14906,7233.36,Taylor Ltd,EDUCATION,GB,WALLET,4,189,0,0,190,0,0,0,LEGITIMATE
CUST_74143,29706.96352336539,Meyer-Stephens,TRAVEL,GB,NET_BANKING,6,0,0,1,8,1,1,1,SYNTHETIC_IDENTITY
CUST_97555,6109.400894051414,Meadows-Lawson,GROCERY,GB,WALLET,11,164,0,0,451,0,0,1,VELOCITY_ABUSE
CUST_28951,306.61,Jackson Group,ECOMMERCE,US,CREDIT_CARD,1,251,0,1,339,0,0,1,PAYMENT_METHOD_ABUSE
CUST_75042,380.34,Russell-Bradley,ENTERTAINMENT,NG,DEBIT_CARD,4,222,0,0,703,0,0,0,LEGITIMATE
CUST_45965,1940.74,Stevens-Daniels,TRAVEL,IN,WALLET,4,720,0,0,1402,0,0,0,LEGITIMATE
CUST_99669,2342.6,Cox-Rose,HEALTHCARE,NG,UPI,2,152,0,0,627,0,0,0,LEGITIMATE
CUST_59730,18461.47,Lynch PLC,OTHER,CN,WALLET,12,0,1,1,192,1,1,1,MULTI_SIGNAL_ATTACK
CUST_17255,4089.56,Frederick PLC,HEALTHCARE,NG,UPI,1,137,0,0,1702,0,0,0,LEGITIMATE
CUST_14667,1857.75,"West, Ochoa and Miller",ECOMMERCE,GB,CREDIT_CARD,4,858,0,0,2474,0,0,0,LEGITIMATE
CUST_61201,1569.7,"Hamilton, Hayes and Giles",HEALTHCARE,NG,WALLET,3,104,0,0,1963,0,0,0,LEGITIMATE
CUST_24869,2707.56,Barry-Chung,TRAVEL,NG,WALLET,1,306,0,0,564,0,0,0,LEGITIMATE
CUST_32092,835.44,Hudson Inc,HEALTHCARE,NG,DEBIT_CARD,3,735,0,0,900,0,0,0,LEGITIMATE
CUST_56883,1758.33,Malone-Fisher,GROCERY,GB,WALLET,3,645,0,0,1217,0,0,0,LEGITIMATE
CUST_77405,948.56,Haney Ltd,GROCERY,GB,UPI,4,557,1,0,209,0,0,1,GEOGRAPHIC_ANOMALY
CUST_46694,3719.74,"Hamilton, Jones and Jimenez",GROCERY,CN,DEBIT_CARD,1,614,0,0,34,0,0,0,LEGITIMATE
CUST_93327,2494.14,"Trevino, Burke and Leonard",ENTERTAINMENT,NG,CREDIT_CARD,1,609,0,0,1528,0,0,0,LEGITIMATE
CUST_78993,24342.39,Cox PLC,GROCERY,IN,DEBIT_CARD,8,1,1,1,2380,1,1,1,MULTI_SIGNAL_ATTACK
CUST_86009,3995.63,Cunningham and Sons,ECOMMERCE,US,NET_BANKING,1,383,0,0,932,0,0,0,LEGITIMATE
CUST_28492,1294.72,Hoffman Inc,TRAVEL,CN,UPI,2,989,0,0,2341,0,0,0,LEGITIMATE
CUST_68834,2931.21,Aguilar Ltd,HEALTHCARE,IN,DEBIT_CARD,2,749,0,0,2438,1,0,1,MERCHANT_ANOMALY
CUST_83479,4337.63,Bell-Webster,GROCERY,GB,UPI,4,311,0,0,2115,0,0,0,LEGITIMATE
CUST_33243,572.77,Hayes-Malone,TRAVEL,CN,CREDIT_CARD,3,338,1,0,591,0,0,1,GEOGRAPHIC_ANOMALY
CUST_94803,25463.22427257421,Shaw LLC,FOOD,GB,CREDIT_CARD,10,1,0,1,13,1,1,1,SYNTHETIC_IDENTITY
CUST_42348,310.36,Hawkins-Carroll,OTHER,CN,DEBIT_CARD,3,992,0,0,2004,0,0,0,LEGITIMATE
CUST_22495,1344.29,Taylor PLC,GROCERY,CN,NET_BANKING,1,345,0,0,1273,0,0,0,LEGITIMATE
CUST_15206,18005.44794831907,"Shannon, Brown and Lester",EDUCATION,US,DEBIT_CARD,7,3,0,1,15,1,1,1,SYNTHETIC_IDENTITY
CUST_62420,4458.59,Parker-Patterson,HEALTHCARE,GB,UPI,1,287,0,0,314,0,0,0,LEGITIMATE
CUST_41303,3985.86,"Sanchez, Page and Guzman",EDUCATION,US,WALLET,4,383,0,0,369,0,0,0,LEGITIMATE
CUST_60253,1299.32,James Group,ECOMMERCE,IN,NET_BANKING,2,65,1,0,1232,0,0,1,GEOGRAPHIC_ANOMALY
CUST_63273,21789.09,"Brown, Roberson and Jones",ECOMMERCE,IN,CREDIT_CARD,20,2,1,1,2108,1,1,1,MULTI_SIGNAL_ATTACK
CUST_77523,3351.05,Chavez-Reyes,TRAVEL,IN,NET_BANKING,2,302,0,0,1953,0,0,0,LEGITIMATE
CUST_61109,13868.34,"Walker, Carlson and Andrews",GROCERY,NG,CREDIT_CARD,4,316,0,0,1920,1,1,1,TRANSACTION_ANOMALY
CUST_76606,3296.53,"Brown, Cook and Robinson",ECOMMERCE,US,DEBIT_CARD,4,884,0,0,2148,0,0,0,LEGITIMATE
CUST_84876,1238.29,Ali Group,OTHER,GB,NET_BANKING,4,190,0,0,1798,0,0,0,LEGITIMATE
CUST_43516,1123.56,"Carter, Craig and Washington",TRAVEL,US,CREDIT_CARD,1,978,0,0,2452,0,0,0,LEGITIMATE
CUST_61567,3596.58,Cortez-Thompson,EDUCATION,NG,WALLET,3,435,0,0,324,0,0,0,LEGITIMATE
CUST_87134,307.9,"Robertson, Phillips and Moss",ENTERTAINMENT,CN,UPI,4,662,0,0,642,0,0,0,LEGITIMATE
CUST_56992,3482.35,Kim-Conner,EDUCATION,GB,CREDIT_CARD,1,234,1,0,2175,0,0,1,GEOGRAPHIC_ANOMALY
CUST_92396,3852.54,Johnston-Pearson,TRAVEL,IN,UPI,3,915,0,0,2169,0,0,0,LEGITIMATE
CUST_61370,3057.86,"Cox, Campbell and Gross",OTHER,IN,UPI,3,89,0,0,723,0,0,0,LEGITIMATE
CUST_48970,8329.57,"Suarez, Moreno and Trevino",EDUCATION,GB,UPI,3,414,0,0,632,1,1,1,TRANSACTION_ANOMALY
CUST_17183,377.65,Phillips PLC,ENTERTAINMENT,NG,DEBIT_CARD,4,194,1,0,1080,0,0,1,GEOGRAPHIC_ANOMALY
CUST_61563,617.66,Horton-Ortiz,HEALTHCARE,IN,DEBIT_CARD,4,804,0,0,1615,0,0,0,LEGITIMATE
CUST_79327,10734.04,Armstrong Group,ENTERTAINMENT,US,NET_BANKING,16,1,1,1,889,1,1,1,MULTI_SIGNAL_ATTACK
CUST_76840,1961.11,"Smith, Anderson and King",TRAVEL,IN,WALLET,1,166,0,0,1307,0,0,0,LEGITIMATE
CUST_76147,1930.07,Mcdaniel Ltd,FOOD,IN,DEBIT_CARD,4,489,1,0,622,0,0,1,GEOGRAPHIC_ANOMALY
CUST_86392,3288.5718192610398,Vargas and Sons,GROCERY,IN,WALLET,9,7,0,1,24,1,1,1,SYNTHETIC_IDENTITY
CUST_34592,4383.99,Reynolds Group,EDUCATION,GB,WALLET,1,417,0,0,616,0,0,0,LEGITIMATE
CUST_30934,3099.21,Suarez LLC,FOOD,CN,NET_BANKING,2,674,0,0,1160,0,0,0,LEGITIMATE
CUST_80184,353.14,Davis Ltd,FOOD,GB,DEBIT_CARD,3,840,0,0,1747,0,0,0,LEGITIMATE
CUST_26879,25221.78,"Acosta, Black and Simmons",OTHER,NG,WALLET,12,3,1,1,2087,1,1,1,MULTI_SIGNAL_ATTACK
CUST_29786,1148.42,"Davis, Rodriguez and Clark",EDUCATION,US,DEBIT_CARD,3,816,0,0,1010,0,0,0,LEGITIMATE
CUST_41996,3762.41,"Gibson, Walter and Daniels",ECOMMERCE,IN,NET_BANKING,4,736,0,0,2322,0,0,0,LEGITIMATE
CUST_28035,8231.92,Smith Ltd,ENTERTAINMENT,NG,DEBIT_CARD,8,2,1,1,856,1,1,1,ACCOUNT_TAKEOVER
CUST_89041,1370.78,"Adams, Nichols and White",ENTERTAINMENT,US,CREDIT_CARD,3,877,0,0,1520,0,0,0,LEGITIMATE
CUST_51420,3547.35,Hall-Lozano,EDUCATION,IN,NET_BANKING,1,622,0,0,389,0,0,0,LEGITIMATE
CUST_51381,1975.0510081316577,Hurley-Williams,ENTERTAINMENT,US,DEBIT_CARD,15,374,0,0,2359,0,0,1,VELOCITY_ABUSE
CUST_59106,853.32,"Rowland, Mendez and Walters",TRAVEL,IN,CREDIT_CARD,4,442,0,0,2033,0,0,0,LEGITIMATE
CUST_97078,4243.17,Braun and Sons,TRAVEL,US,WALLET,4,963,0,0,207,0,0,0,LEGITIMATE
CUST_55857,8130.0649927844315,Vega PLC,FOOD,NG,NET_BANKING,22,294,0,0,1809,0,0,1,VELOCITY_ABUSE
CUST_19036,4039.57,Brown PLC,ECOMMERCE,US,DEBIT_CARD,3,321,0,0,1324,0,0,0,LEGITIMATE
CUST_87372,1343.11,Caldwell-Parker,OTHER,GB,UPI,2,470,0,0,835,0,0,0,LEGITIMATE
CUST_71036,2326.25,Douglas-Hernandez,TRAVEL,GB,NET_BANKING,1,141,0,0,2271,1,0,1,MERCHANT_ANOMALY
CUST_62291,3803.62,Kramer PLC,EDUCATION,IN,CREDIT_CARD,1,408,0,0,2333,0,0,0,LEGITIMATE
CUST_67505,3902.51,"Wade, Brown and Davis",EDUCATION,CN,NET_BANKING,1,512,0,0,2124,0,1,1,TRANSACTION_ANOMALY
CUST_22573,11609.45,Simmons-Ray,ECOMMERCE,US,CREDIT_CARD,8,1,1,1,1194,1,1,1,MULTI_SIGNAL_ATTACK
CUST_86993,35744.11,Lee-Dalton,ENTERTAINMENT,GB,NET_BANKING,18,3,1,1,1780,1,1,1,MULTI_SIGNAL_ATTACK
CUST_81577,2648.11,Padilla-Adams,ECOMMERCE,GB,WALLET,3,892,0,0,2223,0,0,0,LEGITIMATE
CUST_39666,1478.62,"Richardson, Wallace and Carlson",TRAVEL,IN,WALLET,3,507,0,0,2313,1,0,1,MERCHANT_ANOMALY
CUST_69570,33349.35,"Wilkins, Rowland and Lucero",HEALTHCARE,NG,UPI,4,688,0,0,836,1,1,1,TRANSACTION_ANOMALY
CUST_65625,4448.58,Johnson PLC,GROCERY,US,DEBIT_CARD,2,831,0,0,373,0,0,0,LEGITIMATE
CUST_73053,25050.51,Miller-Thomas,FOOD,NG,NET_BANKING,20,3,1,1,1679,1,1,1,MULTI_SIGNAL_ATTACK
CUST_63546,4902.0,"Rodriguez, Holt and Green",FOOD,CN,WALLET,4,394,0,0,1240,0,0,0,LEGITIMATE
CUST_39751,4704.22,Sanchez-Costa,EDUCATION,IN,CREDIT_CARD,4,820,0,0,1120,0,0,0,LEGITIMATE
CUST_92671,1198.04,Blackwell and Sons,FOOD,US,NET_BANKING,3,870,1,0,1439,0,0,1,GEOGRAPHIC_ANOMALY
CUST_64061,3066.87,Harris PLC,FOOD,US,WALLET,2,473,0,1,234,0,0,1,PAYMENT_METHOD_ABUSE
CUST_72968,2394.7774217929227,"Woods, Spencer and Horn",ECOMMERCE,CN,DEBIT_CARD,25,974,0,0,695,0,0,1,VELOCITY_ABUSE
CUST_83988,1181.04,Ruiz and Sons,TRAVEL,NG,UPI,1,802,0,0,1721,0,0,0,LEGITIMATE
CUST_26557,3530.5,Haas-Knight,EDUCATION,IN,NET_BANKING,2,462,0,0,219,0,0,0,LEGITIMATE
CUST_70118,770.59,"Turner, Kemp and Johnson",EDUCATION,GB,WALLET,4,855,0,0,523,0,0,0,LEGITIMATE
CUST_11948,3228.23,Norton-Sheppard,ECOMMERCE,US,WALLET,3,329,0,0,328,0,0,0,LEGITIMATE
CUST_20300,2148.63,"Collins, Fleming and Walters",EDUCATION,GB,CREDIT_CARD,1,31,0,0,1594,0,0,0,LEGITIMATE
CUST_66560,1325.86,Phillips LLC,TRAVEL,GB,WALLET,1,296,0,0,1641,0,0,0,LEGITIMATE
CUST_52963,5099.06,Henry Group,EDUCATION,CN,WALLET,2,183,0,0,1563,0,0,0,LEGITIMATE
CUST_29859,6332.73,"Moore, Gonzalez and Nolan",GROCERY,IN,NET_BANKING,4,692,0,0,546,0,0,0,LEGITIMATE
CUST_69215,783.53,Travis and Sons,ENTERTAINMENT,IN,UPI,1,245,0,0,1282,0,0,0,LEGITIMATE
CUST_47385,28513.79,"Bryant, Wiley and White",EDUCATION,NG,WALLET,8,3,1,1,619,1,1,1,MULTI_SIGNAL_ATTACK
CUST_97890,2817.31,Chapman Ltd,OTHER,IN,WALLET,4,525,0,0,2315,0,0,0,LEGITIMATE
CUST_24246,2331.58,Booth Inc,GROCERY,US,UPI,2,933,0,0,631,0,0,0,LEGITIMATE
CUST_62067,2385.12,"Mckay, Gonzalez and Tucker",GROCERY,NG,CREDIT_CARD,1,881,0,0,1524,0,0,0,LEGITIMATE
CUST_39445,2707.32,"Woods, Mcintyre and Powell",TRAVEL,CN,DEBIT_CARD,1,586,0,0,1758,0,0,0,LEGITIMATE
CUST_59303,1568.01,"Juarez, Taylor and Hartman",TRAVEL,IN,CREDIT_CARD,3,55,0,0,287,0,0,0,LEGITIMATE
CUST_84824,2182.69,Black and Sons,ENTERTAINMENT,NG,NET_BANKING,1,741,1,0,1590,0,0,1,GEOGRAPHIC_ANOMALY
CUST_10826,1181.89,Galloway-Nelson,ENTERTAINMENT,GB,NET_BANKING,4,610,1,0,2317,0,0,1,GEOGRAPHIC_ANOMALY
CUST_50730,3789.27,Hess-Smith,FOOD,GB,NET_BANKING,4,121,0,0,1306,0,0,0,LEGITIMATE
CUST_88696,868.22,"Johnson, Lopez and Wilson",GROCERY,US,DEBIT_CARD,2,665,0,0,1661,1,0,1,MERCHANT_ANOMALY
CUST_25012,369.16,Cole-Lewis,EDUCATION,CN,CREDIT_CARD,1,431,0,0,2435,0,0,0,LEGITIMATE
CUST_54521,1290.22,"Henderson, Harper and Rogers",OTHER,IN,DEBIT_CARD,1,923,0,0,2087,0,0,0,LEGITIMATE
CUST_53514,11042.41,"Contreras, Sanchez and Palmer",ECOMMERCE,US,WALLET,11,3,1,1,340,1,1,1,ACCOUNT_TAKEOVER
CUST_34461,1924.33,Hobbs Inc,HEALTHCARE,IN,CREDIT_CARD,1,119,0,0,2491,1,0,1,MERCHANT_ANOMALY
CUST_18050,376.19,Jimenez-Walker,OTHER,US,NET_BANKING,4,928,0,1,1462,0,0,1,PAYMENT_METHOD_ABUSE
CUST_63887,890.98,"Johnson, Jones and Gonzales",TRAVEL,US,UPI,3,775,0,0,2042,0,0,0,LEGITIMATE
CUST_13101,3048.26,Lopez-Roberts,ENTERTAINMENT,NG,CREDIT_CARD,3,854,0,0,1047,0,1,1,TRANSACTION_ANOMALY
CUST_86719,12331.164348784836,Long and Sons,TRAVEL,GB,DEBIT_CARD,5,0,0,1,28,1,1,1,SYNTHETIC_IDENTITY
CUST_87455,2020.77,Thompson Ltd,ENTERTAINMENT,CN,WALLET,2,386,0,0,2039,0,0,0,LEGITIMATE
CUST_54231,1054.86,White-Martinez,ENTERTAINMENT,IN,DEBIT_CARD,1,755,0,0,2438,0,0,0,LEGITIMATE
CUST_73261,20733.44,Dean PLC,GROCERY,GB,NET_BANKING,1,554,0,0,728,1,1,1,TRANSACTION_ANOMALY
CUST_82404,331.3,Smith-Martinez,OTHER,IN,WALLET,1,234,0,0,1725,0,0,0,LEGITIMATE
CUST_54582,2993.69,"Frazier, Tucker and Collins",ENTERTAINMENT,NG,NET_BANKING,3,188,0,0,947,0,0,0,LEGITIMATE
CUST_17799,2612.5,Norris PLC,GROCERY,CN,DEBIT_CARD,3,624,0,0,1496,0,0,0,LEGITIMATE
CUST_34484,40674.78,Rodgers-Newman,ENTERTAINMENT,CN,NET_BANKING,4,892,0,0,1324,1,1,1,TRANSACTION_ANOMALY
CUST_66421,4358.84,"Roy, Vaughn and Morris",FOOD,NG,CREDIT_CARD,1,695,0,0,2389,0,0,0,LEGITIMATE
CUST_39872,5810.94,Bates Ltd,TRAVEL,IN,NET_BANKING,1,425,0,0,1996,0,0,0,LEGITIMATE
CUST_72264,777.31,"Silva, Miller and Powell",GROCERY,CN,DEBIT_CARD,1,834,0,0,770,0,0,0,LEGITIMATE
CUST_31709,3427.48,Martinez-Parks,FOOD,US,CREDIT_CARD,2,884,0,0,1741,0,0,0,LEGITIMATE
CUST_34463,3509.64,Smith-Mora,FOOD,NG,UPI,2,578,0,0,106,0,0,0,LEGITIMATE
CUST_43450,17772.24,Clements Inc,ECOMMERCE,US,CREDIT_CARD,6,1,1,1,302,1,1,1,ACCOUNT_TAKEOVER
CUST_87086,11410.21,"Howe, Pearson and Henderson",OTHER,GB,DEBIT_CARD,13,3,1,1,1925,1,1,1,ACCOUNT_TAKEOVER
CUST_97894,2306.21,"Nelson, Peterson and Wilson",GROCERY,GB,WALLET,22,3,1,1,1664,1,1,1,MULTI_SIGNAL_ATTACK
CUST_89471,2640.92,Johnson-Johnson,OTHER,NG,DEBIT_CARD,1,222,0,0,1924,1,0,1,MERCHANT_ANOMALY
CUST_50416,2815.57,Johnson LLC,FOOD,US,NET_BANKING,3,858,0,0,308,0,0,0,LEGITIMATE
CUST_25918,3064.74,"Osborn, Carrillo and Harrison",ENTERTAINMENT,IN,UPI,2,296,1,0,2415,0,0,1,GEOGRAPHIC_ANOMALY
CUST_32964,3996.07,Brown PLC,HEALTHCARE,NG,UPI,2,678,0,0,1557,0,0,0,LEGITIMATE
CUST_23556,3913.64,"Brooks, Taylor and Hernandez",GROCERY,IN,WALLET,3,279,0,0,1847,0,0,0,LEGITIMATE
CUST_20511,4632.13,Jones-Rodriguez,EDUCATION,NG,UPI,1,602,0,0,1420,0,0,0,LEGITIMATE
CUST_68794,15148.550439143608,"Rodriguez, Johnson and Harrison",EDUCATION,GB,WALLET,6,5,0,1,24,1,1,1,SYNTHETIC_IDENTITY
CUST_34887,14532.289118179255,"Diaz, Bauer and Hutchinson",FOOD,GB,WALLET,10,4,0,1,26,1,1,1,SYNTHETIC_IDENTITY
CUST_47350,10761.832294082622,Gentry and Sons,FOOD,NG,WALLET,3,7,0,1,13,1,1,1,SYNTHETIC_IDENTITY
CUST_16181,2735.64,Ali-Smith,HEALTHCARE,GB,CREDIT_CARD,2,274,0,0,1139,0,0,0,LEGITIMATE
CUST_13273,236.78,"Sanchez, Garner and Farley",FOOD,CN,WALLET,3,830,0,0,1588,0,0,0,LEGITIMATE
CUST_77842,1447.34,Howe PLC,HEALTHCARE,US,DEBIT_CARD,4,152,0,0,1231,0,0,0,LEGITIMATE
CUST_88576,4247.56,Snyder-Carson,EDUCATION,IN,UPI,2,734,0,0,922,0,0,0,LEGITIMATE
CUST_86026,1318.86,Payne and Sons,OTHER,NG,UPI,2,195,0,0,130,0,0,0,LEGITIMATE
CUST_45813,1183.4,Anderson-Rosales,HEALTHCARE,GB,CREDIT_CARD,4,790,0,0,883,0,0,0,LEGITIMATE
CUST_88329,1422.34,"Valencia, Pennington and Fisher",ECOMMERCE,GB,DEBIT_CARD,2,389,0,0,1556,0,0,0,LEGITIMATE
CUST_56657,2648.95,Smith Group,OTHER,CN,WALLET,4,861,0,0,535,0,0,0,LEGITIMATE
CUST_72071,1002.11,"Allen, Williams and Meyers",GROCERY,US,UPI,4,906,0,0,2003,0,0,0,LEGITIMATE
CUST_25825,2364.65,Williams-Hart,ENTERTAINMENT,NG,DEBIT_CARD,4,771,0,0,2086,0,0,0,LEGITIMATE
CUST_91861,4492.74,Frost PLC,EDUCATION,GB,UPI,2,838,0,0,1772,0,0,0,LEGITIMATE
CUST_88526,4211.35,"Munoz, Campos and Townsend",ENTERTAINMENT,NG,NET_BANKING,4,472,0,1,694,0,0,1,PAYMENT_METHOD_ABUSE
CUST_58623,2103.25,"Barrett, Adams and Williams",TRAVEL,GB,NET_BANKING,3,183,0,0,1121,1,0,1,MERCHANT_ANOMALY
CUST_31171,21051.118713353215,"Williams, Henson and Mclaughlin",OTHER,US,DEBIT_CARD,4,10,0,1,21,1,1,1,SYNTHETIC_IDENTITY
CUST_34876,4118.1,Maldonado-Warner,ECOMMERCE,NG,CREDIT_CARD,1,859,0,0,2355,0,0,0,LEGITIMATE
CUST_56382,4475.03,Sanchez-Lane,OTHER,GB,DEBIT_CARD,1,447,0,0,1783,0,0,0,LEGITIMATE
CUST_16248,2116.92,Martinez and Sons,EDUCATION,NG,NET_BANKING,2,995,0,1,342,0,0,1,PAYMENT_METHOD_ABUSE
CUST_17761,281.86,"Bailey, Guzman and Smith",HEALTHCARE,IN,WALLET,1,554,1,0,1722,0,0,1,GEOGRAPHIC_ANOMALY
CUST_48836,1978.69,Grant-Howard,ECOMMERCE,IN,UPI,13,1,1,1,2053,1,1,1,MULTI_SIGNAL_ATTACK
CUST_78993,3068.12,Cole PLC,EDUCATION,GB,DEBIT_CARD,4,875,0,0,1311,0,0,0,LEGITIMATE
CUST_96978,13567.8,Gonzalez-Yates,FOOD,US,UPI,1,539,0,0,50,1,1,1,TRANSACTION_ANOMALY
CUST_25439,3158.44,Waller Ltd,GROCERY,US,DEBIT_CARD,1,50,0,0,2316,1,1,1,TRANSACTION_ANOMALY
CUST_56088,2399.76,Howard LLC,ENTERTAINMENT,IN,NET_BANKING,4,713,0,0,2163,0,0,0,LEGITIMATE
CUST_16721,4601.71,Howard-Jackson,TRAVEL,CN,DEBIT_CARD,3,499,0,0,1393,0,0,0,LEGITIMATE
CUST_85588,1763.68,"Chavez, Campos and Kramer",HEALTHCARE,GB,UPI,4,847,1,0,1874,0,0,1,GEOGRAPHIC_ANOMALY
CUST_76322,1309.75,"Gordon, Smith and Ewing",HEALTHCARE,NG,UPI,4,242,0,0,667,0,0,0,LEGITIMATE
CUST_42544,1865.12,Jones Group,GROCERY,IN,DEBIT_CARD,1,420,0,0,929,0,0,0,LEGITIMATE
CUST_97505,3118.63,Brooks-Mack,ECOMMERCE,US,UPI,2,792,0,0,1688,0,0,0,LEGITIMATE
CUST_94604,12624.13,"Bowman, Mcdaniel and Garcia",TRAVEL,GB,WALLET,14,2,1,1,221,1,1,1,ACCOUNT_TAKEOVER
CUST_27590,3300.61,Jefferson PLC,FOOD,CN,UPI,1,340,0,1,241,0,0,1,PAYMENT_METHOD_ABUSE
CUST_64539,2240.0,Adams Inc,OTHER,US,CREDIT_CARD,2,685,0,0,1740,0,0,0,LEGITIMATE
CUST_96456,689.79,Barnett-Greene,OTHER,US,UPI,2,910,0,0,1974,0,0,0,LEGITIMATE
CUST_52096,1084.65,Davis-Jackson,EDUCATION,GB,WALLET,3,499,0,1,1469,0,0,1,PAYMENT_METHOD_ABUSE
CUST_14663,7161.603333623855,Kane Group,FOOD,NG,WALLET,6,5,0,1,21,1,1,1,SYNTHETIC_IDENTITY
CUST_82729,622.7,Black-Rice,FOOD,IN,UPI,3,667,1,0,432,0,0,1,GEOGRAPHIC_ANOMALY
CUST_17562,971.01,"Dawson, Orozco and Mata",EDUCATION,NG,UPI,4,606,0,0,1303,0,0,0,LEGITIMATE
CUST_58358,2998.49,Villanueva Inc,TRAVEL,GB,NET_BANKING,4,503,0,0,1139,1,0,1,MERCHANT_ANOMALY
CUST_66153,3147.23,Elliott-Vaughn,ENTERTAINMENT,US,UPI,3,166,0,0,302,1,1,1,TRANSACTION_ANOMALY
CUST_13323,2119.47,"Brewer, Bradshaw and Dennis",GROCERY,GB,NET_BANKING,3,204,0,0,396,0,0,0,LEGITIMATE
CUST_13046,815.96,"Young, Clark and Anderson",FOOD,US,NET_BANKING,3,257,0,0,432,0,0,0,LEGITIMATE
CUST_43523,5932.84,Lyons LLC,GROCERY,US,WALLET,1,719,0,0,742,0,0,0,LEGITIMATE
CUST_88501,4868.05,Gonzales-Wolf,OTHER,GB,NET_BANKING,3,143,0,0,2272,0,0,0,LEGITIMATE
CUST_97743,2943.34,Good-Payne,TRAVEL,US,DEBIT_CARD,24,0,1,1,1010,1,1,1,MULTI_SIGNAL_ATTACK
CUST_43299,30962.32,"Rodriguez, Allen and Hall",HEALTHCARE,CN,DEBIT_CARD,3,959,0,0,2396,0,1,1,TRANSACTION_ANOMALY
CUST_42355,1864.68,"Edwards, Davis and Duffy",HEALTHCARE,GB,CREDIT_CARD,3,284,0,0,1334,0,0,0,LEGITIMATE
CUST_65181,2608.15,Hamilton-Weiss,ECOMMERCE,NG,WALLET,2,32,1,0,251,0,0,1,GEOGRAPHIC_ANOMALY
CUST_14270,2013.18,Houston LLC,FOOD,GB,UPI,1,611,0,0,1775,0,0,0,LEGITIMATE
CUST_98780,4021.09,"Dyer, Wood and Meza",ECOMMERCE,NG,DEBIT_CARD,4,617,0,0,1593,0,0,0,LEGITIMATE
CUST_99509,7260.65,Maxwell PLC,HEALTHCARE,IN,UPI,1,918,0,0,229,0,0,0,LEGITIMATE
CUST_66102,1014.24,Kim Group,HEALTHCARE,NG,WALLET,1,672,0,0,857,0,0,0,LEGITIMATE
CUST_52024,1173.41,"Velasquez, White and Martinez",EDUCATION,NG,UPI,3,515,0,0,770,0,0,0,LEGITIMATE
CUST_63858,17197.843979328245,"Jackson, Owen and Johnson",ENTERTAINMENT,IN,UPI,3,2,0,1,27,1,1,1,SYNTHETIC_IDENTITY
CUST_70002,3826.2,Lee LLC,ENTERTAINMENT,GB,NET_BANKING,3,211,0,0,1514,0,0,0,LEGITIMATE
CUST_87264,2967.85,West Inc,ECOMMERCE,IN,DEBIT_CARD,2,336,0,0,1420,0,0,0,LEGITIMATE
CUST_14653,1481.27,Jackson PLC,FOOD,IN,CREDIT_CARD,1,673,0,0,663,0,0,0,LEGITIMATE
CUST_92152,1240.9,Williams-Larson,GROCERY,CN,WALLET,2,51,0,1,1208,0,0,1,PAYMENT_METHOD_ABUSE
CUST_67281,2426.79,"Kelly, Kim and Bates",FOOD,GB,NET_BANKING,3,534,0,0,838,0,0,0,LEGITIMATE
CUST_68933,2284.98,"Ward, Harper and Payne",GROCERY,NG,UPI,2,456,0,0,808,0,0,0,LEGITIMATE
CUST_34401,58593.72,"Moore, Oliver and Archer",GROCERY,US,WALLET,2,105,0,0,939,1,1,1,TRANSACTION_ANOMALY
CUST_82786,2802.31,Lowe-Curry,GROCERY,IN,DEBIT_CARD,1,939,0,0,539,0,0,0,LEGITIMATE
CUST_14405,2119.65,"Houston, King and Dunn",FOOD,CN,WALLET,4,969,0,0,1857,0,0,0,LEGITIMATE
CUST_11423,2811.58,Carson-Stewart,EDUCATION,CN,WALLET,2,872,0,0,1735,0,0,0,LEGITIMATE
CUST_35722,2375.2,"Edwards, Day and Wilson",HEALTHCARE,CN,CREDIT_CARD,1,709,0,0,392,0,0,0,LEGITIMATE
CUST_33583,4546.47,George-Johnson,ENTERTAINMENT,US,WALLET,3,85,0,0,2038,0,0,0,LEGITIMATE
CUST_57177,2066.33,Freeman Group,ECOMMERCE,US,UPI,3,519,0,0,1278,0,0,0,LEGITIMATE
CUST_96037,2065.8,Hale Ltd,EDUCATION,NG,DEBIT_CARD,4,212,0,0,1034,1,0,1,MERCHANT_ANOMALY
CUST_77796,4145.04,"Hernandez, Young and Clements",HEALTHCARE,IN,DEBIT_CARD,3,614,0,0,81,0,0,0,LEGITIMATE
CUST_64160,690.28,Hunt Inc,GROCERY,IN,DEBIT_CARD,2,41,0,0,655,0,0,0,LEGITIMATE
CUST_24634,4608.05,"Thompson, Walter and Thomas",EDUCATION,CN,CREDIT_CARD,3,361,0,0,585,0,0,0,LEGITIMATE
CUST_57736,523.11,"Dillon, Wright and Jarvis",GROCERY,GB,UPI,4,898,0,0,1518,0,0,0,LEGITIMATE
CUST_98663,1865.98,Clark Ltd,ENTERTAINMENT,IN,DEBIT_CARD,3,343,0,0,1573,0,0,0,LEGITIMATE
CUST_39702,4696.52,Garcia LLC,OTHER,CN,CREDIT_CARD,1,118,0,0,1717,0,0,0,LEGITIMATE
CUST_12080,3721.53,"Ramirez, Lewis and Bradley",GROCERY,IN,DEBIT_CARD,3,662,0,0,2083,0,0,0,LEGITIMATE
CUST_23513,5677.13,"Vaughn, Green and Vaughan",OTHER,GB,NET_BANKING,3,996,0,1,861,0,0,1,PAYMENT_METHOD_ABUSE
CUST_28305,3696.48,Garcia-Leonard,OTHER,US,UPI,4,802,0,0,1553,0,0,0,LEGITIMATE
CUST_86569,2498.38,Yoder-Williams,HEALTHCARE,IN,UPI,4,382,0,1,317,0,0,1,PAYMENT_METHOD_ABUSE
CUST_37311,3803.66,"Ramirez, Elliott and Clements",ENTERTAINMENT,US,DEBIT_CARD,1,662,0,0,2064,0,0,0,LEGITIMATE
CUST_17933,1467.48,Cook and Sons,GROCERY,IN,DEBIT_CARD,1,852,0,0,133,0,0,0,LEGITIMATE
CUST_27373,2294.95,Wilkerson-Waters,EDUCATION,CN,CREDIT_CARD,2,412,0,0,1870,0,0,0,LEGITIMATE
CUST_97792,2406.62,"Lewis, Hogan and Butler",OTHER,GB,WALLET,1,162,0,0,2414,0,0,0,LEGITIMATE
CUST_75921,6016.02,Hunt-Johnson,ENTERTAINMENT,US,DEBIT_CARD,9,2,1,1,1302,1,1,1,MULTI_SIGNAL_ATTACK
CUST_47649,2464.83,Gould LLC,FOOD,NG,DEBIT_CARD,1,675,0,0,1966,0,0,0,LEGITIMATE
CUST_64728,2228.55,"Bailey, Hooper and Abbott",FOOD,GB,DEBIT_CARD,2,492,0,0,2180,0,0,0,LEGITIMATE
CUST_87914,25763.21,Jones PLC,ENTERTAINMENT,GB,UPI,24,0,1,1,1293,1,1,1,MULTI_SIGNAL_ATTACK
CUST_39070,3102.59,"Ross, Young and Villa",ENTERTAINMENT,US,DEBIT_CARD,2,538,0,0,2135,0,0,0,LEGITIMATE
CUST_17798,4137.945182460877,Kramer Inc,OTHER,NG,DEBIT_CARD,19,930,0,0,1226,0,0,1,VELOCITY_ABUSE
CUST_73039,3284.1,Hernandez-Gaines,EDUCATION,NG,UPI,1,44,0,0,1084,0,0,0,LEGITIMATE
CUST_19219,4617.1,"Carter, Wood and Lynn",TRAVEL,US,CREDIT_CARD,1,389,0,0,1555,0,0,0,LEGITIMATE
CUST_86662,6025.71,Pena-George,FOOD,US,DEBIT_CARD,8,1,1,1,1485,1,1,1,ACCOUNT_TAKEOVER
CUST_41086,2663.04,"Tucker, Torres and Rodriguez",FOOD,IN,DEBIT_CARD,2,206,0,0,1551,0,0,0,LEGITIMATE
CUST_52295,3125.9,Lin-Hoover,ENTERTAINMENT,NG,UPI,4,441,0,0,1113,0,0,0,LEGITIMATE
CUST_81545,4331.19,"Thomas, Hunt and Bautista",FOOD,IN,DEBIT_CARD,1,899,0,0,450,0,0,0,LEGITIMATE
CUST_73033,498.4,Rodriguez Group,FOOD,IN,UPI,2,479,0,0,800,0,0,0,LEGITIMATE
CUST_56936,22506.74,Morgan-Brown,HEALTHCARE,US,UPI,8,1,1,1,1824,1,1,1,MULTI_SIGNAL_ATTACK
CUST_54393,1569.37,"Webster, Johnson and Trevino",OTHER,NG,NET_BANKING,3,784,0,0,1104,0,0,0,LEGITIMATE
CUST_83850,18382.63,"Martin, Johnson and Jackson",EDUCATION,NG,UPI,10,1,1,1,331,1,1,1,MULTI_SIGNAL_ATTACK
CUST_66907,2220.4,Willis-Mueller,OTHER,IN,CREDIT_CARD,2,931,0,0,247,0,0,0,LEGITIMATE
CUST_32747,1026.55,Acosta-Parrish,ENTERTAINMENT,NG,UPI,4,753,0,0,544,0,0,0,LEGITIMATE
CUST_51599,3723.75,Phillips-Bowers,ENTERTAINMENT,CN,UPI,1,830,0,0,363,0,0,0,LEGITIMATE
CUST_53699,608.27,"Fernandez, Perez and Bowman",GROCERY,IN,WALLET,1,710,0,0,1128,0,0,0,LEGITIMATE
CUST_96914,2425.54,Jones and Sons,GROCERY,US,NET_BANKING,1,742,0,0,1149,0,0,0,LEGITIMATE
CUST_90387,1863.23,Wilson Group,OTHER,IN,WALLET,3,786,0,0,2451,0,0,0,LEGITIMATE
CUST_85517,2965.7,Oliver Ltd,FOOD,US,CREDIT_CARD,4,561,0,0,356,0,0,0,LEGITIMATE
CUST_20026,4286.14,Garner PLC,ENTERTAINMENT,CN,WALLET,4,98,0,0,1395,0,0,0,LEGITIMATE
CUST_65522,2284.64,Evans LLC,OTHER,CN,CREDIT_CARD,4,470,0,0,1342,0,0,0,LEGITIMATE
CUST_74521,3450.22,Gallegos Inc,HEALTHCARE,NG,CREDIT_CARD,1,236,0,0,2269,0,0,0,LEGITIMATE
CUST_82964,3533.78,Bentley Inc,TRAVEL,US,NET_BANKING,1,920,0,0,1535,1,0,1,MERCHANT_ANOMALY
CUST_20929,4492.42,Mcdowell Inc,EDUCATION,IN,WALLET,1,138,0,0,1536,0,0,0,LEGITIMATE
CUST_81200,33117.08,Owens-Wallace,FOOD,US,NET_BANKING,11,2,1,1,2295,1,1,1,MULTI_SIGNAL_ATTACK
CUST_90584,2321.61,Lee-Harris,OTHER,CN,UPI,4,615,0,0,1683,0,0,0,LEGITIMATE
CUST_51479,425.55,Solis-Jenkins,TRAVEL,GB,DEBIT_CARD,2,809,1,0,1219,0,0,1,GEOGRAPHIC_ANOMALY
CUST_99962,24955.545948631043,Mendez-Cervantes,HEALTHCARE,NG,NET_BANKING,3,0,0,1,8,1,1,1,SYNTHETIC_IDENTITY
CUST_23936,616.53,Miller Group,ENTERTAINMENT,NG,UPI,3,935,0,0,1760,0,0,0,LEGITIMATE
CUST_92593,1595.249340466625,Bass LLC,ECOMMERCE,US,WALLET,27,75,0,0,284,0,0,1,VELOCITY_ABUSE
CUST_48730,135.95,"Castaneda, Anderson and Stanley",GROCERY,CN,UPI,2,785,0,0,1936,0,0,0,LEGITIMATE
CUST_65377,10234.06,"Sullivan, Zhang and Young",TRAVEL,IN,DEBIT_CARD,14,2,1,1,620,1,1,1,MULTI_SIGNAL_ATTACK
CUST_68311,994.14,"Singh, Montgomery and Hurst",TRAVEL,CN,CREDIT_CARD,3,931,0,0,560,0,0,0,LEGITIMATE
CUST_86273,5228.73,"Chapman, Lewis and Valenzuela",OTHER,GB,DEBIT_CARD,3,712,0,0,91,0,0,0,LEGITIMATE
CUST_41686,4427.18,"Morgan, Villarreal and Wilson",HEALTHCARE,GB,UPI,2,34,0,1,1965,0,0,1,PAYMENT_METHOD_ABUSE
CUST_83881,5754.37,Griffin-Todd,FOOD,NG,NET_BANKING,4,529,0,0,1096,0,0,0,LEGITIMATE
CUST_29525,7090.924317762036,Valencia-Burgess,TRAVEL,GB,NET_BANKING,24,469,0,0,2421,0,0,1,VELOCITY_ABUSE
CUST_78554,762.03,Forbes LLC,ENTERTAINMENT,IN,NET_BANKING,2,248,0,0,149,0,0,0,LEGITIMATE
CUST_85798,28101.31,Atkins Ltd,OTHER,GB,CREDIT_CARD,15,1,1,1,1843,1,1,1,ACCOUNT_TAKEOVER
CUST_49343,1399.0939610125615,Dunlap-Payne,ENTERTAINMENT,GB,DEBIT_CARD,14,665,0,0,738,0,0,1,VELOCITY_ABUSE
CUST_38154,252.38,"Bennett, Bell and Drake",ENTERTAINMENT,CN,CREDIT_CARD,3,872,0,0,1684,0,0,0,LEGITIMATE
CUST_97363,5006.47,"Martinez, Lewis and Lee",OTHER,US,CREDIT_CARD,1,738,0,0,1109,0,0,0,LEGITIMATE
CUST_77381,3241.18,Choi and Sons,GROCERY,NG,DEBIT_CARD,4,137,0,0,529,0,0,0,LEGITIMATE
CUST_49553,32001.0,Beasley-Hatfield,ECOMMERCE,US,CREDIT_CARD,12,2,1,1,2246,1,1,1,ACCOUNT_TAKEOVER
CUST_99856,1782.55,Wells-Williams,EDUCATION,NG,WALLET,4,316,0,0,2483,0,0,0,LEGITIMATE
CUST_76356,18585.33,Daniel-Brown,EDUCATION,GB,NET_BANKING,2,224,0,0,2289,0,1,1,TRANSACTION_ANOMALY
CUST_43288,25317.98,Zamora-Meyer,GROCERY,NG,UPI,9,2,1,1,706,1,1,1,MULTI_SIGNAL_ATTACK
CUST_63378,2133.74,Jones-Brown,TRAVEL,IN,UPI,4,714,0,0,1813,0,0,0,LEGITIMATE
CUST_14954,2933.72,Cummings-Hammond,ENTERTAINMENT,US,CREDIT_CARD,4,84,0,0,441,0,0,0,LEGITIMATE
CUST_69808,17803.16,Nolan-Mccarty,ENTERTAINMENT,US,CREDIT_CARD,2,448,0,0,1657,1,1,1,TRANSACTION_ANOMALY
CUST_71469,1592.83,"Brown, Thomas and Collins",TRAVEL,IN,CREDIT_CARD,3,99,0,0,769,0,0,0,LEGITIMATE
CUST_14557,1080.54,Williams PLC,ENTERTAINMENT,US,UPI,3,34,0,0,2452,0,0,0,LEGITIMATE
CUST_97085,1031.57,Conrad LLC,EDUCATION,CN,UPI,4,792,0,0,1439,0,0,0,LEGITIMATE
CUST_26175,3800.12,Pennington-Marquez,ENTERTAINMENT,US,NET_BANKING,4,721,0,0,2043,0,0,0,LEGITIMATE
CUST_37349,2305.19,Davila-Reed,OTHER,NG,CREDIT_CARD,3,428,0,0,309,0,0,0,LEGITIMATE
CUST_28627,14781.21625895271,"Warner, Miller and Smith",OTHER,US,DEBIT_CARD,7,2,0,1,22,1,1,1,SYNTHETIC_IDENTITY
CUST_92175,698.34,Hale-Pena,TRAVEL,GB,CREDIT_CARD,1,914,0,0,333,0,0,0,LEGITIMATE
CUST_40274,337.21,"Jones, Torres and Bennett",ENTERTAINMENT,CN,WALLET,4,88,0,0,1818,0,0,0,LEGITIMATE
CUST_35121,1312.51,"Reynolds, Cortez and Rodriguez",ENTERTAINMENT,GB,DEBIT_CARD,2,774,1,0,2150,0,0,1,GEOGRAPHIC_ANOMALY
CUST_49012,3916.99,Harris and Sons,EDUCATION,IN,UPI,2,880,0,0,2034,0,0,0,LEGITIMATE
CUST_26753,4630.03,"Graham, Kirk and Woodard",FOOD,CN,NET_BANKING,1,316,0,0,1318,0,0,0,LEGITIMATE
CUST_75665,588.99,"Phillips, Hodges and Bridges",TRAVEL,GB,UPI,3,835,0,0,2370,0,0,0,LEGITIMATE
CUST_57676,1171.29,Bell Group,EDUCATION,GB,NET_BANKING,1,890,0,0,1786,0,0,0,LEGITIMATE
CUST_21796,9291.45,Sutton Ltd,EDUCATION,NG,DEBIT_CARD,22,3,1,1,601,1,1,1,MULTI_SIGNAL_ATTACK
CUST_46741,2469.16,Webb Inc,OTHER,CN,NET_BANKING,3,618,0,0,1581,0,0,0,LEGITIMATE
CUST_22160,16880.35,Griffith-Burns,FOOD,CN,NET_BANKING,7,1,1,1,930,1,1,1,ACCOUNT_TAKEOVER
CUST_24497,2777.93,"Howell, Davila and Nash",HEALTHCARE,US,DEBIT_CARD,3,768,1,0,1763,0,0,1,GEOGRAPHIC_ANOMALY
CUST_25727,245.09,Michael-Gonzalez,FOOD,CN,CREDIT_CARD,2,352,0,0,1284,0,0,0,LEGITIMATE
CUST_91382,800.9,"Bailey, Stanley and Johnson",HEALTHCARE,IN,WALLET,2,462,0,0,205,0,0,0,LEGITIMATE
CUST_57936,771.85,"Flowers, Wagner and Neal",EDUCATION,GB,WALLET,1,579,0,0,339,0,0,0,LEGITIMATE
CUST_39740,2992.45,Mullins Inc,HEALTHCARE,CN,DEBIT_CARD,1,67,0,0,2001,0,0,0,LEGITIMATE
CUST_52048,413.55,Barrett LLC,ECOMMERCE,NG,UPI,4,396,0,0,1909,0,0,0,LEGITIMATE
CUST_14703,5497.29,Grimes PLC,GROCERY,GB,DEBIT_CARD,3,144,0,0,2448,0,0,0,LEGITIMATE
CUST_37457,4897.07,"Browning, Vasquez and Obrien",GROCERY,GB,DEBIT_CARD,3,209,0,0,1790,0,0,0,LEGITIMATE
CUST_29565,12096.331250529814,Robinson-Wheeler,HEALTHCARE,NG,WALLET,8,9,0,1,12,1,1,1,SYNTHETIC_IDENTITY
CUST_32656,1763.36,"Parsons, Pace and Moran",OTHER,IN,CREDIT_CARD,2,418,0,0,1127,0,0,0,LEGITIMATE
CUST_16038,20422.74,"Ferguson, Mendoza and Ford",FOOD,US,CREDIT_CARD,10,1,1,1,513,1,1,1,ACCOUNT_TAKEOVER
CUST_80424,19637.48,"Gonzalez, Hampton and Flores",EDUCATION,CN,UPI,1,511,0,0,848,1,1,1,TRANSACTION_ANOMALY
CUST_54293,503.79,Fisher PLC,FOOD,GB,WALLET,3,949,0,1,330,0,0,1,PAYMENT_METHOD_ABUSE
CUST_33296,1452.23,Clarke Ltd,FOOD,IN,NET_BANKING,1,413,0,0,1583,0,0,0,LEGITIMATE
CUST_37391,5436.0,George-Walker,HEALTHCARE,GB,CREDIT_CARD,4,979,0,0,2262,0,0,0,LEGITIMATE
CUST_70472,1203.13,"Gallegos, Garrison and Wells",ECOMMERCE,IN,CREDIT_CARD,1,769,0,0,946,0,0,0,LEGITIMATE
CUST_34203,1988.37,Murray-Baker,ENTERTAINMENT,US,NET_BANKING,1,236,0,0,1301,0,0,0,LEGITIMATE
CUST_59432,2771.38,Landry-Gonzales,HEALTHCARE,IN,CREDIT_CARD,3,44,0,1,760,0,0,1,PAYMENT_METHOD_ABUSE
CUST_20076,367.63,Blankenship-Martin,FOOD,GB,DEBIT_CARD,3,640,1,0,1223,0,0,1,GEOGRAPHIC_ANOMALY
CUST_69211,3177.7,Mcdowell-Roberts,ECOMMERCE,US,NET_BANKING,3,558,0,0,1554,0,0,0,LEGITIMATE
CUST_24289,1346.39,Jones-Pena,HEALTHCARE,IN,DEBIT_CARD,4,960,1,0,857,0,0,1,GEOGRAPHIC_ANOMALY
CUST_68078,1546.5,Martinez PLC,GROCERY,IN,CREDIT_CARD,3,578,0,0,1464,0,0,0,LEGITIMATE
CUST_28606,4738.85,Wells LLC,ENTERTAINMENT,GB,WALLET,4,120,0,0,1406,0,0,0,LEGITIMATE
CUST_28467,184.42,Collins Group,OTHER,GB,WALLET,4,861,0,0,843,0,0,0,LEGITIMATE
CUST_36965,5736.82,"Schneider, Roberts and Bryan",GROCERY,NG,NET_BANKING,3,425,0,0,201,0,0,0,LEGITIMATE
CUST_42548,1268.96,Garrett LLC,EDUCATION,CN,DEBIT_CARD,2,804,0,1,1614,0,0,1,PAYMENT_METHOD_ABUSE
CUST_78035,2062.66,"Moore, Pope and Cooley",ECOMMERCE,US,WALLET,4,53,0,0,1654,0,0,0,LEGITIMATE
CUST_25458,2965.9181500319232,Ruiz-Smith,FOOD,US,UPI,28,947,0,0,355,0,0,1,VELOCITY_ABUSE
CUST_68318,6185.54,Chaney-Ali,TRAVEL,NG,WALLET,3,935,0,0,727,0,0,0,LEGITIMATE
CUST_64614,1965.85,Smith LLC,EDUCATION,NG,CREDIT_CARD,4,318,0,0,1537,0,0,0,LEGITIMATE
CUST_49980,1252.29,"Pierce, Fernandez and Roberts",GROCERY,CN,NET_BANKING,2,375,0,0,1915,0,0,0,LEGITIMATE
CUST_75478,4019.28,Buckley LLC,TRAVEL,US,UPI,2,267,0,0,2170,0,0,0,LEGITIMATE
CUST_52612,3976.52,"Roberts, Allen and Martinez",ENTERTAINMENT,CN,DEBIT_CARD,2,712,0,0,211,0,0,0,LEGITIMATE
CUST_91480,3614.74,Jones-Howell,EDUCATION,IN,DEBIT_CARD,2,265,0,0,1624,0,0,0,LEGITIMATE
CUST_91289,2304.29,Phillips Ltd,OTHER,NG,WALLET,4,315,0,0,479,1,0,1,MERCHANT_ANOMALY
CUST_43610,3508.23,"Brown, Mendez and Andrews",GROCERY,CN,DEBIT_CARD,4,546,0,0,1504,0,0,0,LEGITIMATE
CUST_60533,994.43,"Allen, Nicholson and Austin",TRAVEL,NG,NET_BANKING,3,978,0,0,1506,0,0,0,LEGITIMATE
CUST_77663,15699.08,"Lutz, Livingston and Hudson",EDUCATION,CN,UPI,11,0,1,1,496,1,1,1,MULTI_SIGNAL_ATTACK
CUST_86985,17644.27593027636,"Odom, Trujillo and Gray",ENTERTAINMENT,IN,UPI,3,1,0,1,4,1,1,1,SYNTHETIC_IDENTITY
CUST_43525,610.87,"Ross, Glenn and Zimmerman",TRAVEL,IN,DEBIT_CARD,4,142,0,0,1861,0,0,0,LEGITIMATE
CUST_71837,1307.71,"Wolf, Brown and Davis",TRAVEL,GB,WALLET,2,482,0,0,616,0,0,0,LEGITIMATE
CUST_25368,2120.69,Hancock-Ramsey,GROCERY,IN,UPI,2,978,0,0,2106,1,0,1,MERCHANT_ANOMALY
CUST_31126,3747.9942193575284,Rogers-Kelley,ENTERTAINMENT,CN,UPI,22,798,0,0,477,0,0,1,VELOCITY_ABUSE
CUST_76021,24712.32,Ross-Palmer,GROCERY,US,UPI,20,0,1,1,921,1,1,1,MULTI_SIGNAL_ATTACK
CUST_34275,6481.506487395,Benton-Bowman,GROCERY,US,DEBIT_CARD,29,829,0,0,484,0,0,1,VELOCITY_ABUSE
CUST_68264,3533.42,"Cochran, Holder and Miller",EDUCATION,IN,DEBIT_CARD,3,62,0,0,1385,0,0,0,LEGITIMATE
CUST_57975,1324.69,"Hoover, Harris and Soto",EDUCATION,NG,DEBIT_CARD,1,839,0,0,1513,1,0,1,MERCHANT_ANOMALY
CUST_56934,1843.89,"Johns, Ross and Chen",TRAVEL,CN,WALLET,2,403,1,0,671,0,0,1,GEOGRAPHIC_ANOMALY
CUST_83440,1095.71,Gray-Lynch,ENTERTAINMENT,GB,DEBIT_CARD,3,776,0,0,1339,0,0,0,LEGITIMATE
CUST_75796,6693.5086211382895,"Rose, Bailey and Phelps",FOOD,US,DEBIT_CARD,17,488,0,0,1882,0,0,1,VELOCITY_ABUSE
CUST_98625,5239.3,"Cooper, Walters and Haynes",GROCERY,CN,NET_BANKING,1,33,0,0,995,0,0,0,LEGITIMATE
CUST_92105,34864.76,Jones PLC,FOOD,US,WALLET,11,2,1,1,334,1,1,1,MULTI_SIGNAL_ATTACK
CUST_64262,2692.45,Pierce LLC,HEALTHCARE,IN,DEBIT_CARD,3,845,0,1,547,0,0,1,PAYMENT_METHOD_ABUSE
CUST_75119,3960.06,"Odonnell, Jackson and Ross",GROCERY,CN,DEBIT_CARD,4,279,0,0,1187,0,0,0,LEGITIMATE
CUST_77700,2444.57,Rivera-Morgan,TRAVEL,IN,NET_BANKING,1,727,0,0,1780,0,0,0,LEGITIMATE
CUST_69818,2115.11,Martinez-Barker,ENTERTAINMENT,NG,NET_BANKING,1,574,0,1,1396,0,0,1,PAYMENT_METHOD_ABUSE
CUST_81590,2323.71,Deleon Inc,TRAVEL,US,WALLET,1,486,0,0,1364,0,0,0,LEGITIMATE
CUST_30563,147.81,Mcclure-Mejia,OTHER,GB,CREDIT_CARD,1,30,0,0,1922,1,0,1,MERCHANT_ANOMALY
CUST_83515,4530.37,Ayala LLC,OTHER,US,CREDIT_CARD,4,118,0,0,2311,0,0,0,LEGITIMATE
CUST_87184,19014.68,Forbes Group,OTHER,CN,UPI,9,2,1,1,2439,1,1,1,MULTI_SIGNAL_ATTACK
CUST_71963,2271.02,Hurst-Foster,OTHER,US,DEBIT_CARD,1,129,0,0,324,1,0,1,MERCHANT_ANOMALY
CUST_53071,17916.49967226172,"Jones, Johnson and Morales",FOOD,US,DEBIT_CARD,3,8,0,1,12,1,1,1,SYNTHETIC_IDENTITY
CUST_95466,24703.181240262325,"Arias, Logan and Lowe",TRAVEL,NG,DEBIT_CARD,7,5,0,1,12,1,1,1,SYNTHETIC_IDENTITY
CUST_17179,8649.641249682521,White-Mathis,EDUCATION,NG,CREDIT_CARD,25,955,0,0,2284,0,0,1,VELOCITY_ABUSE
CUST_60255,2662.9,Yang Group,GROCERY,CN,WALLET,1,468,0,0,1599,0,0,0,LEGITIMATE
CUST_16946,252.5,Montgomery LLC,EDUCATION,IN,UPI,2,212,0,0,1436,0,0,0,LEGITIMATE
CUST_82308,4040.67,Perkins-Wood,FOOD,IN,UPI,1,309,0,0,1158,0,0,0,LEGITIMATE
CUST_36495,1466.83,Berger PLC,ECOMMERCE,NG,UPI,2,914,0,0,2144,0,0,0,LEGITIMATE
CUST_48112,946.41,Collins-Maddox,HEALTHCARE,IN,UPI,1,98,0,0,1804,0,0,0,LEGITIMATE
CUST_42526,5354.69,Cooley-Scott,ENTERTAINMENT,IN,WALLET,4,779,0,0,1097,0,0,0,LEGITIMATE
CUST_81980,3066.9,Parker-Reese,EDUCATION,US,UPI,2,513,0,0,2349,0,0,0,LEGITIMATE
CUST_41439,2294.38,Hahn PLC,EDUCATION,US,WALLET,4,958,0,0,2228,0,0,0,LEGITIMATE
CUST_90057,2994.96,"Hart, Ramos and Small",EDUCATION,GB,WALLET,1,651,0,0,1129,0,0,0,LEGITIMATE
CUST_38209,1898.85,Shepherd-Martin,HEALTHCARE,NG,NET_BANKING,3,608,0,0,360,0,0,0,LEGITIMATE
CUST_23598,4897.502814946048,Herring PLC,ENTERTAINMENT,US,UPI,10,661,0,0,769,0,0,1,VELOCITY_ABUSE
CUST_82482,1864.27,Gomez PLC,OTHER,GB,WALLET,1,782,0,0,1295,0,0,0,LEGITIMATE
CUST_32103,878.13,Choi-Phillips,OTHER,IN,UPI,3,701,0,1,987,0,0,1,PAYMENT_METHOD_ABUSE
CUST_14144,5712.29,Brown-Howard,EDUCATION,NG,DEBIT_CARD,2,485,0,1,642,0,0,1,PAYMENT_METHOD_ABUSE
CUST_14138,2282.34,Daniel Inc,FOOD,IN,DEBIT_CARD,1,75,0,0,2121,0,0,0,LEGITIMATE
CUST_47340,4745.04,Parrish-Hayes,ENTERTAINMENT,IN,UPI,3,907,0,0,1910,0,0,0,LEGITIMATE
CUST_40186,801.87,"Smith, Sloan and Richards",GROCERY,GB,NET_BANKING,1,606,0,0,579,1,0,1,MERCHANT_ANOMALY
CUST_21338,5043.34,Wilson Inc,OTHER,NG,UPI,2,441,0,0,61,1,0,1,MERCHANT_ANOMALY
CUST_78857,1901.72,Baxter-Lane,EDUCATION,IN,UPI,4,206,0,0,573,0,0,0,LEGITIMATE
CUST_99185,5883.06,Mills LLC,GROCERY,IN,WALLET,4,687,0,0,74,0,0,0,LEGITIMATE
CUST_65227,3281.91,Smith-Smith,ENTERTAINMENT,IN,DEBIT_CARD,2,213,0,0,1252,0,0,0,LEGITIMATE
CUST_76463,4596.58,Villanueva Group,EDUCATION,US,WALLET,1,890,1,0,1540,0,0,1,GEOGRAPHIC_ANOMALY
CUST_56532,3861.18,Nelson-Thomas,FOOD,NG,CREDIT_CARD,2,504,0,0,1206,0,0,0,LEGITIMATE
CUST_64550,3104.83,Zimmerman LLC,GROCERY,NG,DEBIT_CARD,2,120,0,0,325,0,0,0,LEGITIMATE
CUST_22767,3636.8822449735767,"Young, Jones and Lane",HEALTHCARE,US,DEBIT_CARD,16,908,0,0,68,0,0,1,VELOCITY_ABUSE
CUST_81276,2145.75,Anderson-Thomas,HEALTHCARE,IN,CREDIT_CARD,1,710,0,0,1314,0,0,0,LEGITIMATE
CUST_12621,1297.51,Gaines LLC,EDUCATION,GB,NET_BANKING,1,136,0,0,2057,0,0,0,LEGITIMATE
CUST_78784,2037.22,"Santana, Rodriguez and Gonzalez",ECOMMERCE,US,CREDIT_CARD,1,361,0,0,2097,1,0,1,MERCHANT_ANOMALY
CUST_80175,2047.17,Ramirez LLC,ENTERTAINMENT,IN,WALLET,4,446,0,1,1927,0,0,1,PAYMENT_METHOD_ABUSE
CUST_42712,2685.3,"Shelton, Andrews and Knight",ENTERTAINMENT,GB,WALLET,4,833,0,0,566,0,0,0,LEGITIMATE
CUST_10993,21406.64,"Spears, Edwards and Clark",OTHER,IN,DEBIT_CARD,7,0,1,1,750,1,1,1,ACCOUNT_TAKEOVER
CUST_62828,2106.5342089064693,"Glenn, Fry and Adkins",EDUCATION,US,NET_BANKING,18,519,0,0,1815,0,0,1,VELOCITY_ABUSE
CUST_83895,2980.17,"Bailey, Castro and Butler",TRAVEL,GB,CREDIT_CARD,3,327,0,1,270,0,0,1,PAYMENT_METHOD_ABUSE
CUST_92638,2683.59,Knight PLC,HEALTHCARE,NG,WALLET,2,179,0,0,1681,0,0,0,LEGITIMATE
CUST_19216,4288.93,Olson-Daniel,ECOMMERCE,US,CREDIT_CARD,1,519,0,0,345,0,0,0,LEGITIMATE
CUST_89298,4180.23,Vasquez-James,ENTERTAINMENT,US,WALLET,3,796,0,0,1362,0,0,0,LEGITIMATE
CUST_11853,1342.26,"Allen, Jones and Walters",EDUCATION,IN,DEBIT_CARD,3,731,1,0,1190,0,0,1,GEOGRAPHIC_ANOMALY
CUST_63048,2386.74,Thompson-Stewart,EDUCATION,IN,NET_BANKING,1,528,0,0,913,0,0,0,LEGITIMATE
CUST_17205,3237.69,"Campbell, Lewis and Pearson",ECOMMERCE,IN,DEBIT_CARD,4,302,0,0,247,0,0,0,LEGITIMATE
CUST_26386,25621.9,Harris and Sons,GROCERY,CN,NET_BANKING,11,0,1,1,508,1,1,1,ACCOUNT_TAKEOVER
CUST_27271,3491.57,"Perez, Deleon and Nguyen",GROCERY,NG,NET_BANKING,1,479,0,0,2320,1,1,1,TRANSACTION_ANOMALY
CUST_72570,4407.81,"Keller, Fowler and Johnson",GROCERY,US,WALLET,4,179,0,0,1379,0,0,0,LEGITIMATE
CUST_29860,3640.56,"Washington, Ray and Banks",EDUCATION,NG,NET_BANKING,3,941,0,0,1583,0,0,0,LEGITIMATE
CUST_78428,3874.04,Carpenter and Sons,FOOD,IN,UPI,3,837,0,0,1817,0,0,0,LEGITIMATE
CUST_82803,3321.54,Saunders Group,FOOD,GB,UPI,4,948,0,0,1351,0,0,0,LEGITIMATE
CUST_75056,1635.12,Moss Ltd,FOOD,US,CREDIT_CARD,3,175,0,1,2424,0,0,1,PAYMENT_METHOD_ABUSE
CUST_73323,668.15,"Escobar, Schultz and Wilkinson",EDUCATION,NG,NET_BANKING,2,908,0,0,532,0,0,0,LEGITIMATE
CUST_72202,1203.59,Green-Anderson,FOOD,NG,NET_BANKING,3,993,1,0,604,0,0,1,GEOGRAPHIC_ANOMALY
CUST_20253,1543.62,"Kennedy, Hansen and Foley",TRAVEL,IN,UPI,4,243,1,0,1039,0,0,1,GEOGRAPHIC_ANOMALY
CUST_39899,5917.89,Hodge-Powell,ENTERTAINMENT,IN,CREDIT_CARD,3,687,0,1,104,0,0,1,PAYMENT_METHOD_ABUSE
CUST_97582,21044.7,Buchanan LLC,ECOMMERCE,GB,CREDIT_CARD,16,0,1,1,1394,1,1,1,MULTI_SIGNAL_ATTACK
CUST_59539,1939.34,Riley PLC,EDUCATION,IN,CREDIT_CARD,1,616,0,0,408,1,0,1,MERCHANT_ANOMALY
CUST_76501,9913.439844970731,King-Perez,FOOD,CN,WALLET,23,362,0,0,308,0,0,1,VELOCITY_ABUSE
CUST_24785,4099.66,Nguyen LLC,GROCERY,GB,CREDIT_CARD,3,925,0,0,1254,0,0,0,LEGITIMATE
CUST_17460,1387.07,"Ward, Meadows and Hood",ENTERTAINMENT,CN,DEBIT_CARD,3,97,0,0,960,0,0,0,LEGITIMATE
CUST_47343,24991.664605418966,"Hampton, Frey and Collins",TRAVEL,CN,CREDIT_CARD,5,1,0,1,11,1,1,1,SYNTHETIC_IDENTITY
CUST_95519,2017.3371900560112,Richard Group,OTHER,US,DEBIT_CARD,30,845,0,0,1013,0,0,1,VELOCITY_ABUSE
CUST_76273,1426.52,"Johnson, Davies and Nelson",HEALTHCARE,CN,UPI,4,406,0,1,2444,0,0,1,PAYMENT_METHOD_ABUSE
CUST_94337,849.07,Wood Inc,ENTERTAINMENT,IN,UPI,3,653,0,0,451,0,0,0,LEGITIMATE
CUST_45714,838.04,Riddle-Floyd,OTHER,US,NET_BANKING,1,227,0,0,55,0,0,0,LEGITIMATE
CUST_41016,1541.61,"Bridges, Mendoza and Martinez",TRAVEL,NG,UPI,2,872,0,0,125,1,0,1,MERCHANT_ANOMALY
CUST_48057,9346.417749779019,Butler PLC,EDUCATION,US,DEBIT_CARD,5,5,0,1,29,1,1,1,SYNTHETIC_IDENTITY
CUST_51326,974.44,"Stein, Booth and Carlson",FOOD,CN,DEBIT_CARD,2,41,0,0,2192,0,0,0,LEGITIMATE
CUST_55585,8275.69,"Ponce, Stewart and Ryan",EDUCATION,IN,CREDIT_CARD,2,534,0,0,1781,1,1,1,TRANSACTION_ANOMALY
CUST_71521,58743.53,Parker LLC,TRAVEL,NG,CREDIT_CARD,3,773,0,0,251,0,1,1,TRANSACTION_ANOMALY
CUST_20014,15934.54,Leon-Watson,FOOD,GB,WALLET,8,1,1,1,510,1,1,1,ACCOUNT_TAKEOVER
CUST_16122,2819.62,"Griffith, Gaines and Mitchell",ECOMMERCE,IN,WALLET,4,871,0,0,2492,0,0,0,LEGITIMATE
CUST_12753,9377.964038446991,"Robles, Montoya and Rose",HEALTHCARE,IN,WALLET,9,2,0,1,9,1,1,1,SYNTHETIC_IDENTITY
CUST_81085,5837.36,Cruz Inc,GROCERY,GB,UPI,4,527,0,0,1046,0,0,0,LEGITIMATE
CUST_96375,2156.78,Brown-Smith,GROCERY,CN,NET_BANKING,1,212,0,0,2458,0,0,0,LEGITIMATE
CUST_46631,1222.54,Adams-Munoz,ENTERTAINMENT,CN,UPI,3,987,0,0,1192,0,0,0,LEGITIMATE
CUST_85350,17022.41,"Mckinney, Gonzalez and Acevedo",ENTERTAINMENT,US,WALLET,23,0,1,1,2199,1,1,1,MULTI_SIGNAL_ATTACK
CUST_43508,1919.46,Collins and Sons,ENTERTAINMENT,US,WALLET,3,504,0,0,623,0,0,0,LEGITIMATE
CUST_60707,1050.41,Young-Ferguson,ECOMMERCE,NG,UPI,1,373,0,1,2245,0,0,1,PAYMENT_METHOD_ABUSE
CUST_76780,186.28,"Gonzalez, Smith and Moore",FOOD,CN,UPI,3,581,0,0,1566,0,0,0,LEGITIMATE
CUST_43049,2329.68,Davis PLC,HEALTHCARE,GB,DEBIT_CARD,2,697,0,0,1424,0,0,0,LEGITIMATE
CUST_32591,2023.36,"Lester, Robinson and Oconnor",ECOMMERCE,US,UPI,1,103,0,0,1736,0,0,0,LEGITIMATE
CUST_72121,4025.16,Copeland-Carter,EDUCATION,NG,WALLET,3,343,0,1,1501,0,0,1,PAYMENT_METHOD_ABUSE
CUST_58910,16051.650801061538,Lewis-Smith,EDUCATION,GB,CREDIT_CARD,4,4,0,1,2,1,1,1,SYNTHETIC_IDENTITY
CUST_11858,2190.77,Sampson and Sons,ECOMMERCE,US,NET_BANKING,4,41,0,1,750,0,0,1,PAYMENT_METHOD_ABUSE
CUST_78291,4880.52,Bass Group,TRAVEL,GB,DEBIT_CARD,3,53,0,0,1401,0,0,0,LEGITIMATE
CUST_88060,434.73,Clark-Mccarty,ECOMMERCE,GB,CREDIT_CARD,3,576,0,1,1262,0,0,1,PAYMENT_METHOD_ABUSE
CUST_79878,1968.88,Becker PLC,ENTERTAINMENT,CN,UPI,4,565,0,0,477,0,0,0,LEGITIMATE
CUST_27037,3941.45,Thomas-Bauer,EDUCATION,US,WALLET,1,963,0,0,1800,0,0,0,LEGITIMATE
CUST_76480,765.8,Keller-Pham,ECOMMERCE,CN,CREDIT_CARD,1,506,0,0,2409,0,0,0,LEGITIMATE
CUST_71393,1373.01,"Duran, Middleton and Nelson",OTHER,CN,UPI,1,610,0,0,1156,0,0,0,LEGITIMATE
CUST_99399,1639.88,Lee-Mitchell,HEALTHCARE,IN,UPI,2,241,0,0,1899,0,0,0,LEGITIMATE
CUST_35518,2979.19,Jordan PLC,FOOD,NG,NET_BANKING,4,746,1,0,1221,0,0,1,GEOGRAPHIC_ANOMALY
CUST_39369,3058.18,"Garrett, Hensley and Perez",HEALTHCARE,NG,DEBIT_CARD,2,430,0,0,425,0,0,0,LEGITIMATE
CUST_26281,2476.299082778797,"Stone, Thomas and Morrison",HEALTHCARE,IN,WALLET,15,420,0,0,229,0,0,1,VELOCITY_ABUSE
CUST_20976,36276.41,Aguilar LLC,HEALTHCARE,CN,NET_BANKING,3,458,0,0,218,0,1,1,TRANSACTION_ANOMALY
CUST_48060,1806.68,Gonzalez Ltd,FOOD,IN,CREDIT_CARD,2,511,0,0,580,0,0,0,LEGITIMATE
CUST_31588,524.2,"Bartlett, Mayo and Parker",ENTERTAINMENT,US,CREDIT_CARD,1,319,0,0,1665,0,0,0,LEGITIMATE
CUST_84085,2809.25,Diaz and Sons,ENTERTAINMENT,CN,CREDIT_CARD,2,504,0,0,1825,0,0,0,LEGITIMATE
CUST_20430,2198.71,"Hicks, Mitchell and Edwards",ECOMMERCE,IN,CREDIT_CARD,2,508,0,0,1487,0,0,0,LEGITIMATE
CUST_64388,2120.26,Rodriguez-Davis,ECOMMERCE,GB,WALLET,4,781,0,0,926,0,0,0,LEGITIMATE
CUST_23687,3023.35,"Knight, Rivera and Pearson",EDUCATION,NG,WALLET,3,513,0,0,2209,0,0,0,LEGITIMATE
CUST_40263,8068.28,Vincent LLC,HEALTHCARE,NG,NET_BANKING,11,1,1,1,1941,1,1,1,MULTI_SIGNAL_ATTACK
CUST_95267,419.79,"Schaefer, Pollard and Castro",GROCERY,NG,NET_BANKING,4,483,0,0,2487,0,0,0,LEGITIMATE
CUST_77209,2829.208020840105,"Garcia, Green and Leon",FOOD,US,UPI,24,880,0,0,452,0,0,1,VELOCITY_ABUSE
CUST_99576,1708.79,"Thompson, Jackson and Richardson",OTHER,CN,CREDIT_CARD,3,969,0,0,2453,0,0,0,LEGITIMATE
CUST_80846,1604.49,"Smith, Doyle and Smith",FOOD,CN,DEBIT_CARD,2,406,0,0,2214,0,0,0,LEGITIMATE
CUST_83856,5707.46,"Johnson, Kim and Robinson",ECOMMERCE,CN,DEBIT_CARD,3,805,0,0,163,0,0,0,LEGITIMATE
CUST_54471,4458.89,Wilkerson PLC,ENTERTAINMENT,NG,CREDIT_CARD,1,854,0,0,1095,0,0,0,LEGITIMATE
CUST_10494,3768.8,Davis Inc,OTHER,NG,WALLET,4,447,0,0,2474,0,0,0,LEGITIMATE
CUST_10598,5878.974117609869,Obrien LLC,EDUCATION,NG,NET_BANKING,28,616,0,0,312,0,0,1,VELOCITY_ABUSE
CUST_34548,2652.25,Jackson-Wells,ECOMMERCE,NG,NET_BANKING,4,625,0,0,2051,0,0,0,LEGITIMATE
CUST_78032,5147.4,Wilson Ltd,OTHER,IN,WALLET,1,541,0,0,2476,0,0,0,LEGITIMATE
CUST_96364,8853.537136598688,Reed LLC,ECOMMERCE,NG,DEBIT_CARD,22,956,0,0,2391,0,0,1,VELOCITY_ABUSE
CUST_46762,4545.53,"Kelly, Chapman and Sullivan",ECOMMERCE,NG,NET_BANKING,2,762,0,1,52,0,0,1,PAYMENT_METHOD_ABUSE
CUST_61807,1483.87,Lopez-Riley,GROCERY,GB,UPI,2,178,0,0,2003,1,0,1,MERCHANT_ANOMALY
CUST_57902,28864.59,Campbell and Sons,OTHER,GB,WALLET,14,2,1,1,1279,1,1,1,ACCOUNT_TAKEOVER
CUST_44349,325.42,"Jackson, Martinez and Murray",TRAVEL,GB,CREDIT_CARD,2,259,0,0,1992,0,0,0,LEGITIMATE
CUST_49816,29748.32,English PLC,FOOD,US,UPI,12,1,1,1,934,1,1,1,ACCOUNT_TAKEOVER
CUST_96507,3444.12,Adams PLC,TRAVEL,NG,WALLET,1,831,0,0,1146,0,0,0,LEGITIMATE
CUST_84941,2156.76,Dudley-Williams,EDUCATION,NG,UPI,3,269,0,0,1680,0,0,0,LEGITIMATE
CUST_92227,5702.87,White and Sons,FOOD,GB,DEBIT_CARD,2,117,0,0,1936,0,0,0,LEGITIMATE
CUST_51636,660.53,Hayden Inc,GROCERY,NG,UPI,2,183,0,0,2366,0,0,0,LEGITIMATE
CUST_45268,5577.500941784411,Walker-Nichols,ECOMMERCE,IN,DEBIT_CARD,24,272,0,0,2061,0,0,1,VELOCITY_ABUSE
CUST_12209,2427.83,"Graham, Horn and Sims",ENTERTAINMENT,CN,CREDIT_CARD,2,616,0,0,273,0,0,0,LEGITIMATE
CUST_40251,263.34,Johnson-Alexander,HEALTHCARE,GB,UPI,2,209,0,0,2325,0,0,0,LEGITIMATE
CUST_10965,3828.6,"Richardson, Martin and Fisher",TRAVEL,NG,DEBIT_CARD,1,255,0,0,185,0,0,0,LEGITIMATE
CUST_15179,2171.79,Smith-Moore,GROCERY,US,WALLET,4,86,1,0,1600,0,0,1,GEOGRAPHIC_ANOMALY
CUST_85859,4804.83,"Logan, Logan and Doyle",OTHER,CN,CREDIT_CARD,3,130,0,0,801,1,0,1,MERCHANT_ANOMALY
CUST_24299,1077.95,Roberts Inc,TRAVEL,NG,DEBIT_CARD,2,792,0,0,537,0,0,0,LEGITIMATE
CUST_85643,675.46,"Tucker, Patel and Barron",FOOD,IN,CREDIT_CARD,2,768,0,0,1556,0,0,0,LEGITIMATE
CUST_25869,17018.33,"Bailey, Hamilton and Anderson",HEALTHCARE,NG,WALLET,1,319,0,0,920,1,1,1,TRANSACTION_ANOMALY
CUST_14747,21641.499120932942,"Lyons, Robertson and Jimenez",FOOD,US,WALLET,8,3,0,1,2,1,1,1,SYNTHETIC_IDENTITY
CUST_99463,3864.06,Ashley Ltd,GROCERY,IN,UPI,3,708,0,0,611,0,0,0,LEGITIMATE
CUST_33474,26173.461626599918,Delacruz-Herrera,OTHER,IN,WALLET,4,7,0,1,20,1,1,1,SYNTHETIC_IDENTITY
CUST_63289,4143.45,Lee-Tucker,ECOMMERCE,IN,WALLET,1,140,0,0,1019,1,0,1,MERCHANT_ANOMALY
CUST_37394,446.87,Schmidt Group,OTHER,CN,CREDIT_CARD,1,991,0,0,496,0,0,0,LEGITIMATE
CUST_49537,12827.21,"Johnson, Simmons and Ward",TRAVEL,US,CREDIT_CARD,15,1,1,1,2323,1,1,1,ACCOUNT_TAKEOVER
CUST_74852,22535.12,Shields-Hernandez,HEALTHCARE,US,DEBIT_CARD,20,2,1,1,810,1,1,1,MULTI_SIGNAL_ATTACK
CUST_70859,4135.23,"Price, Nelson and Lawson",OTHER,CN,CREDIT_CARD,3,853,0,0,417,0,0,0,LEGITIMATE
CUST_45527,1996.54,"Parrish, Taylor and Miller",ECOMMERCE,IN,CREDIT_CARD,2,358,0,0,107,0,0,0,LEGITIMATE
CUST_36495,2808.04,"Perry, Williams and Gardner",ENTERTAINMENT,US,WALLET,2,46,0,0,1046,0,0,0,LEGITIMATE
CUST_61909,27140.31,Wilson Inc,OTHER,US,WALLET,7,2,1,1,2307,1,1,1,ACCOUNT_TAKEOVER
CUST_47868,2144.73,"Brown, Humphrey and Wright",GROCERY,GB,DEBIT_CARD,4,834,0,0,214,0,0,0,LEGITIMATE
CUST_78140,1794.55,Mcdaniel LLC,GROCERY,GB,CREDIT_CARD,2,199,0,0,1077,0,0,0,LEGITIMATE
CUST_54886,3336.6,Christian-Fischer,FOOD,GB,WALLET,3,370,0,0,2244,0,0,0,LEGITIMATE
CUST_94526,393.48,"Mills, Adams and Martin",OTHER,US,UPI,1,379,0,1,2255,0,0,1,PAYMENT_METHOD_ABUSE
CUST_90291,1678.85,"Stevens, Ware and Thompson",OTHER,IN,DEBIT_CARD,1,351,0,0,1918,0,0,0,LEGITIMATE
CUST_41958,926.4,"Ellis, Coleman and Day",HEALTHCARE,GB,DEBIT_CARD,2,51,0,0,942,0,0,0,LEGITIMATE
CUST_90144,2960.6,"Castro, Adams and Cameron",OTHER,CN,WALLET,1,81,0,0,596,0,0,0,LEGITIMATE
CUST_33108,336.12,Nicholson-Berry,HEALTHCARE,NG,DEBIT_CARD,3,376,0,0,234,0,0,0,LEGITIMATE
CUST_90525,1341.38,Chen Group,ECOMMERCE,IN,UPI,3,477,0,0,2174,0,0,0,LEGITIMATE
CUST_56721,13795.74,"Flowers, Rodriguez and Perez",OTHER,CN,UPI,15,2,1,1,1523,1,1,1,ACCOUNT_TAKEOVER
CUST_83832,1962.93,Foster LLC,HEALTHCARE,IN,UPI,1,216,0,0,603,0,0,0,LEGITIMATE
CUST_78983,3260.8,Harmon LLC,FOOD,IN,NET_BANKING,3,981,0,0,893,0,0,0,LEGITIMATE
CUST_86502,5284.86,Stevens-Tucker,TRAVEL,GB,DEBIT_CARD,3,713,0,0,1233,0,0,0,LEGITIMATE
CUST_75658,8595.480729962372,"Velasquez, Taylor and Ramsey",TRAVEL,GB,NET_BANKING,10,789,0,0,1910,0,0,1,VELOCITY_ABUSE
CUST_90625,3469.43,Navarro-Kennedy,GROCERY,GB,UPI,4,574,0,1,1343,0,0,1,PAYMENT_METHOD_ABUSE
CUST_18801,2713.69,Davis LLC,TRAVEL,US,WALLET,3,767,0,0,1808,0,0,0,LEGITIMATE
CUST_83884,5231.63,"Martin, Ballard and Lee",FOOD,GB,DEBIT_CARD,3,420,0,0,688,0,1,1,TRANSACTION_ANOMALY
CUST_20947,959.4458071969796,Moore LLC,HEALTHCARE,CN,UPI,10,918,0,0,1807,0,0,1,VELOCITY_ABUSE
CUST_99123,1330.1,Burton PLC,ECOMMERCE,US,NET_BANKING,1,386,0,1,1239,0,0,1,PAYMENT_METHOD_ABUSE
CUST_11664,1899.11,"Walton, Carroll and Morales",HEALTHCARE,GB,WALLET,3,984,0,1,1907,0,0,1,PAYMENT_METHOD_ABUSE
CUST_37610,9873.91,"Beltran, Choi and Sherman",OTHER,NG,WALLET,4,861,0,0,1423,1,1,1,TRANSACTION_ANOMALY
CUST_69928,2890.37,Lowe-Kramer,EDUCATION,IN,NET_BANKING,3,456,0,1,1103,0,0,1,PAYMENT_METHOD_ABUSE
CUST_70691,1094.45,Wright Inc,GROCERY,GB,NET_BANKING,3,550,0,0,1676,0,0,0,LEGITIMATE
CUST_61384,471.03,Hobbs-Hurst,FOOD,CN,CREDIT_CARD,4,500,0,0,499,0,0,0,LEGITIMATE
CUST_84815,6076.46,"Farrell, Sims and Ramos",ECOMMERCE,NG,WALLET,4,981,0,0,1628,0,0,0,LEGITIMATE
CUST_30226,2068.87,Williams Group,ECOMMERCE,GB,DEBIT_CARD,3,115,0,0,958,1,0,1,MERCHANT_ANOMALY
CUST_34331,4940.59,Klein PLC,OTHER,US,WALLET,3,100,0,0,2187,0,0,0,LEGITIMATE
CUST_75502,5088.5,Maynard-Hamilton,ECOMMERCE,US,NET_BANKING,1,511,0,0,913,0,0,0,LEGITIMATE
CUST_80487,2669.51,Torres LLC,EDUCATION,CN,CREDIT_CARD,3,67,0,0,1770,0,0,0,LEGITIMATE
CUST_36857,3671.87,Sims Ltd,FOOD,IN,NET_BANKING,3,972,1,0,1374,0,0,1,GEOGRAPHIC_ANOMALY
CUST_92268,12866.03,Robinson-Acevedo,ENTERTAINMENT,CN,NET_BANKING,12,3,1,1,1638,1,1,1,ACCOUNT_TAKEOVER
CUST_50092,4914.77,Mcdaniel-Phillips,ECOMMERCE,IN,NET_BANKING,2,932,0,0,1787,0,0,0,LEGITIMATE
CUST_47107,1334.33,"King, Baker and Ramirez",EDUCATION,NG,NET_BANKING,2,119,0,0,563,0,0,0,LEGITIMATE
CUST_69870,4804.06,Sutton-Johnson,EDUCATION,CN,UPI,2,651,0,0,946,0,0,0,LEGITIMATE
CUST_17323,3719.22,Anderson-Gallagher,OTHER,IN,DEBIT_CARD,2,979,0,0,1577,0,0,0,LEGITIMATE
CUST_97329,2646.47,Roy LLC,HEALTHCARE,CN,WALLET,4,745,0,1,829,0,0,1,PAYMENT_METHOD_ABUSE
CUST_56220,391.3,Horton Inc,EDUCATION,IN,UPI,4,142,0,0,1953,0,0,0,LEGITIMATE
CUST_96407,26697.71,Serrano-Foster,ENTERTAINMENT,CN,WALLET,22,0,1,1,550,1,1,1,MULTI_SIGNAL_ATTACK
CUST_80519,4376.09,"Bradley, Benson and Hernandez",FOOD,CN,UPI,1,622,0,0,783,0,0,0,LEGITIMATE
CUST_88046,517.13,Price-Lee,FOOD,CN,WALLET,1,532,0,0,1423,0,0,0,LEGITIMATE
CUST_11645,1829.2,Mitchell Group,FOOD,US,UPI,4,39,0,0,935,0,0,0,LEGITIMATE
CUST_54588,5131.11,"Bass, Cowan and Little",GROCERY,US,WALLET,2,586,0,0,821,0,0,0,LEGITIMATE
CUST_98714,1701.92,"Stevens, Wallace and Carter",EDUCATION,IN,WALLET,3,456,0,0,1608,0,0,0,LEGITIMATE
CUST_84973,242.23,"Patel, Mckinney and Williams",GROCERY,IN,DEBIT_CARD,4,925,0,0,384,0,0,0,LEGITIMATE
CUST_56986,2604.22,Duran-Thomas,ECOMMERCE,GB,WALLET,3,86,1,0,2192,0,0,1,GEOGRAPHIC_ANOMALY
CUST_22801,15239.56,"Torres, Clark and Davidson",EDUCATION,CN,NET_BANKING,9,2,1,1,1622,1,1,1,ACCOUNT_TAKEOVER
CUST_35404,2266.32,"Patterson, Guerrero and Jones",FOOD,CN,CREDIT_CARD,1,557,0,0,2378,0,0,0,LEGITIMATE
CUST_83650,3878.25,Thomas LLC,OTHER,IN,UPI,4,398,1,0,54,0,0,1,GEOGRAPHIC_ANOMALY
CUST_32185,6859.44949963791,Ross LLC,ECOMMERCE,NG,WALLET,20,499,0,0,1259,0,0,1,VELOCITY_ABUSE
CUST_44490,3589.9,"Williams, Spencer and Smith",GROCERY,GB,UPI,2,697,0,0,1130,0,0,0,LEGITIMATE
CUST_18150,15532.55,Banks Ltd,HEALTHCARE,US,DEBIT_CARD,20,2,1,1,541,1,1,1,MULTI_SIGNAL_ATTACK
CUST_66958,5129.46,Russell and Sons,HEALTHCARE,NG,CREDIT_CARD,22,0,1,1,907,1,1,1,MULTI_SIGNAL_ATTACK
CUST_36038,3874.06,Brown PLC,EDUCATION,GB,WALLET,3,488,0,0,2323,0,0,0,LEGITIMATE
CUST_15196,4590.87,Williams and Sons,HEALTHCARE,IN,CREDIT_CARD,2,152,0,0,275,0,0,0,LEGITIMATE
CUST_66152,6396.68,"Hall, Ruiz and Roberts",TRAVEL,NG,DEBIT_CARD,1,903,0,0,658,0,0,0,LEGITIMATE
CUST_41276,3567.6,Valdez-Hart,ECOMMERCE,US,UPI,2,46,0,0,1102,0,0,0,LEGITIMATE
CUST_52296,716.68,"Williams, Krause and Ruiz",TRAVEL,GB,CREDIT_CARD,1,419,0,0,2026,0,0,0,LEGITIMATE
CUST_76088,59058.27,"Cruz, Manning and Wilson",HEALTHCARE,NG,DEBIT_CARD,4,64,0,0,795,1,1,1,TRANSACTION_ANOMALY
CUST_62609,2093.45,Gray-Pennington,ECOMMERCE,GB,CREDIT_CARD,4,684,0,0,1298,0,0,0,LEGITIMATE
CUST_86617,2429.28,Bailey-Robinson,GROCERY,CN,WALLET,4,71,0,1,257,0,0,1,PAYMENT_METHOD_ABUSE
CUST_50110,2915.28,Rios LLC,HEALTHCARE,US,WALLET,4,972,0,0,1110,0,0,0,LEGITIMATE
CUST_19307,917.26,Ortiz-Jordan,HEALTHCARE,IN,NET_BANKING,4,725,0,0,1694,0,0,0,LEGITIMATE
CUST_20630,930.86,"Barajas, Henry and Wilkinson",ECOMMERCE,IN,DEBIT_CARD,1,263,0,0,100,0,0,0,LEGITIMATE
CUST_62307,1761.01,Koch and Sons,EDUCATION,US,WALLET,1,585,0,0,2065,0,0,0,LEGITIMATE
CUST_21318,1611.25,Davis-Chase,GROCERY,NG,DEBIT_CARD,3,161,0,0,1713,0,0,0,LEGITIMATE
CUST_15751,3610.33,Roberts-Garcia,HEALTHCARE,US,WALLET,3,944,0,0,1669,0,0,0,LEGITIMATE
CUST_82676,3330.44,Sampson Inc,FOOD,IN,NET_BANKING,2,628,0,0,1382,0,0,0,LEGITIMATE
CUST_30971,2618.52,"Peterson, Walker and Fields",ENTERTAINMENT,IN,DEBIT_CARD,3,570,0,0,328,0,0,0,LEGITIMATE
CUST_69190,1883.55,"Robinson, Jordan and Clark",ENTERTAINMENT,US,DEBIT_CARD,4,468,0,1,987,0,0,1,PAYMENT_METHOD_ABUSE
CUST_90706,1312.01,"Michael, Johnson and Obrien",GROCERY,IN,NET_BANKING,4,844,0,0,880,0,0,0,LEGITIMATE
CUST_74764,1356.69,Parker-Edwards,ENTERTAINMENT,CN,DEBIT_CARD,2,410,0,0,1220,0,0,0,LEGITIMATE
CUST_98129,47806.51,Young-Brown,HEALTHCARE,IN,UPI,3,289,0,0,1877,1,1,1,TRANSACTION_ANOMALY
CUST_93057,1114.09,"Williams, Joseph and Foster",OTHER,NG,UPI,3,269,0,0,2126,0,0,0,LEGITIMATE
CUST_81295,4763.08,Castillo Group,ENTERTAINMENT,GB,NET_BANKING,3,792,0,0,213,0,0,0,LEGITIMATE
CUST_76965,6686.42,Glenn Group,ECOMMERCE,NG,CREDIT_CARD,4,872,0,0,2446,0,0,0,LEGITIMATE
CUST_16492,4153.01,"Warren, Valdez and Garcia",EDUCATION,IN,UPI,2,705,0,0,2224,1,0,1,MERCHANT_ANOMALY
CUST_59259,24911.93,Andrade Group,GROCERY,US,CREDIT_CARD,14,3,1,1,1879,1,1,1,ACCOUNT_TAKEOVER
CUST_53978,3303.36,Long-Clark,ENTERTAINMENT,NG,DEBIT_CARD,1,966,0,0,1224,0,0,0,LEGITIMATE
CUST_58124,2502.96,Young Group,ECOMMERCE,CN,WALLET,1,988,0,1,919,0,0,1,PAYMENT_METHOD_ABUSE
CUST_75902,703.79,Williams and Sons,OTHER,GB,WALLET,3,286,0,0,196,0,0,0,LEGITIMATE
CUST_55616,14877.85,Carrillo Inc,TRAVEL,GB,UPI,10,1,1,1,567,1,1,1,ACCOUNT_TAKEOVER
CUST_22676,4324.01,"Owens, Morris and Fitzgerald",ECOMMERCE,NG,CREDIT_CARD,4,428,0,0,2105,0,0,0,LEGITIMATE
CUST_78229,789.17,"Jones, Parker and Lopez",EDUCATION,NG,NET_BANKING,1,423,0,0,1667,1,0,1,MERCHANT_ANOMALY
CUST_75290,11826.303644711405,"Johnson, Gordon and Harrison",EDUCATION,GB,DEBIT_CARD,5,6,0,1,1,1,1,1,SYNTHETIC_IDENTITY
CUST_33363,1504.65,Harding-Morris,ECOMMERCE,CN,NET_BANKING,4,585,0,1,1162,0,0,1,PAYMENT_METHOD_ABUSE
CUST_40502,7694.17,Myers Inc,EDUCATION,US,NET_BANKING,6,0,1,1,1403,1,1,1,ACCOUNT_TAKEOVER
CUST_93673,2243.47,"Zimmerman, Solomon and Duke",HEALTHCARE,GB,WALLET,3,524,0,0,711,0,0,0,LEGITIMATE
CUST_90119,3538.28,"Davis, Buchanan and Norton",ENTERTAINMENT,NG,UPI,3,97,0,0,2397,0,0,0,LEGITIMATE
CUST_88386,1117.62,"Kline, Mccoy and Arnold",ECOMMERCE,CN,DEBIT_CARD,2,838,0,0,2464,0,0,0,LEGITIMATE
CUST_79883,1789.61,Mcdonald Ltd,TRAVEL,IN,DEBIT_CARD,4,41,0,0,2440,0,0,0,LEGITIMATE
CUST_31548,22435.2,"Fisher, Harmon and Wilson",GROCERY,GB,UPI,14,2,1,1,838,1,1,1,MULTI_SIGNAL_ATTACK
CUST_74151,2706.23,Olson and Sons,FOOD,NG,CREDIT_CARD,4,971,0,0,1322,0,0,0,LEGITIMATE
CUST_90522,6882.39,Davis PLC,HEALTHCARE,NG,CREDIT_CARD,18,0,1,1,1857,1,1,1,MULTI_SIGNAL_ATTACK
CUST_35999,16998.63977113778,Meyers-Bowman,FOOD,IN,WALLET,5,8,0,1,3,1,1,1,SYNTHETIC_IDENTITY
CUST_40213,6786.0804183389655,"Lyons, King and Conrad",GROCERY,GB,DEBIT_CARD,20,714,0,0,1178,0,0,1,VELOCITY_ABUSE
CUST_81064,1916.55,Blake LLC,ENTERTAINMENT,CN,DEBIT_CARD,3,823,0,0,2350,0,0,0,LEGITIMATE
CUST_81904,4074.02,Wagner-Curtis,GROCERY,US,UPI,3,975,0,0,1218,0,0,0,LEGITIMATE
CUST_90837,4655.28,Fuentes and Sons,FOOD,NG,NET_BANKING,4,492,0,0,763,1,0,1,MERCHANT_ANOMALY
CUST_78253,56901.9,"Savage, Adams and Turner",FOOD,CN,UPI,2,803,0,0,1706,0,1,1,TRANSACTION_ANOMALY
CUST_36201,21740.92,"Berry, Obrien and Lucas",ECOMMERCE,GB,DEBIT_CARD,9,2,1,1,860,1,1,1,ACCOUNT_TAKEOVER
CUST_83666,3162.46,Cline Ltd,TRAVEL,IN,CREDIT_CARD,4,269,0,0,2367,0,0,0,LEGITIMATE
CUST_56731,1534.6,Taylor-Ross,TRAVEL,CN,CREDIT_CARD,4,866,1,0,2412,0,0,1,GEOGRAPHIC_ANOMALY
CUST_79570,5060.02,Mcconnell and Sons,EDUCATION,NG,CREDIT_CARD,3,181,0,0,698,0,0,0,LEGITIMATE
CUST_98472,557.07,Oconnor-Alexander,GROCERY,CN,CREDIT_CARD,2,322,0,0,2121,0,0,0,LEGITIMATE
CUST_65928,3179.13,"Johnson, Alexander and Archer",FOOD,US,DEBIT_CARD,2,288,0,0,1556,0,0,0,LEGITIMATE
CUST_48067,4950.09,Lopez Ltd,EDUCATION,CN,NET_BANKING,1,464,0,1,926,0,0,1,PAYMENT_METHOD_ABUSE
CUST_44130,448.45,"Johnson, Barnett and Shannon",EDUCATION,CN,NET_BANKING,1,480,0,0,1533,0,0,0,LEGITIMATE
CUST_16160,37397.64,Harris-Morris,OTHER,IN,UPI,2,960,0,0,304,1,1,1,TRANSACTION_ANOMALY
CUST_82827,5968.08,"Carr, Weber and Harris",OTHER,US,CREDIT_CARD,1,892,0,0,1074,0,0,0,LEGITIMATE
CUST_98641,604.85,"Hall, Li and Rangel",EDUCATION,GB,WALLET,4,892,0,0,2308,0,0,0,LEGITIMATE
CUST_81629,4366.89,Smith Group,OTHER,NG,UPI,1,398,0,0,361,0,0,0,LEGITIMATE
CUST_82070,1798.05,Soto PLC,EDUCATION,IN,DEBIT_CARD,3,88,0,0,2444,0,0,0,LEGITIMATE
CUST_75989,28727.715822451166,Singh and Sons,GROCERY,IN,UPI,10,1,0,1,1,1,1,1,SYNTHETIC_IDENTITY
CUST_84878,6268.38,Jennings PLC,EDUCATION,IN,UPI,1,859,0,0,1223,0,0,0,LEGITIMATE
CUST_17218,4350.84,Patterson-Stone,GROCERY,NG,WALLET,1,978,1,0,823,0,0,1,GEOGRAPHIC_ANOMALY
CUST_36903,5222.02,"Foster, Tran and Gordon",GROCERY,IN,DEBIT_CARD,3,207,0,0,2442,0,0,0,LEGITIMATE
CUST_38473,3760.35,Nelson-Harris,ECOMMERCE,NG,NET_BANKING,2,143,0,0,1958,0,0,0,LEGITIMATE
CUST_46052,1616.22,Myers Inc,FOOD,IN,DEBIT_CARD,3,934,0,0,1962,0,0,0,LEGITIMATE
CUST_63332,849.92,"Bush, Atkins and Morris",TRAVEL,NG,NET_BANKING,2,427,0,0,672,0,0,0,LEGITIMATE
CUST_27567,1246.67,"Martinez, Bennett and Lang",ECOMMERCE,IN,UPI,4,477,0,0,243,0,0,0,LEGITIMATE
CUST_40041,3899.79,Hill Group,EDUCATION,US,DEBIT_CARD,1,236,0,0,157,0,0,0,LEGITIMATE
CUST_25686,1888.94,Diaz and Sons,HEALTHCARE,CN,DEBIT_CARD,3,978,0,0,2438,0,0,0,LEGITIMATE
CUST_76135,36349.87,Jordan-Cole,FOOD,CN,NET_BANKING,4,567,0,0,794,1,1,1,TRANSACTION_ANOMALY
CUST_89670,1436.83,Hines Group,FOOD,CN,DEBIT_CARD,4,182,0,0,2162,0,0,0,LEGITIMATE
CUST_35911,2872.41,Bishop-Bautista,TRAVEL,IN,DEBIT_CARD,4,357,1,0,562,0,0,1,GEOGRAPHIC_ANOMALY
CUST_36663,3119.12,Perez-Harper,GROCERY,CN,UPI,3,57,0,0,2200,0,0,0,LEGITIMATE
CUST_53969,1246.3,Fisher-Warren,HEALTHCARE,CN,UPI,1,973,0,0,1247,0,0,0,LEGITIMATE
CUST_36405,21210.64596503239,Donovan and Sons,GROCERY,NG,NET_BANKING,4,7,0,1,9,1,1,1,SYNTHETIC_IDENTITY
CUST_82220,9521.74,"Dunn, Hunt and Chen",EDUCATION,GB,NET_BANKING,9,2,1,1,1910,1,1,1,ACCOUNT_TAKEOVER
CUST_75287,617.7,"Jackson, Steele and Chapman",OTHER,US,UPI,2,200,0,0,1184,0,0,0,LEGITIMATE
CUST_61968,583.93,Baker-Johnson,ECOMMERCE,GB,NET_BANKING,4,770,0,0,2387,0,0,0,LEGITIMATE
CUST_25781,1785.76,Nichols-Cooley,EDUCATION,US,WALLET,2,456,0,0,699,0,0,0,LEGITIMATE
CUST_88310,337.23,Newton-Stephens,GROCERY,IN,WALLET,3,765,0,0,694,0,0,0,LEGITIMATE
CUST_76970,532.24,"Wright, Stevenson and Campbell",ENTERTAINMENT,US,CREDIT_CARD,1,550,0,0,1560,0,0,0,LEGITIMATE
CUST_85479,3060.402380430529,"Ward, Gonzalez and Johnson",OTHER,US,CREDIT_CARD,25,108,0,0,1482,0,0,1,VELOCITY_ABUSE
CUST_85331,32162.56,Perez-Robertson,FOOD,CN,NET_BANKING,4,653,0,0,1635,1,1,1,TRANSACTION_ANOMALY
CUST_10823,4223.92,Chavez-Jones,ECOMMERCE,NG,CREDIT_CARD,3,825,0,0,1385,0,0,0,LEGITIMATE
CUST_73488,18806.280243221867,"Dickerson, Glover and Bates",GROCERY,IN,NET_BANKING,3,3,0,1,11,1,1,1,SYNTHETIC_IDENTITY
CUST_53266,3505.45,Vasquez-Mathis,OTHER,US,CREDIT_CARD,3,70,0,0,1749,0,0,0,LEGITIMATE
CUST_17628,5550.55,Price-Rojas,OTHER,IN,CREDIT_CARD,3,280,0,0,2484,0,0,0,LEGITIMATE
CUST_67781,2989.73,"Garcia, Holmes and Shelton",FOOD,CN,NET_BANKING,1,601,1,0,641,0,0,1,GEOGRAPHIC_ANOMALY
CUST_85686,3369.53,Nguyen-Nelson,ECOMMERCE,CN,CREDIT_CARD,3,785,1,0,1838,0,0,1,GEOGRAPHIC_ANOMALY
CUST_18399,2198.0,"Fox, Flores and Williams",ECOMMERCE,GB,DEBIT_CARD,2,562,0,0,1754,0,0,0,LEGITIMATE
CUST_80065,393.32,"Russo, Black and Espinoza",OTHER,CN,CREDIT_CARD,1,900,0,0,992,0,0,0,LEGITIMATE
CUST_82371,3347.82,"Robinson, Ward and Page",ENTERTAINMENT,CN,WALLET,4,777,0,0,2275,1,0,1,MERCHANT_ANOMALY
CUST_22581,22816.47,Green PLC,OTHER,GB,DEBIT_CARD,11,3,1,1,2436,1,1,1,MULTI_SIGNAL_ATTACK
CUST_82644,2508.1,Ayala-Bird,EDUCATION,IN,CREDIT_CARD,2,984,0,0,1062,1,1,1,TRANSACTION_ANOMALY
CUST_48312,2700.62,Gross-Cunningham,GROCERY,US,NET_BANKING,2,456,0,0,1675,0,0,0,LEGITIMATE
CUST_21127,762.94,James-Ferguson,FOOD,GB,CREDIT_CARD,2,641,0,0,2455,0,0,0,LEGITIMATE
CUST_62863,8636.35,Richards-Evans,GROCERY,GB,DEBIT_CARD,6,1,1,1,854,1,1,1,ACCOUNT_TAKEOVER
CUST_32250,2654.77,"Bell, Gonzales and Sexton",FOOD,GB,NET_BANKING,2,383,0,0,1794,0,0,0,LEGITIMATE
CUST_71371,3458.33,"Brooks, Medina and Khan",EDUCATION,US,DEBIT_CARD,2,257,0,0,2205,0,0,0,LEGITIMATE
CUST_12274,1064.81,"Chase, Hart and Wagner",TRAVEL,US,UPI,1,680,0,0,1362,0,0,0,LEGITIMATE
CUST_21621,2565.74,Morgan PLC,TRAVEL,IN,DEBIT_CARD,1,986,0,0,2239,0,0,0,LEGITIMATE
CUST_20021,1254.79,Austin-Frank,FOOD,US,DEBIT_CARD,4,388,0,0,610,0,0,0,LEGITIMATE
CUST_26730,2176.04,Baxter Inc,FOOD,IN,CREDIT_CARD,3,212,0,0,419,0,0,0,LEGITIMATE
CUST_16173,3875.6,"Smith, Wheeler and Weber",GROCERY,IN,WALLET,4,149,0,0,1455,0,0,0,LEGITIMATE
CUST_52147,515.16,Ford-Collins,HEALTHCARE,US,CREDIT_CARD,3,53,1,0,2096,0,0,1,GEOGRAPHIC_ANOMALY
CUST_31697,1093.41,Robinson LLC,GROCERY,GB,CREDIT_CARD,4,826,0,0,691,0,0,0,LEGITIMATE
CUST_53450,1924.21,"Lee, Morales and Dawson",TRAVEL,NG,NET_BANKING,1,633,0,0,275,0,0,0,LEGITIMATE
CUST_73572,5087.07,"Hudson, Taylor and Rogers",GROCERY,NG,NET_BANKING,2,534,0,0,1038,0,0,0,LEGITIMATE
CUST_24086,2191.28,Brown Group,GROCERY,IN,UPI,3,420,0,0,2488,0,0,0,LEGITIMATE
CUST_80526,3896.55,Salinas-Nguyen,OTHER,IN,UPI,3,598,0,0,2084,0,0,0,LEGITIMATE
CUST_39802,5223.49,Jarvis Inc,ECOMMERCE,NG,UPI,2,508,0,0,1241,0,0,0,LEGITIMATE
CUST_53999,7564.02,"Reyes, Nelson and Jimenez",TRAVEL,CN,UPI,1,392,0,0,963,0,0,0,LEGITIMATE
CUST_34012,20826.81,Simon-Ruiz,ENTERTAINMENT,CN,NET_BANKING,20,1,1,1,970,1,1,1,MULTI_SIGNAL_ATTACK
CUST_45407,2053.6,Fischer Ltd,HEALTHCARE,GB,WALLET,3,388,0,0,173,0,0,0,LEGITIMATE
CUST_69009,1885.46,Benson Inc,OTHER,IN,CREDIT_CARD,4,466,0,0,1976,0,0,0,LEGITIMATE
CUST_66807,17427.93,Jones Inc,FOOD,IN,CREDIT_CARD,8,0,1,1,569,1,1,1,ACCOUNT_TAKEOVER
CUST_71966,1179.48,Wood-Mcdaniel,ECOMMERCE,GB,WALLET,1,359,0,0,876,0,0,0,LEGITIMATE
CUST_91604,26872.023691085335,Rodriguez-Hanson,GROCERY,NG,CREDIT_CARD,8,3,0,1,30,1,1,1,SYNTHETIC_IDENTITY
CUST_44159,5384.7,"Cooper, Simpson and Elliott",HEALTHCARE,GB,CREDIT_CARD,1,294,0,0,1940,0,0,0,LEGITIMATE
CUST_49209,2253.63,Collins and Sons,ENTERTAINMENT,US,UPI,4,438,0,0,1282,0,0,0,LEGITIMATE
CUST_32878,8861.683322282555,Daniels PLC,HEALTHCARE,US,CREDIT_CARD,27,761,0,0,1726,0,0,1,VELOCITY_ABUSE
CUST_40568,1463.04,"Evans, Booker and Brooks",ENTERTAINMENT,GB,CREDIT_CARD,2,617,0,0,802,0,0,0,LEGITIMATE
CUST_90897,6085.6,Stephens-Hayes,OTHER,CN,NET_BANKING,2,408,0,0,682,0,0,0,LEGITIMATE
CUST_79912,381.32,"Nelson, Bond and Brewer",EDUCATION,IN,CREDIT_CARD,1,278,0,0,1715,0,0,0,LEGITIMATE
CUST_98236,5910.6,Terry and Sons,OTHER,NG,CREDIT_CARD,4,711,0,0,2047,0,0,0,LEGITIMATE
CUST_78744,39000.6,Martin-Barajas,ENTERTAINMENT,US,CREDIT_CARD,4,513,0,0,2401,1,1,1,TRANSACTION_ANOMALY
CUST_16375,5035.95,Watson PLC,GROCERY,NG,NET_BANKING,1,629,0,0,242,0,0,0,LEGITIMATE
CUST_45636,13803.27,"Walsh, Jones and Smith",EDUCATION,US,CREDIT_CARD,10,2,1,1,1702,1,1,1,ACCOUNT_TAKEOVER
CUST_30503,3028.86,"Welch, Morton and Malone",OTHER,NG,DEBIT_CARD,1,482,0,0,2100,0,0,0,LEGITIMATE
CUST_96368,15090.307987976033,"Ballard, Stout and Harrison",TRAVEL,GB,DEBIT_CARD,10,9,0,1,16,1,1,1,SYNTHETIC_IDENTITY
CUST_92982,3401.74,"Stewart, Hampton and Hardin",GROCERY,US,WALLET,2,859,0,0,1833,0,0,0,LEGITIMATE
CUST_35518,4488.13,"Fitzpatrick, Ramirez and Bridges",TRAVEL,CN,UPI,13,0,1,1,259,1,1,1,MULTI_SIGNAL_ATTACK
CUST_42564,520.3,Barnes Ltd,ENTERTAINMENT,GB,NET_BANKING,4,396,0,0,1872,0,0,0,LEGITIMATE
CUST_16786,40168.43,Gonzalez Inc,FOOD,US,UPI,21,1,1,1,923,1,1,1,MULTI_SIGNAL_ATTACK
CUST_17238,4251.17,Hickman-Conner,OTHER,US,DEBIT_CARD,1,962,0,0,365,1,0,1,MERCHANT_ANOMALY
CUST_28780,33110.57,"Griffith, Miller and Riley",GROCERY,NG,NET_BANKING,11,3,1,1,1686,1,1,1,MULTI_SIGNAL_ATTACK
CUST_76264,17112.4,"Woods, Nelson and Gonzalez",OTHER,GB,DEBIT_CARD,16,3,1,1,1804,1,1,1,MULTI_SIGNAL_ATTACK
CUST_29399,3327.18,Hall-Pearson,HEALTHCARE,US,CREDIT_CARD,22,2,1,1,892,1,1,1,MULTI_SIGNAL_ATTACK
CUST_91105,1737.76,Brown-Jennings,ECOMMERCE,NG,NET_BANKING,4,399,0,0,270,0,0,0,LEGITIMATE
CUST_76466,28388.43,Williams Ltd,ECOMMERCE,CN,NET_BANKING,22,0,1,1,2107,1,1,1,MULTI_SIGNAL_ATTACK
CUST_44815,3913.27,Padilla-Lee,FOOD,US,NET_BANKING,4,302,0,0,2379,0,0,0,LEGITIMATE
CUST_17641,1547.2,Charles-Sanders,ENTERTAINMENT,US,UPI,2,937,0,0,2270,0,0,0,LEGITIMATE
CUST_77825,1810.92,Clark-Brown,HEALTHCARE,GB,WALLET,4,493,0,0,2167,0,0,0,LEGITIMATE
CUST_24189,3865.92,"Munoz, Lee and Skinner",EDUCATION,GB,NET_BANKING,4,625,0,0,2030,0,0,0,LEGITIMATE
CUST_10131,2210.95,Cross-Griffith,FOOD,NG,WALLET,2,92,0,0,827,0,0,0,LEGITIMATE
CUST_11250,3649.16,Bell Inc,EDUCATION,US,UPI,1,138,0,0,1945,0,0,0,LEGITIMATE
CUST_26059,2976.57,Henderson-Ward,TRAVEL,CN,WALLET,2,298,0,0,571,0,0,0,LEGITIMATE
CUST_84985,4119.14,Parrish PLC,FOOD,CN,WALLET,4,515,0,0,1852,0,0,0,LEGITIMATE
CUST_94358,548.58,Patterson-Benjamin,FOOD,CN,DEBIT_CARD,4,164,1,0,1592,0,0,1,GEOGRAPHIC_ANOMALY
CUST_35862,4829.46,"Warren, Wall and May",OTHER,IN,NET_BANKING,4,373,0,0,354,1,1,1,TRANSACTION_ANOMALY
CUST_25327,3238.31,Anderson-Bailey,ENTERTAINMENT,CN,UPI,4,395,0,1,68,0,0,1,PAYMENT_METHOD_ABUSE
CUST_81006,11984.82,Wolfe Ltd,ENTERTAINMENT,NG,DEBIT_CARD,9,3,1,1,1054,1,1,1,ACCOUNT_TAKEOVER
CUST_35371,2517.06,Reynolds Inc,HEALTHCARE,GB,NET_BANKING,1,749,0,0,1767,0,0,0,LEGITIMATE
CUST_31207,4098.47,Hardy Ltd,OTHER,NG,NET_BANKING,3,390,0,0,1256,0,0,0,LEGITIMATE
CUST_72153,6660.0,Elliott Inc,ECOMMERCE,IN,CREDIT_CARD,2,626,0,0,587,0,0,0,LEGITIMATE
CUST_59610,2741.73,Montgomery-Bailey,GROCERY,US,DEBIT_CARD,4,473,0,0,2182,0,0,0,LEGITIMATE
CUST_73666,4547.16,Crosby-Lewis,GROCERY,US,NET_BANKING,1,250,0,0,752,0,0,0,LEGITIMATE
CUST_57965,1795.2,"Hayes, Robinson and Johnson",ECOMMERCE,GB,NET_BANKING,3,868,1,0,143,0,0,1,GEOGRAPHIC_ANOMALY
CUST_74825,2172.09,"Hoffman, Taylor and Lowe",EDUCATION,US,NET_BANKING,2,203,0,0,2325,0,0,0,LEGITIMATE
CUST_47995,3737.09,"Banks, Fernandez and Walsh",FOOD,CN,UPI,3,307,0,1,1388,0,0,1,PAYMENT_METHOD_ABUSE
CUST_72340,16497.59025856878,Foster-Snow,OTHER,CN,CREDIT_CARD,9,9,0,1,16,1,1,1,SYNTHETIC_IDENTITY
CUST_87332,3267.66,Martinez-Williams,ENTERTAINMENT,GB,DEBIT_CARD,4,248,0,0,1204,0,0,0,LEGITIMATE
CUST_32753,1066.61,Roth-Trevino,GROCERY,CN,CREDIT_CARD,3,359,0,0,1144,0,0,0,LEGITIMATE
CUST_45537,469.49,Reeves-Rhodes,TRAVEL,IN,CREDIT_CARD,1,422,0,0,1952,0,0,0,LEGITIMATE
CUST_82820,4055.96,Oneill Ltd,GROCERY,NG,NET_BANKING,2,281,0,0,204,0,0,0,LEGITIMATE
CUST_91090,1460.769874858364,"Hogan, Martinez and Smith",OTHER,CN,NET_BANKING,28,160,0,0,2488,0,0,1,VELOCITY_ABUSE
CUST_72969,2305.86,"Dillon, Dennis and Sanders",GROCERY,NG,UPI,1,627,0,0,1424,0,0,0,LEGITIMATE
CUST_94902,2001.39,"Vazquez, Schroeder and Shelton",TRAVEL,NG,UPI,1,98,0,0,1299,0,0,0,LEGITIMATE
CUST_79335,2279.37,Wilson-Arias,ECOMMERCE,IN,UPI,1,462,0,0,2167,0,0,0,LEGITIMATE
CUST_24034,2842.19,"Thompson, Jensen and Cole",ECOMMERCE,NG,WALLET,1,60,0,0,1760,0,0,0,LEGITIMATE
CUST_61946,916.61,Moore Inc,GROCERY,CN,NET_BANKING,1,604,0,0,1034,0,0,0,LEGITIMATE
CUST_26739,1092.23,Diaz-Jones,FOOD,CN,NET_BANKING,3,429,0,0,590,0,0,0,LEGITIMATE
CUST_47443,7198.89,"Moore, Thompson and Dominguez",GROCERY,CN,CREDIT_CARD,10,0,1,1,2108,1,1,1,ACCOUNT_TAKEOVER
CUST_48390,1337.93,Walsh LLC,HEALTHCARE,US,NET_BANKING,2,513,0,0,2455,0,0,0,LEGITIMATE
CUST_73635,13118.92,Williams-Lee,ECOMMERCE,IN,DEBIT_CARD,4,641,0,0,127,1,1,1,TRANSACTION_ANOMALY
CUST_86838,3440.25,Hernandez Inc,FOOD,NG,DEBIT_CARD,1,781,0,0,719,0,0,0,LEGITIMATE
CUST_20529,601.13,Howard and Sons,ENTERTAINMENT,CN,CREDIT_CARD,2,801,0,0,2296,0,0,0,LEGITIMATE
CUST_28794,1270.3,"Howe, Knight and Perry",ENTERTAINMENT,US,DEBIT_CARD,4,423,0,0,1613,0,0,0,LEGITIMATE
CUST_15436,3282.29,Gardner and Sons,EDUCATION,GB,NET_BANKING,3,956,0,0,902,0,0,0,LEGITIMATE
CUST_29073,694.95,Jones-Hernandez,TRAVEL,CN,DEBIT_CARD,4,182,0,0,1200,0,0,0,LEGITIMATE
CUST_75736,6205.92,Smith Ltd,ECOMMERCE,US,UPI,4,75,0,0,1043,0,0,0,LEGITIMATE
CUST_99958,4832.07,Clark Ltd,TRAVEL,US,DEBIT_CARD,1,540,0,0,918,0,0,0,LEGITIMATE
CUST_95253,21918.25,Brown Inc,ECOMMERCE,IN,UPI,12,0,1,1,1479,1,1,1,MULTI_SIGNAL_ATTACK
CUST_96445,13078.51,Cook-Johnson,FOOD,US,DEBIT_CARD,12,1,1,1,612,1,1,1,MULTI_SIGNAL_ATTACK
CUST_91210,2666.29,Henderson LLC,OTHER,NG,UPI,1,871,0,0,932,0,0,0,LEGITIMATE
CUST_89447,2576.28,Cook LLC,ECOMMERCE,NG,NET_BANKING,1,312,0,0,751,0,0,0,LEGITIMATE
CUST_55813,1241.04,Garcia-Bailey,ENTERTAINMENT,GB,UPI,4,973,0,0,1437,0,0,0,LEGITIMATE
CUST_39162,542.65,Kaufman and Sons,EDUCATION,GB,WALLET,2,850,1,0,2033,0,0,1,GEOGRAPHIC_ANOMALY
CUST_36582,2184.25,"Huber, Tate and Dixon",GROCERY,GB,NET_BANKING,2,534,0,0,2017,1,0,1,MERCHANT_ANOMALY
CUST_40390,26220.449974910043,"Yu, Gomez and Chapman",EDUCATION,US,UPI,8,6,0,1,5,1,1,1,SYNTHETIC_IDENTITY
CUST_90659,254.52,"Richmond, Fowler and Smith",HEALTHCARE,CN,NET_BANKING,4,125,0,0,1579,0,0,0,LEGITIMATE
CUST_57407,3921.39,"Wagner, Sanders and Hoffman",ECOMMERCE,NG,DEBIT_CARD,3,434,0,0,385,0,0,0,LEGITIMATE
CUST_31875,7588.88,Rice Inc,GROCERY,US,CREDIT_CARD,9,0,1,1,1553,1,1,1,ACCOUNT_TAKEOVER
CUST_20228,926.63,"George, Lane and Douglas",ECOMMERCE,NG,DEBIT_CARD,8,1,1,1,984,1,1,1,ACCOUNT_TAKEOVER
CUST_26527,7625.474192692519,"Thompson, Browning and Nguyen",EDUCATION,IN,WALLET,10,461,0,0,1791,0,0,1,VELOCITY_ABUSE
CUST_12161,4913.67,"Ingram, Vaughan and Williamson",EDUCATION,GB,CREDIT_CARD,4,350,0,1,1722,0,0,1,PAYMENT_METHOD_ABUSE
CUST_85519,3940.91,"Williamson, Wheeler and Brown",HEALTHCARE,NG,WALLET,1,161,0,0,722,0,0,0,LEGITIMATE
CUST_91043,5281.21,Chase Ltd,ECOMMERCE,GB,WALLET,2,179,0,0,2182,0,0,0,LEGITIMATE
CUST_68100,4089.89,Daugherty-Lawrence,TRAVEL,US,WALLET,4,225,0,0,1541,0,0,0,LEGITIMATE
CUST_96560,5015.63,Downs Ltd,OTHER,IN,DEBIT_CARD,4,886,0,0,544,1,0,1,MERCHANT_ANOMALY
CUST_35845,3112.96,Jones Group,ECOMMERCE,US,WALLET,1,875,0,0,855,0,0,0,LEGITIMATE
CUST_22810,13404.358833451437,Garcia-Gilbert,ENTERTAINMENT,CN,NET_BANKING,8,9,0,1,24,1,1,1,SYNTHETIC_IDENTITY
CUST_29299,3137.56,Pierce-Jones,EDUCATION,NG,UPI,2,472,0,0,815,0,0,0,LEGITIMATE
CUST_86637,1386.18,Miller-Gallagher,GROCERY,IN,CREDIT_CARD,2,194,0,0,106,0,0,0,LEGITIMATE
CUST_64552,5685.69,"Scott, Schaefer and Williams",ENTERTAINMENT,IN,DEBIT_CARD,3,664,0,0,194,0,0,0,LEGITIMATE
CUST_70229,1617.56,"Peterson, Byrd and Aguilar",GROCERY,IN,UPI,2,133,0,0,1034,0,0,0,LEGITIMATE
CUST_31099,3241.34,Guzman-Clark,ENTERTAINMENT,GB,CREDIT_CARD,2,273,0,1,63,0,0,1,PAYMENT_METHOD_ABUSE
CUST_66539,2509.89,Downs Ltd,GROCERY,IN,WALLET,2,759,0,0,166,0,0,0,LEGITIMATE
CUST_79682,496.54,Smith Ltd,TRAVEL,IN,DEBIT_CARD,1,35,0,1,732,0,0,1,PAYMENT_METHOD_ABUSE
CUST_88578,1358.67,Clark-Perkins,ENTERTAINMENT,NG,WALLET,2,746,0,0,2037,0,0,0,LEGITIMATE
CUST_14401,5204.87,Davis-Macias,OTHER,CN,NET_BANKING,2,135,0,0,2412,0,0,0,LEGITIMATE
CUST_14345,1058.31,Mckenzie-Conley,ENTERTAINMENT,NG,UPI,3,172,0,0,236,0,0,0,LEGITIMATE
CUST_27624,1163.03,"Bruce, Schmidt and Mcdaniel",HEALTHCARE,CN,DEBIT_CARD,4,824,0,0,909,0,0,0,LEGITIMATE
CUST_33415,2730.05,"Mcknight, Duncan and Roberts",OTHER,IN,NET_BANKING,2,826,0,0,1447,0,0,0,LEGITIMATE
CUST_70075,16803.18,Price and Sons,ENTERTAINMENT,CN,UPI,21,1,1,1,1555,1,1,1,MULTI_SIGNAL_ATTACK
CUST_19635,18816.36,Wilkins-Salinas,EDUCATION,GB,WALLET,12,1,1,1,1661,1,1,1,ACCOUNT_TAKEOVER
CUST_29922,1211.39,"White, Brown and Eaton",HEALTHCARE,CN,WALLET,2,644,0,0,1324,0,0,0,LEGITIMATE
CUST_25590,2987.66,"Crawford, Bennett and Kelly",FOOD,IN,DEBIT_CARD,1,36,0,0,1848,0,0,0,LEGITIMATE
CUST_28821,1512.52,Meza and Sons,OTHER,GB,WALLET,2,984,0,0,2360,0,0,0,LEGITIMATE
CUST_40418,8941.98,Diaz-Dawson,ENTERTAINMENT,NG,DEBIT_CARD,2,702,0,0,1409,1,1,1,TRANSACTION_ANOMALY
CUST_27187,460.58,Christensen Inc,ENTERTAINMENT,CN,CREDIT_CARD,3,849,0,0,620,0,0,0,LEGITIMATE
CUST_28496,6913.35,Gutierrez-Clark,HEALTHCARE,IN,CREDIT_CARD,4,492,0,1,817,0,0,1,PAYMENT_METHOD_ABUSE
CUST_62931,2594.17,Parker-Lloyd,HEALTHCARE,US,CREDIT_CARD,2,157,0,0,472,0,0,0,LEGITIMATE
CUST_13674,3550.18,"Dalton, Riley and Collins",ECOMMERCE,GB,WALLET,2,744,0,0,2247,0,0,0,LEGITIMATE
CUST_84331,3282.45,Kent Ltd,FOOD,US,NET_BANKING,4,999,0,0,139,0,0,0,LEGITIMATE
CUST_77775,25326.05751490608,"Parker, Cohen and Gonzalez",EDUCATION,US,NET_BANKING,4,2,0,1,15,1,1,1,SYNTHETIC_IDENTITY
CUST_46743,2185.11,Aguilar Group,HEALTHCARE,CN,WALLET,4,607,0,0,2043,0,0,0,LEGITIMATE
CUST_30657,2979.2,"Olson, Fisher and Wiggins",GROCERY,GB,DEBIT_CARD,4,745,0,0,1803,0,0,0,LEGITIMATE
CUST_48983,1224.81,"Mitchell, Walsh and Adams",ENTERTAINMENT,NG,DEBIT_CARD,3,509,0,1,1711,0,0,1,PAYMENT_METHOD_ABUSE
CUST_48592,367.41,"Thompson, Hughes and Griffith",TRAVEL,CN,CREDIT_CARD,4,553,0,0,1237,0,0,0,LEGITIMATE
CUST_42395,19510.37,Contreras Group,FOOD,NG,DEBIT_CARD,10,1,1,1,1512,1,1,1,ACCOUNT_TAKEOVER
CUST_51034,4834.91,"Abbott, Green and Stevens",OTHER,IN,WALLET,4,167,0,1,678,0,0,1,PAYMENT_METHOD_ABUSE
CUST_69579,4915.61,"Smith, Larson and Tran",ECOMMERCE,NG,CREDIT_CARD,1,226,0,0,2374,0,0,0,LEGITIMATE
CUST_15047,3387.29,Harmon and Sons,ECOMMERCE,US,CREDIT_CARD,1,769,0,0,1129,0,0,0,LEGITIMATE
CUST_13662,4374.41,Gordon-Phillips,FOOD,US,UPI,3,93,0,0,407,0,0,0,LEGITIMATE
CUST_84714,6885.02,"Nunez, Martinez and Frost",HEALTHCARE,GB,CREDIT_CARD,2,527,0,0,1417,0,0,0,LEGITIMATE
CUST_26088,1496.8,Morgan LLC,GROCERY,IN,NET_BANKING,3,321,0,0,2312,0,0,0,LEGITIMATE
CUST_46136,3155.76,Quinn-Brown,EDUCATION,IN,DEBIT_CARD,3,752,0,1,2255,0,0,1,PAYMENT_METHOD_ABUSE
CUST_93411,2128.25,Noble-Frank,HEALTHCARE,CN,CREDIT_CARD,4,356,0,0,164,0,0,0,LEGITIMATE
CUST_42777,1629.39,Moore PLC,OTHER,IN,CREDIT_CARD,1,834,1,0,1981,0,0,1,GEOGRAPHIC_ANOMALY
CUST_57621,31737.21,"Walker, Miller and Case",OTHER,IN,NET_BANKING,14,2,1,1,621,1,1,1,ACCOUNT_TAKEOVER
CUST_45532,1646.79,Smith-Faulkner,EDUCATION,IN,WALLET,4,438,0,0,1446,0,0,0,LEGITIMATE
CUST_41482,579.67,Reyes-Mclaughlin,FOOD,NG,DEBIT_CARD,3,998,0,0,877,0,0,0,LEGITIMATE
CUST_94581,3238.99,Fischer Inc,EDUCATION,US,CREDIT_CARD,2,535,0,0,822,0,0,0,LEGITIMATE
CUST_64117,484.83,Miller PLC,GROCERY,US,NET_BANKING,2,951,0,0,259,0,0,0,LEGITIMATE
CUST_61852,3153.78,Douglas-King,GROCERY,IN,DEBIT_CARD,9,3,1,1,1747,1,1,1,ACCOUNT_TAKEOVER
CUST_94409,1505.33,"Lee, Delgado and Wang",GROCERY,GB,UPI,1,627,1,0,1797,0,0,1,GEOGRAPHIC_ANOMALY
CUST_45877,418.75,Hansen-Rivers,FOOD,NG,NET_BANKING,2,839,0,0,1128,0,0,0,LEGITIMATE
CUST_83324,2884.07,Hudson Inc,TRAVEL,NG,NET_BANKING,3,374,0,0,1826,0,0,0,LEGITIMATE
CUST_53666,22358.8,Bennett-Wilson,FOOD,IN,WALLET,8,3,1,1,1854,1,1,1,ACCOUNT_TAKEOVER
CUST_40531,6716.01,Reed Inc,FOOD,IN,NET_BANKING,4,609,0,0,1118,0,0,0,LEGITIMATE
CUST_38603,2001.63,Ray-Gonzalez,ECOMMERCE,US,DEBIT_CARD,2,576,0,0,535,0,0,0,LEGITIMATE
CUST_14070,3700.9,Martin Ltd,ECOMMERCE,US,DEBIT_CARD,3,303,0,0,1130,0,0,0,LEGITIMATE
CUST_59085,3450.67,Schultz LLC,EDUCATION,IN,UPI,1,839,0,0,2121,0,0,0,LEGITIMATE
CUST_53031,923.38,Brown-Vazquez,EDUCATION,NG,NET_BANKING,1,400,0,1,677,0,0,1,PAYMENT_METHOD_ABUSE
CUST_49539,4069.22,Hughes-Lara,ENTERTAINMENT,IN,WALLET,7,2,1,1,104,1,1,1,ACCOUNT_TAKEOVER
CUST_67625,4491.63,Washington-Sheppard,GROCERY,CN,DEBIT_CARD,2,181,0,0,284,0,0,0,LEGITIMATE
CUST_44805,1430.19,"Roberts, May and Atkinson",OTHER,NG,CREDIT_CARD,4,529,0,0,2282,0,0,0,LEGITIMATE
CUST_55794,18368.371427893617,"Harvey, Miller and Cannon",OTHER,GB,WALLET,10,6,0,1,22,1,1,1,SYNTHETIC_IDENTITY
CUST_49771,2582.74,Richardson-Hopkins,ENTERTAINMENT,IN,WALLET,4,379,0,0,1852,0,0,0,LEGITIMATE
CUST_62213,1889.35,Arias PLC,ENTERTAINMENT,US,NET_BANKING,3,95,0,0,314,0,0,0,LEGITIMATE
CUST_28443,2605.8,Evans Inc,EDUCATION,IN,DEBIT_CARD,2,421,0,0,1552,0,0,0,LEGITIMATE
CUST_24316,5082.57,Bennett-Wilson,TRAVEL,US,NET_BANKING,4,323,0,1,1155,0,0,1,PAYMENT_METHOD_ABUSE
CUST_78349,5754.66,"Lopez, Thomas and Patton",ECOMMERCE,IN,NET_BANKING,3,951,0,0,1438,0,0,0,LEGITIMATE
CUST_80729,729.7,Bell Group,ENTERTAINMENT,GB,NET_BANKING,1,868,0,0,119,0,0,0,LEGITIMATE
CUST_15579,765.11,"Singh, Watson and Cox",TRAVEL,CN,WALLET,1,138,0,0,579,0,0,0,LEGITIMATE
CUST_27556,6515.692696048134,Patton LLC,GROCERY,US,UPI,22,99,0,0,477,0,0,1,VELOCITY_ABUSE
CUST_32072,5831.76,Smith-Lewis,FOOD,US,DEBIT_CARD,3,464,0,0,1566,0,0,0,LEGITIMATE
CUST_13602,1156.63,"Jefferson, Cox and Taylor",FOOD,NG,WALLET,2,141,0,0,1939,0,0,0,LEGITIMATE
CUST_87272,28244.708813731657,Barry-White,ECOMMERCE,NG,CREDIT_CARD,4,5,0,1,10,1,1,1,SYNTHETIC_IDENTITY
CUST_50737,1922.44,Carpenter-Pacheco,OTHER,NG,CREDIT_CARD,2,110,0,0,2008,0,0,0,LEGITIMATE
CUST_32798,5564.73,Young Inc,GROCERY,CN,UPI,3,280,0,0,100,0,0,0,LEGITIMATE
CUST_31879,34981.09,"Underwood, Bauer and Copeland",HEALTHCARE,CN,CREDIT_CARD,8,0,1,1,2136,1,1,1,MULTI_SIGNAL_ATTACK
CUST_84960,4505.04,Richards LLC,OTHER,GB,NET_BANKING,2,34,0,0,358,0,0,0,LEGITIMATE
CUST_10800,2781.33,Edwards-Martinez,GROCERY,US,UPI,1,933,0,1,2425,0,0,1,PAYMENT_METHOD_ABUSE
CUST_29368,709.24,"Reed, Walker and Kane",ENTERTAINMENT,US,CREDIT_CARD,1,119,0,0,2367,0,0,0,LEGITIMATE
CUST_64456,22145.66,Paul-Mcgrath,OTHER,US,DEBIT_CARD,12,3,1,1,2244,1,1,1,MULTI_SIGNAL_ATTACK
CUST_82948,3032.54,Wilson-Mcknight,FOOD,CN,UPI,4,400,0,0,105,1,0,1,MERCHANT_ANOMALY
CUST_46642,3829.11,Gonzalez-Rice,TRAVEL,IN,NET_BANKING,4,100,0,0,124,0,0,0,LEGITIMATE
CUST_69585,1311.74,Mills-Olson,OTHER,CN,UPI,3,295,0,0,582,0,0,0,LEGITIMATE
CUST_37530,2195.48,Robertson Inc,FOOD,CN,CREDIT_CARD,1,934,0,0,413,0,0,0,LEGITIMATE
CUST_46570,7812.41,"Cruz, Hernandez and Montoya",HEALTHCARE,CN,WALLET,14,1,1,1,735,1,1,1,ACCOUNT_TAKEOVER
CUST_30548,3243.86,Morales LLC,EDUCATION,GB,WALLET,1,447,0,0,2413,0,0,0,LEGITIMATE
CUST_63884,579.15,Hall Ltd,HEALTHCARE,IN,NET_BANKING,1,897,0,0,540,0,0,0,LEGITIMATE
CUST_85174,1381.32,"Garcia, Aguilar and Anderson",TRAVEL,IN,DEBIT_CARD,4,441,0,0,672,1,0,1,MERCHANT_ANOMALY
CUST_97614,2165.92,Ross Ltd,HEALTHCARE,IN,UPI,2,301,0,0,1968,0,0,0,LEGITIMATE
CUST_19068,549.13,Roberson LLC,EDUCATION,NG,UPI,4,724,0,0,970,0,0,0,LEGITIMATE
CUST_96397,6318.320878546338,"Chambers, Jordan and Cooper",TRAVEL,CN,NET_BANKING,21,437,0,0,972,0,0,1,VELOCITY_ABUSE
CUST_38709,19866.553427726096,Lewis-Bailey,TRAVEL,US,UPI,9,1,0,1,6,1,1,1,SYNTHETIC_IDENTITY
CUST_38574,19802.73,"Jones, Robinson and Wu",GROCERY,US,DEBIT_CARD,13,0,1,1,371,1,1,1,MULTI_SIGNAL_ATTACK
CUST_99856,1783.65,"Savage, Preston and Taylor",ECOMMERCE,GB,WALLET,4,261,0,0,1069,0,0,0,LEGITIMATE
CUST_78380,2618.23,Hernandez-Carter,ECOMMERCE,GB,WALLET,1,664,0,1,1269,0,0,1,PAYMENT_METHOD_ABUSE
CUST_32674,4714.96,"Mcclain, Carey and Long",GROCERY,IN,DEBIT_CARD,2,506,0,0,817,0,0,0,LEGITIMATE
CUST_99394,352.46,"White, White and Ruiz",GROCERY,CN,WALLET,1,993,0,0,1439,0,0,0,LEGITIMATE
CUST_69689,3381.77,Kennedy-Hall,ECOMMERCE,NG,DEBIT_CARD,4,95,0,0,2057,0,0,0,LEGITIMATE
CUST_48097,5424.02,Johnson and Sons,ENTERTAINMENT,CN,UPI,2,98,0,0,1270,0,0,0,LEGITIMATE
CUST_18074,3608.64,"Miranda, Quinn and Gibson",EDUCATION,US,NET_BANKING,4,347,0,0,209,0,0,0,LEGITIMATE
CUST_33942,2119.4,"Frazier, Blake and Martinez",OTHER,GB,CREDIT_CARD,1,210,0,0,1973,0,0,0,LEGITIMATE
CUST_58877,2424.51,White and Sons,FOOD,CN,NET_BANKING,4,611,1,0,1462,0,0,1,GEOGRAPHIC_ANOMALY
CUST_69174,1728.13,Morrow-Evans,FOOD,IN,UPI,4,568,0,0,1060,0,0,0,LEGITIMATE
CUST_47034,1481.17,Kirk PLC,OTHER,US,DEBIT_CARD,2,922,0,0,2396,0,0,0,LEGITIMATE
CUST_79434,1758.56,"Brandt, Newman and Nicholson",ENTERTAINMENT,US,CREDIT_CARD,1,563,0,0,805,0,0,0,LEGITIMATE
CUST_86512,1249.95,Chen-Gamble,TRAVEL,US,WALLET,1,794,0,0,329,0,0,0,LEGITIMATE
CUST_51020,5033.63,"Gomez, Ross and Smith",GROCERY,GB,DEBIT_CARD,3,148,1,0,178,0,0,1,GEOGRAPHIC_ANOMALY
CUST_98181,1481.69,Tran Ltd,GROCERY,IN,WALLET,4,875,0,0,2444,0,0,0,LEGITIMATE
CUST_44107,1307.67,"Roberts, Williams and Lane",TRAVEL,NG,WALLET,3,867,0,0,429,0,0,0,LEGITIMATE
CUST_22696,23324.39678296564,Morris-Phillips,ECOMMERCE,IN,UPI,10,10,0,1,3,1,1,1,SYNTHETIC_IDENTITY
CUST_83046,3740.8,Lee Group,EDUCATION,CN,DEBIT_CARD,4,481,0,0,1885,0,0,0,LEGITIMATE
CUST_89534,4391.64,Lyons Inc,TRAVEL,IN,DEBIT_CARD,4,893,0,0,885,1,1,1,TRANSACTION_ANOMALY
CUST_73407,34321.34,Wright Group,ECOMMERCE,IN,WALLET,4,327,0,0,144,1,1,1,TRANSACTION_ANOMALY
CUST_49458,3364.42,Johnson-Sosa,EDUCATION,CN,DEBIT_CARD,4,227,0,0,1528,0,0,0,LEGITIMATE
CUST_22731,1080.46,Torres-Simmons,ECOMMERCE,IN,UPI,3,605,0,0,387,0,0,0,LEGITIMATE
CUST_60151,7427.6490698971365,Stokes Inc,FOOD,GB,UPI,9,1,0,1,7,1,1,1,SYNTHETIC_IDENTITY
CUST_36596,28249.84,Weeks and Sons,TRAVEL,CN,DEBIT_CARD,5,2,1,1,1750,1,1,1,ACCOUNT_TAKEOVER
CUST_60616,15898.324652384677,Perez-Thompson,OTHER,GB,CREDIT_CARD,10,9,0,1,17,1,1,1,SYNTHETIC_IDENTITY
CUST_12905,12691.532372246136,Hurley-Duran,TRAVEL,GB,NET_BANKING,8,0,0,1,3,1,1,1,SYNTHETIC_IDENTITY
CUST_71050,1188.46,Curtis Ltd,FOOD,CN,DEBIT_CARD,4,891,0,0,867,0,0,0,LEGITIMATE
CUST_42756,1061.76,"Crawford, Wilson and White",ECOMMERCE,US,NET_BANKING,1,687,0,0,696,0,0,0,LEGITIMATE
CUST_86211,2267.56,Dunlap Ltd,FOOD,NG,CREDIT_CARD,4,264,0,0,1899,0,0,0,LEGITIMATE
CUST_65112,4204.62,"Blake, Davis and Kennedy",EDUCATION,IN,NET_BANKING,4,835,0,0,1617,0,0,0,LEGITIMATE
CUST_87854,1024.15,"Hall, Smith and Dixon",FOOD,NG,NET_BANKING,1,805,0,0,1825,0,0,0,LEGITIMATE
CUST_45499,5041.3,James Ltd,TRAVEL,CN,NET_BANKING,4,72,0,0,292,0,0,0,LEGITIMATE
CUST_17121,5850.72,Collins-Valdez,TRAVEL,US,CREDIT_CARD,1,713,0,0,1853,0,0,0,LEGITIMATE
CUST_28427,5594.26,Washington-Johnson,FOOD,GB,DEBIT_CARD,1,651,0,1,378,0,0,1,PAYMENT_METHOD_ABUSE
CUST_70122,1351.76,Byrd-Pineda,EDUCATION,IN,NET_BANKING,2,597,0,0,926,0,0,0,LEGITIMATE
CUST_43935,1798.85,Hogan LLC,OTHER,CN,WALLET,4,542,0,0,621,0,0,0,LEGITIMATE
CUST_46666,8883.78,Ortiz-Rogers,ENTERTAINMENT,US,WALLET,11,3,1,1,68,1,1,1,ACCOUNT_TAKEOVER
CUST_42629,21930.781585304037,Patel and Sons,HEALTHCARE,IN,WALLET,5,7,0,1,30,1,1,1,SYNTHETIC_IDENTITY
CUST_82714,2011.53,Brady-Hill,HEALTHCARE,US,WALLET,1,635,0,0,431,0,0,0,LEGITIMATE
CUST_74421,2005.53,"Mitchell, Contreras and Yang",GROCERY,US,WALLET,2,150,0,0,2398,1,0,1,MERCHANT_ANOMALY
CUST_20575,2865.6,Smith PLC,FOOD,CN,CREDIT_CARD,2,570,0,0,577,0,0,0,LEGITIMATE
CUST_29776,4708.69,"Garcia, Nelson and Fletcher",HEALTHCARE,CN,NET_BANKING,2,532,0,0,1992,0,0,0,LEGITIMATE
CUST_66081,1833.27,Williams-Medina,TRAVEL,US,WALLET,2,476,0,1,1943,0,0,1,PAYMENT_METHOD_ABUSE
CUST_68015,45713.5,"Ray, Price and Crawford",ENTERTAINMENT,IN,UPI,3,704,0,0,897,1,1,1,TRANSACTION_ANOMALY
CUST_41372,26608.71,"Acosta, Bentley and Cox",OTHER,CN,CREDIT_CARD,24,2,1,1,1187,1,1,1,MULTI_SIGNAL_ATTACK
CUST_93994,855.0,Jackson Group,ENTERTAINMENT,CN,DEBIT_CARD,4,441,0,1,1321,0,0,1,PAYMENT_METHOD_ABUSE
CUST_30116,990.38,"Williams, Martinez and Kelly",ENTERTAINMENT,US,CREDIT_CARD,3,921,0,1,2061,0,0,1,PAYMENT_METHOD_ABUSE
CUST_88773,4755.32,Williams PLC,FOOD,IN,UPI,1,89,0,0,2454,0,0,0,LEGITIMATE
CUST_66244,6323.25,"Foster, Collins and Levy",HEALTHCARE,NG,CREDIT_CARD,2,728,0,0,1417,0,0,0,LEGITIMATE
CUST_29287,2097.19,Ross Ltd,ECOMMERCE,US,NET_BANKING,3,244,0,0,1791,0,0,0,LEGITIMATE
CUST_30189,3806.1,"Jones, Hughes and Jones",GROCERY,CN,DEBIT_CARD,4,996,0,0,787,0,0,0,LEGITIMATE
CUST_33897,1347.43,Sullivan-Hill,EDUCATION,IN,WALLET,3,639,0,0,1190,0,0,0,LEGITIMATE
CUST_43930,3869.76,Rodriguez LLC,OTHER,NG,CREDIT_CARD,1,512,0,0,1490,0,0,0,LEGITIMATE
CUST_93661,1810.57,Gray Inc,HEALTHCARE,US,NET_BANKING,4,490,1,0,296,0,0,1,GEOGRAPHIC_ANOMALY
CUST_58856,2264.43,Sutton Inc,OTHER,CN,WALLET,1,678,0,0,2179,0,0,0,LEGITIMATE
CUST_80366,19124.83,Brennan-Lewis,FOOD,NG,UPI,11,2,1,1,2059,1,1,1,ACCOUNT_TAKEOVER
CUST_50130,901.33,Davis-Hardin,ECOMMERCE,CN,WALLET,1,613,0,0,2397,0,0,0,LEGITIMATE
CUST_61677,3982.92,Harris Inc,ENTERTAINMENT,CN,CREDIT_CARD,4,404,1,0,1302,0,0,1,GEOGRAPHIC_ANOMALY
CUST_20386,209.51,Giles Ltd,EDUCATION,IN,CREDIT_CARD,2,185,0,0,2449,0,0,0,LEGITIMATE
CUST_65969,3278.96,Johnson-Boyd,OTHER,CN,WALLET,2,339,0,0,1385,0,0,0,LEGITIMATE
CUST_40062,2617.84,Phillips Ltd,OTHER,IN,WALLET,3,565,0,0,1168,0,0,0,LEGITIMATE
CUST_98778,4880.35,Mooney Ltd,EDUCATION,NG,UPI,4,135,0,0,203,0,0,0,LEGITIMATE
CUST_49165,4283.45,Dorsey Inc,TRAVEL,NG,WALLET,2,867,0,1,1698,0,0,1,PAYMENT_METHOD_ABUSE
CUST_57497,47460.95,"Wilson, Day and Johnson",FOOD,CN,DEBIT_CARD,23,2,1,1,1991,1,1,1,MULTI_SIGNAL_ATTACK
CUST_80623,1833.5,Becker-Davis,ENTERTAINMENT,NG,CREDIT_CARD,3,67,0,0,1615,0,0,0,LEGITIMATE
CUST_80758,2299.95,Johnson-Owens,EDUCATION,NG,DEBIT_CARD,2,355,0,0,244,0,0,0,LEGITIMATE
CUST_52936,3168.06,Martinez Ltd,ENTERTAINMENT,IN,DEBIT_CARD,1,639,0,0,2002,0,0,0,LEGITIMATE
CUST_20907,4642.52,Daniel LLC,TRAVEL,IN,UPI,3,264,0,0,778,0,0,0,LEGITIMATE
CUST_53913,565.21,"Christensen, Mills and Morris",ENTERTAINMENT,US,CREDIT_CARD,4,743,0,0,908,0,0,0,LEGITIMATE
CUST_33308,13936.72,Smith-Parker,HEALTHCARE,GB,NET_BANKING,9,0,1,1,215,1,1,1,ACCOUNT_TAKEOVER
CUST_19157,621.3,Wheeler-Green,TRAVEL,IN,CREDIT_CARD,4,928,0,0,345,0,0,0,LEGITIMATE
CUST_21789,10369.9497785025,Smith and Sons,GROCERY,GB,UPI,8,2,0,1,21,1,1,1,SYNTHETIC_IDENTITY
CUST_78346,2404.52,Anderson-Santiago,EDUCATION,CN,UPI,1,855,0,0,2225,0,0,0,LEGITIMATE
CUST_91040,1915.68,Ho PLC,HEALTHCARE,GB,DEBIT_CARD,1,787,0,0,133,0,0,0,LEGITIMATE
CUST_75786,6445.78963161912,Baird Ltd,ECOMMERCE,GB,CREDIT_CARD,7,4,0,1,4,1,1,1,SYNTHETIC_IDENTITY
CUST_83215,2288.88,Barajas-Henry,ECOMMERCE,CN,NET_BANKING,3,406,0,0,2214,0,0,0,LEGITIMATE
CUST_45117,33943.34,Taylor LLC,OTHER,IN,UPI,12,3,1,1,2260,1,1,1,MULTI_SIGNAL_ATTACK
CUST_47969,4171.509983037961,"Pearson, Rogers and Collins",EDUCATION,US,DEBIT_CARD,6,9,0,1,14,1,1,1,SYNTHETIC_IDENTITY
CUST_52798,2340.88,Montoya-Alvarez,ECOMMERCE,CN,NET_BANKING,15,1,1,1,1806,1,1,1,ACCOUNT_TAKEOVER
CUST_26263,32010.81,Reyes-Griffin,EDUCATION,CN,WALLET,19,0,1,1,645,1,1,1,MULTI_SIGNAL_ATTACK
CUST_53327,3352.13,Crawford-Martinez,ECOMMERCE,US,WALLET,3,945,0,0,1609,0,0,0,LEGITIMATE
CUST_63548,1081.18,"Clark, Carlson and Turner",HEALTHCARE,GB,NET_BANKING,1,623,0,0,287,0,0,0,LEGITIMATE
CUST_54076,1852.27,Cook-Rice,GROCERY,NG,WALLET,1,396,0,0,521,0,0,0,LEGITIMATE
CUST_59296,3195.21,"Howard, Brown and Reynolds",EDUCATION,US,NET_BANKING,2,775,0,0,102,1,0,1,MERCHANT_ANOMALY
CUST_22738,4468.52,Smith-Moreno,FOOD,US,UPI,4,861,0,0,254,0,0,0,LEGITIMATE
CUST_14387,2027.96,Novak-Boyle,GROCERY,US,DEBIT_CARD,4,458,0,0,1008,0,0,0,LEGITIMATE
CUST_97099,1708.37,"Gonzalez, Collins and Poole",OTHER,NG,CREDIT_CARD,1,550,0,0,1750,0,0,0,LEGITIMATE
CUST_17006,5700.35,Hampton-Allen,OTHER,IN,DEBIT_CARD,4,537,0,0,301,0,0,0,LEGITIMATE
CUST_32427,2428.6076008409764,"Powers, Rubio and Daniel",HEALTHCARE,GB,UPI,18,66,0,0,750,0,0,1,VELOCITY_ABUSE
CUST_47119,4871.72,Phillips Ltd,OTHER,IN,CREDIT_CARD,3,866,0,0,2378,0,0,0,LEGITIMATE
CUST_74532,4386.02,Peck Group,ECOMMERCE,GB,DEBIT_CARD,3,887,0,0,197,0,0,0,LEGITIMATE
CUST_87672,2018.36,Ingram-Mejia,OTHER,US,UPI,2,441,0,0,1180,0,0,0,LEGITIMATE
CUST_83204,2478.49,Chavez Group,TRAVEL,US,WALLET,2,287,0,0,1410,0,0,0,LEGITIMATE
CUST_98370,1701.11,"Evans, Wilson and Stewart",HEALTHCARE,IN,DEBIT_CARD,1,695,0,0,357,0,0,0,LEGITIMATE
CUST_62336,959.52,Davis-Moore,EDUCATION,IN,UPI,1,383,0,0,1478,0,0,0,LEGITIMATE
CUST_48660,598.39,White Ltd,EDUCATION,CN,UPI,4,905,0,0,279,0,0,0,LEGITIMATE
CUST_83141,1093.2705031498126,Sullivan PLC,TRAVEL,CN,UPI,11,968,0,0,752,0,0,1,VELOCITY_ABUSE
CUST_93108,852.75,"Welch, Jones and Walker",ENTERTAINMENT,US,CREDIT_CARD,3,390,0,0,635,0,0,0,LEGITIMATE
CUST_35167,12238.6035067548,"Blanchard, Costa and Harris",FOOD,CN,WALLET,5,6,0,1,4,1,1,1,SYNTHETIC_IDENTITY
CUST_88845,3037.98,Price-Thompson,GROCERY,CN,WALLET,2,916,0,0,1002,0,0,0,LEGITIMATE
CUST_90858,751.32,Gomez-Holloway,FOOD,GB,UPI,4,818,0,1,1549,0,0,1,PAYMENT_METHOD_ABUSE
CUST_53635,1343.08,Bailey Ltd,ENTERTAINMENT,GB,DEBIT_CARD,4,918,0,0,2467,1,0,1,MERCHANT_ANOMALY
CUST_68889,6308.61,Lee-Stephens,ECOMMERCE,GB,NET_BANKING,4,289,0,0,1265,0,0,0,LEGITIMATE
CUST_30398,2590.61,Sandoval LLC,EDUCATION,GB,DEBIT_CARD,4,59,0,0,589,0,0,0,LEGITIMATE
CUST_35997,4763.23,Humphrey Inc,FOOD,US,WALLET,2,785,0,0,478,0,0,0,LEGITIMATE
CUST_35144,4864.03,Garrison-Jarvis,ENTERTAINMENT,IN,UPI,2,518,0,0,2246,0,0,0,LEGITIMATE
CUST_45629,1440.63,Taylor-Ponce,ENTERTAINMENT,GB,NET_BANKING,3,611,0,0,450,0,0,0,LEGITIMATE
CUST_28255,974.36,Buchanan-Rodriguez,FOOD,CN,WALLET,4,339,0,0,588,0,0,0,LEGITIMATE
CUST_46022,2311.62,Perez-Collins,ENTERTAINMENT,IN,WALLET,4,550,0,0,350,0,0,0,LEGITIMATE
CUST_34791,940.4,"Johnson, Moran and Turner",ENTERTAINMENT,NG,UPI,2,812,0,0,567,0,0,0,LEGITIMATE
CUST_84995,5649.019617396114,Bush-Spencer,EDUCATION,CN,CREDIT_CARD,23,785,0,0,541,0,0,1,VELOCITY_ABUSE
CUST_68859,490.91,Robinson-Martinez,OTHER,IN,DEBIT_CARD,1,575,0,0,201,0,0,0,LEGITIMATE
CUST_44634,666.48,Davis-Jackson,ENTERTAINMENT,GB,CREDIT_CARD,2,687,0,0,1939,0,0,0,LEGITIMATE
CUST_21814,18048.91,Hunt Ltd,TRAVEL,CN,NET_BANKING,9,2,1,1,692,1,1,1,MULTI_SIGNAL_ATTACK
CUST_39065,8560.548071055942,Mendez-Mathis,ECOMMERCE,NG,UPI,14,217,0,0,2092,0,0,1,VELOCITY_ABUSE
CUST_36114,964.98,Brown Group,ENTERTAINMENT,CN,DEBIT_CARD,4,94,0,0,1967,0,0,0,LEGITIMATE
CUST_59852,2230.44,"Mcbride, Weiss and Wilson",ENTERTAINMENT,NG,DEBIT_CARD,3,962,0,0,1209,0,0,0,LEGITIMATE
CUST_47559,1885.19,"Greene, Romero and Skinner",EDUCATION,US,CREDIT_CARD,3,944,0,0,1687,0,0,0,LEGITIMATE
CUST_56531,3390.26,Gonzales-Maldonado,HEALTHCARE,CN,WALLET,1,255,1,0,1462,0,0,1,GEOGRAPHIC_ANOMALY
CUST_70191,26667.414586811246,"Navarro, Weaver and Williams",ECOMMERCE,GB,DEBIT_CARD,4,2,0,1,8,1,1,1,SYNTHETIC_IDENTITY
CUST_23721,3813.1080716559286,Brown Group,ECOMMERCE,IN,DEBIT_CARD,4,2,0,1,21,1,1,1,SYNTHETIC_IDENTITY
CUST_67287,31441.26,"Jennings, Sullivan and Juarez",FOOD,IN,CREDIT_CARD,24,2,1,1,1364,1,1,1,MULTI_SIGNAL_ATTACK
CUST_45910,2284.0,"Rose, George and Hays",GROCERY,NG,CREDIT_CARD,4,368,0,0,1037,0,0,0,LEGITIMATE
CUST_78034,9386.763459725607,"Jackson, Evans and Ross",ECOMMERCE,GB,WALLET,17,179,0,0,346,0,0,1,VELOCITY_ABUSE
CUST_37633,2225.44,Webb-Wright,EDUCATION,GB,WALLET,3,471,0,0,1606,0,0,0,LEGITIMATE
CUST_57145,1282.78,Howard Ltd,GROCERY,US,UPI,3,82,0,0,2336,0,0,0,LEGITIMATE
CUST_71278,3595.23,Scott Ltd,HEALTHCARE,US,NET_BANKING,1,919,0,0,899,0,0,0,LEGITIMATE
CUST_73032,738.67,Rojas Inc,EDUCATION,US,WALLET,2,70,0,0,1982,0,0,0,LEGITIMATE
CUST_88908,25497.41,Harris LLC,TRAVEL,IN,NET_BANKING,7,0,1,1,1688,1,1,1,ACCOUNT_TAKEOVER
CUST_11638,19125.79,White-Adams,ENTERTAINMENT,GB,NET_BANKING,2,163,0,0,2282,1,1,1,TRANSACTION_ANOMALY
CUST_77187,18461.74,Manning-Lindsey,ECOMMERCE,IN,CREDIT_CARD,25,1,1,1,1344,1,1,1,MULTI_SIGNAL_ATTACK
CUST_72832,2708.18,Benson and Sons,OTHER,CN,WALLET,2,482,0,1,1685,0,0,1,PAYMENT_METHOD_ABUSE
CUST_28557,2093.52,Hernandez-Williams,ECOMMERCE,IN,NET_BANKING,3,730,0,0,2305,0,0,0,LEGITIMATE
CUST_62972,1203.92,Cole Ltd,FOOD,IN,DEBIT_CARD,2,208,0,0,1542,0,0,0,LEGITIMATE
CUST_35817,4572.24,Collins Group,OTHER,NG,CREDIT_CARD,1,475,0,0,1143,0,0,0,LEGITIMATE
CUST_29889,2391.1,Blair-Rasmussen,HEALTHCARE,US,DEBIT_CARD,3,581,0,0,1570,0,0,0,LEGITIMATE
CUST_72085,1953.07,"English, Wallace and Blankenship",ENTERTAINMENT,CN,UPI,1,543,0,0,2037,0,0,0,LEGITIMATE
CUST_80286,2430.63,"Reyes, Lopez and Schneider",GROCERY,CN,WALLET,1,630,0,0,961,0,0,0,LEGITIMATE
CUST_35301,2011.93,Jensen PLC,OTHER,IN,WALLET,1,517,0,0,710,0,0,0,LEGITIMATE
CUST_56575,4546.55,Friedman PLC,HEALTHCARE,US,DEBIT_CARD,2,812,0,0,1483,0,0,0,LEGITIMATE
CUST_56046,35128.81,Wilson-Ortiz,HEALTHCARE,NG,CREDIT_CARD,13,0,1,1,1347,1,1,1,MULTI_SIGNAL_ATTACK
CUST_77942,4339.691944257129,Mcgee-Porter,ECOMMERCE,IN,DEBIT_CARD,30,925,0,0,1971,0,0,1,VELOCITY_ABUSE
CUST_15205,4196.74,Knight LLC,TRAVEL,NG,WALLET,4,506,0,0,837,0,0,0,LEGITIMATE
CUST_45568,2301.9,"Franklin, Smith and Williams",GROCERY,CN,UPI,2,277,0,0,946,0,0,0,LEGITIMATE
CUST_61402,3485.85,"Elliott, Mills and Wilson",FOOD,NG,NET_BANKING,4,989,0,0,592,0,0,0,LEGITIMATE
CUST_15208,2648.63,Wilson PLC,OTHER,GB,CREDIT_CARD,1,720,0,0,2448,0,0,0,LEGITIMATE
CUST_97637,4904.84,Adams-Harris,HEALTHCARE,NG,CREDIT_CARD,1,937,0,0,1626,0,0,0,LEGITIMATE
CUST_46111,6702.23,Nichols-George,EDUCATION,NG,WALLET,4,288,0,1,699,0,0,1,PAYMENT_METHOD_ABUSE
CUST_36780,4601.32,Mason-Nichols,ENTERTAINMENT,CN,NET_BANKING,4,591,0,0,2236,0,0,0,LEGITIMATE
CUST_22960,1859.32,Novak-Barker,OTHER,CN,WALLET,4,363,0,0,733,0,0,0,LEGITIMATE
CUST_51932,3399.54,Harmon-Webb,TRAVEL,NG,DEBIT_CARD,2,524,0,0,2128,0,0,0,LEGITIMATE
CUST_14506,4289.48,Arellano Group,FOOD,NG,UPI,3,456,0,0,1233,0,0,0,LEGITIMATE
CUST_26758,21726.23,Terry Inc,ECOMMERCE,IN,WALLET,22,1,1,1,1003,1,1,1,MULTI_SIGNAL_ATTACK
CUST_99123,3648.2,"Douglas, Lowe and Williams",GROCERY,CN,WALLET,3,118,0,0,1286,0,0,0,LEGITIMATE
CUST_35637,7042.74,"Mccarthy, Turner and White",ENTERTAINMENT,US,UPI,15,0,1,1,244,1,1,1,ACCOUNT_TAKEOVER
CUST_58049,9430.439663686013,Wilkerson-Holmes,ECOMMERCE,IN,WALLET,10,455,0,0,1988,0,0,1,VELOCITY_ABUSE
CUST_36971,397.54,"Wells, Donovan and Jackson",ECOMMERCE,CN,NET_BANKING,3,181,0,0,251,0,0,0,LEGITIMATE
CUST_89493,3262.27,Hogan-Lynch,FOOD,CN,DEBIT_CARD,4,654,0,0,1158,0,0,0,LEGITIMATE
CUST_80179,4630.99,"Stewart, Jimenez and Ford",ECOMMERCE,US,DEBIT_CARD,4,59,0,0,533,0,0,0,LEGITIMATE
CUST_36106,1031.62,"Cardenas, Wu and Rodriguez",TRAVEL,IN,UPI,1,119,1,0,240,0,0,1,GEOGRAPHIC_ANOMALY
CUST_32292,47642.09,Allen-Woods,EDUCATION,GB,CREDIT_CARD,3,86,0,0,416,1,1,1,TRANSACTION_ANOMALY
CUST_19450,29972.8,Miller Inc,HEALTHCARE,CN,DEBIT_CARD,2,281,0,0,1941,1,1,1,TRANSACTION_ANOMALY
CUST_43629,1870.95,"Holland, Martin and Medina",ECOMMERCE,US,UPI,1,977,0,1,593,0,0,1,PAYMENT_METHOD_ABUSE
CUST_24651,2019.58,Price and Sons,OTHER,US,NET_BANKING,4,881,0,0,1153,0,0,0,LEGITIMATE
CUST_12822,3536.81,Rogers-Bryant,GROCERY,CN,CREDIT_CARD,4,253,0,0,1986,1,0,1,MERCHANT_ANOMALY
CUST_98914,583.42,Smith-Powell,ENTERTAINMENT,IN,DEBIT_CARD,1,154,0,0,599,0,0,0,LEGITIMATE
CUST_44540,10908.81,Whitney-Randall,EDUCATION,CN,UPI,6,1,1,1,313,1,1,1,ACCOUNT_TAKEOVER
CUST_45447,788.98,Williams LLC,FOOD,GB,NET_BANKING,4,370,0,0,1068,0,0,0,LEGITIMATE
CUST_42430,42515.91,Welch-Hill,TRAVEL,IN,DEBIT_CARD,2,853,0,0,1933,0,1,1,TRANSACTION_ANOMALY
CUST_41960,3413.53,Daniel-Smith,OTHER,CN,CREDIT_CARD,3,238,0,0,1588,0,0,0,LEGITIMATE
CUST_49079,475.31,Sanford-Williams,FOOD,GB,NET_BANKING,3,542,0,0,630,0,0,0,LEGITIMATE
CUST_79930,2881.81,Collins-Dixon,FOOD,GB,UPI,3,167,1,0,403,0,0,1,GEOGRAPHIC_ANOMALY
CUST_10190,115.11,Singh-Navarro,FOOD,CN,DEBIT_CARD,1,925,0,0,2098,0,0,0,LEGITIMATE
CUST_82843,6170.75,"Norman, Calhoun and Cook",GROCERY,IN,CREDIT_CARD,1,706,0,0,2171,1,1,1,TRANSACTION_ANOMALY
CUST_87365,3653.38,Johnson-Taylor,FOOD,CN,CREDIT_CARD,4,512,0,0,48,0,0,0,LEGITIMATE
CUST_45058,3193.61,Browning-Rogers,OTHER,NG,NET_BANKING,2,137,0,0,1743,0,0,0,LEGITIMATE
CUST_67116,2217.38,"Clark, Lee and Frederick",ECOMMERCE,NG,UPI,4,349,0,0,983,0,0,0,LEGITIMATE
CUST_85524,14097.14,Bowman PLC,HEALTHCARE,GB,NET_BANKING,24,2,1,1,150,1,1,1,MULTI_SIGNAL_ATTACK
CUST_59323,17422.280239902742,"Johnson, Webb and Bell",FOOD,US,UPI,9,0,0,1,26,1,1,1,SYNTHETIC_IDENTITY
CUST_86864,1506.27,"Murphy, Hampton and Parks",EDUCATION,US,DEBIT_CARD,2,471,0,0,836,0,0,0,LEGITIMATE
CUST_30640,23712.85007595018,Simmons-Moses,FOOD,GB,CREDIT_CARD,4,10,0,1,15,1,1,1,SYNTHETIC_IDENTITY
CUST_78393,1069.1,Salazar-Mcclain,ECOMMERCE,US,DEBIT_CARD,3,705,0,0,1851,0,0,0,LEGITIMATE
CUST_31287,5699.22,Smith-Santiago,EDUCATION,NG,NET_BANKING,1,224,0,0,1429,0,0,0,LEGITIMATE
CUST_23519,6728.34,Smith-Steele,OTHER,NG,DEBIT_CARD,3,689,0,0,1618,0,0,0,LEGITIMATE
CUST_80011,3627.75,"Charles, Perez and Pratt",OTHER,IN,DEBIT_CARD,1,615,0,0,1055,0,0,0,LEGITIMATE
CUST_12676,1033.18,Morrow-Sanchez,OTHER,GB,DEBIT_CARD,4,754,0,0,2278,0,0,0,LEGITIMATE
CUST_70460,581.0,"Wilson, Alvarez and Cowan",OTHER,NG,CREDIT_CARD,3,976,0,0,1421,0,0,0,LEGITIMATE
CUST_29906,45963.88,Rodriguez LLC,GROCERY,US,WALLET,18,0,1,1,575,1,1,1,MULTI_SIGNAL_ATTACK
CUST_64396,3384.09,"Davis, Moore and Reyes",GROCERY,NG,WALLET,3,965,0,0,2278,0,0,0,LEGITIMATE
CUST_42250,2376.86,Phillips Ltd,GROCERY,US,CREDIT_CARD,4,742,0,0,2261,0,0,0,LEGITIMATE
CUST_20372,28944.44,Henry Ltd,ENTERTAINMENT,IN,UPI,7,3,1,1,700,1,1,1,ACCOUNT_TAKEOVER
CUST_17390,10538.7,Ward LLC,ENTERTAINMENT,US,NET_BANKING,4,691,0,0,1851,1,1,1,TRANSACTION_ANOMALY
CUST_46507,818.33,Gonzalez PLC,EDUCATION,IN,NET_BANKING,1,472,0,0,1890,0,0,0,LEGITIMATE
CUST_29024,4446.99,"Turner, Wilson and Gamble",TRAVEL,CN,UPI,11,0,1,1,983,1,1,1,MULTI_SIGNAL_ATTACK
CUST_11016,1507.41,"Baker, Perez and Lucas",EDUCATION,GB,UPI,2,79,0,0,178,0,0,0,LEGITIMATE
CUST_97043,10230.1,"Dalton, Hoffman and Bradford",OTHER,NG,UPI,19,3,1,1,1062,1,1,1,MULTI_SIGNAL_ATTACK
CUST_38128,1784.17,Henderson-Morrison,TRAVEL,GB,UPI,3,597,0,0,960,0,0,0,LEGITIMATE
CUST_26973,3759.35,"Lee, Crawford and Johnson",GROCERY,US,CREDIT_CARD,4,236,0,0,1041,0,0,0,LEGITIMATE
CUST_73804,7009.6694245108165,Fisher-Clark,FOOD,IN,WALLET,28,586,0,0,2180,0,0,1,VELOCITY_ABUSE
CUST_55030,4650.47,Stewart-Anthony,ENTERTAINMENT,US,UPI,1,166,0,0,1096,0,0,0,LEGITIMATE
CUST_83227,1443.19,"Gonzalez, Brown and Neal",ECOMMERCE,IN,WALLET,3,595,0,0,1196,0,0,0,LEGITIMATE
CUST_79445,20600.082460468755,Hernandez Group,ECOMMERCE,IN,DEBIT_CARD,6,3,0,1,18,1,1,1,SYNTHETIC_IDENTITY
CUST_52816,3096.8633684941287,Salas Ltd,HEALTHCARE,NG,CREDIT_CARD,19,891,0,0,447,0,0,1,VELOCITY_ABUSE
CUST_98480,2748.28,Moody-Anderson,ECOMMERCE,NG,WALLET,2,231,0,0,1520,0,0,0,LEGITIMATE
CUST_37530,4847.33,Davis Ltd,OTHER,NG,DEBIT_CARD,1,364,0,0,1855,0,0,0,LEGITIMATE
CUST_82018,4021.75,Macdonald-Baker,HEALTHCARE,NG,WALLET,1,361,0,0,691,0,0,0,LEGITIMATE
CUST_90615,2564.96,"Frey, Walsh and Matthews",HEALTHCARE,IN,UPI,3,166,0,0,1399,0,0,0,LEGITIMATE
CUST_33977,1848.09,Harris-Larson,GROCERY,US,CREDIT_CARD,4,69,0,0,1924,0,0,0,LEGITIMATE
CUST_46422,5559.44,Fisher Ltd,GROCERY,CN,UPI,1,307,0,0,2176,0,0,0,LEGITIMATE
CUST_97563,820.02,"White, White and Gilbert",FOOD,NG,WALLET,3,483,0,0,2245,0,0,0,LEGITIMATE
CUST_65312,4177.1,Rogers Inc,OTHER,US,NET_BANKING,2,552,0,0,908,0,0,0,LEGITIMATE
CUST_12482,1050.37,Chen Inc,GROCERY,CN,CREDIT_CARD,4,470,0,0,1071,0,0,0,LEGITIMATE
CUST_11432,3380.0,Hahn Inc,ENTERTAINMENT,NG,WALLET,4,51,0,0,1137,1,0,1,MERCHANT_ANOMALY
CUST_85965,28684.425044046824,Phillips-Lamb,TRAVEL,US,DEBIT_CARD,8,5,0,1,8,1,1,1,SYNTHETIC_IDENTITY
CUST_73722,200.06,"Klein, Richardson and Sullivan",FOOD,GB,WALLET,2,105,0,0,2161,0,0,0,LEGITIMATE
CUST_25319,24051.9,Jones and Sons,EDUCATION,IN,WALLET,14,2,1,1,932,1,1,1,ACCOUNT_TAKEOVER
CUST_20461,3263.09,Sims Group,OTHER,GB,DEBIT_CARD,4,600,0,0,2412,0,0,0,LEGITIMATE
CUST_54642,4328.72,Scott-Sanders,HEALTHCARE,GB,DEBIT_CARD,1,670,0,0,2109,0,0,0,LEGITIMATE
CUST_15082,1639.59,Williams PLC,ENTERTAINMENT,US,CREDIT_CARD,3,613,0,0,1460,0,0,0,LEGITIMATE
CUST_33946,2388.96,"Salinas, Meyer and Guzman",FOOD,IN,CREDIT_CARD,2,306,0,0,898,0,0,0,LEGITIMATE
CUST_56410,3042.26,Singh Group,FOOD,GB,DEBIT_CARD,4,713,0,0,1693,0,0,0,LEGITIMATE
CUST_32084,2217.41,Carpenter-Cline,EDUCATION,CN,UPI,4,164,0,0,1620,1,0,1,MERCHANT_ANOMALY
CUST_85213,8022.2857486462135,Dixon-Potter,TRAVEL,NG,NET_BANKING,6,7,0,1,11,1,1,1,SYNTHETIC_IDENTITY
CUST_31142,5165.56,Butler-Thomas,ECOMMERCE,CN,WALLET,4,142,0,0,600,0,0,0,LEGITIMATE
CUST_59848,3429.65,Gillespie PLC,ECOMMERCE,IN,WALLET,1,835,0,0,2332,0,0,0,LEGITIMATE
CUST_74513,1183.55,Cannon PLC,GROCERY,IN,UPI,3,42,0,0,2106,0,0,0,LEGITIMATE
CUST_34639,2100.02,Johnson-Young,ECOMMERCE,CN,UPI,1,987,0,0,1316,0,0,0,LEGITIMATE
CUST_36227,1991.17,"Tyler, Davis and Campbell",EDUCATION,CN,CREDIT_CARD,1,91,0,0,1414,0,0,0,LEGITIMATE
CUST_53100,4122.38,Calderon-Matthews,OTHER,NG,WALLET,3,205,0,0,1904,0,0,0,LEGITIMATE
CUST_31324,254.04,Martin-House,FOOD,NG,CREDIT_CARD,4,389,0,0,2017,0,0,0,LEGITIMATE
CUST_54694,311.47,Martinez Group,HEALTHCARE,CN,WALLET,1,56,0,1,195,0,0,1,PAYMENT_METHOD_ABUSE
CUST_55480,22940.93,"Coleman, Matthews and Clark",OTHER,US,CREDIT_CARD,3,193,0,0,696,1,1,1,TRANSACTION_ANOMALY
CUST_11258,7923.59,Hobbs-Welch,ENTERTAINMENT,US,WALLET,1,235,0,0,1101,0,0,0,LEGITIMATE
CUST_62884,494.44,Edwards PLC,ENTERTAINMENT,US,UPI,2,769,0,0,2006,0,0,0,LEGITIMATE
CUST_17001,18376.204513811215,Browning-Rodriguez,TRAVEL,NG,NET_BANKING,7,4,0,1,29,1,1,1,SYNTHETIC_IDENTITY
CUST_96681,332.81,Mccarthy Group,ECOMMERCE,GB,CREDIT_CARD,2,57,0,0,1566,0,0,0,LEGITIMATE
CUST_83935,1644.57,Johnson-Woods,HEALTHCARE,CN,WALLET,1,689,0,0,2034,0,0,0,LEGITIMATE
CUST_71628,2600.98,Bolton-Nolan,TRAVEL,CN,CREDIT_CARD,4,622,0,0,2164,0,0,0,LEGITIMATE
CUST_85612,2399.12,Dixon Inc,ECOMMERCE,NG,UPI,3,562,0,0,2056,0,0,0,LEGITIMATE
CUST_12161,3184.41,"Nunez, Ruiz and Love",TRAVEL,GB,NET_BANKING,4,390,0,0,2046,0,0,0,LEGITIMATE
CUST_17994,26884.185404192893,Hayes-Haley,FOOD,CN,UPI,10,3,0,1,14,1,1,1,SYNTHETIC_IDENTITY
CUST_66021,3913.18,Hall-Jones,GROCERY,GB,WALLET,1,209,0,0,1784,0,0,0,LEGITIMATE
CUST_13400,2630.88,Sullivan PLC,GROCERY,US,WALLET,4,776,0,0,107,0,0,0,LEGITIMATE
CUST_17544,2748.45,Williams-Hopkins,EDUCATION,CN,UPI,3,946,0,0,1288,0,0,0,LEGITIMATE
CUST_14944,1214.1,Whitehead-Acevedo,HEALTHCARE,NG,CREDIT_CARD,1,968,0,0,2318,0,0,0,LEGITIMATE
CUST_85147,3513.72,Young-Sloan,ENTERTAINMENT,IN,CREDIT_CARD,3,600,0,0,869,0,0,0,LEGITIMATE
CUST_27369,2090.36,Baker and Sons,GROCERY,CN,UPI,4,267,0,0,2430,0,0,0,LEGITIMATE
CUST_82153,922.32,Jackson-Cook,TRAVEL,GB,DEBIT_CARD,2,838,1,0,1278,0,0,1,GEOGRAPHIC_ANOMALY
CUST_89294,672.57,Wolfe and Sons,TRAVEL,CN,UPI,1,381,0,0,2021,0,0,0,LEGITIMATE
CUST_46917,2937.21,Guzman Inc,ECOMMERCE,GB,DEBIT_CARD,3,363,0,0,1968,0,0,0,LEGITIMATE
CUST_68680,1278.0,King Ltd,ECOMMERCE,GB,WALLET,3,741,0,0,1479,0,0,0,LEGITIMATE
CUST_43091,3204.39,Coleman-Garcia,GROCERY,US,NET_BANKING,3,284,0,0,324,0,0,0,LEGITIMATE
CUST_26712,6805.91,"Erickson, Ruiz and Gonzalez",TRAVEL,CN,CREDIT_CARD,2,988,0,0,2369,0,1,1,TRANSACTION_ANOMALY
CUST_40794,14489.0,"Jennings, Krause and Flores",ECOMMERCE,GB,DEBIT_CARD,8,3,1,1,1884,1,1,1,MULTI_SIGNAL_ATTACK
CUST_56152,2408.12,Cannon Ltd,EDUCATION,NG,CREDIT_CARD,14,3,1,1,599,1,1,1,ACCOUNT_TAKEOVER
CUST_72119,2032.76,"Ferguson, Miller and Rogers",ECOMMERCE,GB,DEBIT_CARD,4,511,0,0,1922,0,0,0,LEGITIMATE
CUST_36940,2300.02,Bates LLC,TRAVEL,GB,CREDIT_CARD,4,194,0,0,1681,0,0,0,LEGITIMATE
CUST_32187,2757.15,"Baxter, Mitchell and Case",ENTERTAINMENT,IN,DEBIT_CARD,3,882,0,0,2138,0,0,0,LEGITIMATE
CUST_34536,12957.38,Nguyen Ltd,GROCERY,IN,WALLET,12,2,1,1,898,1,1,1,ACCOUNT_TAKEOVER
CUST_51827,4139.81,Hudson-Mcdonald,OTHER,US,UPI,1,940,0,0,1378,0,0,0,LEGITIMATE
CUST_13163,4703.1,Russell-Barrett,GROCERY,IN,DEBIT_CARD,4,821,0,0,1059,0,0,0,LEGITIMATE
CUST_30989,4958.65,Mills LLC,ENTERTAINMENT,US,CREDIT_CARD,10,1,1,1,2329,1,1,1,MULTI_SIGNAL_ATTACK
CUST_96543,2263.9,Rodriguez PLC,GROCERY,GB,DEBIT_CARD,1,463,0,0,1780,0,0,0,LEGITIMATE
CUST_79165,792.53,Chase-Moses,OTHER,NG,DEBIT_CARD,1,107,0,0,2157,0,0,0,LEGITIMATE
CUST_15110,1262.23,"Gardner, Stewart and Burns",HEALTHCARE,NG,UPI,4,801,0,0,371,0,0,0,LEGITIMATE
CUST_44003,45912.22,"Hernandez, White and Melendez",OTHER,GB,CREDIT_CARD,8,2,1,1,1203,1,1,1,MULTI_SIGNAL_ATTACK
CUST_72154,1492.87,Simmons LLC,TRAVEL,US,WALLET,4,284,0,0,777,0,0,0,LEGITIMATE
CUST_61982,3963.96,"Lopez, Porter and Thompson",GROCERY,US,UPI,1,749,0,0,629,0,0,0,LEGITIMATE
CUST_70564,1221.29,Hammond-Bryant,FOOD,CN,WALLET,3,848,0,0,712,1,0,1,MERCHANT_ANOMALY
CUST_95290,1566.55,"Nguyen, Fuentes and Taylor",EDUCATION,NG,DEBIT_CARD,4,248,0,0,444,0,0,0,LEGITIMATE
CUST_86151,803.11,White-Bowers,OTHER,NG,UPI,3,629,0,0,1110,0,0,0,LEGITIMATE
CUST_17519,2919.4111141962194,Moore-Williams,ENTERTAINMENT,US,DEBIT_CARD,19,449,0,0,2446,0,0,1,VELOCITY_ABUSE
CUST_83532,5830.39,Buchanan LLC,ENTERTAINMENT,IN,DEBIT_CARD,3,375,0,1,891,0,0,1,PAYMENT_METHOD_ABUSE
CUST_19197,3311.23,Olsen-Valenzuela,OTHER,US,NET_BANKING,4,541,0,0,2469,0,0,0,LEGITIMATE
CUST_51545,988.29,"Daugherty, Anderson and Brown",GROCERY,CN,NET_BANKING,4,881,0,0,1807,0,0,0,LEGITIMATE
CUST_26301,2357.63,Townsend-Garcia,FOOD,CN,NET_BANKING,3,361,0,0,125,0,0,0,LEGITIMATE
CUST_14911,915.53,"Lane, Salas and Foster",ENTERTAINMENT,CN,NET_BANKING,3,937,0,0,734,0,0,0,LEGITIMATE
CUST_64018,306.62,Peterson-Evans,GROCERY,US,DEBIT_CARD,3,529,0,0,1231,0,0,0,LEGITIMATE
CUST_85184,646.42,Ross Ltd,OTHER,GB,UPI,3,263,1,0,1793,0,0,1,GEOGRAPHIC_ANOMALY
CUST_70757,5721.298922324475,"Orozco, Williamson and Padilla",TRAVEL,CN,DEBIT_CARD,24,447,0,0,1839,0,0,1,VELOCITY_ABUSE
CUST_66031,6526.48,Pennington Inc,GROCERY,US,WALLET,4,538,0,1,520,0,0,1,PAYMENT_METHOD_ABUSE
CUST_94124,15904.17,"Thompson, Moore and Foster",FOOD,IN,WALLET,4,837,0,0,1064,1,1,1,TRANSACTION_ANOMALY
CUST_89137,21570.03,Matthews and Sons,FOOD,IN,UPI,2,661,0,0,539,1,1,1,TRANSACTION_ANOMALY
CUST_92604,3079.3,"Grant, Olson and Becker",TRAVEL,CN,UPI,3,473,0,0,806,0,0,0,LEGITIMATE
CUST_73088,2327.19,Ellis-Christian,ECOMMERCE,NG,DEBIT_CARD,1,184,0,0,1953,0,0,0,LEGITIMATE
CUST_91958,3634.49,Duncan PLC,EDUCATION,NG,DEBIT_CARD,1,300,0,0,1929,0,0,0,LEGITIMATE
CUST_21767,1801.08,Foley-Gonzalez,GROCERY,GB,DEBIT_CARD,3,113,0,0,965,0,0,0,LEGITIMATE
CUST_49291,400.05,Mcgrath LLC,GROCERY,US,CREDIT_CARD,4,535,0,0,320,0,0,0,LEGITIMATE
CUST_73760,4775.37,Peck-Cisneros,HEALTHCARE,CN,DEBIT_CARD,3,979,0,0,972,0,0,0,LEGITIMATE
CUST_70844,8802.242367585022,Allen-Thompson,FOOD,IN,UPI,26,816,0,0,1732,0,0,1,VELOCITY_ABUSE
CUST_11273,5473.31,"Harris, Blair and Miller",FOOD,NG,CREDIT_CARD,2,123,0,0,43,0,0,0,LEGITIMATE
CUST_32013,3999.14,"Gonzalez, Hernandez and Salazar",OTHER,IN,NET_BANKING,4,748,0,0,1113,0,0,0,LEGITIMATE
CUST_23293,1038.43,Mcneil PLC,EDUCATION,CN,UPI,2,496,0,0,2207,0,0,0,LEGITIMATE
CUST_39759,32862.45,Mahoney LLC,GROCERY,US,NET_BANKING,5,3,1,1,865,1,1,1,ACCOUNT_TAKEOVER
CUST_68139,1292.77,"Anderson, Harding and Welch",HEALTHCARE,US,DEBIT_CARD,1,306,0,0,1905,0,0,0,LEGITIMATE
CUST_50474,13296.51,Collins-Guerrero,OTHER,IN,UPI,18,1,1,1,400,1,1,1,MULTI_SIGNAL_ATTACK
CUST_57748,2914.64,"Bennett, Sutton and Garrett",GROCERY,NG,WALLET,3,378,1,0,324,0,0,1,GEOGRAPHIC_ANOMALY
CUST_75351,2123.46,Potts-Wilson,ENTERTAINMENT,IN,NET_BANKING,1,869,0,0,260,0,0,0,LEGITIMATE
CUST_22995,2827.4,"Flores, Delgado and Gutierrez",GROCERY,NG,WALLET,1,979,0,0,573,0,0,0,LEGITIMATE
CUST_25781,486.74,Pugh and Sons,EDUCATION,US,CREDIT_CARD,2,84,0,0,1635,0,0,0,LEGITIMATE
CUST_23541,4796.05,Bauer Group,HEALTHCARE,US,DEBIT_CARD,1,76,0,0,1551,0,0,0,LEGITIMATE
CUST_52838,2607.64,Ayala and Sons,EDUCATION,IN,UPI,3,117,0,1,1703,0,0,1,PAYMENT_METHOD_ABUSE
CUST_81364,2032.13,"Smith, Jacobs and Jones",ENTERTAINMENT,IN,UPI,1,770,0,0,1307,0,0,0,LEGITIMATE
CUST_57147,1746.96,Pratt-Davis,ENTERTAINMENT,NG,DEBIT_CARD,2,615,0,0,2059,1,0,1,MERCHANT_ANOMALY
CUST_64437,3672.29,Barton-Chapman,ECOMMERCE,GB,WALLET,4,159,0,0,2238,0,0,0,LEGITIMATE
CUST_45040,20559.344423753697,Luna Group,TRAVEL,NG,NET_BANKING,9,9,0,1,18,1,1,1,SYNTHETIC_IDENTITY
CUST_83309,2758.24,Williams and Sons,ECOMMERCE,CN,WALLET,2,506,0,0,1528,1,0,1,MERCHANT_ANOMALY
CUST_80050,3564.91,Lyons-Stuart,HEALTHCARE,IN,WALLET,3,176,0,0,2162,0,0,0,LEGITIMATE
CUST_25525,2671.98,"Frank, Marshall and Blake",ENTERTAINMENT,IN,WALLET,4,796,1,0,1590,0,0,1,GEOGRAPHIC_ANOMALY
CUST_26380,2603.15,Holland LLC,FOOD,GB,NET_BANKING,2,707,0,1,240,0,0,1,PAYMENT_METHOD_ABUSE
CUST_26209,1105.89,Parker-Butler,TRAVEL,US,CREDIT_CARD,3,681,0,0,49,0,0,0,LEGITIMATE
CUST_72457,1277.87,Garcia-Dillon,GROCERY,NG,WALLET,2,773,0,0,2294,0,0,0,LEGITIMATE
CUST_68662,23131.45,Villarreal PLC,TRAVEL,US,NET_BANKING,10,0,1,1,1030,1,1,1,MULTI_SIGNAL_ATTACK
CUST_71784,2692.76,Wilson-Wright,ENTERTAINMENT,CN,CREDIT_CARD,1,653,0,0,717,1,0,1,MERCHANT_ANOMALY
CUST_17875,7112.214227997071,Wilson-Gross,ECOMMERCE,NG,DEBIT_CARD,22,532,0,0,1571,0,0,1,VELOCITY_ABUSE
CUST_43499,937.25,"Kirk, Porter and Roberts",OTHER,IN,DEBIT_CARD,2,53,0,0,225,0,0,0,LEGITIMATE
CUST_28575,19041.62529103105,Patel PLC,ECOMMERCE,US,WALLET,5,10,0,1,20,1,1,1,SYNTHETIC_IDENTITY
CUST_69011,2758.48,Cortez Ltd,ENTERTAINMENT,US,CREDIT_CARD,4,280,0,0,1023,0,0,0,LEGITIMATE
CUST_51971,2947.67,Holland-Pham,TRAVEL,CN,DEBIT_CARD,4,172,0,0,1220,0,0,0,LEGITIMATE
CUST_43787,3283.89,Kane-Campbell,EDUCATION,NG,NET_BANKING,4,313,0,0,653,0,0,0,LEGITIMATE
CUST_27248,1768.87,Vaughn Group,ECOMMERCE,CN,DEBIT_CARD,1,208,0,0,1607,0,0,0,LEGITIMATE
CUST_29414,3220.4,Matthews-Lin,GROCERY,IN,DEBIT_CARD,1,677,0,0,2191,0,0,0,LEGITIMATE
CUST_98954,2129.76,"Olson, Clements and Campbell",ECOMMERCE,IN,CREDIT_CARD,2,736,0,0,1709,0,0,0,LEGITIMATE
CUST_42625,2333.36,Smith Inc,TRAVEL,IN,DEBIT_CARD,1,591,0,0,1625,0,0,0,LEGITIMATE
CUST_87467,4810.93,Miller-Miller,ENTERTAINMENT,GB,WALLET,1,734,0,0,1082,0,0,0,LEGITIMATE
CUST_99339,3033.6,James Inc,ECOMMERCE,US,WALLET,4,184,0,0,1408,0,0,0,LEGITIMATE
CUST_55620,1655.05,Huffman-Williams,OTHER,CN,CREDIT_CARD,2,491,0,0,116,0,0,0,LEGITIMATE
CUST_12110,594.8665378520736,Landry-Houston,ECOMMERCE,IN,CREDIT_CARD,29,328,0,0,2403,0,0,1,VELOCITY_ABUSE
CUST_20953,5455.33,Navarro and Sons,ECOMMERCE,US,WALLET,2,738,0,0,1377,0,0,0,LEGITIMATE
CUST_27511,293.27,Matthews-Duffy,GROCERY,GB,WALLET,1,547,0,0,1765,0,0,0,LEGITIMATE
CUST_50414,1543.72,"Dennis, Rosario and Logan",ECOMMERCE,NG,NET_BANKING,1,282,0,0,2214,0,0,0,LEGITIMATE
CUST_98534,4379.306761994545,"Rodriguez, Oconnor and Jones",EDUCATION,IN,NET_BANKING,19,698,0,0,243,0,0,1,VELOCITY_ABUSE
CUST_15171,3118.08,"Arnold, Pratt and Miller",EDUCATION,IN,UPI,4,891,0,0,1593,0,0,0,LEGITIMATE
CUST_50770,861.4,Curtis-Mann,EDUCATION,US,NET_BANKING,1,474,0,0,1963,0,0,0,LEGITIMATE
CUST_80705,2927.3,Smith-Kim,OTHER,CN,WALLET,2,591,0,1,2268,0,0,1,PAYMENT_METHOD_ABUSE
CUST_82009,7794.29,"Williams, Duffy and Sanchez",GROCERY,US,NET_BANKING,6,3,1,1,2467,1,1,1,ACCOUNT_TAKEOVER
CUST_89311,2555.19,Baker-Martinez,ECOMMERCE,GB,NET_BANKING,3,280,1,0,2098,0,0,1,GEOGRAPHIC_ANOMALY
CUST_99112,3289.99,Frazier PLC,OTHER,GB,NET_BANKING,2,964,0,0,149,1,0,1,MERCHANT_ANOMALY
CUST_32525,2253.75,Brown Group,HEALTHCARE,CN,NET_BANKING,1,413,0,0,1652,0,0,0,LEGITIMATE
CUST_41829,415.99,Andrade-Key,EDUCATION,US,CREDIT_CARD,3,671,0,0,187,0,0,0,LEGITIMATE
CUST_66994,4161.7,"White, Moreno and Weaver",FOOD,GB,CREDIT_CARD,3,33,0,0,112,0,0,0,LEGITIMATE
CUST_16092,1019.84,"Lawrence, Lopez and Brooks",TRAVEL,CN,NET_BANKING,4,134,0,0,2314,0,0,0,LEGITIMATE
CUST_64744,1689.7,Gomez Ltd,TRAVEL,GB,CREDIT_CARD,3,886,0,0,1896,0,0,0,LEGITIMATE
CUST_44445,1397.19,Pearson PLC,OTHER,GB,DEBIT_CARD,2,287,0,0,350,0,0,0,LEGITIMATE
CUST_70732,3067.44,Martin-Daniels,HEALTHCARE,US,WALLET,3,659,0,0,1189,0,0,0,LEGITIMATE
CUST_74450,2665.99,Hernandez-Clark,HEALTHCARE,CN,CREDIT_CARD,3,417,0,0,1297,0,0,0,LEGITIMATE
CUST_37689,568.04,Booth-Clayton,GROCERY,CN,DEBIT_CARD,3,717,0,0,481,0,0,0,LEGITIMATE
CUST_80103,1768.8403683257013,Caldwell-Sanders,ENTERTAINMENT,CN,CREDIT_CARD,21,470,0,0,2374,0,0,1,VELOCITY_ABUSE
CUST_82193,1450.03,"Jackson, Martin and Avila",GROCERY,NG,WALLET,3,227,0,0,593,0,0,0,LEGITIMATE
CUST_96790,4567.58,Smith Ltd,GROCERY,US,DEBIT_CARD,1,326,0,0,186,1,1,1,TRANSACTION_ANOMALY
CUST_81075,1538.49,"Washington, Powell and Gutierrez",TRAVEL,NG,UPI,1,630,0,0,1989,0,0,0,LEGITIMATE
CUST_86767,4367.61,Walker-Williams,HEALTHCARE,NG,CREDIT_CARD,1,285,0,0,1846,0,0,0,LEGITIMATE
CUST_25439,24651.71,Perry-Mckinney,EDUCATION,IN,WALLET,1,474,0,0,649,1,1,1,TRANSACTION_ANOMALY
CUST_90136,1194.7,"Martin, Miller and Gonzales",ENTERTAINMENT,CN,DEBIT_CARD,2,972,0,0,2110,0,0,0,LEGITIMATE
CUST_79487,580.62,Perkins Inc,ENTERTAINMENT,GB,NET_BANKING,3,339,0,0,1206,0,0,0,LEGITIMATE
CUST_87843,2136.09,Lyons-Jackson,FOOD,CN,CREDIT_CARD,3,689,0,0,1537,0,0,0,LEGITIMATE
CUST_50557,3996.92,Bush-Mullins,ECOMMERCE,GB,NET_BANKING,1,733,0,0,321,0,0,0,LEGITIMATE
CUST_97157,867.81,Maynard LLC,FOOD,US,WALLET,1,746,0,1,2248,0,0,1,PAYMENT_METHOD_ABUSE
CUST_15207,2251.16,Carr Group,FOOD,NG,UPI,1,976,0,0,1265,0,0,0,LEGITIMATE
CUST_73777,4339.37,Murphy and Sons,GROCERY,CN,NET_BANKING,3,102,0,0,553,0,0,0,LEGITIMATE
CUST_65171,391.38,"Adams, Rowe and Matthews",EDUCATION,CN,UPI,3,594,1,0,1222,0,0,1,GEOGRAPHIC_ANOMALY
CUST_55489,4384.64,"Yang, Callahan and Martin",TRAVEL,US,NET_BANKING,3,842,0,0,452,0,0,0,LEGITIMATE
CUST_30952,5140.57,Decker-Taylor,FOOD,CN,CREDIT_CARD,4,856,1,0,2222,0,0,1,GEOGRAPHIC_ANOMALY
CUST_31271,2264.85,"Flores, Martin and Nelson",ECOMMERCE,NG,DEBIT_CARD,4,337,0,0,1135,0,0,0,LEGITIMATE
CUST_82279,1212.56,"Gordon, Smith and Robertson",FOOD,NG,DEBIT_CARD,2,258,0,0,1528,0,0,0,LEGITIMATE
CUST_43507,1906.01,Arroyo-Reynolds,TRAVEL,NG,DEBIT_CARD,4,144,0,0,1533,0,0,0,LEGITIMATE
CUST_62075,3542.54,Smith-Bailey,EDUCATION,GB,NET_BANKING,2,798,0,0,2450,0,0,0,LEGITIMATE
CUST_89147,2721.58,Riley-Richardson,OTHER,GB,NET_BANKING,3,510,0,0,774,0,0,0,LEGITIMATE
CUST_96840,601.01,"Hoffman, Rangel and Mitchell",HEALTHCARE,CN,CREDIT_CARD,3,458,0,0,2366,0,0,0,LEGITIMATE
CUST_34592,7799.74,"Cooper, Dominguez and Wilson",ENTERTAINMENT,CN,DEBIT_CARD,1,473,0,0,1763,1,1,1,TRANSACTION_ANOMALY
CUST_44939,1754.86,"Campbell, Coleman and Greene",OTHER,US,DEBIT_CARD,4,429,0,0,1935,0,0,0,LEGITIMATE
CUST_88578,573.08,Perez Ltd,OTHER,NG,UPI,2,720,0,0,2435,0,0,0,LEGITIMATE
CUST_36512,3913.15,Leonard PLC,ECOMMERCE,GB,WALLET,1,98,1,0,941,0,0,1,GEOGRAPHIC_ANOMALY
CUST_74569,2830.6,"Crosby, Robertson and Harris",OTHER,GB,NET_BANKING,3,979,0,0,494,0,0,0,LEGITIMATE
CUST_92485,2383.82,Soto-Reilly,HEALTHCARE,GB,WALLET,4,494,0,0,1149,0,0,0,LEGITIMATE
CUST_50492,4066.29,Farmer and Sons,ENTERTAINMENT,NG,CREDIT_CARD,4,288,0,0,375,0,0,0,LEGITIMATE
CUST_13782,4676.1,Barnett Ltd,HEALTHCARE,US,DEBIT_CARD,2,168,0,0,1363,0,0,0,LEGITIMATE
CUST_70628,2856.33,"Walker, Davis and Davis",OTHER,NG,DEBIT_CARD,4,214,0,0,1691,0,0,0,LEGITIMATE
CUST_25624,5825.34,Martinez-Washington,ENTERTAINMENT,CN,CREDIT_CARD,2,162,0,1,2119,0,0,1,PAYMENT_METHOD_ABUSE
CUST_62699,2638.16,Gomez Ltd,ENTERTAINMENT,CN,WALLET,3,383,0,0,343,0,0,0,LEGITIMATE
CUST_94230,4719.48,Gordon-Cline,OTHER,US,WALLET,1,392,0,0,697,0,0,0,LEGITIMATE
CUST_51165,1910.72,Smith PLC,GROCERY,CN,CREDIT_CARD,4,272,0,0,1111,0,0,0,LEGITIMATE
CUST_10593,437.51,"Morgan, Rodriguez and Escobar",EDUCATION,NG,DEBIT_CARD,4,693,0,0,605,0,0,0,LEGITIMATE
CUST_42281,4930.3,"Johnson, Richardson and Vasquez",ENTERTAINMENT,CN,CREDIT_CARD,2,800,0,0,982,0,0,0,LEGITIMATE
CUST_81260,3875.63,Lawson and Sons,FOOD,CN,DEBIT_CARD,2,977,0,0,689,0,0,0,LEGITIMATE
CUST_63760,2026.58,"Jackson, Le and Rivera",GROCERY,IN,WALLET,2,412,0,0,1032,0,0,0,LEGITIMATE
CUST_49295,3065.88,"Smith, Park and Washington",OTHER,CN,DEBIT_CARD,1,930,0,1,220,0,0,1,PAYMENT_METHOD_ABUSE
CUST_11381,15293.016354783815,"Valdez, Stokes and Macias",OTHER,US,UPI,5,10,0,1,25,1,1,1,SYNTHETIC_IDENTITY
CUST_73099,1395.35,Keller-Stuart,ENTERTAINMENT,US,DEBIT_CARD,4,193,1,0,2225,0,0,1,GEOGRAPHIC_ANOMALY
CUST_70454,398.27,"Horton, Perkins and Reynolds",FOOD,NG,UPI,1,771,0,0,1460,0,0,0,LEGITIMATE
CUST_53453,552.77,Miles Group,ENTERTAINMENT,IN,DEBIT_CARD,4,78,0,0,2266,1,0,1,MERCHANT_ANOMALY
CUST_93005,1110.95,"Walters, Macdonald and Jones",OTHER,NG,UPI,4,690,0,0,1109,0,0,0,LEGITIMATE
CUST_92801,1880.89,"Smith, Jefferson and Ruiz",ENTERTAINMENT,US,UPI,2,177,0,0,915,0,0,0,LEGITIMATE
CUST_28160,10233.776304983272,Johnson and Sons,ECOMMERCE,IN,DEBIT_CARD,7,9,0,1,19,1,1,1,SYNTHETIC_IDENTITY
CUST_72913,2037.83,"Blake, Johnston and Garrett",ECOMMERCE,CN,DEBIT_CARD,2,395,1,0,1903,0,0,1,GEOGRAPHIC_ANOMALY
CUST_45901,2322.11,Barker-Martin,EDUCATION,IN,NET_BANKING,2,545,0,0,2410,0,0,0,LEGITIMATE
CUST_98573,3945.57,Parsons Ltd,FOOD,US,NET_BANKING,4,825,0,1,606,0,0,1,PAYMENT_METHOD_ABUSE
CUST_69244,1052.92,Williams-Diaz,ECOMMERCE,NG,DEBIT_CARD,2,956,0,0,1321,0,0,0,LEGITIMATE
CUST_76870,42912.36,Powell Inc,OTHER,IN,CREDIT_CARD,13,2,1,1,707,1,1,1,MULTI_SIGNAL_ATTACK
CUST_76285,354.5,"Adams, Martinez and Ewing",OTHER,IN,NET_BANKING,4,582,0,0,1312,0,0,0,LEGITIMATE
CUST_21702,1455.97,Cline PLC,EDUCATION,GB,DEBIT_CARD,1,119,0,0,248,0,0,0,LEGITIMATE
CUST_55150,6259.22,"Mitchell, Tran and Price",EDUCATION,CN,DEBIT_CARD,1,781,0,0,1255,1,1,1,TRANSACTION_ANOMALY
CUST_98705,884.84,Rangel Inc,FOOD,US,WALLET,3,864,0,0,1858,0,0,0,LEGITIMATE
CUST_85251,774.51,Williamson-Hoffman,HEALTHCARE,CN,CREDIT_CARD,1,890,0,0,640,0,0,0,LEGITIMATE
CUST_33209,9887.67,Jones Group,ECOMMERCE,NG,CREDIT_CARD,6,1,1,1,55,1,1,1,ACCOUNT_TAKEOVER
CUST_50694,23976.4,"Dawson, Schmidt and Nguyen",FOOD,US,WALLET,21,0,1,1,662,1,1,1,MULTI_SIGNAL_ATTACK
CUST_29108,1689.95,Patel PLC,GROCERY,US,CREDIT_CARD,3,901,0,0,2007,0,0,0,LEGITIMATE
CUST_57374,3728.91,Rowe-Mann,TRAVEL,US,UPI,1,785,0,0,1744,0,0,0,LEGITIMATE
CUST_57113,1900.67,Torres-Reynolds,GROCERY,CN,NET_BANKING,3,297,0,0,956,0,0,0,LEGITIMATE
CUST_92021,534.94,"West, Adams and Roberts",HEALTHCARE,NG,UPI,2,678,0,1,64,0,0,1,PAYMENT_METHOD_ABUSE
CUST_29531,3730.88,Nelson-Cannon,ECOMMERCE,US,UPI,1,582,0,0,2398,0,0,0,LEGITIMATE
CUST_49432,690.03,Kim Ltd,FOOD,CN,NET_BANKING,2,55,0,0,1144,0,0,0,LEGITIMATE
CUST_96378,4945.28,Spencer and Sons,EDUCATION,CN,NET_BANKING,1,992,0,0,1848,0,0,0,LEGITIMATE
CUST_11688,5817.37,"Perez, Stone and Johnson",ENTERTAINMENT,NG,UPI,4,962,0,1,437,0,0,1,PAYMENT_METHOD_ABUSE
CUST_35043,3956.46,"Pineda, Stevens and Landry",EDUCATION,NG,CREDIT_CARD,3,954,0,0,1440,0,0,0,LEGITIMATE
CUST_17005,1965.4,Ford-Novak,OTHER,GB,NET_BANKING,1,815,0,0,2282,0,0,0,LEGITIMATE
CUST_98547,12338.4,Carroll Ltd,TRAVEL,IN,DEBIT_CARD,15,2,1,1,1451,1,1,1,ACCOUNT_TAKEOVER
CUST_92806,39869.93,"Nelson, Carter and Gallegos",EDUCATION,CN,CREDIT_CARD,3,688,0,0,1010,1,1,1,TRANSACTION_ANOMALY
CUST_14692,15904.94,Caldwell Inc,FOOD,CN,CREDIT_CARD,4,374,0,0,137,1,1,1,TRANSACTION_ANOMALY
CUST_69729,7215.95321558502,Butler Ltd,EDUCATION,IN,NET_BANKING,10,553,0,0,2104,0,0,1,VELOCITY_ABUSE
CUST_18796,4203.62,Johnson Inc,EDUCATION,US,WALLET,4,930,0,0,1663,0,0,0,LEGITIMATE
CUST_41641,5643.89,Ortiz Group,FOOD,CN,WALLET,2,354,0,0,897,0,0,0,LEGITIMATE
CUST_54654,916.05,Jenkins Inc,HEALTHCARE,CN,NET_BANKING,4,878,0,0,2471,0,0,0,LEGITIMATE
CUST_82372,850.0263653636725,Donaldson-Chase,ENTERTAINMENT,NG,CREDIT_CARD,26,219,0,0,490,0,0,1,VELOCITY_ABUSE
CUST_61514,597.99,Miranda Group,ENTERTAINMENT,IN,NET_BANKING,4,119,0,0,2030,0,0,0,LEGITIMATE
CUST_63357,3388.57,Larsen-Lamb,FOOD,IN,UPI,1,184,0,0,1170,0,0,0,LEGITIMATE
CUST_86811,1137.65,Carr Group,ECOMMERCE,CN,DEBIT_CARD,2,651,0,0,940,0,0,0,LEGITIMATE
CUST_68710,897.87,"Ritter, Kelley and Lowe",GROCERY,NG,CREDIT_CARD,2,795,0,0,2491,0,0,0,LEGITIMATE
CUST_15549,2052.77,Williams-Gentry,GROCERY,CN,DEBIT_CARD,4,524,0,0,2343,1,0,1,MERCHANT_ANOMALY
CUST_91749,40429.11,Richards-Tran,FOOD,GB,NET_BANKING,1,278,0,0,1795,1,1,1,TRANSACTION_ANOMALY
CUST_48916,5729.047550108281,"Robertson, Haley and Clark",ECOMMERCE,NG,WALLET,10,381,0,0,979,0,0,1,VELOCITY_ABUSE
CUST_91933,3843.03,Gould Inc,EDUCATION,US,CREDIT_CARD,4,970,0,0,816,0,0,0,LEGITIMATE
CUST_24660,2286.01,Bishop PLC,FOOD,IN,WALLET,2,928,0,0,1465,0,0,0,LEGITIMATE
CUST_73968,1378.08,Dickerson LLC,TRAVEL,US,DEBIT_CARD,1,272,0,0,244,0,0,0,LEGITIMATE
CUST_59361,1473.18,Holloway LLC,ECOMMERCE,GB,NET_BANKING,4,476,0,0,189,0,0,0,LEGITIMATE
CUST_42412,428.89,Jones-Montgomery,GROCERY,US,WALLET,4,369,1,0,2363,0,0,1,GEOGRAPHIC_ANOMALY
CUST_74055,9158.4,Green Inc,ENTERTAINMENT,US,NET_BANKING,9,3,1,1,1835,1,1,1,ACCOUNT_TAKEOVER
CUST_70727,6428.49,Dunn LLC,HEALTHCARE,NG,NET_BANKING,2,281,0,0,1484,0,0,0,LEGITIMATE
CUST_72197,602.58,Green Inc,ECOMMERCE,IN,UPI,4,961,0,0,521,0,0,0,LEGITIMATE
CUST_24526,3741.9,"Kent, James and Wilson",GROCERY,GB,WALLET,1,238,0,0,1735,0,0,0,LEGITIMATE
CUST_99192,1607.79,Blake-Velasquez,FOOD,CN,DEBIT_CARD,1,468,0,0,1829,0,0,0,LEGITIMATE
CUST_86062,1290.74,Phillips LLC,ECOMMERCE,GB,WALLET,2,680,0,0,1157,0,0,0,LEGITIMATE
CUST_92972,3777.82,"Reed, Walker and Garcia",ENTERTAINMENT,US,UPI,2,840,0,0,1932,0,0,0,LEGITIMATE
CUST_91245,4410.8,Patterson-Ryan,OTHER,CN,CREDIT_CARD,2,948,0,0,2301,1,1,1,TRANSACTION_ANOMALY
CUST_90001,2004.11,Castillo-Jones,EDUCATION,GB,CREDIT_CARD,1,418,0,1,767,0,0,1,PAYMENT_METHOD_ABUSE
CUST_25817,29334.631232001953,Bird Ltd,GROCERY,CN,DEBIT_CARD,8,5,0,1,12,1,1,1,SYNTHETIC_IDENTITY
CUST_58492,25722.5,"Richardson, Snyder and Rivera",GROCERY,GB,CREDIT_CARD,14,0,1,1,2293,1,1,1,MULTI_SIGNAL_ATTACK
CUST_12321,5531.352064091187,"Francis, Duncan and Myers",ENTERTAINMENT,NG,DEBIT_CARD,25,281,0,0,194,0,0,1,VELOCITY_ABUSE
CUST_41957,4435.07,Owen-Porter,FOOD,NG,CREDIT_CARD,4,708,0,0,1758,0,0,0,LEGITIMATE
CUST_79116,297.29,Santiago Group,FOOD,US,WALLET,1,734,0,0,1885,0,0,0,LEGITIMATE
CUST_96536,2319.18,"Hanson, Freeman and Green",HEALTHCARE,CN,CREDIT_CARD,3,875,0,0,481,0,0,0,LEGITIMATE
CUST_73107,5331.679826785223,Caldwell-Hernandez,HEALTHCARE,IN,DEBIT_CARD,20,50,0,0,784,0,0,1,VELOCITY_ABUSE
CUST_20540,412.57,"Matthews, Holmes and Hampton",GROCERY,IN,CREDIT_CARD,3,993,0,0,2015,1,0,1,MERCHANT_ANOMALY
CUST_95543,2810.89,Nixon Inc,FOOD,NG,WALLET,1,698,0,0,474,1,0,1,MERCHANT_ANOMALY
CUST_87254,6286.993668419539,Young-Page,ECOMMERCE,US,DEBIT_CARD,18,691,0,0,1109,0,0,1,VELOCITY_ABUSE
CUST_99953,2968.26,"Evans, Smith and Braun",FOOD,US,DEBIT_CARD,1,174,0,0,892,0,0,0,LEGITIMATE
CUST_53391,1149.34,"Reeves, Johnson and Pena",ECOMMERCE,US,CREDIT_CARD,2,168,0,0,2140,0,0,0,LEGITIMATE
CUST_28305,3796.37,Charles-Garcia,GROCERY,GB,UPI,4,1000,1,0,2042,0,0,1,GEOGRAPHIC_ANOMALY
CUST_75076,29324.99,Huerta-Durham,FOOD,NG,CREDIT_CARD,11,3,1,1,971,1,1,1,ACCOUNT_TAKEOVER
CUST_72978,6455.6,Roberson Ltd,HEALTHCARE,GB,DEBIT_CARD,2,776,0,0,2191,0,0,0,LEGITIMATE
CUST_41772,8582.09,Williams Group,ENTERTAINMENT,NG,DEBIT_CARD,6,1,1,1,1466,1,1,1,ACCOUNT_TAKEOVER
CUST_61340,2362.92,Hale Ltd,HEALTHCARE,CN,CREDIT_CARD,2,279,0,0,900,0,0,0,LEGITIMATE
CUST_59025,4854.19,Mccarthy-Gilbert,EDUCATION,CN,DEBIT_CARD,4,599,1,0,429,0,0,1,GEOGRAPHIC_ANOMALY
CUST_99186,1761.09,Welch-Young,EDUCATION,GB,DEBIT_CARD,1,280,1,0,1877,0,0,1,GEOGRAPHIC_ANOMALY
CUST_66751,883.41,"Jackson, Larson and Jones",OTHER,US,DEBIT_CARD,2,995,0,0,45,0,0,0,LEGITIMATE
CUST_69020,700.09,Moore Inc,OTHER,NG,CREDIT_CARD,1,46,0,0,582,0,0,0,LEGITIMATE
CUST_86998,217.89,Ramirez-Smith,FOOD,GB,CREDIT_CARD,2,649,0,0,2033,0,0,0,LEGITIMATE
CUST_92625,1622.11,Maldonado LLC,EDUCATION,IN,NET_BANKING,3,676,0,1,1113,0,0,1,PAYMENT_METHOD_ABUSE
CUST_56523,15574.22,"Herrera, Williams and Harmon",ENTERTAINMENT,IN,CREDIT_CARD,2,194,0,0,2176,1,1,1,TRANSACTION_ANOMALY
CUST_49083,9557.518219315007,"Bright, Rios and Mccoy",ECOMMERCE,US,CREDIT_CARD,3,10,0,1,25,1,1,1,SYNTHETIC_IDENTITY
CUST_16594,419.47,Thomas LLC,HEALTHCARE,US,NET_BANKING,2,640,0,0,1215,0,0,0,LEGITIMATE
CUST_36051,782.85,"Bailey, Jones and Clark",HEALTHCARE,NG,WALLET,2,54,0,0,37,0,0,0,LEGITIMATE
CUST_69376,4034.89,"Ramirez, Anderson and Brooks",GROCERY,US,CREDIT_CARD,3,432,0,0,1486,0,0,0,LEGITIMATE
CUST_87856,3276.13,"Solomon, Navarro and Collins",EDUCATION,IN,CREDIT_CARD,1,302,0,0,897,0,0,0,LEGITIMATE
CUST_41691,6350.638817902998,Pitts-Ashley,ENTERTAINMENT,CN,UPI,21,388,0,0,2187,0,0,1,VELOCITY_ABUSE
CUST_27313,443.25,Harris-Diaz,ECOMMERCE,CN,CREDIT_CARD,4,421,0,0,2028,0,0,0,LEGITIMATE
CUST_40060,3436.68,Lawson Group,TRAVEL,GB,NET_BANKING,4,527,0,0,793,0,0,0,LEGITIMATE
CUST_43916,3960.47,Browning-Williams,FOOD,NG,DEBIT_CARD,2,923,0,0,2280,0,0,0,LEGITIMATE
CUST_11029,1387.39,Martinez-Smith,HEALTHCARE,CN,NET_BANKING,3,284,0,0,976,0,0,0,LEGITIMATE
CUST_19165,3184.22,Lindsey-Medina,FOOD,IN,DEBIT_CARD,3,195,0,0,1247,0,0,0,LEGITIMATE
CUST_90254,7207.14,"Smith, Douglas and Nelson",ENTERTAINMENT,US,NET_BANKING,3,939,0,0,1537,1,1,1,TRANSACTION_ANOMALY
CUST_11558,2744.5,Boyd LLC,HEALTHCARE,NG,NET_BANKING,2,704,0,0,2228,0,0,0,LEGITIMATE
CUST_81445,3365.32,"Welch, Santiago and Johnson",FOOD,US,DEBIT_CARD,3,687,0,0,1404,0,0,0,LEGITIMATE
CUST_21881,6223.67,"Wilson, Fleming and Johnson",HEALTHCARE,GB,CREDIT_CARD,4,297,0,0,1685,0,0,0,LEGITIMATE
CUST_80829,7478.24,Hansen Inc,ECOMMERCE,IN,DEBIT_CARD,1,274,0,0,1983,0,0,0,LEGITIMATE
CUST_90419,4207.51,Carey-Herrera,ENTERTAINMENT,US,DEBIT_CARD,3,662,1,0,1533,0,0,1,GEOGRAPHIC_ANOMALY
CUST_27720,2517.63,"Peterson, Watson and Wong",GROCERY,CN,NET_BANKING,4,238,0,0,313,0,0,0,LEGITIMATE
CUST_99750,2461.57,"Smith, Bryan and Castro",TRAVEL,US,UPI,2,469,0,0,1603,0,0,0,LEGITIMATE
CUST_53720,6762.9501094741845,Rhodes PLC,FOOD,CN,UPI,20,869,0,0,1520,0,0,1,VELOCITY_ABUSE
CUST_21011,6889.32,"Oconnor, Beard and Dean",OTHER,US,UPI,4,980,0,0,1995,0,0,0,LEGITIMATE
CUST_88001,2795.28,Mora and Sons,GROCERY,CN,UPI,3,416,0,0,790,0,0,0,LEGITIMATE
CUST_22927,861.95,Flores LLC,HEALTHCARE,US,DEBIT_CARD,3,996,0,0,1872,0,0,0,LEGITIMATE
CUST_48098,1955.77,Rivera Group,EDUCATION,IN,NET_BANKING,1,730,0,0,2071,0,0,0,LEGITIMATE
CUST_30562,2972.56,Price PLC,TRAVEL,IN,WALLET,1,773,0,0,1609,0,0,0,LEGITIMATE
CUST_68653,2851.12,Boyer PLC,GROCERY,IN,NET_BANKING,2,825,0,0,296,0,0,0,LEGITIMATE
CUST_35473,3322.84,Smith-Fuller,EDUCATION,GB,WALLET,1,93,0,0,623,0,0,0,LEGITIMATE
CUST_81090,1828.9,"Rhodes, Sims and Wright",ENTERTAINMENT,IN,WALLET,3,426,0,0,2223,0,0,0,LEGITIMATE
CUST_99992,1045.93,"Wright, Soto and Ford",FOOD,GB,DEBIT_CARD,2,177,0,1,1377,0,0,1,PAYMENT_METHOD_ABUSE
CUST_65639,1985.88,Robertson-Salazar,TRAVEL,US,CREDIT_CARD,3,872,0,0,367,0,0,0,LEGITIMATE
CUST_28907,2919.56,Bentley Inc,EDUCATION,NG,WALLET,2,847,0,1,347,0,0,1,PAYMENT_METHOD_ABUSE
CUST_52351,33494.68,"Knight, Hopkins and Jackson",EDUCATION,GB,UPI,11,3,1,1,1791,1,1,1,MULTI_SIGNAL_ATTACK
CUST_20559,977.48,"Johnson, King and Guzman",OTHER,NG,DEBIT_CARD,1,572,0,0,2166,0,0,0,LEGITIMATE
CUST_68150,1217.06,"Shaffer, Burnett and Hogan",ECOMMERCE,CN,DEBIT_CARD,4,297,0,0,104,0,0,0,LEGITIMATE
CUST_68301,1298.96,"Cook, Clark and Nunez",OTHER,CN,DEBIT_CARD,1,269,0,0,655,0,0,0,LEGITIMATE
CUST_64647,1940.1,Lucas Ltd,ECOMMERCE,GB,NET_BANKING,4,166,0,0,298,0,0,0,LEGITIMATE
CUST_16020,2566.96,Chapman-Thompson,TRAVEL,NG,CREDIT_CARD,3,757,0,0,751,0,0,0,LEGITIMATE
CUST_90892,2915.23,Smith Ltd,HEALTHCARE,US,CREDIT_CARD,2,316,0,0,1703,1,0,1,MERCHANT_ANOMALY
CUST_24231,2924.08,Rosales Group,FOOD,US,UPI,2,113,0,0,558,0,0,0,LEGITIMATE
CUST_56070,3506.36,"Pearson, Ward and Woods",HEALTHCARE,US,UPI,1,287,0,0,2162,0,0,0,LEGITIMATE
CUST_38719,439.31,Skinner-Hurst,TRAVEL,US,UPI,4,999,0,0,1283,0,0,0,LEGITIMATE
CUST_98151,250.09,Armstrong-Mahoney,GROCERY,US,UPI,1,398,0,0,2438,0,0,0,LEGITIMATE
CUST_87620,898.49,Wilcox-Day,TRAVEL,NG,WALLET,2,559,0,0,1272,0,0,0,LEGITIMATE
CUST_42363,2040.68,Nixon Ltd,OTHER,US,CREDIT_CARD,1,311,0,0,1474,0,0,0,LEGITIMATE
CUST_88697,4972.7,"Morris, Tran and Wilson",ENTERTAINMENT,US,DEBIT_CARD,9,1,1,1,1990,1,1,1,ACCOUNT_TAKEOVER
CUST_33879,4720.53,Sharp-Davis,FOOD,GB,NET_BANKING,2,811,0,0,958,0,0,0,LEGITIMATE
CUST_20456,2340.7,"Lawrence, Perez and Long",GROCERY,CN,CREDIT_CARD,4,43,0,0,461,0,0,0,LEGITIMATE
CUST_91427,5725.29,Watts PLC,TRAVEL,IN,NET_BANKING,1,606,0,0,128,0,0,0,LEGITIMATE
CUST_98106,2952.66,"White, Drake and Walker",GROCERY,GB,DEBIT_CARD,3,231,0,0,2233,0,0,0,LEGITIMATE
CUST_21914,4286.66,"Baker, Nichols and Rogers",FOOD,US,CREDIT_CARD,4,155,0,0,1469,0,0,0,LEGITIMATE
CUST_71894,4502.9,Jones-Evans,TRAVEL,CN,DEBIT_CARD,1,406,0,1,2171,0,0,1,PAYMENT_METHOD_ABUSE
CUST_65410,3729.47,Lee-Boyer,EDUCATION,NG,UPI,3,692,0,0,2304,0,0,0,LEGITIMATE
CUST_12335,20949.81,Glover Ltd,ECOMMERCE,GB,WALLET,4,982,0,0,1194,1,1,1,TRANSACTION_ANOMALY
CUST_60615,4573.26,"Allen, Cobb and Ruiz",TRAVEL,GB,WALLET,4,108,0,0,2028,0,0,0,LEGITIMATE
CUST_19659,4230.6,Smith PLC,ECOMMERCE,CN,UPI,1,268,0,0,856,0,0,0,LEGITIMATE
CUST_41933,5589.35,Kim-Harris,TRAVEL,IN,NET_BANKING,3,357,0,0,511,0,0,0,LEGITIMATE
CUST_50576,2337.51,"Phillips, Marsh and Robinson",ECOMMERCE,NG,WALLET,1,315,0,0,1996,0,0,0,LEGITIMATE
CUST_85840,8999.99,"Webb, Gregory and Bush",FOOD,IN,CREDIT_CARD,24,0,1,1,1971,1,1,1,MULTI_SIGNAL_ATTACK
CUST_10193,13352.66,Baldwin-Williams,OTHER,IN,NET_BANKING,10,3,1,1,688,1,1,1,ACCOUNT_TAKEOVER
CUST_67686,8959.71,Bryant-Ramirez,ENTERTAINMENT,GB,CREDIT_CARD,13,3,1,1,1773,1,1,1,ACCOUNT_TAKEOVER
CUST_38164,5473.82,King Group,ENTERTAINMENT,CN,CREDIT_CARD,3,139,0,0,1453,0,0,0,LEGITIMATE
CUST_68092,4795.6,"Vargas, Ellis and Kidd",ENTERTAINMENT,GB,UPI,2,353,0,0,1288,0,0,0,LEGITIMATE
CUST_80906,700.18,Sims Ltd,HEALTHCARE,US,UPI,2,281,0,0,771,0,0,0,LEGITIMATE
CUST_80169,2364.7,Moore-Cohen,FOOD,CN,NET_BANKING,1,319,0,0,271,0,0,0,LEGITIMATE
CUST_37374,1297.75,"Mitchell, Williams and Cantrell",GROCERY,IN,CREDIT_CARD,3,995,0,0,2218,0,0,0,LEGITIMATE
CUST_88143,572.29,Moore Inc,OTHER,IN,NET_BANKING,3,556,0,0,1471,0,0,0,LEGITIMATE
CUST_66229,3805.72,"Navarro, Chandler and Hubbard",FOOD,CN,NET_BANKING,2,907,0,0,2102,0,0,0,LEGITIMATE
CUST_39539,3753.13,"Blair, Thompson and Hall",FOOD,US,CREDIT_CARD,1,149,0,0,2308,0,0,0,LEGITIMATE
CUST_46548,3811.13,Taylor Group,TRAVEL,NG,CREDIT_CARD,1,617,0,0,2499,0,0,0,LEGITIMATE
CUST_77060,641.55,"Gilmore, Reynolds and Molina",OTHER,GB,WALLET,2,717,0,0,2496,0,0,0,LEGITIMATE
CUST_60458,2954.1,Herrera and Sons,GROCERY,CN,NET_BANKING,4,66,0,0,1082,0,0,0,LEGITIMATE
CUST_38956,2414.71,"Sanchez, Carter and Payne",TRAVEL,NG,DEBIT_CARD,2,217,0,0,988,0,0,0,LEGITIMATE
CUST_41417,2283.02,Phillips Inc,OTHER,US,UPI,2,506,0,0,1561,0,0,0,LEGITIMATE
CUST_14867,276.68,Heath-Gomez,TRAVEL,NG,UPI,4,185,0,0,1394,0,0,0,LEGITIMATE
CUST_16068,3172.38,Morton-Price,EDUCATION,NG,WALLET,4,538,0,1,1706,0,0,1,PAYMENT_METHOD_ABUSE
CUST_70974,1118.83,Brown-Vincent,OTHER,NG,CREDIT_CARD,3,866,0,0,2269,0,0,0,LEGITIMATE
CUST_75882,143.24,Johnson-Guzman,OTHER,NG,DEBIT_CARD,4,247,0,0,893,0,0,0,LEGITIMATE
CUST_27047,3165.2,"Powell, Pearson and Bowen",EDUCATION,CN,UPI,2,440,0,0,1400,0,0,0,LEGITIMATE
CUST_70993,13179.22,"Dennis, Weaver and Foster",FOOD,IN,WALLET,9,0,1,1,104,1,1,1,ACCOUNT_TAKEOVER
CUST_43735,1233.42,West Ltd,GROCERY,NG,CREDIT_CARD,3,969,0,0,869,0,0,0,LEGITIMATE
CUST_10829,1578.09,Mcdaniel and Sons,ECOMMERCE,GB,UPI,3,698,0,0,72,0,0,0,LEGITIMATE
CUST_82711,2092.46,"Jones, Davis and Cardenas",HEALTHCARE,US,UPI,1,782,0,0,1231,0,0,0,LEGITIMATE
CUST_67866,1780.86,Wells-Adams,ECOMMERCE,GB,NET_BANKING,2,221,0,0,2162,0,0,0,LEGITIMATE
CUST_57049,1968.59,Khan-Osborn,TRAVEL,NG,NET_BANKING,2,690,0,0,1987,1,0,1,MERCHANT_ANOMALY
CUST_44214,1757.53,Jones-Welch,ECOMMERCE,IN,NET_BANKING,6,1,1,1,1697,1,1,1,ACCOUNT_TAKEOVER
CUST_85150,4309.27,"Ferguson, Keller and Delacruz",FOOD,NG,WALLET,2,316,0,0,1311,0,0,0,LEGITIMATE
CUST_50306,1685.52,"Peterson, Turner and Williams",ENTERTAINMENT,CN,DEBIT_CARD,3,675,0,0,1512,0,0,0,LEGITIMATE
CUST_19890,2416.99,Powers-Maddox,EDUCATION,US,WALLET,2,925,0,0,675,0,0,0,LEGITIMATE
CUST_92573,2668.29,Grant-Morris,FOOD,US,CREDIT_CARD,3,168,0,0,2083,0,0,0,LEGITIMATE
CUST_22927,1440.6,Wilson-Martinez,OTHER,IN,DEBIT_CARD,2,217,0,0,205,0,0,0,LEGITIMATE
CUST_93809,10232.55,Randall-Rubio,ECOMMERCE,CN,UPI,3,551,0,0,1472,1,1,1,TRANSACTION_ANOMALY
CUST_12399,3259.88,Gonzalez Inc,HEALTHCARE,GB,WALLET,3,952,0,0,780,0,0,0,LEGITIMATE
CUST_68162,2795.98,Copeland Inc,ECOMMERCE,NG,WALLET,4,37,0,0,885,0,0,0,LEGITIMATE
CUST_81245,5127.76,Adams-Parsons,GROCERY,GB,DEBIT_CARD,3,841,0,0,1500,0,0,0,LEGITIMATE
CUST_86926,981.59,"Wiggins, Taylor and Brown",ECOMMERCE,GB,UPI,3,999,0,0,478,0,0,0,LEGITIMATE
CUST_88026,7171.585359544989,"Wood, Braun and Briggs",FOOD,CN,NET_BANKING,23,93,0,0,1334,0,0,1,VELOCITY_ABUSE
CUST_91040,916.71,Hunt PLC,ECOMMERCE,NG,NET_BANKING,1,128,0,0,2312,0,0,0,LEGITIMATE
CUST_55231,2384.64,Smith-Harris,OTHER,GB,DEBIT_CARD,1,155,1,0,780,0,0,1,GEOGRAPHIC_ANOMALY
CUST_81600,1253.71,"Delgado, Green and Mccarthy",GROCERY,NG,UPI,3,326,0,0,2055,0,0,0,LEGITIMATE
CUST_16578,1537.67,"Jacobs, Myers and Suarez",GROCERY,IN,DEBIT_CARD,4,552,0,0,2361,0,0,0,LEGITIMATE
CUST_29992,2990.16,"Wong, Tucker and Richardson",ECOMMERCE,CN,CREDIT_CARD,2,915,0,0,1357,0,0,0,LEGITIMATE
CUST_14087,7019.912495977622,Walker-Weber,ECOMMERCE,CN,UPI,16,685,0,0,978,0,0,1,VELOCITY_ABUSE
CUST_43129,6077.26,"Boyle, Cabrera and Hays",HEALTHCARE,IN,UPI,4,586,0,0,30,1,0,1,MERCHANT_ANOMALY
CUST_17968,2762.97,Park-Rogers,ECOMMERCE,IN,DEBIT_CARD,4,391,0,0,1735,0,0,0,LEGITIMATE
CUST_76292,3491.91,Lane-Taylor,GROCERY,NG,DEBIT_CARD,1,862,1,0,1338,0,0,1,GEOGRAPHIC_ANOMALY
CUST_52282,56070.95,"Jones, Miller and Clark",GROCERY,NG,WALLET,2,859,0,0,1095,1,1,1,TRANSACTION_ANOMALY
CUST_61303,4852.27,"Miller, Jones and Oliver",TRAVEL,GB,UPI,1,478,0,0,304,0,0,0,LEGITIMATE
CUST_73222,4371.73,Morris and Sons,OTHER,CN,WALLET,7,1,1,1,2495,1,1,1,ACCOUNT_TAKEOVER
CUST_52264,1936.1,Scott PLC,OTHER,IN,NET_BANKING,3,852,0,0,210,0,0,0,LEGITIMATE
CUST_81619,27105.74,Wright Inc,TRAVEL,CN,DEBIT_CARD,12,0,1,1,2460,1,1,1,ACCOUNT_TAKEOVER
CUST_70826,2862.89,"Powers, Hunt and Thomas",EDUCATION,CN,CREDIT_CARD,4,947,0,0,107,0,0,0,LEGITIMATE
CUST_52101,22751.980743114025,Butler PLC,HEALTHCARE,CN,WALLET,5,2,0,1,6,1,1,1,SYNTHETIC_IDENTITY
CUST_21215,659.37,Hernandez-Harvey,OTHER,GB,CREDIT_CARD,3,730,1,0,2141,0,0,1,GEOGRAPHIC_ANOMALY
CUST_55067,1217.74,"Douglas, Alvarez and Palmer",EDUCATION,CN,CREDIT_CARD,3,60,0,0,318,0,0,0,LEGITIMATE
CUST_80938,1854.54,"Hansen, Oneill and Morgan",OTHER,NG,WALLET,1,849,0,0,1183,0,0,0,LEGITIMATE
CUST_28203,106.77,Jordan LLC,ECOMMERCE,GB,WALLET,1,907,0,0,1895,0,0,0,LEGITIMATE
CUST_83736,1366.38,Taylor Inc,HEALTHCARE,CN,UPI,1,450,0,0,444,0,0,0,LEGITIMATE
CUST_27641,3373.64,"Dixon, Ramos and Graham",HEALTHCARE,NG,DEBIT_CARD,3,542,0,0,254,0,0,0,LEGITIMATE
CUST_93083,1910.1320466170218,Bryant Ltd,OTHER,IN,DEBIT_CARD,10,224,0,0,1647,0,0,1,VELOCITY_ABUSE
CUST_64724,18388.63,Hale Inc,ECOMMERCE,US,CREDIT_CARD,3,374,0,0,2270,1,1,1,TRANSACTION_ANOMALY
CUST_42802,4850.57,Arias-Gilbert,HEALTHCARE,CN,WALLET,2,178,0,1,2376,0,0,1,PAYMENT_METHOD_ABUSE
CUST_21248,1058.77,"Schultz, Robinson and Huff",TRAVEL,US,CREDIT_CARD,1,812,0,0,162,0,0,0,LEGITIMATE
CUST_51883,346.59,Hunter Inc,HEALTHCARE,US,UPI,4,870,0,0,206,0,0,0,LEGITIMATE
CUST_32609,3609.55,Sanchez LLC,EDUCATION,US,UPI,4,46,0,0,1247,0,0,0,LEGITIMATE
CUST_72250,1609.84,Gentry PLC,ENTERTAINMENT,US,UPI,3,368,0,0,113,0,0,0,LEGITIMATE
CUST_27915,13935.3,"Perkins, Price and Brock",TRAVEL,CN,CREDIT_CARD,16,0,1,1,2016,1,1,1,MULTI_SIGNAL_ATTACK
CUST_85294,2917.5,"Phillips, Ward and Oconnor",HEALTHCARE,CN,UPI,2,653,0,0,231,0,0,0,LEGITIMATE
CUST_29239,18913.33,Clark-Harris,EDUCATION,US,NET_BANKING,25,2,1,1,1261,1,1,1,MULTI_SIGNAL_ATTACK
CUST_11662,661.51,Davis-Oconnor,ECOMMERCE,CN,WALLET,2,147,0,0,84,1,0,1,MERCHANT_ANOMALY
CUST_66616,8476.29,Campbell Group,ENTERTAINMENT,CN,DEBIT_CARD,2,406,0,0,1933,1,1,1,TRANSACTION_ANOMALY
CUST_49479,6274.9,Stokes PLC,OTHER,IN,NET_BANKING,1,846,0,0,1485,0,0,0,LEGITIMATE
CUST_51503,3110.32,"Watkins, Benson and Clark",ECOMMERCE,NG,WALLET,3,995,0,0,1551,0,0,0,LEGITIMATE
CUST_99230,2784.61,"Chavez, Mcintyre and Perez",TRAVEL,GB,UPI,4,791,0,0,511,0,0,0,LEGITIMATE
CUST_48767,245.54,Dixon and Sons,FOOD,US,DEBIT_CARD,4,791,0,0,624,0,0,0,LEGITIMATE
CUST_37983,2091.94,Lawrence LLC,GROCERY,IN,CREDIT_CARD,2,211,0,0,1723,0,0,0,LEGITIMATE
CUST_42014,18884.08005035666,"Mcdonald, Ferguson and Ellis",HEALTHCARE,NG,DEBIT_CARD,7,3,0,1,16,1,1,1,SYNTHETIC_IDENTITY
CUST_11955,2816.58,"Jones, Thomas and Nelson",ENTERTAINMENT,IN,NET_BANKING,2,762,0,0,2010,0,0,0,LEGITIMATE
CUST_53302,1468.18,Chang-Hampton,GROCERY,GB,DEBIT_CARD,1,283,0,0,480,0,0,0,LEGITIMATE
CUST_84604,5191.74,Garcia PLC,GROCERY,CN,UPI,1,725,0,0,829,0,0,0,LEGITIMATE
CUST_69071,3779.28,Smith Inc,FOOD,IN,DEBIT_CARD,4,531,0,1,855,0,0,1,PAYMENT_METHOD_ABUSE
CUST_41194,607.0,"Spencer, York and Knight",HEALTHCARE,CN,WALLET,1,836,0,0,2089,0,0,0,LEGITIMATE
CUST_22655,3431.74,"Wagner, Mcdonald and Hoffman",GROCERY,CN,DEBIT_CARD,14,3,1,1,1572,1,1,1,MULTI_SIGNAL_ATTACK
CUST_47043,2605.21,"Mahoney, Vaughn and Moody",ENTERTAINMENT,GB,NET_BANKING,4,666,0,0,61,0,0,0,LEGITIMATE
CUST_78173,2250.84,Williamson-Brown,TRAVEL,US,WALLET,1,196,0,0,951,0,0,0,LEGITIMATE
CUST_76439,2413.2,Tran Ltd,FOOD,NG,WALLET,1,112,0,0,58,0,0,0,LEGITIMATE
CUST_85416,3376.4,Benson-Berger,ECOMMERCE,US,NET_BANKING,4,634,0,0,2184,1,0,1,MERCHANT_ANOMALY
CUST_75055,2042.74,Stewart-Woodard,OTHER,GB,NET_BANKING,4,531,0,0,2154,0,0,0,LEGITIMATE
CUST_47075,4231.29,"Patton, Ford and Torres",FOOD,GB,UPI,3,249,0,0,1087,0,0,0,LEGITIMATE
CUST_73080,5824.18,Lang-Davis,TRAVEL,NG,UPI,2,977,0,0,1405,0,0,0,LEGITIMATE
CUST_80607,4146.09,Turner Group,GROCERY,NG,CREDIT_CARD,3,390,0,0,506,0,0,0,LEGITIMATE
CUST_75800,2476.03,"Smith, Graves and Lowe",HEALTHCARE,GB,NET_BANKING,4,299,0,0,1147,0,0,0,LEGITIMATE
CUST_14575,910.07,"Cummings, Davis and Li",ENTERTAINMENT,IN,WALLET,3,471,0,0,1861,0,0,0,LEGITIMATE
CUST_58709,3653.13,Lee-Ortiz,ENTERTAINMENT,CN,CREDIT_CARD,4,287,0,0,616,0,0,0,LEGITIMATE
CUST_52069,2176.27,Perez LLC,FOOD,US,DEBIT_CARD,2,462,0,0,1176,0,0,0,LEGITIMATE
CUST_51824,1391.3,"Garcia, Maddox and Anderson",ENTERTAINMENT,US,NET_BANKING,4,819,0,0,436,0,0,0,LEGITIMATE
CUST_39372,2779.85,"Moore, Fisher and White",GROCERY,CN,CREDIT_CARD,2,876,0,0,829,0,0,0,LEGITIMATE
CUST_99497,2275.74,Nash-Serrano,HEALTHCARE,US,DEBIT_CARD,4,131,0,0,370,1,0,1,MERCHANT_ANOMALY
CUST_43353,5118.99,Kerr Group,FOOD,GB,CREDIT_CARD,4,739,0,0,649,0,0,0,LEGITIMATE
CUST_48794,3672.52,"Shields, Reed and Davis",ECOMMERCE,US,CREDIT_CARD,1,998,0,0,772,0,0,0,LEGITIMATE
CUST_38440,2343.25,"Parker, Nichols and Macdonald",OTHER,NG,UPI,1,667,0,0,731,0,0,0,LEGITIMATE
CUST_67995,5751.96,Jones-Cummings,FOOD,NG,UPI,2,441,0,0,510,0,0,0,LEGITIMATE
CUST_29026,1132.53,Krause PLC,FOOD,GB,WALLET,3,168,0,0,1830,0,0,0,LEGITIMATE
CUST_87656,4899.84,Steele LLC,ENTERTAINMENT,CN,DEBIT_CARD,4,593,0,0,1992,0,0,0,LEGITIMATE
CUST_51575,407.49,Braun Group,TRAVEL,NG,DEBIT_CARD,3,732,0,1,538,0,0,1,PAYMENT_METHOD_ABUSE
CUST_69050,4163.51,"Carter, Dennis and Peterson",GROCERY,IN,CREDIT_CARD,6,0,1,1,1190,1,1,1,ACCOUNT_TAKEOVER
CUST_23298,15594.43,"Graham, Jefferson and Hubbard",ENTERTAINMENT,US,CREDIT_CARD,11,1,1,1,2036,1,1,1,MULTI_SIGNAL_ATTACK
CUST_70678,3827.29,Martin Inc,GROCERY,US,NET_BANKING,4,816,0,0,45,0,0,0,LEGITIMATE
CUST_17362,2599.67,"Gonzalez, Rodriguez and Williams",ECOMMERCE,CN,CREDIT_CARD,1,970,0,0,357,0,0,0,LEGITIMATE
CUST_16788,2567.41,"Hernandez, Spencer and Barton",FOOD,IN,WALLET,4,531,1,0,1879,0,0,1,GEOGRAPHIC_ANOMALY
CUST_99928,1716.48,Gonzalez-Hernandez,GROCERY,CN,NET_BANKING,3,835,0,0,1678,0,0,0,LEGITIMATE
CUST_92780,1364.82,"Anderson, Ramos and Nguyen",FOOD,GB,UPI,4,328,0,0,1308,1,0,1,MERCHANT_ANOMALY
CUST_75807,625.26,Walters-Mullins,ENTERTAINMENT,NG,UPI,2,535,0,0,1762,0,0,0,LEGITIMATE
CUST_64464,1844.85,"King, Stevenson and Hamilton",ECOMMERCE,CN,CREDIT_CARD,3,124,0,0,1756,0,0,0,LEGITIMATE
CUST_71102,571.53,"Vazquez, Brown and Farmer",TRAVEL,US,CREDIT_CARD,1,596,0,0,2238,0,0,0,LEGITIMATE
CUST_64048,1460.61,Woodward-Baker,GROCERY,GB,NET_BANKING,3,456,0,0,2149,0,0,0,LEGITIMATE
CUST_87312,14826.27,Davis-Ford,ECOMMERCE,CN,CREDIT_CARD,4,546,0,0,2043,1,1,1,TRANSACTION_ANOMALY
CUST_49679,2086.88,Harris Group,TRAVEL,GB,DEBIT_CARD,4,41,0,0,753,0,0,0,LEGITIMATE
CUST_12155,3731.05,Fuller-Chavez,HEALTHCARE,US,CREDIT_CARD,4,972,0,0,1389,0,0,0,LEGITIMATE
CUST_33056,2080.58,"Leonard, Thomas and Perry",EDUCATION,NG,CREDIT_CARD,3,40,0,0,1371,0,0,0,LEGITIMATE
CUST_81907,768.6,"Abbott, Garcia and Hawkins",OTHER,NG,UPI,3,508,0,0,1149,0,0,0,LEGITIMATE
CUST_25309,2334.29,Herman Inc,EDUCATION,IN,DEBIT_CARD,2,276,0,0,727,0,0,0,LEGITIMATE
CUST_34126,74.02,"Sherman, Camacho and Mckay",EDUCATION,IN,CREDIT_CARD,2,475,0,0,165,0,0,0,LEGITIMATE
CUST_82574,6532.459270055415,Flores-Rocha,OTHER,US,UPI,17,202,0,0,1444,0,0,1,VELOCITY_ABUSE
CUST_57017,5402.675505177403,Levy-Montoya,HEALTHCARE,US,WALLET,30,271,0,0,685,0,0,1,VELOCITY_ABUSE
CUST_61285,5507.27,"Garrison, White and Ball",ENTERTAINMENT,CN,WALLET,1,354,0,0,285,0,0,0,LEGITIMATE
CUST_52846,3194.84,Gonzalez and Sons,FOOD,CN,DEBIT_CARD,1,843,0,0,1354,0,0,0,LEGITIMATE
CUST_97940,4068.58,"Walsh, Walters and Weiss",HEALTHCARE,CN,CREDIT_CARD,2,305,0,0,1303,0,0,0,LEGITIMATE
CUST_27971,5030.1924599570375,"Hanna, Galloway and Adams",ENTERTAINMENT,NG,NET_BANKING,20,234,0,0,1342,0,0,1,VELOCITY_ABUSE
CUST_68693,3293.01,Tyler-Dennis,HEALTHCARE,IN,DEBIT_CARD,3,634,1,0,1802,0,0,1,GEOGRAPHIC_ANOMALY
CUST_78585,14494.63,King-Cox,OTHER,US,DEBIT_CARD,12,3,1,1,1136,1,1,1,ACCOUNT_TAKEOVER
CUST_19640,19571.36,Smith PLC,GROCERY,US,UPI,21,1,1,1,1246,1,1,1,MULTI_SIGNAL_ATTACK
CUST_78812,1702.39,Lawson-Brown,HEALTHCARE,CN,DEBIT_CARD,1,429,0,0,1410,0,0,0,LEGITIMATE
CUST_48328,3510.67,"Banks, Harper and Bray",FOOD,IN,CREDIT_CARD,2,822,0,0,705,0,0,0,LEGITIMATE
CUST_95809,3688.85,Hudson-Jackson,HEALTHCARE,GB,DEBIT_CARD,1,696,0,0,1365,0,1,1,TRANSACTION_ANOMALY
CUST_85568,1528.98,King-Foley,ECOMMERCE,CN,DEBIT_CARD,4,612,0,0,1304,0,0,0,LEGITIMATE
CUST_97855,56196.22,Morales and Sons,TRAVEL,NG,NET_BANKING,18,0,1,1,2222,1,1,1,MULTI_SIGNAL_ATTACK
CUST_35768,4452.33,Saunders LLC,FOOD,IN,WALLET,4,782,0,0,1944,0,0,0,LEGITIMATE
CUST_54459,1347.65,"Dixon, Roberts and Garcia",ECOMMERCE,GB,NET_BANKING,4,760,0,0,287,0,0,0,LEGITIMATE
CUST_84963,1229.35,Lin-Horne,ENTERTAINMENT,GB,UPI,2,435,0,0,257,0,0,0,LEGITIMATE
CUST_72154,29717.65,Huff-Hart,HEALTHCARE,IN,WALLET,8,1,1,1,539,1,1,1,MULTI_SIGNAL_ATTACK
CUST_53229,4742.47,Price-Lee,GROCERY,CN,CREDIT_CARD,3,90,0,0,1173,0,0,0,LEGITIMATE
CUST_93149,968.36,"Taylor, Garcia and Simpson",ENTERTAINMENT,CN,NET_BANKING,2,350,0,0,1960,1,0,1,MERCHANT_ANOMALY
CUST_40254,1924.76,Richardson-Garcia,EDUCATION,GB,WALLET,1,35,0,0,1041,0,0,0,LEGITIMATE
CUST_26441,1840.08,Moore-Collier,OTHER,IN,NET_BANKING,1,755,0,0,755,0,0,0,LEGITIMATE
CUST_75232,29282.06,Clark Ltd,ECOMMERCE,NG,WALLET,4,300,0,0,1561,1,1,1,TRANSACTION_ANOMALY
CUST_49391,2989.98,Morris PLC,ECOMMERCE,US,UPI,4,53,0,0,530,0,0,0,LEGITIMATE
CUST_41609,3646.96,"Spencer, Lyons and Cain",FOOD,GB,NET_BANKING,3,519,0,0,1919,1,0,1,MERCHANT_ANOMALY
CUST_88264,3975.23,Roberts-Carney,FOOD,CN,DEBIT_CARD,2,270,0,0,295,0,0,0,LEGITIMATE
CUST_26717,1624.19,"Mcdonald, Walters and Williams",EDUCATION,CN,CREDIT_CARD,3,566,0,0,2013,0,0,0,LEGITIMATE
CUST_23642,1686.46,"Valdez, Gray and Matthews",TRAVEL,CN,DEBIT_CARD,3,522,0,0,523,0,0,0,LEGITIMATE
CUST_49965,1480.45,"Wagner, Trujillo and Castro",HEALTHCARE,IN,DEBIT_CARD,1,682,0,0,2152,0,0,0,LEGITIMATE
CUST_59410,222.22,"Burns, Holder and Jimenez",FOOD,NG,WALLET,3,206,0,0,959,0,0,0,LEGITIMATE
CUST_14602,40980.14,"Hardy, Roberts and Ward",ECOMMERCE,CN,WALLET,18,1,1,1,1633,1,1,1,MULTI_SIGNAL_ATTACK
CUST_10860,833.82,Jones-Johnson,OTHER,IN,NET_BANKING,2,62,0,0,1673,0,0,0,LEGITIMATE
CUST_69765,1776.13,Shepherd-Novak,FOOD,IN,CREDIT_CARD,3,491,0,1,1469,0,0,1,PAYMENT_METHOD_ABUSE
CUST_11571,655.67,Sullivan-Hogan,GROCERY,US,DEBIT_CARD,4,257,0,0,1027,0,0,0,LEGITIMATE
CUST_98990,2947.08,Greene-Solomon,FOOD,US,UPI,3,806,1,0,686,0,0,1,GEOGRAPHIC_ANOMALY
CUST_18455,1517.78,Camacho LLC,EDUCATION,US,NET_BANKING,3,36,1,0,614,0,0,1,GEOGRAPHIC_ANOMALY
CUST_68791,1008.44,Thompson PLC,ENTERTAINMENT,IN,CREDIT_CARD,4,765,0,0,2277,0,0,0,LEGITIMATE
CUST_39387,1714.09,"Smith, Edwards and Sawyer",EDUCATION,IN,DEBIT_CARD,1,939,0,0,1747,0,0,0,LEGITIMATE
CUST_36472,898.28,"Maxwell, Barker and Young",HEALTHCARE,IN,NET_BANKING,2,221,0,0,179,0,0,0,LEGITIMATE
CUST_69269,1629.1,Smith-Hoffman,TRAVEL,IN,DEBIT_CARD,4,151,0,0,2345,0,0,0,LEGITIMATE
CUST_64866,475.82,Murphy-Gallagher,EDUCATION,NG,WALLET,3,345,0,0,591,0,0,0,LEGITIMATE
CUST_82843,2293.45,Salas LLC,ENTERTAINMENT,GB,DEBIT_CARD,3,863,0,0,412,0,0,0,LEGITIMATE
CUST_30390,10176.76,"Richards, Thompson and Morgan",EDUCATION,NG,CREDIT_CARD,12,3,1,1,433,1,1,1,MULTI_SIGNAL_ATTACK
CUST_21220,1772.39,Baker Group,HEALTHCARE,GB,CREDIT_CARD,3,757,0,0,2286,0,0,0,LEGITIMATE
CUST_86184,5123.42,Coleman Inc,OTHER,IN,WALLET,4,548,1,0,1880,0,0,1,GEOGRAPHIC_ANOMALY
CUST_70024,3328.06,"Martinez, Fernandez and Harrison",OTHER,CN,WALLET,2,475,0,0,2127,0,0,0,LEGITIMATE
CUST_88131,4248.27,Brown LLC,ENTERTAINMENT,NG,WALLET,4,219,0,0,931,0,0,0,LEGITIMATE
CUST_13909,632.25,West-Pearson,ECOMMERCE,IN,UPI,1,151,0,0,567,0,0,0,LEGITIMATE
CUST_43995,17137.09962832685,Mcclure-Fields,ECOMMERCE,NG,UPI,5,3,0,1,7,1,1,1,SYNTHETIC_IDENTITY
CUST_52406,2258.63,"Jones, Lyons and Hines",ECOMMERCE,GB,NET_BANKING,3,131,0,0,580,0,0,0,LEGITIMATE
CUST_70925,4805.51,"Benjamin, Swanson and Smith",HEALTHCARE,US,CREDIT_CARD,1,989,0,0,1659,0,0,0,LEGITIMATE
CUST_19262,338.66,Jones and Sons,GROCERY,GB,DEBIT_CARD,4,801,0,1,1716,0,0,1,PAYMENT_METHOD_ABUSE
CUST_25122,4355.01,"Silva, Calderon and Hale",GROCERY,NG,NET_BANKING,1,140,0,0,482,0,0,0,LEGITIMATE
CUST_49851,4811.01,Bailey and Sons,FOOD,US,DEBIT_CARD,2,30,0,1,2129,0,0,1,PAYMENT_METHOD_ABUSE
CUST_43261,478.26,Mills Inc,HEALTHCARE,US,CREDIT_CARD,4,779,1,0,1206,0,0,1,GEOGRAPHIC_ANOMALY
CUST_54556,20481.35483394416,Jones-Ellis,ENTERTAINMENT,NG,DEBIT_CARD,4,5,0,1,3,1,1,1,SYNTHETIC_IDENTITY
CUST_39217,1486.62,"Davis, Baker and Moreno",ECOMMERCE,NG,CREDIT_CARD,2,946,0,0,783,0,0,0,LEGITIMATE
CUST_77804,38290.29,Kelley-Carpenter,ECOMMERCE,GB,UPI,16,1,1,1,663,1,1,1,MULTI_SIGNAL_ATTACK
CUST_23651,16226.43,Perez Inc,FOOD,GB,NET_BANKING,12,3,1,1,2463,1,1,1,MULTI_SIGNAL_ATTACK
CUST_11330,4298.93,"Stewart, Meza and Coleman",ENTERTAINMENT,CN,WALLET,2,710,0,0,987,0,0,0,LEGITIMATE
CUST_56536,45064.74,"Savage, Melton and Orozco",EDUCATION,US,UPI,23,1,1,1,1206,1,1,1,MULTI_SIGNAL_ATTACK
CUST_51078,1355.98,Bailey Ltd,FOOD,US,DEBIT_CARD,3,475,0,0,929,0,0,0,LEGITIMATE
CUST_48362,1344.04,"Bennett, Young and Dixon",ENTERTAINMENT,IN,WALLET,3,661,0,0,1088,0,0,0,LEGITIMATE
CUST_10151,4588.8,Ramos Ltd,TRAVEL,NG,UPI,2,171,0,0,925,0,0,0,LEGITIMATE
CUST_98247,1729.58,"Patton, Garcia and Johnson",ENTERTAINMENT,US,UPI,3,422,0,1,2107,0,0,1,PAYMENT_METHOD_ABUSE
CUST_13060,3380.78,"Stevens, Diaz and Hawkins",EDUCATION,IN,NET_BANKING,3,821,0,0,2460,0,0,0,LEGITIMATE
CUST_90205,4631.21,Patrick-Griffin,EDUCATION,IN,NET_BANKING,4,901,0,0,1139,0,0,0,LEGITIMATE
CUST_58340,2017.62,Nielsen PLC,OTHER,GB,CREDIT_CARD,2,81,0,0,302,0,0,0,LEGITIMATE
CUST_11657,4030.37,Pitts Ltd,ECOMMERCE,GB,UPI,3,855,1,0,591,0,0,1,GEOGRAPHIC_ANOMALY
CUST_52985,14765.92,"Anderson, Lopez and Carpenter",ENTERTAINMENT,NG,DEBIT_CARD,14,2,1,1,199,1,1,1,ACCOUNT_TAKEOVER
CUST_45126,2444.3,Wheeler-Parks,GROCERY,US,CREDIT_CARD,16,3,1,1,153,1,1,1,MULTI_SIGNAL_ATTACK
CUST_89855,6572.67,Herrera LLC,ENTERTAINMENT,GB,DEBIT_CARD,1,873,0,0,1572,0,0,0,LEGITIMATE
CUST_62794,2288.25,Gardner-Washington,TRAVEL,CN,WALLET,4,862,0,0,2415,0,0,0,LEGITIMATE
CUST_86118,14305.22,Dunlap-Smith,ECOMMERCE,GB,WALLET,3,515,0,0,988,1,1,1,TRANSACTION_ANOMALY
CUST_21133,15345.24008342925,"Holland, Gross and Thomas",FOOD,US,CREDIT_CARD,3,1,0,1,11,1,1,1,SYNTHETIC_IDENTITY
CUST_58358,413.29,Franklin-Ray,OTHER,GB,UPI,3,532,0,0,1286,0,0,0,LEGITIMATE
CUST_40812,28704.5,"Vaughn, Hayes and Mullins",ENTERTAINMENT,US,WALLET,7,3,1,1,1982,1,1,1,ACCOUNT_TAKEOVER
CUST_94332,29045.61,"Hampton, Diaz and Smith",TRAVEL,CN,CREDIT_CARD,2,846,0,0,241,1,1,1,TRANSACTION_ANOMALY
CUST_58899,2782.83,Reed-Olson,FOOD,NG,UPI,2,192,0,0,267,0,0,0,LEGITIMATE
CUST_33296,3362.12,"Castro, Watkins and James",ECOMMERCE,US,DEBIT_CARD,4,953,0,0,625,0,0,0,LEGITIMATE
CUST_57042,36145.63,Brock Inc,EDUCATION,IN,WALLET,7,2,1,1,1202,1,1,1,ACCOUNT_TAKEOVER
CUST_29542,2236.85,Hopkins-Yates,ECOMMERCE,CN,WALLET,4,110,1,0,883,0,0,1,GEOGRAPHIC_ANOMALY
CUST_63150,2499.02,"Thomas, Nelson and Stafford",OTHER,US,WALLET,2,754,0,0,2011,0,0,0,LEGITIMATE
CUST_37525,4179.54,Bean-Brady,ENTERTAINMENT,GB,NET_BANKING,4,512,0,0,2454,0,0,0,LEGITIMATE
CUST_40633,697.98,May Group,GROCERY,NG,WALLET,4,70,0,0,873,0,0,0,LEGITIMATE
CUST_24751,1680.27,Brown-Guerrero,TRAVEL,US,UPI,2,149,0,1,2168,0,0,1,PAYMENT_METHOD_ABUSE
CUST_93713,837.06,Wilson LLC,ECOMMERCE,GB,UPI,3,919,0,0,1987,0,0,0,LEGITIMATE
CUST_92914,1979.12,Phillips and Sons,HEALTHCARE,CN,CREDIT_CARD,1,553,0,0,1859,0,0,0,LEGITIMATE
CUST_62592,4884.18,Rogers Group,TRAVEL,GB,CREDIT_CARD,1,516,0,0,1097,0,0,0,LEGITIMATE
CUST_63504,1620.89,Strickland-Poole,EDUCATION,NG,CREDIT_CARD,3,338,0,0,1037,0,0,0,LEGITIMATE
CUST_11024,5736.67,Miles-Le,ECOMMERCE,IN,DEBIT_CARD,3,367,0,0,943,0,0,0,LEGITIMATE
CUST_87328,369.72,Thomas-Parker,OTHER,US,CREDIT_CARD,3,865,0,1,1507,0,0,1,PAYMENT_METHOD_ABUSE
CUST_10404,32423.67,Lopez PLC,TRAVEL,NG,CREDIT_CARD,22,0,1,1,1740,1,1,1,MULTI_SIGNAL_ATTACK
CUST_21343,3574.82,Moore-Johnson,GROCERY,CN,CREDIT_CARD,2,676,0,0,204,0,0,0,LEGITIMATE
CUST_10567,4594.9,"Mccarthy, Hopkins and Davis",TRAVEL,US,DEBIT_CARD,3,756,0,0,947,0,0,0,LEGITIMATE
CUST_49949,11844.85,Mclaughlin LLC,OTHER,NG,UPI,12,2,1,1,946,1,1,1,ACCOUNT_TAKEOVER
CUST_23086,5818.76,Benjamin Group,EDUCATION,IN,DEBIT_CARD,3,627,0,0,735,0,0,0,LEGITIMATE
CUST_60167,3744.25,"Wright, Jimenez and Daugherty",ECOMMERCE,US,WALLET,3,253,0,0,794,0,0,0,LEGITIMATE
CUST_84992,5062.93,Barber-Huerta,EDUCATION,IN,CREDIT_CARD,1,34,0,0,1781,0,0,0,LEGITIMATE
CUST_55857,398.52,Rodriguez-Ferguson,TRAVEL,GB,NET_BANKING,1,452,0,0,421,1,0,1,MERCHANT_ANOMALY
CUST_54748,3690.98,"Cardenas, Fischer and Wilson",HEALTHCARE,NG,CREDIT_CARD,2,670,0,0,2385,0,0,0,LEGITIMATE
CUST_30301,991.77,Landry Ltd,TRAVEL,NG,WALLET,3,184,0,0,283,0,0,0,LEGITIMATE
CUST_95263,3235.48,"Aguilar, Russell and Nichols",HEALTHCARE,NG,CREDIT_CARD,2,763,0,0,1156,0,0,0,LEGITIMATE
CUST_99472,1833.74,Nicholson-Costa,GROCERY,IN,NET_BANKING,4,155,0,0,2210,0,0,0,LEGITIMATE
CUST_92026,3074.02,"Garcia, Garrett and Robertson",OTHER,CN,NET_BANKING,2,304,0,1,1314,0,0,1,PAYMENT_METHOD_ABUSE
CUST_44852,6417.19,Schultz-Pineda,EDUCATION,NG,DEBIT_CARD,4,551,0,0,728,0,0,0,LEGITIMATE
CUST_11421,3078.67,Ruiz LLC,EDUCATION,US,NET_BANKING,1,64,0,0,453,0,0,0,LEGITIMATE
CUST_51972,4920.81,Jones-Johnson,EDUCATION,GB,UPI,3,662,1,0,1305,0,0,1,GEOGRAPHIC_ANOMALY
CUST_28603,4596.56,"Griffith, Sims and Brock",FOOD,US,WALLET,3,114,0,0,2333,0,0,0,LEGITIMATE
CUST_30744,2783.72,Merritt LLC,FOOD,CN,NET_BANKING,4,190,0,0,1567,0,0,0,LEGITIMATE
CUST_89383,7818.39,Smith-Taylor,FOOD,GB,DEBIT_CARD,14,3,1,1,1908,1,1,1,ACCOUNT_TAKEOVER
CUST_39996,977.47,Wilson PLC,HEALTHCARE,CN,CREDIT_CARD,1,332,0,0,333,0,0,0,LEGITIMATE
CUST_97122,4587.49,"Williams, Santiago and Martinez",ENTERTAINMENT,US,CREDIT_CARD,4,146,0,0,70,0,0,0,LEGITIMATE
CUST_36277,993.62,Nunez-Thompson,OTHER,CN,WALLET,1,298,0,0,2077,0,0,0,LEGITIMATE
CUST_71039,2590.18,Howe-Chandler,TRAVEL,GB,NET_BANKING,4,850,0,1,155,0,0,1,PAYMENT_METHOD_ABUSE
CUST_74699,7014.117058330541,Petersen-Wong,EDUCATION,CN,WALLET,7,1,0,1,26,1,1,1,SYNTHETIC_IDENTITY
CUST_52519,798.72,Garner Group,ENTERTAINMENT,GB,DEBIT_CARD,1,691,0,0,1029,0,0,0,LEGITIMATE
CUST_94898,666.51,"Aguilar, Campbell and Clark",TRAVEL,IN,DEBIT_CARD,2,770,0,0,1450,0,0,0,LEGITIMATE
CUST_59122,1787.49,Murphy-Ewing,TRAVEL,NG,UPI,9,1,1,1,939,1,1,1,ACCOUNT_TAKEOVER
CUST_79571,802.54,Randall Inc,FOOD,GB,NET_BANKING,2,358,0,0,1025,0,0,0,LEGITIMATE
CUST_94742,8689.917263924879,Parker-Carroll,TRAVEL,NG,NET_BANKING,9,0,0,1,7,1,1,1,SYNTHETIC_IDENTITY
CUST_37131,377.23,Sanchez-Blevins,HEALTHCARE,US,WALLET,4,849,0,0,2431,1,0,1,MERCHANT_ANOMALY
CUST_14957,1569.22,Mckenzie-Harmon,ECOMMERCE,GB,WALLET,1,172,0,0,1621,0,0,0,LEGITIMATE
CUST_90393,6331.760807253347,Thompson-Burns,EDUCATION,NG,NET_BANKING,10,360,0,0,2413,0,0,1,VELOCITY_ABUSE
CUST_61205,929.63,Johnson-Jones,ENTERTAINMENT,IN,NET_BANKING,4,515,0,0,2424,0,0,0,LEGITIMATE
CUST_40489,1396.36,Allen-Boone,HEALTHCARE,NG,WALLET,3,275,0,0,477,0,0,0,LEGITIMATE
CUST_38581,9145.49140714886,Kaufman-Bolton,ENTERTAINMENT,NG,CREDIT_CARD,16,967,0,0,1469,0,0,1,VELOCITY_ABUSE
CUST_94537,3780.19,"Brown, Baker and Chen",ECOMMERCE,US,UPI,3,914,0,0,1118,0,0,0,LEGITIMATE
CUST_49842,1942.65,"Irwin, Wheeler and Hernandez",GROCERY,US,DEBIT_CARD,1,709,0,0,1026,0,0,0,LEGITIMATE
CUST_33072,2879.84,Munoz-Phillips,GROCERY,NG,WALLET,3,687,0,1,1968,0,0,1,PAYMENT_METHOD_ABUSE
CUST_81693,5349.75,Thompson-Gallegos,TRAVEL,NG,NET_BANKING,3,142,0,0,1573,0,0,0,LEGITIMATE
CUST_29324,1418.62,Donovan PLC,FOOD,IN,CREDIT_CARD,1,434,0,0,1997,0,0,0,LEGITIMATE
CUST_39671,1919.51,"Martinez, Stephenson and Harrison",HEALTHCARE,IN,UPI,3,136,0,0,2064,0,0,0,LEGITIMATE
CUST_53818,4418.14,Perkins-Price,ENTERTAINMENT,CN,DEBIT_CARD,4,107,1,0,1147,0,0,1,GEOGRAPHIC_ANOMALY
CUST_12812,3015.43,Murphy-Freeman,ECOMMERCE,US,WALLET,6,0,1,1,1278,1,1,1,ACCOUNT_TAKEOVER
CUST_85643,3323.21,"Swanson, Carter and Diaz",GROCERY,CN,UPI,1,459,1,0,131,0,0,1,GEOGRAPHIC_ANOMALY
CUST_76064,3333.14,Lee Group,FOOD,NG,CREDIT_CARD,2,960,0,0,173,0,0,0,LEGITIMATE
CUST_53452,2194.47,Davis PLC,OTHER,IN,DEBIT_CARD,3,395,0,0,1490,0,0,0,LEGITIMATE
CUST_51736,2199.43,Kelley and Sons,TRAVEL,GB,UPI,3,987,0,0,1735,0,0,0,LEGITIMATE
CUST_80053,710.2,"Jackson, Reynolds and Rodriguez",OTHER,GB,DEBIT_CARD,1,733,0,0,1067,0,0,0,LEGITIMATE
CUST_21248,2001.02,Smith Group,GROCERY,IN,DEBIT_CARD,4,517,0,0,1600,0,0,0,LEGITIMATE
CUST_70069,1109.88,Bray Ltd,FOOD,CN,WALLET,4,441,0,0,2054,0,0,0,LEGITIMATE
CUST_42461,4826.72,"Richards, Holmes and Freeman",HEALTHCARE,US,UPI,4,667,1,0,1830,0,0,1,GEOGRAPHIC_ANOMALY
CUST_23591,2831.95,"Romero, Cobb and Nelson",EDUCATION,US,NET_BANKING,4,198,0,0,2473,0,0,0,LEGITIMATE
CUST_56956,15860.917092968097,Nichols-House,ECOMMERCE,GB,NET_BANKING,8,9,0,1,18,1,1,1,SYNTHETIC_IDENTITY
CUST_42733,5174.56,"Evans, Hampton and Martinez",OTHER,US,UPI,3,562,0,0,1889,0,0,0,LEGITIMATE
CUST_59716,42380.9,"Gomez, Morgan and Drake",OTHER,CN,CREDIT_CARD,22,0,1,1,614,1,1,1,MULTI_SIGNAL_ATTACK
CUST_55302,783.61,Brown-Greene,ECOMMERCE,NG,UPI,2,930,0,0,1038,0,0,0,LEGITIMATE
CUST_63475,1730.41,Gonzalez-Wallace,TRAVEL,CN,WALLET,4,497,0,0,1257,0,0,0,LEGITIMATE
CUST_30409,6254.03,Perez and Sons,ENTERTAINMENT,GB,NET_BANKING,5,0,1,1,55,1,1,1,ACCOUNT_TAKEOVER
CUST_63652,3962.45,"Rogers, Hayes and Johnson",HEALTHCARE,GB,NET_BANKING,4,550,0,0,30,0,0,0,LEGITIMATE
CUST_68435,2638.48,Gregory and Sons,ECOMMERCE,US,NET_BANKING,4,754,0,0,288,0,0,0,LEGITIMATE
CUST_41096,1824.49,Bean PLC,EDUCATION,CN,WALLET,4,385,0,0,1511,0,0,0,LEGITIMATE
CUST_37789,2017.79,"Hogan, Kelly and Graham",GROCERY,NG,WALLET,4,736,0,0,2404,0,0,0,LEGITIMATE
CUST_67475,2585.39,Wallace PLC,EDUCATION,IN,WALLET,3,568,0,0,1069,0,0,0,LEGITIMATE
CUST_84069,3128.17,Jones-Jones,HEALTHCARE,IN,CREDIT_CARD,1,599,0,0,1645,0,0,0,LEGITIMATE
CUST_11541,3938.08,"Allen, Martinez and Gonzalez",ECOMMERCE,GB,UPI,3,767,0,0,1073,0,0,0,LEGITIMATE
CUST_23898,277.92,"Burke, Gonzalez and Case",EDUCATION,IN,CREDIT_CARD,4,672,0,1,37,0,0,1,PAYMENT_METHOD_ABUSE
CUST_42288,1332.6625072703714,"Lane, Mann and Perkins",ECOMMERCE,GB,CREDIT_CARD,18,681,0,0,1116,0,0,1,VELOCITY_ABUSE
CUST_30315,4850.57,May-Ryan,TRAVEL,GB,CREDIT_CARD,2,235,0,0,1995,0,0,0,LEGITIMATE
CUST_17753,3558.83,Adams Inc,OTHER,US,CREDIT_CARD,4,925,0,0,1242,1,0,1,MERCHANT_ANOMALY
CUST_34758,3347.64,Guzman-Brooks,FOOD,GB,DEBIT_CARD,2,974,0,0,1889,0,0,0,LEGITIMATE
CUST_65520,9455.68,Larson Group,HEALTHCARE,CN,WALLET,13,3,1,1,1829,1,1,1,ACCOUNT_TAKEOVER
CUST_75806,787.96,"Murray, Walls and Gutierrez",FOOD,IN,WALLET,4,386,0,0,561,1,0,1,MERCHANT_ANOMALY
CUST_30321,1837.73,Lopez Inc,ECOMMERCE,GB,WALLET,2,38,0,0,119,0,0,0,LEGITIMATE
CUST_32815,3539.41,Marshall-Osborne,HEALTHCARE,IN,NET_BANKING,1,646,0,0,1475,0,0,0,LEGITIMATE
CUST_54445,1552.26,Moore-Tran,OTHER,CN,DEBIT_CARD,3,341,0,0,1249,0,0,0,LEGITIMATE
CUST_23931,6864.306392339928,Carter and Sons,GROCERY,GB,NET_BANKING,30,544,0,0,2268,0,0,1,VELOCITY_ABUSE
CUST_18750,1239.43,Nelson-Lawson,ECOMMERCE,CN,UPI,3,578,0,0,1095,0,0,0,LEGITIMATE
CUST_46325,18876.05,"Perkins, Mahoney and Cook",HEALTHCARE,US,UPI,15,2,1,1,2228,1,1,1,ACCOUNT_TAKEOVER
CUST_76892,1437.97,"Caldwell, Mccall and Fritz",ECOMMERCE,IN,NET_BANKING,14,2,1,1,1628,1,1,1,MULTI_SIGNAL_ATTACK
CUST_65173,3711.18,Hall-Reilly,OTHER,IN,DEBIT_CARD,3,152,0,0,1272,0,0,0,LEGITIMATE
CUST_48375,1195.02,Reynolds and Sons,HEALTHCARE,NG,CREDIT_CARD,1,656,0,0,1461,0,0,0,LEGITIMATE
CUST_22161,18728.470316631436,Moore-Faulkner,OTHER,IN,DEBIT_CARD,7,8,0,1,20,1,1,1,SYNTHETIC_IDENTITY
CUST_82985,3361.35,Schaefer Inc,GROCERY,GB,DEBIT_CARD,1,493,0,0,1042,0,0,0,LEGITIMATE
CUST_96038,4647.71,"Fox, Rogers and Smith",OTHER,IN,DEBIT_CARD,1,224,0,0,1975,0,0,0,LEGITIMATE
CUST_44054,16320.99,Hunt-Jackson,HEALTHCARE,CN,WALLET,11,2,1,1,1317,1,1,1,ACCOUNT_TAKEOVER
CUST_92306,839.0,Ramirez and Sons,OTHER,NG,UPI,4,637,0,0,879,0,0,0,LEGITIMATE
CUST_76920,489.36,Garcia-Owens,ENTERTAINMENT,IN,DEBIT_CARD,2,980,0,0,936,0,0,0,LEGITIMATE
CUST_35809,2840.8,Simon-Martinez,FOOD,US,DEBIT_CARD,2,592,0,0,1012,0,0,0,LEGITIMATE
CUST_60323,700.84,Walsh and Sons,TRAVEL,US,NET_BANKING,3,460,0,0,2134,0,0,0,LEGITIMATE
CUST_23162,2466.66,"Griffin, Peters and Perez",ENTERTAINMENT,NG,DEBIT_CARD,3,427,0,0,291,0,0,0,LEGITIMATE
CUST_28066,2898.85,Bush and Sons,TRAVEL,GB,DEBIT_CARD,2,102,1,0,2432,0,0,1,GEOGRAPHIC_ANOMALY
CUST_50357,2768.49,"Hunter, Morales and Boone",GROCERY,NG,UPI,4,234,0,0,1628,0,0,0,LEGITIMATE
CUST_47316,2125.89,Santana-Johnson,EDUCATION,IN,WALLET,4,498,0,0,2031,0,0,0,LEGITIMATE
CUST_21283,1748.79,Smith-Shepard,EDUCATION,NG,WALLET,4,400,0,0,267,0,0,0,LEGITIMATE
CUST_13515,1888.53,Lopez Ltd,ECOMMERCE,US,UPI,1,335,0,0,241,0,0,0,LEGITIMATE
CUST_14421,3213.54,"Weber, Castillo and Jones",FOOD,CN,UPI,1,355,0,0,1960,0,0,0,LEGITIMATE
CUST_50301,2823.39,"Duke, Rogers and Lee",FOOD,GB,DEBIT_CARD,3,942,0,0,1033,0,0,0,LEGITIMATE
CUST_87477,3768.48,Parks PLC,TRAVEL,NG,DEBIT_CARD,1,481,0,0,2041,0,0,0,LEGITIMATE
CUST_68466,2879.24,Lang-Duarte,HEALTHCARE,GB,WALLET,1,724,0,0,2249,0,0,0,LEGITIMATE
CUST_90842,4663.67,Moore Inc,TRAVEL,NG,CREDIT_CARD,4,847,0,0,743,0,0,0,LEGITIMATE
CUST_17608,3532.72,Johnson-Pittman,ECOMMERCE,NG,NET_BANKING,4,182,0,1,960,0,0,1,PAYMENT_METHOD_ABUSE
CUST_65313,4912.15,"Anderson, Martin and Davis",FOOD,CN,UPI,4,52,0,0,373,0,0,0,LEGITIMATE
CUST_54238,18539.67,"Burke, Adams and Boyd",HEALTHCARE,NG,CREDIT_CARD,16,0,1,1,82,1,1,1,MULTI_SIGNAL_ATTACK
CUST_70803,14737.49,"Smith, Munoz and Perez",ECOMMERCE,CN,DEBIT_CARD,1,64,0,0,1794,1,1,1,TRANSACTION_ANOMALY
CUST_73345,9931.09,Edwards Inc,ENTERTAINMENT,NG,NET_BANKING,25,0,1,1,1259,1,1,1,MULTI_SIGNAL_ATTACK
CUST_41853,1186.44,Walker and Sons,HEALTHCARE,US,WALLET,3,608,0,0,2255,0,0,0,LEGITIMATE
CUST_68071,2570.62,"Santos, Young and Jenkins",FOOD,CN,WALLET,3,152,0,0,281,0,0,0,LEGITIMATE
CUST_23547,4666.4,Allen Ltd,ENTERTAINMENT,IN,UPI,2,322,0,0,1905,0,0,0,LEGITIMATE
CUST_33327,4276.439088379522,Rodriguez-Davis,OTHER,CN,NET_BANKING,9,0,0,1,25,1,1,1,SYNTHETIC_IDENTITY
CUST_33892,5482.14,Wood LLC,FOOD,NG,DEBIT_CARD,3,67,0,0,1832,0,0,0,LEGITIMATE
CUST_91254,2932.32,Johnston LLC,EDUCATION,GB,WALLET,2,335,0,0,2132,0,0,0,LEGITIMATE
CUST_83332,1051.77,Johnson LLC,GROCERY,IN,DEBIT_CARD,2,817,0,0,529,0,0,0,LEGITIMATE
CUST_85250,4839.18,"Armstrong, Warner and Roberts",OTHER,IN,UPI,4,400,0,0,803,0,0,0,LEGITIMATE
CUST_86354,8420.821412722791,Watson and Sons,FOOD,IN,UPI,22,991,0,0,2082,0,0,1,VELOCITY_ABUSE
CUST_68162,19381.12,"Davis, Miller and Smith",HEALTHCARE,US,DEBIT_CARD,14,3,1,1,2169,1,1,1,ACCOUNT_TAKEOVER
CUST_97769,5855.16,Norman-Moyer,ENTERTAINMENT,IN,WALLET,24,2,1,1,2263,1,1,1,MULTI_SIGNAL_ATTACK
CUST_52957,1987.52,"Cox, Romero and Black",ENTERTAINMENT,NG,DEBIT_CARD,1,193,0,0,234,0,0,0,LEGITIMATE
CUST_22417,383.15,Bennett Group,TRAVEL,US,WALLET,4,74,0,0,2267,0,0,0,LEGITIMATE
CUST_94553,1206.57,Russell-Marsh,ECOMMERCE,GB,DEBIT_CARD,3,699,0,0,1341,0,0,0,LEGITIMATE
CUST_48457,28583.28,Austin-Short,ENTERTAINMENT,IN,UPI,5,2,1,1,817,1,1,1,ACCOUNT_TAKEOVER
CUST_13892,18102.06,"Schneider, Aguilar and Sanders",ENTERTAINMENT,US,CREDIT_CARD,19,1,1,1,2275,1,1,1,MULTI_SIGNAL_ATTACK
CUST_15735,4530.139539650387,"Hardin, Lutz and Johnson",HEALTHCARE,US,CREDIT_CARD,21,673,0,0,1930,0,0,1,VELOCITY_ABUSE
CUST_87649,3147.6,Griffin-Brock,HEALTHCARE,IN,UPI,3,458,0,0,1199,0,0,0,LEGITIMATE
CUST_22520,8761.62,Johnson Group,HEALTHCARE,CN,UPI,8,1,1,1,1850,1,1,1,MULTI_SIGNAL_ATTACK
CUST_34773,536.32,"Edwards, Cain and Snyder",EDUCATION,IN,CREDIT_CARD,2,416,0,0,1245,0,0,0,LEGITIMATE
CUST_29505,3354.99,Bell Inc,FOOD,CN,WALLET,4,483,0,0,963,0,0,0,LEGITIMATE
CUST_63292,3660.1,"Graham, Perez and Davis",ECOMMERCE,US,NET_BANKING,1,493,0,0,1206,0,0,0,LEGITIMATE
CUST_83840,1814.92,Jones-Lindsey,OTHER,GB,UPI,1,829,0,0,150,0,0,0,LEGITIMATE
CUST_41888,701.89,Benson-Johnson,GROCERY,GB,CREDIT_CARD,1,875,0,0,883,0,0,0,LEGITIMATE
CUST_16620,2767.18,Weiss Inc,TRAVEL,IN,UPI,3,732,0,0,453,0,0,0,LEGITIMATE
CUST_76400,17894.396085979555,Sanders PLC,GROCERY,US,WALLET,8,0,0,1,2,1,1,1,SYNTHETIC_IDENTITY
CUST_60841,1508.88,"Rivas, Morrison and Anderson",ECOMMERCE,GB,UPI,3,917,0,0,1697,0,0,0,LEGITIMATE
CUST_17679,3776.39,Stewart PLC,FOOD,NG,UPI,4,41,0,0,129,0,0,0,LEGITIMATE
CUST_62750,1781.06,Caldwell and Sons,TRAVEL,NG,CREDIT_CARD,4,770,0,0,2224,0,0,0,LEGITIMATE
CUST_12144,1107.45,Robinson-Rivera,HEALTHCARE,GB,DEBIT_CARD,3,706,0,0,1999,0,0,0,LEGITIMATE
CUST_89438,4394.03,Graham LLC,OTHER,NG,NET_BANKING,4,60,0,0,2266,0,0,0,LEGITIMATE
CUST_16207,3601.8,Griffith LLC,ENTERTAINMENT,CN,CREDIT_CARD,4,57,0,0,1868,0,0,0,LEGITIMATE
CUST_19564,3567.48,"Fitzgerald, Winters and Hodges",HEALTHCARE,US,CREDIT_CARD,3,334,0,0,1456,0,0,0,LEGITIMATE
CUST_24441,402.95,Martinez-Velasquez,HEALTHCARE,CN,DEBIT_CARD,4,506,0,0,1805,0,0,0,LEGITIMATE
CUST_55194,53755.93,"Cain, Johnson and Taylor",ECOMMERCE,NG,WALLET,2,891,0,0,2400,1,1,1,TRANSACTION_ANOMALY
CUST_36060,4741.06,"Rhodes, Mata and Rice",HEALTHCARE,IN,CREDIT_CARD,4,296,0,0,1335,0,0,0,LEGITIMATE
CUST_77138,4309.93,Mcfarland-Love,TRAVEL,CN,NET_BANKING,3,207,0,0,439,0,0,0,LEGITIMATE
CUST_13235,1705.31,Costa and Sons,EDUCATION,CN,CREDIT_CARD,2,179,0,0,1421,0,0,0,LEGITIMATE
CUST_94383,18545.12,"Harrington, Taylor and Turner",GROCERY,NG,UPI,2,676,0,0,293,1,1,1,TRANSACTION_ANOMALY
CUST_30633,3730.12,"Williams, Douglas and Jenkins",EDUCATION,CN,CREDIT_CARD,4,841,0,0,2184,0,0,0,LEGITIMATE
CUST_80406,825.3,"Farrell, Martinez and Lee",FOOD,US,CREDIT_CARD,4,762,0,0,413,0,0,0,LEGITIMATE
CUST_50828,6297.957064210399,"Walters, Douglas and Perry",ECOMMERCE,US,NET_BANKING,12,784,0,0,163,0,0,1,VELOCITY_ABUSE
CUST_79730,2403.88,Jensen-Johnson,TRAVEL,CN,NET_BANKING,2,49,0,1,1324,0,0,1,PAYMENT_METHOD_ABUSE
CUST_26531,3484.33,Martinez Group,EDUCATION,CN,UPI,1,214,0,0,247,1,0,1,MERCHANT_ANOMALY
CUST_63319,26252.28,Oneill and Sons,FOOD,NG,CREDIT_CARD,7,3,1,1,981,1,1,1,ACCOUNT_TAKEOVER
CUST_41852,5634.33,"Owens, Hill and Robinson",HEALTHCARE,NG,UPI,4,633,0,0,734,0,0,0,LEGITIMATE
CUST_72345,3499.39,Decker LLC,ENTERTAINMENT,NG,CREDIT_CARD,2,566,0,0,1122,0,0,0,LEGITIMATE
CUST_64654,622.06,Evans Ltd,ENTERTAINMENT,NG,NET_BANKING,1,416,0,0,383,1,0,1,MERCHANT_ANOMALY
CUST_66839,1196.47,Navarro-Trevino,EDUCATION,US,NET_BANKING,3,137,0,0,2115,0,0,0,LEGITIMATE
CUST_91815,4258.12,Hoffman-Thompson,EDUCATION,NG,WALLET,4,553,0,0,1918,0,0,0,LEGITIMATE
CUST_99391,3128.2,"Walters, Griffith and Johnson",HEALTHCARE,IN,WALLET,2,740,1,0,2471,0,0,1,GEOGRAPHIC_ANOMALY
CUST_89391,1909.63,Gonzalez Ltd,FOOD,GB,UPI,2,443,0,0,1494,0,0,0,LEGITIMATE
CUST_84644,5141.93,Davis Ltd,TRAVEL,CN,WALLET,4,468,0,0,1588,0,0,0,LEGITIMATE
CUST_55617,2446.16,Alexander-Bruce,FOOD,GB,UPI,2,96,0,0,1390,0,0,0,LEGITIMATE
CUST_45206,603.59,Douglas LLC,HEALTHCARE,IN,DEBIT_CARD,2,138,0,0,849,0,0,0,LEGITIMATE
CUST_94776,3905.86,Melendez-Acevedo,ECOMMERCE,US,UPI,4,814,0,0,1516,1,0,1,MERCHANT_ANOMALY
CUST_81288,3471.28,"Huang, Weber and Gordon",GROCERY,US,NET_BANKING,4,321,0,0,884,0,0,0,LEGITIMATE
CUST_32732,2331.69,"Hernandez, Miller and Dillon",EDUCATION,IN,WALLET,4,417,0,0,1519,0,0,0,LEGITIMATE
CUST_97579,5841.77,"Carson, Turner and Love",OTHER,IN,UPI,1,658,0,0,1972,0,0,0,LEGITIMATE
CUST_69887,4566.45,Ware PLC,EDUCATION,NG,CREDIT_CARD,2,310,0,0,1466,0,0,0,LEGITIMATE
CUST_71669,5993.04,Brown and Sons,HEALTHCARE,NG,CREDIT_CARD,1,582,0,0,1094,0,0,0,LEGITIMATE
CUST_56922,503.04,Reyes PLC,EDUCATION,IN,UPI,3,274,0,1,259,0,0,1,PAYMENT_METHOD_ABUSE
CUST_46244,5868.98,Rodriguez PLC,FOOD,CN,UPI,4,646,0,0,2185,0,0,0,LEGITIMATE
CUST_35300,2870.0,Munoz-Blake,ENTERTAINMENT,US,WALLET,2,585,1,0,1226,0,0,1,GEOGRAPHIC_ANOMALY
CUST_36190,2284.05,Price PLC,OTHER,IN,WALLET,2,870,0,0,1974,0,0,0,LEGITIMATE
CUST_16766,17832.85,Rojas-Ramirez,FOOD,US,CREDIT_CARD,6,3,1,1,388,1,1,1,ACCOUNT_TAKEOVER
CUST_91153,23856.23,Pearson Ltd,ENTERTAINMENT,US,NET_BANKING,9,2,1,1,1836,1,1,1,MULTI_SIGNAL_ATTACK
CUST_79870,1748.43,"Martin, Turner and Sanchez",GROCERY,IN,CREDIT_CARD,1,735,0,0,183,0,0,0,LEGITIMATE
CUST_62350,3502.62,Robbins-Wu,FOOD,IN,CREDIT_CARD,4,882,0,0,788,0,0,0,LEGITIMATE
CUST_80268,433.79,Fleming-Rodriguez,GROCERY,CN,WALLET,3,197,0,0,2315,0,0,0,LEGITIMATE
CUST_42238,2736.97,Jimenez Group,EDUCATION,CN,DEBIT_CARD,3,376,0,0,643,0,0,0,LEGITIMATE
CUST_14685,21684.08,Lewis and Sons,TRAVEL,IN,WALLET,3,897,0,0,1116,1,1,1,TRANSACTION_ANOMALY
CUST_18204,5894.574672384765,"Brown, Duarte and Davis",HEALTHCARE,NG,DEBIT_CARD,20,727,0,0,962,0,0,1,VELOCITY_ABUSE
CUST_29924,12254.69561860437,"Walter, Holland and Foster",OTHER,CN,UPI,7,1,0,1,26,1,1,1,SYNTHETIC_IDENTITY
CUST_93745,1578.0,Mitchell-Day,TRAVEL,CN,CREDIT_CARD,3,725,0,0,1757,0,0,0,LEGITIMATE
CUST_95875,21265.44715980494,Smith-Terry,EDUCATION,GB,WALLET,5,10,0,1,16,1,1,1,SYNTHETIC_IDENTITY
CUST_93433,25754.38,Rose-Bailey,FOOD,GB,UPI,10,3,1,1,1666,1,1,1,ACCOUNT_TAKEOVER
CUST_11818,2357.8,"Edwards, Coleman and Underwood",GROCERY,GB,CREDIT_CARD,2,498,0,0,79,0,0,0,LEGITIMATE
CUST_53791,1781.87,Velasquez-Barrera,FOOD,IN,DEBIT_CARD,1,264,0,0,2429,0,0,0,LEGITIMATE
CUST_25685,2445.67,"Gallegos, Lopez and Saunders",ECOMMERCE,NG,WALLET,1,460,0,0,2166,0,0,0,LEGITIMATE
CUST_13753,4846.51,Mclean-Yu,FOOD,US,WALLET,3,872,1,0,428,0,0,1,GEOGRAPHIC_ANOMALY
CUST_55548,1323.81,Torres-Reyes,TRAVEL,GB,UPI,3,189,0,0,1052,0,0,0,LEGITIMATE
CUST_13772,7400.12,"James, Valdez and Dixon",HEALTHCARE,GB,UPI,1,778,0,0,1619,0,0,0,LEGITIMATE
CUST_86740,892.49,"White, Moore and Davidson",TRAVEL,GB,WALLET,3,846,0,0,2413,0,0,0,LEGITIMATE
CUST_50187,2372.97,Garcia Group,ECOMMERCE,CN,CREDIT_CARD,4,519,0,0,2402,0,0,0,LEGITIMATE
CUST_27920,2435.54,Jackson and Sons,ECOMMERCE,IN,DEBIT_CARD,3,279,0,0,1418,0,0,0,LEGITIMATE
CUST_49566,5702.95,Thomas Ltd,GROCERY,IN,DEBIT_CARD,4,324,0,0,2431,0,0,0,LEGITIMATE
CUST_87619,2453.18,Aguilar LLC,ENTERTAINMENT,GB,UPI,1,488,0,0,927,0,0,0,LEGITIMATE
CUST_54451,3267.47,"Martin, Mann and Acosta",HEALTHCARE,IN,DEBIT_CARD,2,276,1,0,1336,0,0,1,GEOGRAPHIC_ANOMALY
CUST_84100,4212.35,Garcia PLC,GROCERY,CN,WALLET,4,907,0,0,524,0,0,0,LEGITIMATE
CUST_50011,2288.54,"Hatfield, Eaton and Hess",TRAVEL,NG,NET_BANKING,2,481,0,0,900,0,0,0,LEGITIMATE
CUST_56234,3417.14,"Lopez, Holden and Davis",OTHER,NG,NET_BANKING,1,76,0,0,2407,0,0,0,LEGITIMATE
CUST_56661,2078.96,Wright Inc,FOOD,US,DEBIT_CARD,2,238,0,1,529,0,0,1,PAYMENT_METHOD_ABUSE
CUST_44736,1146.84,"Webb, Miller and Heath",HEALTHCARE,NG,DEBIT_CARD,4,183,0,0,1496,1,0,1,MERCHANT_ANOMALY
CUST_75880,5312.31,Richardson-Bailey,FOOD,NG,CREDIT_CARD,3,528,0,0,1207,0,0,0,LEGITIMATE
CUST_57322,28039.71,"Perry, Rodriguez and Cline",ECOMMERCE,GB,WALLET,10,0,1,1,2193,1,1,1,ACCOUNT_TAKEOVER
CUST_26157,27925.18204824503,"Scott, Hernandez and Curtis",GROCERY,US,CREDIT_CARD,6,0,0,1,26,1,1,1,SYNTHETIC_IDENTITY
CUST_16852,1470.22,Davis-Shelton,TRAVEL,GB,NET_BANKING,2,572,0,0,1035,0,0,0,LEGITIMATE
CUST_61467,9177.883797870627,"Sosa, Williams and Mills",ENTERTAINMENT,US,WALLET,23,929,0,0,938,0,0,1,VELOCITY_ABUSE
CUST_14900,23310.187041023277,Burns and Sons,FOOD,US,NET_BANKING,5,7,0,1,10,1,1,1,SYNTHETIC_IDENTITY
CUST_14070,2881.77,Jackson and Sons,FOOD,NG,DEBIT_CARD,2,146,0,0,371,0,0,0,LEGITIMATE
CUST_73501,111.06,"Carpenter, Garcia and Rice",ECOMMERCE,NG,NET_BANKING,4,899,0,0,566,0,0,0,LEGITIMATE
CUST_80629,3029.95,"Cox, Abbott and Williams",ENTERTAINMENT,GB,WALLET,2,119,0,0,2099,0,0,0,LEGITIMATE
CUST_69231,1715.5,Hamilton-Brown,TRAVEL,GB,DEBIT_CARD,12,2,1,1,822,1,1,1,ACCOUNT_TAKEOVER
CUST_38428,32225.1,Mendoza-Solomon,HEALTHCARE,GB,NET_BANKING,12,2,1,1,1405,1,1,1,MULTI_SIGNAL_ATTACK
CUST_16844,357.58,Rivera-Solis,TRAVEL,IN,UPI,1,391,0,0,1384,0,0,0,LEGITIMATE
CUST_15380,617.4623614318932,"Cruz, Beasley and Baker",ENTERTAINMENT,US,UPI,21,860,0,0,2320,0,0,1,VELOCITY_ABUSE
CUST_33547,13030.710445778028,"Alvarado, Tran and Mclean",HEALTHCARE,NG,UPI,4,8,0,1,16,1,1,1,SYNTHETIC_IDENTITY
CUST_81314,683.67,"Holloway, Reynolds and Russell",OTHER,US,CREDIT_CARD,2,469,0,0,586,0,0,0,LEGITIMATE
CUST_95359,1000.07,"Taylor, Cooke and Russell",TRAVEL,US,DEBIT_CARD,4,880,0,0,390,0,0,0,LEGITIMATE
CUST_46716,713.2,Johnson PLC,FOOD,GB,DEBIT_CARD,1,910,0,0,1216,0,0,0,LEGITIMATE
CUST_69084,4998.97,"Palmer, Garcia and Wilkins",EDUCATION,US,CREDIT_CARD,4,327,1,0,2218,0,0,1,GEOGRAPHIC_ANOMALY
CUST_10457,8468.24,Taylor-Martin,ECOMMERCE,IN,NET_BANKING,3,720,0,0,1889,1,1,1,TRANSACTION_ANOMALY
CUST_21537,676.5,Barrett PLC,HEALTHCARE,US,CREDIT_CARD,1,385,1,0,746,0,0,1,GEOGRAPHIC_ANOMALY
CUST_36151,5246.44,"Greer, James and Armstrong",TRAVEL,IN,NET_BANKING,4,307,0,0,338,0,0,0,LEGITIMATE
CUST_77225,4670.73,Gonzalez-Goodwin,EDUCATION,GB,NET_BANKING,3,380,0,0,2471,0,0,0,LEGITIMATE
CUST_13159,2912.51,"Hill, Glass and Esparza",HEALTHCARE,CN,CREDIT_CARD,2,374,0,0,1516,0,0,0,LEGITIMATE
CUST_46282,6686.26,Barnes-Vasquez,HEALTHCARE,US,CREDIT_CARD,1,111,0,0,2083,0,0,0,LEGITIMATE
CUST_57233,4315.99,Lawrence-Foley,ENTERTAINMENT,CN,NET_BANKING,1,733,1,0,1284,0,0,1,GEOGRAPHIC_ANOMALY
CUST_58619,1351.13,"Gross, Davis and Martinez",TRAVEL,GB,UPI,2,808,0,0,912,0,0,0,LEGITIMATE
CUST_75680,3449.68,Vargas-Gilbert,ECOMMERCE,IN,DEBIT_CARD,4,692,0,0,2330,0,0,0,LEGITIMATE
CUST_47929,7706.781460149839,"Martinez, Nelson and Dawson",HEALTHCARE,IN,NET_BANKING,16,715,0,0,2327,0,0,1,VELOCITY_ABUSE
CUST_31370,3441.41,"Baker, Stewart and Gordon",OTHER,IN,NET_BANKING,4,886,0,0,176,0,0,0,LEGITIMATE
CUST_66741,6355.33,Martin Ltd,TRAVEL,IN,WALLET,3,279,0,0,850,0,0,0,LEGITIMATE
CUST_57802,4819.28,Hensley-Arnold,HEALTHCARE,IN,NET_BANKING,4,192,0,0,2306,0,0,0,LEGITIMATE
CUST_20549,2749.26,"Graham, Garza and Rose",EDUCATION,NG,WALLET,3,383,0,0,1117,0,0,0,LEGITIMATE
CUST_25822,1203.05,Benson Group,GROCERY,IN,WALLET,4,478,0,0,1442,0,0,0,LEGITIMATE
CUST_40939,2685.29,Gordon-Maddox,GROCERY,NG,UPI,1,206,0,0,230,0,0,0,LEGITIMATE
CUST_73498,339.09,"Martin, Ellis and Garcia",ENTERTAINMENT,CN,NET_BANKING,1,121,0,0,555,0,0,0,LEGITIMATE
CUST_57925,6435.22,"Dickerson, Ramos and White",ECOMMERCE,GB,CREDIT_CARD,1,781,1,0,1812,0,0,1,GEOGRAPHIC_ANOMALY
CUST_54698,7006.702920430096,Goodman-Gray,GROCERY,NG,CREDIT_CARD,7,7,0,1,29,1,1,1,SYNTHETIC_IDENTITY
CUST_63200,2903.29,Romero-Reilly,EDUCATION,NG,UPI,3,659,0,0,1611,0,0,0,LEGITIMATE
CUST_23924,1386.16,Guerrero Ltd,ENTERTAINMENT,IN,UPI,4,701,0,0,141,0,0,0,LEGITIMATE
CUST_23420,10008.29,Bates Inc,GROCERY,IN,UPI,10,1,1,1,1896,1,1,1,MULTI_SIGNAL_ATTACK
CUST_63835,42209.22,"Mckinney, Taylor and Alvarez",ECOMMERCE,US,UPI,20,3,1,1,459,1,1,1,MULTI_SIGNAL_ATTACK
CUST_17743,2696.83,Mcdowell PLC,TRAVEL,CN,UPI,3,398,0,0,353,0,0,0,LEGITIMATE
CUST_45314,1971.0487503373429,Johnson LLC,OTHER,NG,DEBIT_CARD,25,543,0,0,1892,0,0,1,VELOCITY_ABUSE
CUST_85428,3558.32,"Grimes, Brown and Anderson",FOOD,CN,NET_BANKING,2,901,0,0,1454,0,0,0,LEGITIMATE
CUST_75037,2817.73,"Bates, Thompson and Herrera",FOOD,IN,UPI,1,965,0,0,1323,0,0,0,LEGITIMATE
CUST_32164,23658.32,Vasquez and Sons,ECOMMERCE,US,NET_BANKING,23,1,1,1,2066,1,1,1,MULTI_SIGNAL_ATTACK
CUST_99550,6057.67,Harper Ltd,ENTERTAINMENT,GB,DEBIT_CARD,4,598,0,0,2073,0,0,0,LEGITIMATE
CUST_99651,1853.32,Chan LLC,HEALTHCARE,IN,UPI,4,333,0,1,259,0,0,1,PAYMENT_METHOD_ABUSE
CUST_54158,2059.47,"Butler, Carr and Graham",ECOMMERCE,NG,WALLET,3,488,0,0,2136,0,0,0,LEGITIMATE
CUST_88525,4500.89,Solomon and Sons,EDUCATION,CN,UPI,3,295,0,0,489,0,0,0,LEGITIMATE
CUST_56221,986.52,Jimenez-Cannon,TRAVEL,US,DEBIT_CARD,1,811,0,0,99,0,0,0,LEGITIMATE
CUST_43467,1825.03,"Reyes, Lucas and Buck",ENTERTAINMENT,CN,DEBIT_CARD,1,398,0,0,681,0,0,0,LEGITIMATE
CUST_88835,3842.62,Soto-Hodges,ENTERTAINMENT,GB,UPI,4,996,0,0,1586,0,0,0,LEGITIMATE
CUST_38440,409.78,Howard PLC,GROCERY,US,UPI,2,653,0,0,1909,0,0,0,LEGITIMATE
CUST_44969,11266.95,Robinson-Ibarra,FOOD,IN,WALLET,11,3,1,1,717,1,1,1,ACCOUNT_TAKEOVER
CUST_11712,320.18,Brooks and Sons,EDUCATION,CN,DEBIT_CARD,2,602,0,0,2182,0,0,0,LEGITIMATE
CUST_38180,1040.09,Reynolds PLC,GROCERY,IN,WALLET,3,186,0,0,913,0,0,0,LEGITIMATE
CUST_83163,204.42,Elliott-Morales,HEALTHCARE,US,NET_BANKING,4,723,0,0,2491,0,0,0,LEGITIMATE
CUST_75044,26383.31,Wilson-Lopez,TRAVEL,US,UPI,15,2,1,1,676,1,1,1,MULTI_SIGNAL_ATTACK
CUST_39734,240.99,"Brown, Walters and Roberts",EDUCATION,NG,WALLET,3,275,0,0,1851,0,0,0,LEGITIMATE
CUST_90449,4142.07,Williams-Davis,TRAVEL,NG,DEBIT_CARD,2,242,0,0,1704,0,0,0,LEGITIMATE
CUST_63965,643.68,Hoffman-Rodriguez,HEALTHCARE,IN,NET_BANKING,2,40,0,0,2419,0,0,0,LEGITIMATE
CUST_16713,2312.57,Stephenson PLC,HEALTHCARE,IN,NET_BANKING,4,591,0,0,825,0,0,0,LEGITIMATE
CUST_85972,9982.939527843508,Andrews-Hernandez,TRAVEL,GB,WALLET,13,967,0,0,2017,0,0,1,VELOCITY_ABUSE
CUST_95861,5444.78,Le PLC,GROCERY,NG,DEBIT_CARD,4,275,0,0,1029,0,0,0,LEGITIMATE
CUST_93505,29556.21,Porter-Reyes,OTHER,IN,NET_BANKING,4,749,0,0,662,1,1,1,TRANSACTION_ANOMALY
CUST_87281,7283.91,Navarro PLC,ECOMMERCE,IN,CREDIT_CARD,2,90,1,0,1213,0,0,1,GEOGRAPHIC_ANOMALY
CUST_63270,1382.16,Hopkins-Martinez,ECOMMERCE,IN,DEBIT_CARD,3,519,0,0,420,0,0,0,LEGITIMATE
CUST_94099,2463.89,"Ruiz, Brown and Ross",HEALTHCARE,IN,WALLET,4,513,0,0,284,0,0,0,LEGITIMATE
CUST_24161,3222.95,"Acevedo, Brown and Gomez",HEALTHCARE,CN,WALLET,1,199,0,1,2361,0,0,1,PAYMENT_METHOD_ABUSE
CUST_90539,5134.61,Horton-Robinson,ECOMMERCE,IN,DEBIT_CARD,2,606,0,0,2182,0,0,0,LEGITIMATE
CUST_84078,2813.41,"Harmon, Roberts and Thomas",EDUCATION,CN,DEBIT_CARD,2,497,0,0,1694,0,0,0,LEGITIMATE
CUST_46933,4425.38,Ward-Greene,ECOMMERCE,US,WALLET,4,383,0,0,305,0,0,0,LEGITIMATE
CUST_97541,269.74,"Wilson, Moran and Lopez",ECOMMERCE,CN,UPI,2,740,0,0,1578,0,0,0,LEGITIMATE
CUST_11299,811.95,"Price, Espinoza and Palmer",ECOMMERCE,CN,CREDIT_CARD,1,898,0,0,1153,0,0,0,LEGITIMATE
CUST_68515,835.95,"Howard, Scott and Collier",TRAVEL,NG,UPI,2,686,0,0,1175,0,0,0,LEGITIMATE
CUST_38365,1082.81,"Bishop, Lozano and Coffey",OTHER,NG,DEBIT_CARD,8,2,1,1,1474,1,1,1,ACCOUNT_TAKEOVER
CUST_28313,16358.13,Berry-Berger,TRAVEL,CN,CREDIT_CARD,6,3,1,1,1945,1,1,1,ACCOUNT_TAKEOVER
CUST_47153,9965.118178050863,"Oneill, York and Woodard",EDUCATION,NG,DEBIT_CARD,23,522,0,0,2241,0,0,1,VELOCITY_ABUSE
CUST_41281,2632.83,"Larson, Bean and Brown",ENTERTAINMENT,NG,CREDIT_CARD,3,632,0,0,2218,0,0,0,LEGITIMATE
CUST_78250,3305.47,Giles-Clark,TRAVEL,IN,WALLET,4,762,0,0,779,0,0,0,LEGITIMATE
CUST_62495,1768.4,"Johnson, Sweeney and Guerra",HEALTHCARE,IN,CREDIT_CARD,2,278,0,0,1538,0,0,0,LEGITIMATE
CUST_97926,2260.43,Russell Ltd,EDUCATION,US,NET_BANKING,3,677,0,0,1182,0,0,0,LEGITIMATE
CUST_66520,1715.89,Smith-Lee,ECOMMERCE,IN,DEBIT_CARD,1,749,0,0,1404,0,0,0,LEGITIMATE
CUST_23402,1647.24,Rodriguez-Hinton,OTHER,US,NET_BANKING,4,64,0,0,1343,0,0,0,LEGITIMATE
CUST_42297,1598.23,Austin-Sparks,HEALTHCARE,CN,WALLET,2,879,0,0,181,0,0,0,LEGITIMATE
CUST_91542,3375.57,Rich and Sons,EDUCATION,US,DEBIT_CARD,3,769,0,0,1727,1,0,1,MERCHANT_ANOMALY
CUST_73571,4458.45,"Ramos, Johnston and Ritter",ENTERTAINMENT,US,DEBIT_CARD,4,101,0,0,1572,0,0,0,LEGITIMATE
CUST_32789,2128.78,Williams-King,ECOMMERCE,CN,CREDIT_CARD,4,762,0,0,1032,0,0,0,LEGITIMATE
CUST_97403,15573.864166980004,Smith-Vaughan,FOOD,IN,NET_BANKING,9,10,0,1,18,1,1,1,SYNTHETIC_IDENTITY
CUST_86734,4853.88,Miller-Mooney,ENTERTAINMENT,GB,CREDIT_CARD,22,1,1,1,2365,1,1,1,MULTI_SIGNAL_ATTACK
CUST_27264,3326.8,Cook-Rodriguez,ENTERTAINMENT,CN,DEBIT_CARD,4,983,0,0,172,0,0,0,LEGITIMATE
CUST_97803,4594.09,"Brown, Green and Mann",OTHER,US,UPI,3,600,0,0,289,0,0,0,LEGITIMATE
CUST_64862,1361.94,"Harrison, Riley and Cooper",ENTERTAINMENT,IN,CREDIT_CARD,2,893,0,1,1837,0,0,1,PAYMENT_METHOD_ABUSE
CUST_70425,23125.98,Cruz Group,TRAVEL,NG,WALLET,1,90,0,0,1319,1,1,1,TRANSACTION_ANOMALY
CUST_83128,2969.44,Bell Group,GROCERY,IN,DEBIT_CARD,2,298,1,0,484,0,0,1,GEOGRAPHIC_ANOMALY
CUST_24998,565.32,"Taylor, Mullen and Martin",TRAVEL,US,CREDIT_CARD,1,451,0,0,34,0,0,0,LEGITIMATE
CUST_13256,5679.63,"Gonzalez, Smith and Jones",TRAVEL,US,WALLET,2,499,0,0,2379,0,0,0,LEGITIMATE
CUST_10229,5751.36,"Rivera, Quinn and Khan",OTHER,NG,DEBIT_CARD,2,608,0,0,2475,0,0,0,LEGITIMATE
CUST_35662,4123.91,"Williamson, Butler and Franklin",GROCERY,IN,DEBIT_CARD,3,196,0,0,938,0,0,0,LEGITIMATE
CUST_25719,1880.7,"Johnson, Myers and Burns",GROCERY,GB,CREDIT_CARD,3,126,0,0,609,0,0,0,LEGITIMATE
CUST_73336,398.73,Green-Lewis,EDUCATION,NG,CREDIT_CARD,2,286,0,0,1272,0,0,0,LEGITIMATE
CUST_69406,3554.11,Miller-Henry,GROCERY,NG,CREDIT_CARD,2,504,0,1,1809,0,0,1,PAYMENT_METHOD_ABUSE
CUST_45165,40378.33,Ramos-Fry,TRAVEL,IN,CREDIT_CARD,4,769,0,0,1321,0,1,1,TRANSACTION_ANOMALY
CUST_99167,2378.29,"Palmer, Garcia and Clark",HEALTHCARE,US,DEBIT_CARD,4,326,0,0,2041,0,0,0,LEGITIMATE
CUST_51460,270.12,"Lewis, Anderson and Munoz",ENTERTAINMENT,CN,CREDIT_CARD,3,801,0,0,954,0,0,0,LEGITIMATE
CUST_90353,1665.77,"Dawson, Alexander and Rodriguez",HEALTHCARE,NG,NET_BANKING,1,451,0,0,177,0,0,0,LEGITIMATE
CUST_53485,12494.43,Jackson-Bates,TRAVEL,CN,UPI,9,2,1,1,958,1,1,1,ACCOUNT_TAKEOVER
CUST_69144,984.65,Estes-Dixon,HEALTHCARE,GB,WALLET,2,268,0,1,1004,0,0,1,PAYMENT_METHOD_ABUSE
CUST_19438,8478.29,"Gordon, Carney and Brown",HEALTHCARE,GB,DEBIT_CARD,17,2,1,1,1737,1,1,1,MULTI_SIGNAL_ATTACK
CUST_11971,1198.65,"Preston, Williams and Boyd",TRAVEL,GB,WALLET,3,200,0,1,1061,0,0,1,PAYMENT_METHOD_ABUSE
CUST_36443,37852.59,Osborne Ltd,GROCERY,US,NET_BANKING,17,2,1,1,2153,1,1,1,MULTI_SIGNAL_ATTACK
CUST_13171,5668.78,"Paul, Keller and Allen",GROCERY,US,NET_BANKING,4,602,0,1,731,0,0,1,PAYMENT_METHOD_ABUSE
CUST_23444,17166.35,Haynes Ltd,GROCERY,US,UPI,13,1,1,1,673,1,1,1,ACCOUNT_TAKEOVER
CUST_17685,8390.95,"Hammond, Rodriguez and Rice",GROCERY,GB,DEBIT_CARD,13,1,1,1,252,1,1,1,ACCOUNT_TAKEOVER
CUST_24726,447.51,Lopez-Roth,OTHER,US,WALLET,3,137,0,0,45,0,0,0,LEGITIMATE
CUST_71011,2076.89,Phillips and Sons,TRAVEL,NG,DEBIT_CARD,1,923,0,1,2093,0,0,1,PAYMENT_METHOD_ABUSE
CUST_46879,991.45,"Barnes, Aguirre and Hamilton",HEALTHCARE,NG,UPI,4,80,0,0,601,0,0,0,LEGITIMATE
CUST_84774,3156.03,Rodriguez-Smith,FOOD,NG,UPI,2,972,0,0,1988,0,0,0,LEGITIMATE
CUST_16720,3998.19,Jackson LLC,ECOMMERCE,NG,DEBIT_CARD,1,743,0,0,1502,0,0,0,LEGITIMATE
CUST_59130,1236.37,"Fox, Roth and Heath",HEALTHCARE,CN,UPI,2,215,0,0,2201,0,0,0,LEGITIMATE
CUST_44811,353.06,"Valentine, Reyes and Moon",EDUCATION,GB,NET_BANKING,3,552,0,0,646,0,0,0,LEGITIMATE
CUST_44985,394.78,Schneider Ltd,GROCERY,US,WALLET,3,259,0,0,659,0,0,0,LEGITIMATE
CUST_22836,12075.85,Smith-Farmer,EDUCATION,GB,CREDIT_CARD,5,1,1,1,192,1,1,1,ACCOUNT_TAKEOVER
CUST_45788,301.32,Marshall-James,ECOMMERCE,US,UPI,1,409,1,0,477,0,0,1,GEOGRAPHIC_ANOMALY
CUST_36849,564.9,"Doyle, Anderson and Cruz",OTHER,GB,UPI,1,798,0,0,933,0,0,0,LEGITIMATE
CUST_40779,999.57,Dunn Ltd,FOOD,US,UPI,2,610,0,0,1055,0,0,0,LEGITIMATE
CUST_85399,3844.67,"Adkins, Lewis and Ward",EDUCATION,GB,NET_BANKING,1,765,0,0,68,1,0,1,MERCHANT_ANOMALY
CUST_53883,3666.23,"Floyd, Meyers and Perez",OTHER,US,NET_BANKING,1,564,0,0,2055,0,0,0,LEGITIMATE
CUST_23412,834.39,"Payne, Turner and Harris",TRAVEL,GB,NET_BANKING,4,175,1,0,1765,0,0,1,GEOGRAPHIC_ANOMALY
CUST_92951,5205.68,"Stark, Hernandez and Owen",HEALTHCARE,IN,NET_BANKING,2,749,0,0,1225,1,0,1,MERCHANT_ANOMALY
CUST_40017,592.84,Dominguez-Lawson,TRAVEL,NG,UPI,1,373,0,0,652,1,0,1,MERCHANT_ANOMALY
CUST_92818,2372.98,Meza-Valentine,TRAVEL,US,CREDIT_CARD,1,911,0,0,1610,0,0,0,LEGITIMATE
CUST_61213,3719.73,"Martinez, Mccall and Ibarra",EDUCATION,CN,CREDIT_CARD,3,334,0,0,599,0,0,0,LEGITIMATE
CUST_71858,31496.68,"Martin, Garcia and Walker",OTHER,IN,NET_BANKING,4,730,0,0,1745,0,1,1,TRANSACTION_ANOMALY
CUST_48204,2334.4,Castaneda-Padilla,ECOMMERCE,US,WALLET,3,869,0,0,923,0,0,0,LEGITIMATE
CUST_30359,1483.33,Guzman Inc,GROCERY,NG,UPI,2,394,0,0,1341,0,0,0,LEGITIMATE
CUST_31852,3544.55,"Clark, Ryan and Gonzalez",OTHER,GB,DEBIT_CARD,2,648,0,0,1482,1,0,1,MERCHANT_ANOMALY
CUST_38219,2299.95,Rivera and Sons,FOOD,US,DEBIT_CARD,3,770,0,0,295,0,0,0,LEGITIMATE
CUST_76364,3013.37,"Giles, Jones and Williams",HEALTHCARE,CN,CREDIT_CARD,1,651,0,0,1397,0,0,0,LEGITIMATE
CUST_34302,5207.35,Oliver-Peters,FOOD,CN,WALLET,2,137,1,0,1711,0,0,1,GEOGRAPHIC_ANOMALY
CUST_69226,830.66,"Ryan, Macdonald and Williams",HEALTHCARE,CN,CREDIT_CARD,4,785,0,1,771,0,0,1,PAYMENT_METHOD_ABUSE
CUST_25379,403.1,"Cantrell, Chavez and Wright",EDUCATION,GB,CREDIT_CARD,1,864,0,0,2365,0,0,0,LEGITIMATE
CUST_12411,1066.47,Blair-Sanders,HEALTHCARE,GB,DEBIT_CARD,4,150,0,0,2014,0,0,0,LEGITIMATE
CUST_94539,500.45,Valentine PLC,HEALTHCARE,IN,UPI,1,913,0,0,1381,0,0,0,LEGITIMATE
CUST_35517,1259.09,"Ferguson, Stevenson and Charles",FOOD,CN,UPI,3,504,0,0,91,0,0,0,LEGITIMATE
CUST_80409,673.7,Hayes LLC,ECOMMERCE,GB,NET_BANKING,1,961,1,0,1935,0,0,1,GEOGRAPHIC_ANOMALY
CUST_69765,1649.79,Anthony-Zimmerman,GROCERY,IN,DEBIT_CARD,4,969,0,0,345,0,0,0,LEGITIMATE
CUST_11190,3876.86,Jackson-Holt,TRAVEL,US,WALLET,1,809,0,0,1808,0,0,0,LEGITIMATE
CUST_56050,4571.74,"Carr, Roberts and Lewis",TRAVEL,GB,NET_BANKING,4,615,0,0,2422,1,0,1,MERCHANT_ANOMALY
CUST_95150,1055.4,Rodriguez-Jensen,EDUCATION,NG,UPI,2,515,0,0,2454,1,0,1,MERCHANT_ANOMALY
CUST_17714,2333.83,"Yates, Espinoza and Deleon",EDUCATION,GB,CREDIT_CARD,4,292,1,0,155,0,0,1,GEOGRAPHIC_ANOMALY
CUST_18655,3476.41,"Whitaker, Villa and Nunez",ECOMMERCE,CN,CREDIT_CARD,1,60,1,0,1591,0,0,1,GEOGRAPHIC_ANOMALY
CUST_95088,1330.5274080487184,Cross-Mccarty,TRAVEL,IN,DEBIT_CARD,12,555,0,0,728,0,0,1,VELOCITY_ABUSE
CUST_87641,2149.88,Vincent and Sons,EDUCATION,US,NET_BANKING,3,310,0,0,1692,0,0,0,LEGITIMATE
CUST_18638,3547.89,Robinson-Smith,FOOD,IN,NET_BANKING,2,670,0,0,645,0,0,0,LEGITIMATE
CUST_24548,5550.92,Robles-Rogers,ENTERTAINMENT,NG,DEBIT_CARD,1,231,0,0,2076,0,0,0,LEGITIMATE
CUST_29802,391.32,Powers-Edwards,ECOMMERCE,IN,WALLET,1,372,0,0,89,0,0,0,LEGITIMATE
CUST_50564,16195.11,Terry and Sons,HEALTHCARE,GB,DEBIT_CARD,1,142,0,0,588,1,1,1,TRANSACTION_ANOMALY
CUST_87383,568.6831261321421,Carey LLC,FOOD,IN,DEBIT_CARD,22,749,0,0,2048,0,0,1,VELOCITY_ABUSE
CUST_28628,5272.91,Cruz Ltd,OTHER,CN,DEBIT_CARD,2,640,0,0,1336,0,0,0,LEGITIMATE
CUST_26109,3447.95,Taylor-Roth,TRAVEL,IN,DEBIT_CARD,3,877,0,0,1879,0,0,0,LEGITIMATE
CUST_53301,1490.91,Mitchell-Castillo,ECOMMERCE,IN,UPI,4,616,0,0,1284,0,0,0,LEGITIMATE
CUST_23833,360.85,Carney-Ho,GROCERY,NG,UPI,3,910,0,1,1175,0,0,1,PAYMENT_METHOD_ABUSE
CUST_12589,3848.72,"Powell, Brewer and Taylor",GROCERY,NG,DEBIT_CARD,3,455,0,0,140,0,0,0,LEGITIMATE
CUST_68891,663.03,"Farmer, Whitaker and Herman",ECOMMERCE,IN,UPI,2,310,0,0,1604,0,0,0,LEGITIMATE
CUST_45409,613.21,"Mcdonald, Bowen and Fields",ENTERTAINMENT,IN,NET_BANKING,2,774,0,0,993,0,0,0,LEGITIMATE
CUST_11503,3800.24,"Morgan, Evans and Miller",ECOMMERCE,IN,WALLET,1,327,0,0,1450,0,0,0,LEGITIMATE
CUST_84615,667.39,Horne Group,FOOD,CN,CREDIT_CARD,2,356,0,0,484,0,0,0,LEGITIMATE
CUST_63926,2671.0,Cox-Matthews,EDUCATION,NG,UPI,4,792,0,1,398,0,0,1,PAYMENT_METHOD_ABUSE
CUST_58163,961.53,Moore-Walker,OTHER,US,NET_BANKING,1,393,0,0,396,0,0,0,LEGITIMATE
CUST_57382,1308.24,Adkins and Sons,GROCERY,NG,WALLET,1,45,0,0,1494,0,0,0,LEGITIMATE
CUST_38375,1208.21,Cortez PLC,EDUCATION,GB,WALLET,4,318,0,0,1119,0,0,0,LEGITIMATE
CUST_87958,2729.47,King Inc,GROCERY,US,WALLET,4,544,0,0,2086,0,0,0,LEGITIMATE
CUST_19754,2899.81,Smith-Owens,GROCERY,CN,CREDIT_CARD,3,120,0,0,624,0,0,0,LEGITIMATE
CUST_89680,4872.86,West Group,TRAVEL,CN,WALLET,1,409,0,0,238,0,0,0,LEGITIMATE
CUST_32725,39550.22,"Bailey, Brooks and Elliott",HEALTHCARE,US,NET_BANKING,1,840,0,0,120,1,1,1,TRANSACTION_ANOMALY
CUST_37190,4518.48,"Powell, Reynolds and Jones",GROCERY,GB,WALLET,4,849,0,0,925,0,0,0,LEGITIMATE
CUST_17374,2042.08,"Cobb, Flores and Gill",ENTERTAINMENT,US,NET_BANKING,2,152,1,0,1293,0,0,1,GEOGRAPHIC_ANOMALY
CUST_54105,720.63,Byrd-Sanchez,ENTERTAINMENT,NG,NET_BANKING,1,331,0,0,1105,1,0,1,MERCHANT_ANOMALY
CUST_61648,1931.26,"Bowman, Collier and Gonzalez",TRAVEL,US,WALLET,3,809,0,0,2420,0,0,0,LEGITIMATE
CUST_72273,2742.6,Smith Inc,TRAVEL,CN,CREDIT_CARD,3,669,0,0,106,0,0,0,LEGITIMATE
CUST_17387,1284.13,Sanchez Group,GROCERY,US,UPI,1,688,0,0,1470,0,0,0,LEGITIMATE
CUST_89968,7121.2,Snyder Ltd,GROCERY,IN,NET_BANKING,5,3,1,1,1947,1,1,1,ACCOUNT_TAKEOVER
CUST_47631,1816.1,"James, Guerrero and Harris",ECOMMERCE,CN,DEBIT_CARD,3,147,0,0,282,0,0,0,LEGITIMATE
CUST_13226,6089.54,"Torres, Wheeler and Medina",ECOMMERCE,IN,DEBIT_CARD,2,713,0,0,2404,0,0,0,LEGITIMATE
CUST_86317,3178.32,Perez-Rivera,FOOD,GB,UPI,4,415,0,0,2174,0,0,0,LEGITIMATE
CUST_61000,3093.02,"Hooper, Harris and Wilson",FOOD,NG,WALLET,1,542,0,0,977,0,0,0,LEGITIMATE
CUST_10076,1994.49,Nelson-Flores,TRAVEL,IN,CREDIT_CARD,3,156,1,0,1983,0,0,1,GEOGRAPHIC_ANOMALY
CUST_90439,2311.1,"Meyer, Thomas and Dillon",ENTERTAINMENT,US,WALLET,1,495,0,0,2035,0,0,0,LEGITIMATE
CUST_73805,2044.71,Rivas-Mann,HEALTHCARE,GB,WALLET,3,984,0,1,1311,0,0,1,PAYMENT_METHOD_ABUSE
CUST_81908,13935.93,Norris-Harris,OTHER,US,NET_BANKING,13,2,1,1,138,1,1,1,ACCOUNT_TAKEOVER
CUST_85545,16797.6,Lowe-Chen,OTHER,NG,CREDIT_CARD,1,285,0,0,1850,0,1,1,TRANSACTION_ANOMALY
CUST_17213,2403.43,Carter PLC,ENTERTAINMENT,NG,NET_BANKING,3,717,0,0,1362,0,0,0,LEGITIMATE
CUST_72149,2971.58,"Parks, Chang and Avery",ECOMMERCE,CN,WALLET,3,567,0,0,2401,0,0,0,LEGITIMATE
CUST_22109,1690.74,Johnson-Tran,HEALTHCARE,US,DEBIT_CARD,3,676,0,0,955,0,0,0,LEGITIMATE
CUST_17553,2297.07,Johnson-Thornton,ENTERTAINMENT,GB,UPI,1,322,0,0,150,0,0,0,LEGITIMATE
CUST_41574,6786.057367143012,Martinez and Sons,EDUCATION,CN,UPI,22,55,0,0,379,0,0,1,VELOCITY_ABUSE
CUST_44232,23129.58,"Moore, Allen and Mercer",FOOD,US,NET_BANKING,2,247,0,0,214,0,1,1,TRANSACTION_ANOMALY
CUST_12381,2555.9,Wallace Inc,HEALTHCARE,US,WALLET,1,887,0,0,124,0,0,0,LEGITIMATE
CUST_53496,684.1,Mosley-Davis,HEALTHCARE,IN,DEBIT_CARD,2,447,0,0,1549,0,0,0,LEGITIMATE
CUST_28566,759.14,Rodriguez-Beard,FOOD,IN,NET_BANKING,4,470,0,0,905,0,0,0,LEGITIMATE
CUST_21630,2213.36,"Hill, Jackson and Griffin",TRAVEL,GB,CREDIT_CARD,4,585,0,0,543,0,0,0,LEGITIMATE
CUST_27867,3688.12,"Harris, Hickman and Fox",TRAVEL,CN,NET_BANKING,3,615,0,0,275,0,0,0,LEGITIMATE
CUST_90414,2546.21,Jones-Malone,FOOD,IN,WALLET,2,424,0,0,1169,0,0,0,LEGITIMATE
CUST_65589,2081.58,"Pitts, Morgan and Smith",ECOMMERCE,NG,NET_BANKING,4,406,0,0,773,0,0,0,LEGITIMATE
CUST_63707,6109.561547600162,Osborn Ltd,TRAVEL,IN,DEBIT_CARD,19,55,0,0,188,0,0,1,VELOCITY_ABUSE
CUST_35140,1069.7,Peterson-Scott,ECOMMERCE,GB,UPI,4,643,0,0,1449,0,0,0,LEGITIMATE
CUST_78402,4317.13,"Wolf, Oconnor and Kaufman",FOOD,CN,WALLET,1,978,0,0,2043,1,0,1,MERCHANT_ANOMALY
CUST_15801,4225.7,Rogers PLC,ENTERTAINMENT,NG,NET_BANKING,3,533,0,0,2430,0,0,0,LEGITIMATE
CUST_68306,8211.547319367868,Carter Inc,FOOD,GB,UPI,30,925,0,0,1945,0,0,1,VELOCITY_ABUSE
CUST_49649,198.99,Warren PLC,GROCERY,IN,CREDIT_CARD,2,623,0,0,1248,0,0,0,LEGITIMATE
CUST_18692,11169.06,Nixon and Sons,ENTERTAINMENT,CN,DEBIT_CARD,14,3,1,1,1273,1,1,1,ACCOUNT_TAKEOVER
CUST_31748,855.19,Proctor and Sons,EDUCATION,GB,UPI,1,649,0,0,262,0,0,0,LEGITIMATE
CUST_28116,2055.31,Johnston PLC,GROCERY,NG,NET_BANKING,1,614,0,0,1747,0,0,0,LEGITIMATE
CUST_60720,4533.95,Soto and Sons,ECOMMERCE,IN,DEBIT_CARD,1,469,0,0,1903,0,0,0,LEGITIMATE
CUST_83783,546.38,Howard PLC,ECOMMERCE,US,WALLET,1,731,0,0,1913,0,0,0,LEGITIMATE
CUST_67976,3282.45,Parker PLC,HEALTHCARE,US,DEBIT_CARD,3,943,0,0,648,0,0,0,LEGITIMATE
CUST_22553,18423.16,Gibson Inc,OTHER,CN,WALLET,1,54,0,0,809,1,1,1,TRANSACTION_ANOMALY
CUST_69278,1401.04,Martinez-Hardy,ECOMMERCE,GB,CREDIT_CARD,3,94,0,0,95,0,0,0,LEGITIMATE
CUST_63423,12999.232519532037,"Smith, Morrow and Juarez",HEALTHCARE,NG,UPI,4,1,0,1,2,1,1,1,SYNTHETIC_IDENTITY
CUST_19907,6176.130258989986,"Maynard, Mcmahon and Fields",FOOD,IN,UPI,10,1,0,1,23,1,1,1,SYNTHETIC_IDENTITY
CUST_44887,641.84,"Hill, Henderson and Goodman",ENTERTAINMENT,IN,CREDIT_CARD,3,865,1,0,1003,0,0,1,GEOGRAPHIC_ANOMALY
CUST_99905,52381.18,Schneider LLC,HEALTHCARE,CN,WALLET,21,0,1,1,856,1,1,1,MULTI_SIGNAL_ATTACK
CUST_74441,2743.03,Cook-Holloway,EDUCATION,IN,WALLET,2,90,0,0,1860,0,0,0,LEGITIMATE
CUST_24578,2205.0,Hahn and Sons,EDUCATION,CN,DEBIT_CARD,3,781,0,0,1850,0,0,0,LEGITIMATE
CUST_91632,1724.52,Castillo Group,ENTERTAINMENT,CN,UPI,4,662,0,0,626,0,0,0,LEGITIMATE
CUST_64617,4181.77,Hudson-Hansen,EDUCATION,US,CREDIT_CARD,1,344,0,0,2282,0,0,0,LEGITIMATE
CUST_25544,3744.5254734561154,Landry Ltd,HEALTHCARE,NG,WALLET,17,72,0,0,1871,0,0,1,VELOCITY_ABUSE
CUST_13573,608.15,Gates-Cameron,EDUCATION,CN,NET_BANKING,3,365,0,0,910,0,0,0,LEGITIMATE
CUST_17915,4011.27,Austin-Knox,ENTERTAINMENT,NG,NET_BANKING,4,558,0,0,884,0,0,0,LEGITIMATE
CUST_95198,56.7,Fleming-Nguyen,FOOD,US,NET_BANKING,2,285,0,0,2051,0,0,0,LEGITIMATE
CUST_20328,2080.23,Kennedy-Harris,GROCERY,IN,WALLET,4,393,0,0,268,0,0,0,LEGITIMATE
CUST_96835,8406.547815741384,Le LLC,ENTERTAINMENT,US,WALLET,4,1,0,1,13,1,1,1,SYNTHETIC_IDENTITY
CUST_12753,42018.21,"Rose, Ross and Manning",TRAVEL,NG,NET_BANKING,10,3,1,1,1418,1,1,1,MULTI_SIGNAL_ATTACK
CUST_51711,665.77,Mosley-Anderson,ECOMMERCE,GB,NET_BANKING,4,224,0,0,2207,0,0,0,LEGITIMATE
CUST_55927,1008.39,"Dean, Thomas and Williams",TRAVEL,GB,UPI,2,176,0,0,2329,0,0,0,LEGITIMATE
CUST_78782,14943.7,Hayden-Garcia,FOOD,NG,NET_BANKING,2,424,0,0,59,1,1,1,TRANSACTION_ANOMALY
CUST_63727,540.17,Stephens Ltd,HEALTHCARE,US,CREDIT_CARD,3,995,0,0,461,0,0,0,LEGITIMATE
CUST_51619,22061.5,Vasquez LLC,EDUCATION,US,WALLET,10,3,1,1,753,1,1,1,ACCOUNT_TAKEOVER
CUST_28634,4358.27,"Montgomery, Strickland and Powell",TRAVEL,NG,CREDIT_CARD,2,509,0,0,2402,0,0,0,LEGITIMATE
CUST_32546,2663.81,Jones-Hurst,FOOD,US,DEBIT_CARD,3,267,0,0,2269,0,0,0,LEGITIMATE
CUST_24494,5396.15,Singh-Grant,HEALTHCARE,NG,WALLET,4,564,0,0,1677,0,0,0,LEGITIMATE
CUST_44736,3526.65,Livingston-Collier,EDUCATION,IN,CREDIT_CARD,1,202,0,0,335,0,0,0,LEGITIMATE
CUST_28978,36205.16,Stevens and Sons,OTHER,US,WALLET,4,815,0,0,465,1,1,1,TRANSACTION_ANOMALY
CUST_50820,2565.71,"Barton, Robertson and Goodman",ECOMMERCE,GB,NET_BANKING,2,200,0,0,2139,0,0,0,LEGITIMATE
CUST_54043,15688.284365904487,Green-Mann,ENTERTAINMENT,NG,DEBIT_CARD,4,4,0,1,7,1,1,1,SYNTHETIC_IDENTITY
CUST_20296,4253.29,Vasquez Group,GROCERY,CN,WALLET,1,92,0,0,1327,0,0,0,LEGITIMATE
CUST_44847,1354.26,"Jones, Hughes and Golden",HEALTHCARE,IN,WALLET,4,152,0,0,1682,0,0,0,LEGITIMATE
CUST_24472,3562.97,Hardy-White,ENTERTAINMENT,GB,NET_BANKING,1,749,0,0,129,0,0,0,LEGITIMATE
CUST_47494,129.6,Gray Ltd,ECOMMERCE,GB,UPI,2,864,0,0,2374,0,0,0,LEGITIMATE
CUST_64434,1397.75,Roberts-Ellis,ENTERTAINMENT,IN,UPI,3,749,0,0,2079,0,0,0,LEGITIMATE
CUST_57495,4737.48,Moreno-Cannon,HEALTHCARE,US,UPI,2,626,0,0,718,0,0,0,LEGITIMATE
CUST_51388,5611.88,Salazar Group,HEALTHCARE,IN,UPI,1,33,0,0,1525,0,0,0,LEGITIMATE
CUST_78092,4387.7569532893485,"Garcia, King and Hernandez",HEALTHCARE,IN,UPI,19,206,0,0,2023,0,0,1,VELOCITY_ABUSE
CUST_32007,4495.18,Maldonado LLC,TRAVEL,CN,UPI,2,391,0,0,2474,0,0,0,LEGITIMATE
CUST_45981,965.7,York-Greene,HEALTHCARE,NG,NET_BANKING,3,861,0,0,1548,0,0,0,LEGITIMATE
CUST_54009,3106.57,Kennedy-Hudson,TRAVEL,IN,DEBIT_CARD,4,994,0,0,62,0,0,0,LEGITIMATE
CUST_30781,6815.69,"Roberts, Baker and Frank",OTHER,CN,WALLET,4,111,0,0,2467,0,0,0,LEGITIMATE
CUST_85074,294.22,"Yoder, Griffin and Young",HEALTHCARE,US,WALLET,2,84,0,0,2107,0,0,0,LEGITIMATE
CUST_84618,324.04,Martinez LLC,ENTERTAINMENT,US,CREDIT_CARD,2,765,0,0,1283,0,0,0,LEGITIMATE
CUST_12252,4029.82,"Conway, Delgado and Thomas",GROCERY,US,CREDIT_CARD,4,1000,0,0,463,0,0,0,LEGITIMATE
CUST_41712,878.39,"Frey, Morris and Bradford",EDUCATION,NG,WALLET,4,573,0,0,1041,0,0,0,LEGITIMATE
CUST_63026,390.92,Price PLC,ENTERTAINMENT,US,WALLET,2,953,0,0,2006,0,0,0,LEGITIMATE
CUST_85001,2633.12,Evans-Baker,TRAVEL,US,CREDIT_CARD,4,63,0,0,383,0,0,0,LEGITIMATE
CUST_51511,4857.14,Taylor and Sons,GROCERY,NG,UPI,3,745,0,0,1748,0,0,0,LEGITIMATE
CUST_43362,1030.39,Fleming Group,ENTERTAINMENT,CN,UPI,1,44,0,0,1083,0,0,0,LEGITIMATE
CUST_63773,1476.78,"Perez, Carter and Jackson",GROCERY,IN,CREDIT_CARD,2,205,0,1,1844,0,0,1,PAYMENT_METHOD_ABUSE
CUST_54363,259.8,Dixon LLC,OTHER,NG,CREDIT_CARD,3,313,0,0,414,0,0,0,LEGITIMATE
CUST_66100,4168.59,Ramirez and Sons,ECOMMERCE,CN,WALLET,2,559,0,0,1101,0,0,0,LEGITIMATE
CUST_50455,2839.77,"Mcmahon, Smith and Pierce",ENTERTAINMENT,IN,UPI,4,615,0,0,187,0,0,0,LEGITIMATE
CUST_15990,2771.05,Jackson-Bautista,ECOMMERCE,CN,UPI,3,142,0,0,1417,0,0,0,LEGITIMATE
CUST_66518,4623.49,Butler Inc,TRAVEL,IN,NET_BANKING,1,453,0,0,1026,0,0,0,LEGITIMATE
CUST_96310,7093.53,Hanna-Bishop,FOOD,NG,UPI,9,0,1,1,2347,1,1,1,ACCOUNT_TAKEOVER
CUST_68406,4600.91,Hill LLC,GROCERY,NG,DEBIT_CARD,1,930,0,0,2230,0,0,0,LEGITIMATE
CUST_41553,7057.013053067439,Rivera-Harris,OTHER,US,UPI,10,824,0,0,2456,0,0,1,VELOCITY_ABUSE
CUST_27820,1995.1,James-Savage,GROCERY,CN,WALLET,3,928,0,0,397,0,0,0,LEGITIMATE
CUST_70642,1429.77,Knox-Bell,FOOD,NG,DEBIT_CARD,1,476,0,0,316,0,0,0,LEGITIMATE
CUST_25362,3481.21,"Freeman, Sandoval and Campbell",FOOD,NG,CREDIT_CARD,3,247,0,1,1620,0,0,1,PAYMENT_METHOD_ABUSE
CUST_17479,17241.37,"Coleman, Mendoza and Moreno",GROCERY,IN,NET_BANKING,7,3,1,1,1727,1,1,1,ACCOUNT_TAKEOVER
CUST_23760,24217.559093963224,Carlson-Lindsey,TRAVEL,CN,WALLET,7,1,0,1,2,1,1,1,SYNTHETIC_IDENTITY
CUST_63652,58046.03,Woods-Lindsey,EDUCATION,CN,CREDIT_CARD,3,410,0,0,2289,1,1,1,TRANSACTION_ANOMALY
CUST_70053,2479.55,"Spears, Blair and Mejia",OTHER,CN,WALLET,3,974,0,0,1581,0,0,0,LEGITIMATE
CUST_26094,2385.54,Humphrey Group,EDUCATION,CN,WALLET,3,242,0,0,361,0,0,0,LEGITIMATE
CUST_47820,644.3,"Clark, Medina and Gonzales",TRAVEL,GB,WALLET,4,707,0,1,115,0,0,1,PAYMENT_METHOD_ABUSE
CUST_63891,5076.46,Williams-Reed,GROCERY,CN,CREDIT_CARD,1,439,0,0,2144,0,0,0,LEGITIMATE
CUST_11546,12421.27,"Barrett, Carter and Montgomery",ECOMMERCE,NG,NET_BANKING,5,1,1,1,1101,1,1,1,ACCOUNT_TAKEOVER
CUST_82301,1721.19,Garcia PLC,ENTERTAINMENT,GB,CREDIT_CARD,1,408,0,0,992,1,0,1,MERCHANT_ANOMALY
CUST_93578,1339.81,Frost-Bird,FOOD,US,WALLET,4,549,1,0,2000,0,0,1,GEOGRAPHIC_ANOMALY
CUST_76059,733.3094338580357,"Price, Horne and Johns",HEALTHCARE,GB,NET_BANKING,14,972,0,0,770,0,0,1,VELOCITY_ABUSE
CUST_35793,3133.68,Williamson-Stevenson,TRAVEL,US,DEBIT_CARD,3,307,0,0,210,0,0,0,LEGITIMATE
CUST_16742,1147.84,"Hernandez, Garza and Moreno",OTHER,GB,CREDIT_CARD,3,959,0,0,1040,0,0,0,LEGITIMATE
CUST_43021,789.96,Wall-Baxter,HEALTHCARE,US,WALLET,4,961,0,0,2021,1,0,1,MERCHANT_ANOMALY
CUST_72950,3194.6,Rodriguez-Fletcher,FOOD,GB,UPI,4,79,0,0,980,0,0,0,LEGITIMATE
CUST_98110,3503.06,Levy-Wall,GROCERY,CN,NET_BANKING,3,526,0,0,1608,0,0,0,LEGITIMATE
CUST_21817,1654.09,Price-Williams,ECOMMERCE,GB,UPI,2,298,0,0,632,0,0,0,LEGITIMATE
CUST_79063,679.67,Wade-Martinez,OTHER,GB,UPI,4,640,0,0,1369,0,0,0,LEGITIMATE
CUST_78596,1588.33,"Leblanc, Allen and Lee",HEALTHCARE,IN,WALLET,4,681,0,0,200,0,0,0,LEGITIMATE
CUST_41221,64076.72,"Dawson, Day and Franklin",FOOD,IN,DEBIT_CARD,1,479,0,0,1689,1,1,1,TRANSACTION_ANOMALY
CUST_15362,2322.41,Kelley-Collins,TRAVEL,NG,NET_BANKING,2,213,0,0,1408,0,0,0,LEGITIMATE
CUST_79928,1560.67,"Richardson, Wilson and Martin",EDUCATION,NG,WALLET,1,107,0,0,1391,0,0,0,LEGITIMATE
CUST_65937,9161.99,Estrada Inc,TRAVEL,IN,UPI,2,557,0,0,346,1,1,1,TRANSACTION_ANOMALY
CUST_31606,4885.49,"Fisher, Frazier and Cohen",ECOMMERCE,US,NET_BANKING,2,866,0,0,1730,0,0,0,LEGITIMATE
CUST_45974,68261.25,Aguilar-Mclaughlin,TRAVEL,IN,DEBIT_CARD,3,589,0,0,1613,1,1,1,TRANSACTION_ANOMALY
CUST_59814,3656.15,Diaz Group,FOOD,NG,DEBIT_CARD,1,393,0,0,1941,0,0,0,LEGITIMATE
CUST_75921,17336.670336112667,"Anderson, Wagner and Gonzalez",TRAVEL,NG,WALLET,4,10,0,1,17,1,1,1,SYNTHETIC_IDENTITY
CUST_71192,17521.73,Clark Group,OTHER,NG,NET_BANKING,6,3,1,1,2216,1,1,1,ACCOUNT_TAKEOVER
CUST_16896,2755.1,Lopez Inc,ECOMMERCE,IN,NET_BANKING,1,94,0,0,141,0,0,0,LEGITIMATE
CUST_65204,3699.23,Bautista and Sons,OTHER,GB,NET_BANKING,3,691,0,0,858,0,0,0,LEGITIMATE
CUST_68431,2202.61,Mullins-Blanchard,HEALTHCARE,GB,NET_BANKING,1,765,0,0,777,0,0,0,LEGITIMATE
CUST_32511,1399.3738000505582,Walker-Gonzales,HEALTHCARE,NG,DEBIT_CARD,11,297,0,0,561,0,0,1,VELOCITY_ABUSE
CUST_85501,4222.48,Odonnell-Williams,EDUCATION,US,NET_BANKING,2,363,0,0,1055,0,0,0,LEGITIMATE
CUST_23983,6336.61,"Williams, Anderson and Richardson",FOOD,US,CREDIT_CARD,2,53,0,0,1481,0,0,0,LEGITIMATE
CUST_81061,2593.94,Howard-Miller,HEALTHCARE,CN,DEBIT_CARD,9,3,1,1,145,1,1,1,ACCOUNT_TAKEOVER
CUST_67177,1261.9,Barnett Ltd,OTHER,IN,CREDIT_CARD,3,99,0,0,2476,0,0,0,LEGITIMATE
CUST_94188,2646.5,"Collins, Bartlett and Norris",EDUCATION,GB,WALLET,3,514,0,0,2108,0,0,0,LEGITIMATE
CUST_21204,5929.44,Rose Inc,FOOD,CN,WALLET,2,837,0,0,619,0,0,0,LEGITIMATE
CUST_49849,20508.75,"Gould, Sanchez and Jackson",OTHER,GB,WALLET,15,3,1,1,381,1,1,1,ACCOUNT_TAKEOVER
CUST_62042,616.65,Hanna-Gutierrez,HEALTHCARE,US,UPI,2,963,0,0,314,0,0,0,LEGITIMATE
CUST_26912,2829.57,"Bentley, Silva and Watkins",EDUCATION,NG,CREDIT_CARD,1,64,0,0,1847,0,0,0,LEGITIMATE
CUST_21450,7908.1998210994925,"Campbell, Pacheco and Simmons",ENTERTAINMENT,NG,WALLET,6,3,0,1,15,1,1,1,SYNTHETIC_IDENTITY
CUST_25096,1349.77,"Thompson, Jones and Taylor",EDUCATION,NG,WALLET,3,171,0,0,406,0,0,0,LEGITIMATE
CUST_98807,5838.28,"Ball, Ray and Norris",ENTERTAINMENT,CN,CREDIT_CARD,3,435,0,0,1357,0,0,0,LEGITIMATE
CUST_50273,3185.35,Clark-Stark,GROCERY,US,CREDIT_CARD,1,852,0,0,883,0,0,0,LEGITIMATE
CUST_85426,4016.48,Park Group,OTHER,GB,DEBIT_CARD,4,749,0,0,313,0,0,0,LEGITIMATE
CUST_42439,3388.76,Rodgers-Bell,TRAVEL,US,WALLET,2,366,0,0,1721,0,0,0,LEGITIMATE
CUST_11594,5456.5,Ramirez Inc,EDUCATION,US,UPI,2,353,0,0,1445,0,0,0,LEGITIMATE
CUST_83333,7402.84,Young-Harrington,ENTERTAINMENT,NG,DEBIT_CARD,1,566,0,0,1118,0,0,0,LEGITIMATE
CUST_45727,5359.51,"Christian, Waters and Simmons",EDUCATION,GB,DEBIT_CARD,2,345,0,0,1240,0,0,0,LEGITIMATE
CUST_54176,31159.42,Smith-Bowman,FOOD,NG,DEBIT_CARD,2,954,0,0,2076,1,1,1,TRANSACTION_ANOMALY
CUST_24111,1592.42,Barker-Jackson,TRAVEL,GB,WALLET,1,498,1,0,2117,0,0,1,GEOGRAPHIC_ANOMALY
CUST_79311,567.98,Baxter Group,TRAVEL,CN,UPI,1,704,0,1,1436,0,0,1,PAYMENT_METHOD_ABUSE
CUST_26036,1176.82,"Martin, Daniel and Anderson",EDUCATION,GB,NET_BANKING,4,104,0,0,1329,0,0,0,LEGITIMATE
CUST_16354,2757.14,"Kramer, Henderson and Chan",OTHER,US,NET_BANKING,4,775,0,0,1891,0,0,0,LEGITIMATE
CUST_64765,960.57,Gomez Inc,OTHER,NG,DEBIT_CARD,3,709,0,0,1380,0,0,0,LEGITIMATE
CUST_72460,4256.85,Todd LLC,GROCERY,GB,DEBIT_CARD,2,368,0,0,175,0,0,0,LEGITIMATE
CUST_11376,23792.65468047018,Thomas LLC,TRAVEL,NG,UPI,8,10,0,1,15,1,1,1,SYNTHETIC_IDENTITY
CUST_58522,1474.25,"Parker, Heath and Nguyen",OTHER,US,UPI,2,322,1,0,634,0,0,1,GEOGRAPHIC_ANOMALY
CUST_33383,49179.37,Walker-Garza,ECOMMERCE,US,NET_BANKING,2,38,0,0,569,0,1,1,TRANSACTION_ANOMALY
CUST_34446,2373.91,Jensen-Harvey,ENTERTAINMENT,IN,UPI,1,42,0,0,544,0,0,0,LEGITIMATE
CUST_45835,15168.11,Walsh PLC,TRAVEL,US,UPI,2,870,0,0,1485,1,1,1,TRANSACTION_ANOMALY
CUST_75570,6187.47,Warren-Walker,TRAVEL,IN,NET_BANKING,17,2,1,1,322,1,1,1,MULTI_SIGNAL_ATTACK
CUST_74093,5789.73,"Stone, Thompson and Gutierrez",TRAVEL,US,UPI,3,846,0,0,1600,0,0,0,LEGITIMATE
CUST_83061,1990.48,Hayes-Hardy,TRAVEL,NG,NET_BANKING,3,639,0,0,1210,0,0,0,LEGITIMATE
CUST_82259,49011.83,"Nelson, Koch and Lopez",ENTERTAINMENT,NG,CREDIT_CARD,18,1,1,1,2046,1,1,1,MULTI_SIGNAL_ATTACK
CUST_94920,3190.15,Strong-Hensley,ECOMMERCE,NG,CREDIT_CARD,3,792,1,0,478,0,0,1,GEOGRAPHIC_ANOMALY
CUST_98301,5288.32,Roberts-Jensen,HEALTHCARE,NG,NET_BANKING,3,441,0,0,1207,0,0,0,LEGITIMATE
CUST_64348,2141.54,"Davis, Morton and Mckenzie",GROCERY,US,NET_BANKING,3,111,0,0,76,0,0,0,LEGITIMATE
CUST_41160,5191.83,"Reeves, Fox and Church",EDUCATION,NG,CREDIT_CARD,2,329,0,0,274,0,0,0,LEGITIMATE
CUST_78385,1295.78,"Romero, Williams and Kim",ENTERTAINMENT,US,WALLET,3,734,1,0,1395,0,0,1,GEOGRAPHIC_ANOMALY
CUST_67114,2026.99,Farrell-Rogers,HEALTHCARE,GB,DEBIT_CARD,4,928,0,0,1342,0,0,0,LEGITIMATE
CUST_56061,888.79,Anderson Ltd,ENTERTAINMENT,NG,CREDIT_CARD,3,640,0,0,1143,0,0,0,LEGITIMATE
CUST_26017,637.72,Wilson PLC,TRAVEL,IN,DEBIT_CARD,1,788,0,0,1426,0,0,0,LEGITIMATE
CUST_81385,3878.76,Hopkins-Jones,OTHER,NG,NET_BANKING,3,390,0,0,1557,0,0,0,LEGITIMATE
CUST_10719,13021.683413975801,Wood Group,ENTERTAINMENT,NG,WALLET,3,0,0,1,26,1,1,1,SYNTHETIC_IDENTITY
CUST_49607,33417.3,Collins PLC,GROCERY,US,WALLET,8,2,1,1,2096,1,1,1,MULTI_SIGNAL_ATTACK
CUST_88967,2111.44,Foster-Morris,TRAVEL,GB,NET_BANKING,3,498,0,0,1002,0,0,0,LEGITIMATE
CUST_52071,1747.12,Woods Inc,FOOD,US,UPI,2,884,0,0,729,0,0,0,LEGITIMATE
CUST_93534,817.48,Glass-Anderson,ECOMMERCE,NG,NET_BANKING,2,65,0,0,1251,0,0,0,LEGITIMATE
CUST_45712,482.32,Monroe-Johnson,FOOD,IN,NET_BANKING,4,908,0,0,876,0,0,0,LEGITIMATE
CUST_40197,4725.45,Smith Inc,ENTERTAINMENT,GB,DEBIT_CARD,3,429,0,0,2054,1,0,1,MERCHANT_ANOMALY
CUST_54789,261.71,Garcia-Bolton,HEALTHCARE,CN,UPI,3,511,0,0,1903,1,0,1,MERCHANT_ANOMALY
CUST_85439,9858.424887822317,Kirk Group,HEALTHCARE,GB,UPI,7,6,0,1,20,1,1,1,SYNTHETIC_IDENTITY
CUST_56916,3122.1,Allen-Harris,FOOD,NG,WALLET,1,404,0,0,736,0,0,0,LEGITIMATE
CUST_81589,4836.69,Collins-Moore,OTHER,IN,NET_BANKING,1,955,0,0,838,0,0,0,LEGITIMATE
CUST_51712,1105.31,Bryant Group,EDUCATION,US,CREDIT_CARD,2,753,0,0,1058,0,0,0,LEGITIMATE
CUST_25811,1702.11,Shaw PLC,ECOMMERCE,CN,WALLET,4,298,0,0,411,0,0,0,LEGITIMATE
CUST_42675,1472.91,Jones Ltd,ENTERTAINMENT,NG,WALLET,1,275,0,0,1714,0,0,0,LEGITIMATE
CUST_49637,16734.34,Saunders Group,ECOMMERCE,IN,UPI,5,3,1,1,599,1,1,1,ACCOUNT_TAKEOVER
CUST_26929,229.1,Campbell-Lindsey,GROCERY,NG,DEBIT_CARD,1,292,0,0,162,0,0,0,LEGITIMATE
CUST_21561,13023.3,Bennett Group,TRAVEL,GB,CREDIT_CARD,1,169,0,0,620,1,1,1,TRANSACTION_ANOMALY
CUST_99879,2862.26,"Woods, Franklin and Everett",FOOD,IN,WALLET,2,434,0,0,157,0,0,0,LEGITIMATE
CUST_21146,391.35,Bruce-Warren,HEALTHCARE,US,NET_BANKING,1,162,0,0,2036,1,0,1,MERCHANT_ANOMALY
CUST_26662,7669.52,Knight Inc,OTHER,NG,NET_BANKING,2,491,0,0,1832,0,0,0,LEGITIMATE
CUST_24380,120.17,"Brown, Pineda and Jackson",GROCERY,US,CREDIT_CARD,3,627,0,0,2212,0,0,0,LEGITIMATE
CUST_55855,20925.943752521838,Sandoval Group,ECOMMERCE,GB,UPI,8,7,0,1,25,1,1,1,SYNTHETIC_IDENTITY
CUST_60374,2845.41,"Medina, Sweeney and Golden",ENTERTAINMENT,NG,NET_BANKING,4,665,0,0,1192,0,0,0,LEGITIMATE
CUST_30315,1943.35,Owens-Smith,FOOD,CN,CREDIT_CARD,1,450,1,0,1613,0,0,1,GEOGRAPHIC_ANOMALY
CUST_60064,24844.5,"Howard, Perry and Le",OTHER,US,NET_BANKING,1,555,0,0,1639,1,1,1,TRANSACTION_ANOMALY
CUST_75986,2267.04,"Lin, Jones and Howard",TRAVEL,CN,UPI,3,118,0,0,1912,0,0,0,LEGITIMATE
CUST_61632,2441.45,"Wright, Zuniga and Carroll",EDUCATION,CN,DEBIT_CARD,3,738,1,0,1792,0,0,1,GEOGRAPHIC_ANOMALY
CUST_32674,2474.12,Santiago Inc,HEALTHCARE,IN,UPI,2,821,0,0,1256,0,0,0,LEGITIMATE
CUST_36123,806.9717602782185,Goodman-Stark,TRAVEL,GB,CREDIT_CARD,26,212,0,0,522,0,0,1,VELOCITY_ABUSE
CUST_34935,1986.29,Velez-Martinez,GROCERY,CN,UPI,2,526,0,0,674,0,0,0,LEGITIMATE
CUST_48773,1130.7,"Wong, Gonzales and Keller",ENTERTAINMENT,US,DEBIT_CARD,3,571,0,0,412,0,0,0,LEGITIMATE
CUST_87674,6552.25,"Pace, Martin and Baker",OTHER,IN,WALLET,2,424,0,0,682,0,0,0,LEGITIMATE
CUST_98667,4109.51,"Thompson, King and Garcia",ECOMMERCE,IN,NET_BANKING,2,344,0,0,1816,0,0,0,LEGITIMATE
CUST_91945,6416.29,Watkins-Davis,TRAVEL,IN,WALLET,7,0,1,1,2166,1,1,1,ACCOUNT_TAKEOVER
CUST_24419,1639.16,"Vaughn, Callahan and Bruce",OTHER,US,WALLET,4,359,0,0,959,0,0,0,LEGITIMATE
CUST_92754,46356.25,"Valentine, Gray and Armstrong",GROCERY,IN,NET_BANKING,1,41,0,0,673,1,1,1,TRANSACTION_ANOMALY
CUST_51966,393.36,Barnett Group,GROCERY,US,DEBIT_CARD,1,415,0,0,2337,0,0,0,LEGITIMATE
CUST_75459,12115.64,Rodriguez-Goodwin,FOOD,GB,UPI,11,0,1,1,118,1,1,1,MULTI_SIGNAL_ATTACK
CUST_70182,836.28,Bates PLC,GROCERY,GB,DEBIT_CARD,3,627,0,0,575,0,0,0,LEGITIMATE
CUST_38470,1008.74,Schroeder-Webb,GROCERY,CN,WALLET,2,879,0,0,261,0,0,0,LEGITIMATE
CUST_91319,20523.050378636854,Williams Ltd,FOOD,US,WALLET,10,2,0,1,22,1,1,1,SYNTHETIC_IDENTITY
CUST_71308,4909.43,"Pittman, Ruiz and Aguilar",ECOMMERCE,US,DEBIT_CARD,4,864,0,0,1142,0,0,0,LEGITIMATE
CUST_19186,812.74,"Walker, Turner and Myers",ECOMMERCE,CN,CREDIT_CARD,4,693,0,0,806,0,0,0,LEGITIMATE
CUST_89682,26861.76,Mora Group,ENTERTAINMENT,CN,WALLET,10,3,1,1,1460,1,1,1,ACCOUNT_TAKEOVER
CUST_61502,1186.49,Newman-Richardson,FOOD,GB,NET_BANKING,4,302,0,0,996,0,0,0,LEGITIMATE
CUST_13761,4155.85,Brown Group,OTHER,CN,DEBIT_CARD,1,767,1,0,737,0,0,1,GEOGRAPHIC_ANOMALY
CUST_70622,4982.53,Hahn and Sons,TRAVEL,IN,WALLET,1,780,0,0,1173,0,0,0,LEGITIMATE
CUST_96615,3459.42,Velazquez Group,EDUCATION,CN,WALLET,3,189,0,0,1049,1,0,1,MERCHANT_ANOMALY
CUST_38712,29831.36,Lucas LLC,GROCERY,NG,DEBIT_CARD,24,3,1,1,370,1,1,1,MULTI_SIGNAL_ATTACK
CUST_60869,614.06,Gallegos-Riggs,GROCERY,IN,DEBIT_CARD,2,412,0,0,1423,0,0,0,LEGITIMATE
CUST_47139,370.94,Bowman Group,EDUCATION,US,NET_BANKING,4,532,0,0,2131,0,0,0,LEGITIMATE
CUST_24778,2884.86,Townsend PLC,TRAVEL,US,DEBIT_CARD,2,102,0,0,2282,0,0,0,LEGITIMATE
CUST_54775,19133.288011679062,Caldwell Group,FOOD,NG,CREDIT_CARD,8,1,0,1,11,1,1,1,SYNTHETIC_IDENTITY
CUST_81358,1657.48,Miller PLC,OTHER,IN,WALLET,1,80,0,0,1402,0,0,0,LEGITIMATE
CUST_83110,3428.42,"Hamilton, Barton and Schultz",OTHER,IN,CREDIT_CARD,3,79,0,0,2401,0,0,0,LEGITIMATE
CUST_15456,4536.05,Shelton LLC,FOOD,US,CREDIT_CARD,1,267,0,0,231,0,0,0,LEGITIMATE
CUST_62337,1182.12,Guerra-Harper,EDUCATION,NG,CREDIT_CARD,4,912,0,0,119,0,0,0,LEGITIMATE
CUST_19380,7395.53,"Turner, Rowe and Farley",GROCERY,GB,NET_BANKING,20,3,1,1,720,1,1,1,MULTI_SIGNAL_ATTACK
CUST_93713,1332.21,"Wilson, Rogers and Harrell",GROCERY,IN,DEBIT_CARD,2,483,0,0,2401,0,0,0,LEGITIMATE
CUST_86169,4414.34,Williams-Phillips,ENTERTAINMENT,IN,UPI,4,618,0,0,2097,0,0,0,LEGITIMATE
CUST_20629,17600.22,Tucker-Reed,ECOMMERCE,NG,DEBIT_CARD,2,91,0,0,1064,1,1,1,TRANSACTION_ANOMALY
CUST_97484,4440.19,"Greene, Rodriguez and Wiley",OTHER,GB,WALLET,1,139,0,0,252,0,0,0,LEGITIMATE
CUST_48967,445.51,Sanchez Ltd,GROCERY,US,CREDIT_CARD,4,528,0,0,1168,0,0,0,LEGITIMATE
CUST_13642,667.9,"Hensley, Schwartz and Flynn",TRAVEL,IN,CREDIT_CARD,3,232,0,0,1443,0,0,0,LEGITIMATE
CUST_56445,2160.1,Jones and Sons,ECOMMERCE,US,NET_BANKING,4,386,0,0,1232,0,0,0,LEGITIMATE
CUST_58828,2771.53,Johnson LLC,FOOD,GB,DEBIT_CARD,3,217,0,0,2210,0,0,0,LEGITIMATE
CUST_50018,1238.65,Neal Group,ENTERTAINMENT,IN,WALLET,1,549,0,0,2354,0,0,0,LEGITIMATE
CUST_90670,644.4977916461546,Avila-Ryan,HEALTHCARE,CN,WALLET,30,871,0,0,1236,0,0,1,VELOCITY_ABUSE
CUST_65824,856.35,"Morgan, Chandler and Hart",OTHER,US,WALLET,2,965,0,0,517,0,0,0,LEGITIMATE
CUST_77541,3283.41,"Newman, Petersen and Hogan",HEALTHCARE,IN,CREDIT_CARD,2,241,0,0,355,0,0,0,LEGITIMATE
CUST_28997,4621.57,Delgado and Sons,FOOD,GB,CREDIT_CARD,12,0,1,1,513,1,1,1,ACCOUNT_TAKEOVER
CUST_53273,7631.54,Rodriguez-Porter,GROCERY,NG,CREDIT_CARD,24,0,1,1,1484,1,1,1,MULTI_SIGNAL_ATTACK
CUST_45980,1567.24,Martinez and Sons,TRAVEL,GB,WALLET,1,72,0,0,62,0,0,0,LEGITIMATE
CUST_89344,23836.06,Lopez Ltd,FOOD,NG,CREDIT_CARD,17,3,1,1,1384,1,1,1,MULTI_SIGNAL_ATTACK
CUST_42659,997.88,Mccarthy-Bolton,FOOD,US,DEBIT_CARD,2,117,0,0,966,0,0,0,LEGITIMATE
CUST_32710,332.77,French Group,FOOD,GB,UPI,1,474,0,0,1936,0,0,0,LEGITIMATE
CUST_97656,4543.97,"Gomez, Bradley and Mahoney",OTHER,NG,NET_BANKING,1,444,0,0,557,0,0,0,LEGITIMATE
CUST_26214,3135.26,"Newton, Shaw and Sampson",ECOMMERCE,NG,UPI,4,928,0,0,1753,0,0,0,LEGITIMATE
CUST_50449,1414.79,Grant-Bennett,OTHER,GB,WALLET,3,775,0,0,1651,0,0,0,LEGITIMATE
CUST_29585,1263.6303792630877,Moss PLC,HEALTHCARE,CN,NET_BANKING,24,311,0,0,273,0,0,1,VELOCITY_ABUSE
CUST_51686,28965.54401533091,Dawson-Griffin,OTHER,IN,UPI,6,1,0,1,23,1,1,1,SYNTHETIC_IDENTITY
CUST_29108,1244.04,"Harris, Chandler and Benitez",TRAVEL,NG,NET_BANKING,4,495,0,0,526,0,0,0,LEGITIMATE
CUST_39195,1347.78,Kelley Ltd,HEALTHCARE,CN,DEBIT_CARD,3,743,0,0,1245,0,0,0,LEGITIMATE
CUST_20701,5658.39,Le-Bailey,OTHER,GB,UPI,1,368,0,0,1771,0,0,0,LEGITIMATE
CUST_71376,1365.13,Cruz-Griffin,FOOD,GB,UPI,3,803,0,0,1535,0,0,0,LEGITIMATE
CUST_29901,725.27,Hudson-Taylor,ECOMMERCE,US,UPI,1,665,0,0,2320,0,0,0,LEGITIMATE
CUST_67372,4919.28,"Salas, Gonzalez and Burton",EDUCATION,NG,DEBIT_CARD,3,901,0,0,2187,0,0,0,LEGITIMATE
CUST_40155,1222.88,Roberts-Barker,TRAVEL,US,CREDIT_CARD,4,974,0,0,1165,0,0,0,LEGITIMATE
CUST_80149,1236.16,Carey-Allison,OTHER,NG,DEBIT_CARD,4,82,0,0,2050,0,0,0,LEGITIMATE
CUST_90017,1406.81,"Ford, Robinson and Watson",ENTERTAINMENT,US,NET_BANKING,2,339,0,0,2392,0,0,0,LEGITIMATE
CUST_44110,15253.466546388583,"House, Martin and Jensen",GROCERY,US,CREDIT_CARD,10,1,0,1,15,1,1,1,SYNTHETIC_IDENTITY
CUST_55493,3677.59,Molina PLC,ENTERTAINMENT,NG,WALLET,3,285,0,0,1189,0,0,0,LEGITIMATE
CUST_99658,3671.58,Mendoza-Anderson,ECOMMERCE,US,NET_BANKING,4,598,0,0,1607,0,0,0,LEGITIMATE
CUST_31278,4657.09,Hunter-Williams,OTHER,US,UPI,3,613,0,0,1802,0,0,0,LEGITIMATE
CUST_67279,4193.55,"Brown, Smith and Chandler",HEALTHCARE,CN,DEBIT_CARD,4,930,0,0,1055,0,0,0,LEGITIMATE
CUST_29199,3142.85,Hart Group,HEALTHCARE,NG,NET_BANKING,3,462,0,0,1211,0,0,0,LEGITIMATE
CUST_46885,5028.78,Vargas-Knight,OTHER,CN,WALLET,11,0,1,1,909,1,1,1,ACCOUNT_TAKEOVER
CUST_57414,26759.238032892514,Warren PLC,GROCERY,US,UPI,5,0,0,1,7,1,1,1,SYNTHETIC_IDENTITY
CUST_61759,15497.63,Wang-Cameron,FOOD,GB,WALLET,10,2,1,1,1126,1,1,1,ACCOUNT_TAKEOVER
CUST_76847,3636.98,Long Ltd,TRAVEL,IN,CREDIT_CARD,1,929,0,0,467,0,0,0,LEGITIMATE
CUST_87302,544.9,Graham-Shaw,HEALTHCARE,GB,WALLET,2,565,0,0,382,0,0,0,LEGITIMATE
CUST_38308,4876.82,Gregory-Wright,OTHER,NG,CREDIT_CARD,2,357,0,0,980,0,0,0,LEGITIMATE
CUST_63438,423.13,Dillon and Sons,OTHER,US,NET_BANKING,2,183,0,0,1001,0,0,0,LEGITIMATE
CUST_76107,2078.85,"Mcmillan, Fleming and Johnson",HEALTHCARE,CN,DEBIT_CARD,4,386,0,0,2101,0,0,0,LEGITIMATE
CUST_96440,1779.55,"Williams, Campbell and Freeman",ENTERTAINMENT,CN,DEBIT_CARD,4,973,0,0,770,0,0,0,LEGITIMATE
CUST_87614,921.1,"Chase, Price and Haynes",TRAVEL,GB,UPI,4,122,0,0,2044,0,0,0,LEGITIMATE
CUST_89120,3774.15,Combs LLC,ENTERTAINMENT,CN,WALLET,2,905,0,0,517,0,0,0,LEGITIMATE
CUST_59547,3968.4992131613935,Perkins-Williams,ENTERTAINMENT,GB,UPI,24,363,0,0,922,0,0,1,VELOCITY_ABUSE
CUST_94260,3043.53,Carrillo PLC,GROCERY,NG,UPI,1,810,0,0,1138,0,0,0,LEGITIMATE
CUST_18660,169.03,"Rich, Johnson and Smith",GROCERY,IN,CREDIT_CARD,4,863,0,0,1075,0,0,0,LEGITIMATE
CUST_94458,2328.152325922455,Chavez Inc,GROCERY,CN,UPI,25,129,0,0,716,0,0,1,VELOCITY_ABUSE
CUST_26611,7313.5057094736385,"Thomas, Turner and Smith",EDUCATION,CN,WALLET,25,695,0,0,1570,0,0,1,VELOCITY_ABUSE
CUST_34995,3723.6,"Boyd, Rich and Abbott",EDUCATION,GB,DEBIT_CARD,2,799,0,0,2403,1,0,1,MERCHANT_ANOMALY
CUST_46668,684.31,"Crosby, Wright and Cortez",OTHER,IN,UPI,4,459,0,0,2059,0,0,0,LEGITIMATE
CUST_74907,2893.1,Horton Group,GROCERY,IN,DEBIT_CARD,1,455,0,0,1298,0,0,0,LEGITIMATE
CUST_13910,4604.85,Hopkins Group,FOOD,US,WALLET,1,885,0,0,1886,0,0,0,LEGITIMATE
CUST_45330,24411.65,Jones PLC,ENTERTAINMENT,NG,UPI,1,219,0,0,1980,1,1,1,TRANSACTION_ANOMALY
CUST_16443,1858.95,"Evans, Hardin and Lee",OTHER,NG,DEBIT_CARD,1,417,1,0,2161,0,0,1,GEOGRAPHIC_ANOMALY
CUST_16069,1921.64,Estrada-Hendricks,OTHER,NG,CREDIT_CARD,1,690,0,0,2211,0,0,0,LEGITIMATE
CUST_63356,3846.96,Ross PLC,ECOMMERCE,CN,CREDIT_CARD,3,687,0,0,125,0,0,0,LEGITIMATE
CUST_79842,2970.81,Small-Hunt,ENTERTAINMENT,NG,DEBIT_CARD,1,396,0,0,2065,0,0,0,LEGITIMATE
CUST_16084,2166.97,Johnson Inc,ENTERTAINMENT,IN,DEBIT_CARD,1,863,0,0,154,0,0,0,LEGITIMATE
CUST_74094,2857.48,"Hernandez, Henderson and Duncan",HEALTHCARE,GB,UPI,2,247,0,0,1411,0,0,0,LEGITIMATE
CUST_67314,4579.98,Callahan-Dawson,ENTERTAINMENT,CN,DEBIT_CARD,4,623,0,0,64,0,0,0,LEGITIMATE
CUST_96778,1278.2,Wilson-Gutierrez,FOOD,US,CREDIT_CARD,3,617,0,1,926,0,0,1,PAYMENT_METHOD_ABUSE
CUST_69189,2256.11,Bryant-Bryant,HEALTHCARE,IN,UPI,2,472,1,0,174,0,0,1,GEOGRAPHIC_ANOMALY
CUST_98950,2145.66,"Garcia, Evans and Craig",FOOD,GB,DEBIT_CARD,2,335,0,0,2445,0,0,0,LEGITIMATE
CUST_65740,927.0,Mcdonald-Brown,GROCERY,US,DEBIT_CARD,3,881,0,0,865,0,0,0,LEGITIMATE
CUST_10558,2928.99,Phillips Group,ECOMMERCE,GB,WALLET,2,685,0,1,2434,0,0,1,PAYMENT_METHOD_ABUSE
CUST_65075,1312.73,"Roberts, Nunez and Robinson",GROCERY,CN,UPI,4,150,0,0,1243,0,0,0,LEGITIMATE
CUST_39477,2976.95,Oconnor LLC,HEALTHCARE,CN,NET_BANKING,2,49,0,0,219,0,0,0,LEGITIMATE
CUST_75909,1258.48,Jimenez and Sons,OTHER,US,WALLET,2,771,0,0,149,0,0,0,LEGITIMATE
CUST_44983,6366.204205048827,"Johnson, Smith and Wheeler",FOOD,IN,WALLET,5,2,0,1,15,1,1,1,SYNTHETIC_IDENTITY
CUST_20165,3431.36,"Turner, Richards and King",OTHER,US,DEBIT_CARD,14,2,1,1,1045,1,1,1,ACCOUNT_TAKEOVER
CUST_89682,3198.88,Oconnor-Gonzalez,OTHER,IN,UPI,2,290,0,0,1254,0,0,0,LEGITIMATE
CUST_64096,3497.97,"Riggs, Branch and Key",HEALTHCARE,IN,NET_BANKING,3,145,0,0,1847,0,0,0,LEGITIMATE
CUST_47090,4331.18,"Davis, Fox and Robinson",TRAVEL,US,NET_BANKING,2,792,0,0,276,0,0,0,LEGITIMATE
CUST_10628,7585.63,Wilson LLC,ENTERTAINMENT,NG,NET_BANKING,1,182,0,0,1142,0,1,1,TRANSACTION_ANOMALY
CUST_35336,254.24,"Allen, Oneill and Saunders",TRAVEL,CN,CREDIT_CARD,1,598,0,0,1976,0,0,0,LEGITIMATE
CUST_54992,1412.43,Day-Campbell,HEALTHCARE,NG,DEBIT_CARD,13,0,1,1,379,1,1,1,ACCOUNT_TAKEOVER
CUST_81811,6244.37,"Phelps, Foster and Perez",ENTERTAINMENT,GB,CREDIT_CARD,7,0,1,1,638,1,1,1,ACCOUNT_TAKEOVER
CUST_43503,4085.87,Lee PLC,EDUCATION,GB,WALLET,2,114,0,0,1158,0,0,0,LEGITIMATE
CUST_50574,6263.4424516333365,"Schroeder, Williams and Evans",EDUCATION,NG,WALLET,8,5,0,1,12,1,1,1,SYNTHETIC_IDENTITY
CUST_36106,17216.89,Mcintosh-Hawkins,FOOD,US,CREDIT_CARD,12,0,1,1,586,1,1,1,ACCOUNT_TAKEOVER
CUST_70868,3910.02,"Hatfield, Taylor and Sanchez",GROCERY,US,WALLET,2,980,0,0,2047,0,0,0,LEGITIMATE
CUST_33276,2267.2,"Johnson, Pierce and Harris",FOOD,NG,CREDIT_CARD,2,150,0,0,768,1,0,1,MERCHANT_ANOMALY
CUST_35679,8872.05351291142,"Shepherd, Hawkins and Lyons",ENTERTAINMENT,NG,CREDIT_CARD,14,609,0,0,1132,0,0,1,VELOCITY_ABUSE
CUST_31354,2329.88,Nelson Inc,FOOD,CN,NET_BANKING,3,73,0,0,1386,0,0,0,LEGITIMATE
CUST_62402,1773.32,Williams-Mckee,OTHER,IN,NET_BANKING,4,42,0,0,1284,0,0,0,LEGITIMATE
CUST_72856,3505.76,Thompson-Brown,OTHER,GB,CREDIT_CARD,3,825,0,0,509,0,0,0,LEGITIMATE
CUST_46423,4084.54,"Ryan, Burns and Black",EDUCATION,CN,NET_BANKING,2,151,0,0,1560,0,0,0,LEGITIMATE
CUST_47017,5288.94,"Garrett, Hudson and Espinoza",FOOD,US,WALLET,2,220,0,0,522,0,0,0,LEGITIMATE
CUST_33266,3371.68,"Kirk, Kelly and Perry",ENTERTAINMENT,NG,NET_BANKING,1,80,0,0,961,0,0,0,LEGITIMATE
CUST_56193,2006.06,"Allen, Kelly and Williams",OTHER,CN,CREDIT_CARD,4,245,0,0,153,0,0,0,LEGITIMATE
CUST_60408,1668.49,Mathews and Sons,EDUCATION,GB,WALLET,1,66,0,0,2211,0,0,0,LEGITIMATE
CUST_85862,4294.34,"Blake, Lamb and Warren",ECOMMERCE,CN,UPI,1,313,0,0,2480,0,0,0,LEGITIMATE
CUST_57232,539.05,West and Sons,OTHER,GB,DEBIT_CARD,4,233,0,0,73,0,0,0,LEGITIMATE
CUST_17681,3492.82,"Davis, Valenzuela and Hawkins",TRAVEL,CN,UPI,2,905,0,0,1498,0,0,0,LEGITIMATE
CUST_36720,9581.989221287718,"Jones, West and Hines",FOOD,IN,UPI,12,374,0,0,1984,0,0,1,VELOCITY_ABUSE
CUST_66186,4724.86,Hester PLC,EDUCATION,GB,CREDIT_CARD,1,938,0,0,59,0,0,0,LEGITIMATE
CUST_74851,2045.96,Perez LLC,EDUCATION,US,DEBIT_CARD,3,85,0,0,1923,0,0,0,LEGITIMATE
CUST_48765,2857.18,Moore PLC,TRAVEL,CN,WALLET,12,3,1,1,1496,1,1,1,ACCOUNT_TAKEOVER
CUST_91740,3578.27,Chaney-Cox,HEALTHCARE,NG,WALLET,4,188,0,0,2414,0,0,0,LEGITIMATE
CUST_55378,1796.57,Jordan Ltd,EDUCATION,IN,NET_BANKING,3,731,0,0,449,0,0,0,LEGITIMATE
CUST_58413,3789.825719581447,Benitez-King,HEALTHCARE,NG,UPI,18,384,0,0,404,0,0,1,VELOCITY_ABUSE
CUST_37178,29254.914868426244,Barr-Rangel,HEALTHCARE,GB,UPI,10,9,0,1,2,1,1,1,SYNTHETIC_IDENTITY
CUST_46860,573.91,Conley and Sons,ECOMMERCE,US,UPI,2,453,0,0,786,0,0,0,LEGITIMATE
CUST_31529,2270.1,Boyd Ltd,ECOMMERCE,NG,NET_BANKING,4,360,0,0,2111,0,0,0,LEGITIMATE
CUST_46326,1421.09,Johnson-Coleman,GROCERY,CN,DEBIT_CARD,4,227,0,0,1493,0,0,0,LEGITIMATE
CUST_85484,24243.49,Landry-Rice,FOOD,CN,NET_BANKING,14,0,1,1,1571,1,1,1,ACCOUNT_TAKEOVER
CUST_32545,1692.78,Watson-Allen,ECOMMERCE,IN,DEBIT_CARD,4,415,0,0,40,0,0,0,LEGITIMATE
CUST_35485,1640.34,Rogers-Flores,TRAVEL,IN,CREDIT_CARD,4,58,0,0,2011,0,0,0,LEGITIMATE
CUST_83785,4218.14,Williams-Bentley,EDUCATION,US,NET_BANKING,4,252,0,0,297,0,0,0,LEGITIMATE
CUST_82547,3515.74,"Miller, Stevens and Contreras",ECOMMERCE,US,NET_BANKING,1,831,0,0,587,0,0,0,LEGITIMATE
CUST_30922,1613.26,Allison LLC,HEALTHCARE,IN,DEBIT_CARD,2,179,0,1,2005,0,0,1,PAYMENT_METHOD_ABUSE
CUST_22125,765.22,Gardner Inc,ECOMMERCE,CN,NET_BANKING,2,523,0,0,2254,0,0,0,LEGITIMATE
CUST_49121,486.67,"Winters, Lee and Chapman",EDUCATION,IN,CREDIT_CARD,1,968,0,0,688,0,0,0,LEGITIMATE
CUST_29892,8053.83,"Li, Ford and Jenkins",EDUCATION,IN,DEBIT_CARD,4,663,0,1,1259,0,0,1,PAYMENT_METHOD_ABUSE
CUST_43546,1015.59,"Bentley, Hahn and Harper",ECOMMERCE,NG,DEBIT_CARD,3,886,0,0,2263,0,0,0,LEGITIMATE
CUST_80692,1092.52,Saunders Group,OTHER,NG,UPI,1,827,0,0,1264,0,0,0,LEGITIMATE
CUST_37340,4554.7,"Huerta, Blackburn and Williams",OTHER,GB,CREDIT_CARD,1,843,0,1,424,0,0,1,PAYMENT_METHOD_ABUSE
CUST_71730,884.51,Richard-Haas,ECOMMERCE,CN,WALLET,4,669,0,0,1276,0,0,0,LEGITIMATE
CUST_47308,1429.91,Garcia LLC,ECOMMERCE,IN,UPI,3,421,0,0,2029,0,0,0,LEGITIMATE
CUST_48550,1744.63,Hart-Moore,TRAVEL,US,UPI,4,353,0,0,1928,1,0,1,MERCHANT_ANOMALY
CUST_61230,27412.241508055307,Delgado PLC,FOOD,GB,DEBIT_CARD,3,6,0,1,14,1,1,1,SYNTHETIC_IDENTITY
CUST_81097,741.9,Wilson Inc,TRAVEL,IN,WALLET,1,274,0,0,954,0,0,0,LEGITIMATE
CUST_43494,5358.453978726928,"Davis, Johnson and Orr",TRAVEL,US,UPI,9,2,0,1,12,1,1,1,SYNTHETIC_IDENTITY
CUST_24835,27271.15,Cole-Fisher,FOOD,IN,WALLET,1,228,0,0,2033,1,1,1,TRANSACTION_ANOMALY
CUST_22313,30830.14,"Carroll, Walls and Gallagher",ENTERTAINMENT,IN,NET_BANKING,1,406,0,0,479,1,1,1,TRANSACTION_ANOMALY
CUST_58097,3816.97,Horn-Fernandez,EDUCATION,NG,UPI,2,718,0,0,2496,0,0,0,LEGITIMATE
CUST_17592,4314.98,"Brooks, Davis and Padilla",TRAVEL,GB,UPI,3,959,0,0,2272,0,0,0,LEGITIMATE
CUST_11891,3722.72,Harris-Williams,EDUCATION,IN,DEBIT_CARD,2,242,0,0,801,0,0,0,LEGITIMATE
CUST_55378,56414.58,"Carter, Gutierrez and Bernard",HEALTHCARE,NG,NET_BANKING,1,165,0,0,2462,0,1,1,TRANSACTION_ANOMALY
CUST_36537,680.53,Fischer and Sons,ENTERTAINMENT,IN,WALLET,2,718,1,0,2054,0,0,1,GEOGRAPHIC_ANOMALY
CUST_18121,847.43,Nelson PLC,GROCERY,US,NET_BANKING,1,795,0,0,1148,0,0,0,LEGITIMATE
CUST_92109,2513.88,"Rush, Werner and Johnson",ECOMMERCE,CN,DEBIT_CARD,1,676,0,0,1449,0,0,0,LEGITIMATE
CUST_71952,2027.55,Mcconnell-Daniels,EDUCATION,CN,UPI,2,179,0,0,1455,0,0,0,LEGITIMATE
CUST_85573,3919.11,Lloyd-Sweeney,GROCERY,US,NET_BANKING,2,182,0,0,832,0,0,0,LEGITIMATE
CUST_82005,3104.72,Garcia PLC,GROCERY,CN,UPI,1,459,1,0,1030,0,0,1,GEOGRAPHIC_ANOMALY
CUST_14858,13035.10079051076,"Ramos, Fields and Hart",TRAVEL,US,WALLET,5,2,0,1,24,1,1,1,SYNTHETIC_IDENTITY
CUST_45533,728.93,"Gomez, Porter and Flowers",ECOMMERCE,CN,CREDIT_CARD,4,127,0,1,2441,0,0,1,PAYMENT_METHOD_ABUSE
CUST_69438,768.82,Cervantes-Chandler,ENTERTAINMENT,GB,CREDIT_CARD,1,407,0,0,1332,0,0,0,LEGITIMATE
CUST_98628,278.44,Acosta and Sons,ECOMMERCE,IN,CREDIT_CARD,3,595,0,0,306,0,0,0,LEGITIMATE
CUST_92458,3958.2,"Lawrence, Fuentes and Flores",FOOD,NG,CREDIT_CARD,3,838,0,0,2435,0,0,0,LEGITIMATE
CUST_38876,3561.97,Clarke Ltd,ENTERTAINMENT,US,WALLET,3,784,0,0,1255,0,0,0,LEGITIMATE
CUST_60743,5208.19,"Martin, Walters and Wilson",HEALTHCARE,US,UPI,1,481,0,0,535,0,0,0,LEGITIMATE
CUST_35584,1515.32,Lewis Ltd,HEALTHCARE,CN,NET_BANKING,1,890,0,0,2113,0,0,0,LEGITIMATE
CUST_22210,1527.83,Byrd LLC,ENTERTAINMENT,GB,WALLET,23,0,1,1,735,1,1,1,MULTI_SIGNAL_ATTACK
CUST_29885,876.76,Odom Group,OTHER,NG,DEBIT_CARD,3,387,0,0,2114,0,0,0,LEGITIMATE
CUST_49859,5357.44,Wade-Brooks,EDUCATION,GB,DEBIT_CARD,4,491,0,0,2227,0,0,0,LEGITIMATE
CUST_97301,7209.599660461388,Cole-Duncan,ECOMMERCE,NG,DEBIT_CARD,16,493,0,0,1930,0,0,1,VELOCITY_ABUSE
CUST_29449,1528.57,"Thompson, Gregory and Hunter",EDUCATION,GB,WALLET,1,92,0,0,1585,0,0,0,LEGITIMATE
CUST_47871,28567.317302015537,Morton-Hoffman,TRAVEL,IN,NET_BANKING,6,3,0,1,16,1,1,1,SYNTHETIC_IDENTITY
CUST_54447,1142.69,"Zuniga, Mccoy and Brown",FOOD,US,UPI,1,661,0,0,248,0,0,0,LEGITIMATE
CUST_87904,5045.07,Doyle Group,TRAVEL,NG,DEBIT_CARD,2,292,0,0,2168,0,0,0,LEGITIMATE
CUST_27328,14682.85,"Eaton, Coffey and Little",ECOMMERCE,GB,UPI,13,0,1,1,2122,1,1,1,MULTI_SIGNAL_ATTACK
CUST_38057,1486.15,"Gonzalez, Webb and Brown",OTHER,IN,DEBIT_CARD,3,305,0,0,78,0,0,0,LEGITIMATE
CUST_43783,7887.47,Brown Inc,HEALTHCARE,CN,CREDIT_CARD,9,0,1,1,1169,1,1,1,MULTI_SIGNAL_ATTACK
CUST_33563,2081.4,Perez-Rich,ENTERTAINMENT,US,UPI,2,844,0,0,1377,0,0,0,LEGITIMATE
CUST_36101,1944.7366925180459,"Wilson, Hatfield and Lawson",FOOD,US,UPI,17,824,0,0,836,0,0,1,VELOCITY_ABUSE
CUST_16385,4910.55,Walker-Thompson,EDUCATION,NG,NET_BANKING,4,205,0,1,375,0,0,1,PAYMENT_METHOD_ABUSE
CUST_56018,2743.34,"Kelley, Hines and Stone",GROCERY,IN,NET_BANKING,1,1000,0,0,1613,0,0,0,LEGITIMATE
CUST_18380,4808.32,"Lindsey, Olson and Morgan",ENTERTAINMENT,NG,NET_BANKING,1,216,0,0,945,0,0,0,LEGITIMATE
CUST_31967,45076.42,Gomez Inc,HEALTHCARE,GB,CREDIT_CARD,2,555,0,0,2029,1,1,1,TRANSACTION_ANOMALY
CUST_58251,9508.731129850365,"Green, Leach and Chan",ECOMMERCE,CN,CREDIT_CARD,24,687,0,0,957,0,0,1,VELOCITY_ABUSE
CUST_39177,2292.3863808160822,"Knox, Haynes and Michael",HEALTHCARE,NG,NET_BANKING,16,33,0,0,2306,0,0,1,VELOCITY_ABUSE
CUST_59371,2741.21,Cooper-Jones,ECOMMERCE,CN,UPI,1,832,0,0,140,0,0,0,LEGITIMATE
CUST_60183,11655.24901890836,French-Franklin,HEALTHCARE,IN,DEBIT_CARD,4,6,0,1,1,1,1,1,SYNTHETIC_IDENTITY
CUST_33270,678.84,Singh Ltd,EDUCATION,NG,UPI,1,617,0,0,554,0,0,0,LEGITIMATE
CUST_79177,19191.473049469445,"Gonzales, Turner and Garcia",EDUCATION,GB,WALLET,9,0,0,1,6,1,1,1,SYNTHETIC_IDENTITY
CUST_59595,4031.75,"Mccormick, Hale and Little",ECOMMERCE,GB,NET_BANKING,2,709,0,0,771,0,0,0,LEGITIMATE
CUST_78046,27552.23,Snyder-Reed,ENTERTAINMENT,IN,WALLET,15,0,1,1,422,1,1,1,MULTI_SIGNAL_ATTACK
CUST_95577,5194.9,Martinez-Hawkins,OTHER,IN,NET_BANKING,4,248,0,0,692,0,0,0,LEGITIMATE
CUST_21328,4271.03,Rice-Velasquez,HEALTHCARE,NG,NET_BANKING,3,606,0,0,1611,0,0,0,LEGITIMATE
CUST_96551,4318.66,Patterson Ltd,FOOD,CN,UPI,1,665,0,0,373,0,0,0,LEGITIMATE
CUST_22035,32578.84,Mathis PLC,ECOMMERCE,IN,NET_BANKING,1,679,0,0,99,0,1,1,TRANSACTION_ANOMALY
CUST_38806,5039.37,Marquez-Long,OTHER,CN,WALLET,3,938,0,0,2035,0,0,0,LEGITIMATE
CUST_78228,1409.75,"Friedman, Davenport and Smith",HEALTHCARE,CN,NET_BANKING,4,563,0,0,807,0,0,0,LEGITIMATE
CUST_54516,2300.23,"Skinner, Harris and Clark",ECOMMERCE,CN,DEBIT_CARD,3,265,0,0,2245,0,0,0,LEGITIMATE
CUST_39156,1735.89,Miller-Aguilar,TRAVEL,CN,DEBIT_CARD,3,180,0,0,2231,0,0,0,LEGITIMATE
CUST_87796,3100.84,Morgan-Ford,FOOD,NG,CREDIT_CARD,4,220,0,0,913,0,0,0,LEGITIMATE
CUST_24784,1274.93,"Smith, Wells and Reeves",OTHER,US,UPI,4,796,0,0,425,0,0,0,LEGITIMATE
CUST_32930,4435.83,Daniels-Baker,OTHER,US,WALLET,2,605,1,0,168,0,0,1,GEOGRAPHIC_ANOMALY
CUST_77156,6274.63,"Kidd, Smith and Michael",TRAVEL,NG,NET_BANKING,3,718,0,0,362,0,0,0,LEGITIMATE
CUST_47877,5583.7,Cooper-Taylor,GROCERY,IN,CREDIT_CARD,2,959,0,0,2409,0,0,0,LEGITIMATE
CUST_78730,5333.67,Terry PLC,TRAVEL,IN,CREDIT_CARD,3,677,0,0,86,0,0,0,LEGITIMATE
CUST_47994,577.7,"Hodge, Cooper and Skinner",ECOMMERCE,US,CREDIT_CARD,3,630,0,0,1682,0,0,0,LEGITIMATE
CUST_85481,3748.82,Payne-Ortega,ENTERTAINMENT,CN,CREDIT_CARD,2,825,0,0,659,0,0,0,LEGITIMATE
CUST_19472,4812.39,"Parker, Taylor and Williams",ECOMMERCE,IN,WALLET,1,450,1,0,984,0,0,1,GEOGRAPHIC_ANOMALY
CUST_17452,1304.05,Waller-Rocha,HEALTHCARE,IN,NET_BANKING,1,867,0,0,1334,0,0,0,LEGITIMATE
CUST_41002,1128.92,Guerrero-Ward,ENTERTAINMENT,US,WALLET,1,224,0,0,35,0,0,0,LEGITIMATE
CUST_34671,977.99,"Hammond, Owens and Ryan",ENTERTAINMENT,US,DEBIT_CARD,3,748,0,0,235,0,0,0,LEGITIMATE
CUST_22401,5152.5,White-Baker,ENTERTAINMENT,CN,DEBIT_CARD,13,2,1,1,2296,1,1,1,ACCOUNT_TAKEOVER
CUST_63660,8587.010218465182,Gaines-Walker,HEALTHCARE,GB,NET_BANKING,22,953,0,0,1233,0,0,1,VELOCITY_ABUSE
CUST_46671,1879.01,Fletcher-Rodriguez,FOOD,US,UPI,4,635,0,0,1331,0,0,0,LEGITIMATE
CUST_72882,411.14,Wolf Inc,ENTERTAINMENT,CN,DEBIT_CARD,2,863,0,0,1547,0,0,0,LEGITIMATE
CUST_86535,4784.52,"Hogan, Roberson and Diaz",GROCERY,CN,UPI,4,150,0,0,2478,0,0,0,LEGITIMATE
CUST_21859,1564.44,Adkins Group,OTHER,IN,CREDIT_CARD,4,811,0,0,659,0,0,0,LEGITIMATE
CUST_55876,936.47,Thomas-Maxwell,ENTERTAINMENT,NG,DEBIT_CARD,2,286,0,0,135,0,0,0,LEGITIMATE
CUST_24077,2503.96,Peters and Sons,GROCERY,GB,WALLET,2,525,0,0,1878,0,0,0,LEGITIMATE
CUST_63976,3880.56,"Cooper, Smith and Parker",OTHER,IN,CREDIT_CARD,1,700,0,0,2258,0,0,0,LEGITIMATE
CUST_73663,3241.17,"Davis, Williams and Martinez",OTHER,GB,UPI,4,532,1,0,1064,0,0,1,GEOGRAPHIC_ANOMALY
CUST_57934,2084.29,Smith-Lee,FOOD,IN,NET_BANKING,4,602,0,0,511,0,0,0,LEGITIMATE
CUST_68291,2121.89,"Martin, Lowery and Cervantes",EDUCATION,IN,NET_BANKING,4,379,0,0,344,0,0,0,LEGITIMATE
CUST_38400,1460.89,"Harris, Rodriguez and Lewis",TRAVEL,CN,NET_BANKING,4,907,0,0,353,0,0,0,LEGITIMATE
CUST_84693,1500.09,"White, Myers and Hale",HEALTHCARE,GB,CREDIT_CARD,2,840,0,0,2470,0,0,0,LEGITIMATE
CUST_29820,870.66,"Ramirez, Sanchez and Mosley",TRAVEL,NG,NET_BANKING,2,841,0,0,2286,0,0,0,LEGITIMATE
CUST_63261,3916.66,"Thomas, Hall and Kim",GROCERY,CN,DEBIT_CARD,4,133,0,0,1711,0,0,0,LEGITIMATE
CUST_47736,2542.96,"Rodriguez, Dawson and Richardson",TRAVEL,GB,UPI,4,816,0,0,1531,1,0,1,MERCHANT_ANOMALY
CUST_86285,5039.83,Cruz-Walters,ECOMMERCE,NG,WALLET,1,387,0,0,1537,0,0,0,LEGITIMATE
CUST_67702,10372.75,Fowler-Fritz,HEALTHCARE,IN,NET_BANKING,18,2,1,1,95,1,1,1,MULTI_SIGNAL_ATTACK
CUST_48613,2927.2,"Rodriguez, Sanchez and Kramer",ENTERTAINMENT,CN,UPI,4,622,0,0,932,0,0,0,LEGITIMATE
CUST_11614,18684.32741691509,James Inc,FOOD,NG,UPI,10,6,0,1,14,1,1,1,SYNTHETIC_IDENTITY
CUST_28906,27731.369934743252,"Evans, Martinez and Newton",EDUCATION,NG,DEBIT_CARD,9,4,0,1,26,1,1,1,SYNTHETIC_IDENTITY
CUST_71381,20671.94,Douglas Inc,GROCERY,IN,WALLET,13,3,1,1,2036,1,1,1,MULTI_SIGNAL_ATTACK
CUST_93513,2319.37,Robertson and Sons,ECOMMERCE,US,CREDIT_CARD,2,80,0,0,127,0,0,0,LEGITIMATE
CUST_12872,622.4,Lowe-Wilson,HEALTHCARE,CN,CREDIT_CARD,2,319,1,0,402,0,0,1,GEOGRAPHIC_ANOMALY
CUST_10013,19628.43,"Richardson, Rivera and Blair",ENTERTAINMENT,NG,DEBIT_CARD,3,499,0,0,139,1,1,1,TRANSACTION_ANOMALY
CUST_39421,12308.65,Franklin-Bauer,EDUCATION,US,WALLET,5,0,1,1,248,1,1,1,ACCOUNT_TAKEOVER
CUST_62227,2583.43,Johnson PLC,TRAVEL,NG,WALLET,3,981,0,0,1936,0,0,0,LEGITIMATE
CUST_54115,989.76,Marshall PLC,ENTERTAINMENT,CN,DEBIT_CARD,1,984,0,0,1428,0,0,0,LEGITIMATE
CUST_68639,25496.31,"Simmons, Jones and Williams",OTHER,GB,CREDIT_CARD,12,2,1,1,1549,1,1,1,ACCOUNT_TAKEOVER
CUST_86104,3464.69,Campbell PLC,FOOD,GB,UPI,2,944,0,0,208,0,0,0,LEGITIMATE
CUST_58885,31623.31,Green-Turner,FOOD,IN,CREDIT_CARD,2,508,0,0,2104,1,1,1,TRANSACTION_ANOMALY
CUST_94405,3838.25,"Hammond, Harmon and Wise",FOOD,GB,NET_BANKING,4,388,0,0,327,0,0,0,LEGITIMATE
CUST_68034,1036.91,Simon LLC,ECOMMERCE,IN,DEBIT_CARD,3,171,0,0,806,0,0,0,LEGITIMATE
CUST_83958,1678.88,"Hill, Arroyo and Day",TRAVEL,GB,WALLET,1,689,0,0,1936,0,0,0,LEGITIMATE
CUST_89099,34058.7,"Lee, Stevenson and Sanford",ECOMMERCE,IN,DEBIT_CARD,8,3,1,1,213,1,1,1,MULTI_SIGNAL_ATTACK
CUST_86371,19609.06,Davis-Powell,TRAVEL,IN,CREDIT_CARD,15,3,1,1,1296,1,1,1,MULTI_SIGNAL_ATTACK
CUST_28873,4217.75,Browning and Sons,EDUCATION,CN,WALLET,3,845,0,0,2067,0,0,0,LEGITIMATE
CUST_34660,3100.45,Saunders-Brown,TRAVEL,IN,UPI,4,859,0,0,538,0,0,0,LEGITIMATE
CUST_97970,2190.15,Page-Anderson,ECOMMERCE,GB,NET_BANKING,3,535,0,0,53,0,0,0,LEGITIMATE
CUST_12548,1485.32,Sanchez-Reynolds,FOOD,IN,WALLET,3,158,0,0,1193,0,0,0,LEGITIMATE
CUST_39932,2190.05,Brown LLC,ENTERTAINMENT,CN,DEBIT_CARD,4,278,0,0,326,0,0,0,LEGITIMATE
CUST_50123,4983.33,Horn and Sons,GROCERY,IN,WALLET,4,54,0,0,1660,0,0,0,LEGITIMATE
CUST_68381,4773.03,Freeman-Wood,ECOMMERCE,CN,WALLET,1,358,0,0,2229,0,0,0,LEGITIMATE
CUST_72908,7994.028539760312,"Tran, Smith and Williams",EDUCATION,US,WALLET,25,550,0,0,2428,0,0,1,VELOCITY_ABUSE
CUST_21455,3492.14,"Jordan, Snyder and Johnson",EDUCATION,IN,CREDIT_CARD,1,920,0,0,1658,0,0,0,LEGITIMATE
CUST_96220,4081.83,Zavala and Sons,FOOD,GB,WALLET,1,30,0,0,899,0,0,0,LEGITIMATE
CUST_91075,777.73,"Adams, Roberts and Elliott",EDUCATION,GB,UPI,3,584,0,0,1970,0,0,0,LEGITIMATE
CUST_35177,398.81,Davis LLC,ENTERTAINMENT,IN,UPI,3,268,0,0,379,0,0,0,LEGITIMATE
CUST_37921,3795.9,"Garcia, Cohen and Thompson",HEALTHCARE,NG,NET_BANKING,3,43,0,0,1256,0,0,0,LEGITIMATE
CUST_23476,4416.59,"Hudson, Leon and Morales",HEALTHCARE,NG,WALLET,4,961,0,0,953,0,0,0,LEGITIMATE
CUST_44435,4053.2,Mann-Allen,ENTERTAINMENT,NG,WALLET,3,959,0,0,1751,0,0,0,LEGITIMATE
CUST_97104,3308.64,Taylor-Moore,TRAVEL,US,UPI,2,175,0,0,591,0,0,0,LEGITIMATE
CUST_39375,3556.64,"Williams, Lane and Ryan",TRAVEL,US,UPI,3,116,0,0,1718,0,0,0,LEGITIMATE
CUST_22630,9483.12,Thornton-Copeland,EDUCATION,US,WALLET,11,3,1,1,1160,1,1,1,ACCOUNT_TAKEOVER
CUST_88307,23370.92091078299,Schroeder PLC,EDUCATION,CN,DEBIT_CARD,5,0,0,1,3,1,1,1,SYNTHETIC_IDENTITY
CUST_55639,9991.903321635653,Pena PLC,ENTERTAINMENT,CN,CREDIT_CARD,28,697,0,0,1550,0,0,1,VELOCITY_ABUSE
CUST_98638,6612.18,"Thompson, Joyce and Stewart",OTHER,IN,CREDIT_CARD,2,126,0,0,1895,0,0,0,LEGITIMATE
CUST_11889,877.3,Strickland-Wise,TRAVEL,CN,DEBIT_CARD,4,740,0,0,1376,1,0,1,MERCHANT_ANOMALY
CUST_57602,1994.32,"Vaughn, Lopez and Nolan",GROCERY,CN,NET_BANKING,3,308,0,0,1056,0,0,0,LEGITIMATE
CUST_69571,2513.12,"Smith, Powers and Burton",FOOD,GB,DEBIT_CARD,2,50,0,0,553,0,0,0,LEGITIMATE
CUST_82129,3947.78,Stark Ltd,HEALTHCARE,GB,CREDIT_CARD,1,136,0,0,1695,0,0,0,LEGITIMATE
CUST_90808,2303.14,King-Johnson,GROCERY,US,UPI,4,116,0,0,1267,0,0,0,LEGITIMATE
CUST_62488,21738.23273312128,Morales-Patrick,ENTERTAINMENT,GB,CREDIT_CARD,6,6,0,1,26,1,1,1,SYNTHETIC_IDENTITY
CUST_13418,905.34,Watson-Peterson,OTHER,US,WALLET,1,532,0,0,535,0,0,0,LEGITIMATE
CUST_65835,1164.74,"Allen, Bryant and Taylor",ENTERTAINMENT,US,CREDIT_CARD,3,817,0,0,215,0,0,0,LEGITIMATE
CUST_65390,3755.64,Nguyen-Davis,OTHER,NG,WALLET,2,617,0,0,2278,0,0,0,LEGITIMATE
CUST_86865,1098.27,Tran-Malone,GROCERY,IN,NET_BANKING,1,463,0,0,416,0,0,0,LEGITIMATE
CUST_88656,15196.58,Ramirez-Kelley,GROCERY,CN,WALLET,4,596,0,0,1791,0,1,1,TRANSACTION_ANOMALY
CUST_81783,645.92,"Pierce, Zuniga and Hartman",GROCERY,GB,CREDIT_CARD,3,489,0,0,821,0,0,0,LEGITIMATE
CUST_62570,2197.96,"Austin, Stout and Peterson",GROCERY,IN,DEBIT_CARD,4,79,0,0,1205,0,0,0,LEGITIMATE
CUST_59261,287.23,"Williams, Snyder and Johnson",TRAVEL,US,NET_BANKING,3,229,0,0,137,0,0,0,LEGITIMATE
CUST_39329,25805.91,"Smith, Barker and Paul",ECOMMERCE,GB,NET_BANKING,4,987,0,0,1871,1,1,1,TRANSACTION_ANOMALY
CUST_43326,4581.93,Mclaughlin Inc,OTHER,IN,DEBIT_CARD,2,369,0,0,2006,0,0,0,LEGITIMATE
CUST_91532,1928.91,Gray Inc,OTHER,NG,WALLET,4,164,0,0,2494,0,0,0,LEGITIMATE
CUST_17747,1835.36,Turner-Torres,GROCERY,GB,NET_BANKING,2,427,0,0,1409,0,0,0,LEGITIMATE
CUST_11037,1269.04,"Moore, Harris and Torres",HEALTHCARE,US,DEBIT_CARD,1,638,0,0,2170,0,0,0,LEGITIMATE
CUST_89209,36518.19,"Norris, Small and Mathis",TRAVEL,US,NET_BANKING,15,1,1,1,2145,1,1,1,MULTI_SIGNAL_ATTACK
CUST_35024,15326.27,Howard LLC,OTHER,GB,WALLET,10,1,1,1,354,1,1,1,ACCOUNT_TAKEOVER
CUST_35892,3586.74,Carr-Miller,OTHER,NG,UPI,4,584,1,0,1475,0,0,1,GEOGRAPHIC_ANOMALY
CUST_74371,3133.01,"Marshall, Jimenez and Lee",ENTERTAINMENT,NG,NET_BANKING,2,704,0,0,458,0,0,0,LEGITIMATE
CUST_96628,3020.95,Miller Inc,EDUCATION,IN,CREDIT_CARD,3,819,0,0,1554,0,0,0,LEGITIMATE
CUST_10581,3334.07,"Johnson, Santos and Sutton",ENTERTAINMENT,US,NET_BANKING,1,261,0,0,1324,0,0,0,LEGITIMATE
CUST_39738,4849.92,Mendoza-Cook,FOOD,CN,UPI,3,469,0,0,855,0,0,0,LEGITIMATE
CUST_49479,3409.86,Coleman LLC,OTHER,CN,CREDIT_CARD,2,635,0,0,2210,0,0,0,LEGITIMATE
CUST_58842,5010.47,"Goodwin, Wilson and Nolan",GROCERY,NG,DEBIT_CARD,7,0,1,1,1996,1,1,1,ACCOUNT_TAKEOVER
CUST_92651,368.5,Larson-Jennings,HEALTHCARE,IN,CREDIT_CARD,4,353,0,0,2003,0,0,0,LEGITIMATE
CUST_57705,4286.69,"Larsen, Wong and Rodriguez",ECOMMERCE,US,UPI,11,1,1,1,726,1,1,1,ACCOUNT_TAKEOVER
CUST_32336,18736.356693960253,Jimenez Ltd,EDUCATION,NG,WALLET,4,4,0,1,12,1,1,1,SYNTHETIC_IDENTITY
CUST_86909,1336.39,Johnson-Brown,HEALTHCARE,US,CREDIT_CARD,4,138,0,0,2279,0,0,0,LEGITIMATE
CUST_72708,11637.47525594503,Johnson LLC,ECOMMERCE,US,CREDIT_CARD,9,9,0,1,18,1,1,1,SYNTHETIC_IDENTITY
CUST_16533,499.87,Brown LLC,FOOD,CN,DEBIT_CARD,2,915,0,0,1700,0,0,0,LEGITIMATE
CUST_86145,1827.37,Kaufman Ltd,OTHER,NG,UPI,2,360,0,0,2308,0,0,0,LEGITIMATE
CUST_23396,13904.71,Ellison LLC,ECOMMERCE,IN,DEBIT_CARD,1,109,0,0,1585,1,1,1,TRANSACTION_ANOMALY
CUST_87855,5446.35,Hall-Stewart,GROCERY,IN,NET_BANKING,2,185,0,0,816,0,0,0,LEGITIMATE
CUST_83587,5176.9,Jones-Ibarra,GROCERY,IN,WALLET,3,964,0,0,969,0,0,0,LEGITIMATE
CUST_79581,2677.14,Myers Group,EDUCATION,NG,WALLET,4,983,0,0,364,0,0,0,LEGITIMATE
CUST_21438,3635.62,"Welch, Daniels and Patterson",FOOD,NG,UPI,2,94,0,0,1819,0,0,0,LEGITIMATE
CUST_32463,4651.59,"Nelson, Smith and Barber",GROCERY,US,DEBIT_CARD,2,775,0,1,141,0,0,1,PAYMENT_METHOD_ABUSE
CUST_95993,2976.06,Mooney-Morris,EDUCATION,GB,NET_BANKING,4,391,0,0,1593,0,0,0,LEGITIMATE
CUST_43726,5120.08,"Hoffman, Macias and Guerrero",HEALTHCARE,IN,WALLET,4,697,0,0,767,0,0,0,LEGITIMATE
CUST_51642,15051.36,"Ruiz, Lopez and Castaneda",ENTERTAINMENT,NG,NET_BANKING,7,2,1,1,60,1,1,1,ACCOUNT_TAKEOVER
CUST_81420,5519.23,Reed-Baker,FOOD,NG,NET_BANKING,3,635,0,0,1276,0,0,0,LEGITIMATE
CUST_18255,23305.32,"Howard, Jones and Johnson",OTHER,GB,NET_BANKING,1,384,0,0,1179,1,1,1,TRANSACTION_ANOMALY
CUST_38872,739.28,"Vasquez, Stafford and Parker",HEALTHCARE,NG,CREDIT_CARD,2,296,0,0,1154,0,0,0,LEGITIMATE
CUST_45309,24385.83,Watson-Park,ENTERTAINMENT,IN,WALLET,3,190,0,0,2408,1,1,1,TRANSACTION_ANOMALY
CUST_35881,1560.0,Snyder Group,TRAVEL,US,NET_BANKING,4,324,0,0,684,1,0,1,MERCHANT_ANOMALY
CUST_45004,1917.7,Garrett LLC,GROCERY,IN,NET_BANKING,1,180,0,0,58,0,0,0,LEGITIMATE
CUST_94307,3612.67,"Wilson, Avery and Dickerson",ECOMMERCE,CN,UPI,1,339,0,0,1555,0,0,0,LEGITIMATE
CUST_61685,5028.46,Donovan-Morris,ENTERTAINMENT,CN,NET_BANKING,2,167,0,0,1706,0,0,0,LEGITIMATE
CUST_56752,3400.76,"Bell, Smith and Murphy",ENTERTAINMENT,CN,WALLET,3,218,0,0,475,0,0,0,LEGITIMATE
CUST_74724,28033.87,Martinez Group,OTHER,US,DEBIT_CARD,21,3,1,1,144,1,1,1,MULTI_SIGNAL_ATTACK
CUST_29281,491.73,Shelton-Hernandez,HEALTHCARE,NG,DEBIT_CARD,4,867,0,0,1117,0,0,0,LEGITIMATE
CUST_68907,6960.47,Guerra-Bradley,ENTERTAINMENT,IN,CREDIT_CARD,3,246,0,0,876,0,0,0,LEGITIMATE
CUST_59173,2687.92,Ewing Inc,OTHER,CN,DEBIT_CARD,2,453,0,0,1455,0,0,0,LEGITIMATE
CUST_76126,6429.95451340773,"Elliott, Cabrera and Bond",ECOMMERCE,CN,DEBIT_CARD,9,0,0,1,10,1,1,1,SYNTHETIC_IDENTITY
CUST_32232,2790.01,"Wright, Hughes and Meyer",GROCERY,CN,WALLET,4,574,0,0,2290,0,0,0,LEGITIMATE
CUST_73969,2461.54,"Fox, Sampson and Davis",ENTERTAINMENT,GB,UPI,3,208,0,0,845,0,0,0,LEGITIMATE
CUST_75731,13161.74,Cline-Davidson,HEALTHCARE,NG,NET_BANKING,10,1,1,1,1546,1,1,1,ACCOUNT_TAKEOVER
CUST_74246,1893.09,"Clark, Sexton and Franklin",EDUCATION,GB,UPI,1,813,0,0,957,0,0,0,LEGITIMATE
CUST_16787,4972.26,Singleton Ltd,EDUCATION,CN,WALLET,4,911,0,0,356,0,0,0,LEGITIMATE
CUST_66178,5431.81,Perkins-Case,HEALTHCARE,IN,NET_BANKING,1,679,0,0,2076,0,0,0,LEGITIMATE
CUST_67477,2617.3,"Bradford, Patterson and Park",TRAVEL,NG,WALLET,4,509,0,1,1525,0,0,1,PAYMENT_METHOD_ABUSE
CUST_83498,27643.08,"Hernandez, Pope and Johnson",GROCERY,NG,DEBIT_CARD,12,0,1,1,229,1,1,1,MULTI_SIGNAL_ATTACK
CUST_50975,2098.24,Davis-Anderson,OTHER,IN,WALLET,2,282,1,0,2327,0,0,1,GEOGRAPHIC_ANOMALY
CUST_33777,9904.3,Wang Ltd,GROCERY,CN,NET_BANKING,22,3,1,1,376,1,1,1,MULTI_SIGNAL_ATTACK
CUST_87838,1047.02,Blackwell-Hicks,HEALTHCARE,IN,CREDIT_CARD,2,524,0,0,695,0,0,0,LEGITIMATE
CUST_40932,1992.53,Douglas Inc,TRAVEL,NG,CREDIT_CARD,4,767,0,0,1575,0,0,0,LEGITIMATE
CUST_72827,7245.584778722836,"Riley, Cohen and Rosario",GROCERY,IN,WALLET,27,488,0,0,1926,0,0,1,VELOCITY_ABUSE
CUST_17220,1254.61,"Underwood, Reyes and King",ECOMMERCE,NG,WALLET,1,759,0,0,552,0,0,0,LEGITIMATE
CUST_71665,2874.65,Rodriguez Group,HEALTHCARE,NG,DEBIT_CARD,1,683,0,0,2177,0,0,0,LEGITIMATE
CUST_35652,696.45,James LLC,ENTERTAINMENT,IN,UPI,4,855,0,0,154,0,0,0,LEGITIMATE
CUST_90730,712.24,"Weiss, Bell and Brown",EDUCATION,IN,NET_BANKING,4,988,0,0,2463,0,0,0,LEGITIMATE
CUST_15044,452.43,"Bowman, Blake and Palmer",FOOD,NG,CREDIT_CARD,3,386,0,0,449,0,0,0,LEGITIMATE
CUST_32254,2819.62,"Avery, Dickerson and Johnson",ENTERTAINMENT,NG,UPI,1,32,0,0,2050,0,0,0,LEGITIMATE
CUST_58536,29984.94,Nelson Inc,ECOMMERCE,GB,UPI,20,2,1,1,925,1,1,1,MULTI_SIGNAL_ATTACK
CUST_68136,1443.33,Hughes Group,EDUCATION,IN,WALLET,3,742,0,0,2150,0,0,0,LEGITIMATE
CUST_85539,2695.67,Mckinney Inc,OTHER,CN,DEBIT_CARD,3,425,0,0,2381,0,0,0,LEGITIMATE
CUST_95242,2283.68,Taylor and Sons,FOOD,CN,NET_BANKING,2,91,0,0,328,0,0,0,LEGITIMATE
CUST_37014,926.94,Freeman LLC,EDUCATION,NG,UPI,3,493,0,0,2018,0,0,0,LEGITIMATE
CUST_45406,3361.36,"Wolf, Harrell and Spencer",OTHER,IN,WALLET,4,557,0,0,1958,0,0,0,LEGITIMATE
CUST_42936,3334.84,Smith Inc,EDUCATION,CN,DEBIT_CARD,4,122,0,0,2218,0,0,0,LEGITIMATE
CUST_92510,5544.96,Jones Group,HEALTHCARE,CN,UPI,18,0,1,1,1713,1,1,1,MULTI_SIGNAL_ATTACK
CUST_26756,5245.07,"Wade, Velazquez and Peterson",HEALTHCARE,IN,WALLET,2,445,0,0,2224,0,0,0,LEGITIMATE
CUST_93862,2828.2,Garza-Davis,FOOD,CN,UPI,2,648,1,0,416,0,0,1,GEOGRAPHIC_ANOMALY
CUST_21242,2680.88,Walker-Morris,HEALTHCARE,NG,WALLET,1,543,0,0,690,0,0,0,LEGITIMATE
CUST_88475,5157.78,Mcdowell PLC,ENTERTAINMENT,IN,WALLET,1,900,0,0,2146,1,0,1,MERCHANT_ANOMALY
CUST_97172,34414.84,Howell and Sons,TRAVEL,NG,UPI,12,2,1,1,2121,1,1,1,ACCOUNT_TAKEOVER
CUST_18568,1437.47,Burns-Hunt,FOOD,CN,DEBIT_CARD,1,249,0,0,1648,0,0,0,LEGITIMATE
CUST_89054,2657.46,Meyer-Randolph,EDUCATION,CN,WALLET,4,831,0,0,2453,0,0,0,LEGITIMATE
CUST_33203,1527.84,Pollard-Patel,OTHER,US,DEBIT_CARD,2,474,0,0,1154,0,0,0,LEGITIMATE
CUST_71179,7193.88,"Harris, Vang and Peterson",ECOMMERCE,US,UPI,4,132,0,0,1408,0,0,0,LEGITIMATE
CUST_12079,1440.36,Brown PLC,OTHER,NG,DEBIT_CARD,4,106,0,0,2124,0,0,0,LEGITIMATE
CUST_35386,1764.21,Mitchell-Hodge,HEALTHCARE,NG,DEBIT_CARD,3,892,0,0,67,0,0,0,LEGITIMATE
CUST_39985,2221.24,Ross Ltd,GROCERY,US,NET_BANKING,1,556,0,0,1465,0,0,0,LEGITIMATE
CUST_71156,1511.27,"Combs, Hoffman and Phillips",ECOMMERCE,US,UPI,4,867,1,0,465,0,0,1,GEOGRAPHIC_ANOMALY
CUST_84459,1193.89,Charles Ltd,ENTERTAINMENT,CN,CREDIT_CARD,2,223,0,0,2353,0,0,0,LEGITIMATE
CUST_99261,2741.06,Hill and Sons,TRAVEL,CN,WALLET,2,483,0,0,1095,0,0,0,LEGITIMATE
CUST_16523,2797.3621014775713,"Campbell, Jones and Ball",ENTERTAINMENT,US,NET_BANKING,26,78,0,0,322,0,0,1,VELOCITY_ABUSE
CUST_38195,1840.16,Anderson-Nguyen,FOOD,IN,DEBIT_CARD,4,691,0,0,933,0,0,0,LEGITIMATE
CUST_43261,3479.92,Anderson Inc,TRAVEL,GB,NET_BANKING,4,713,0,0,1074,0,0,0,LEGITIMATE
CUST_89094,967.81,Jones Inc,TRAVEL,CN,UPI,4,476,0,0,1720,0,0,0,LEGITIMATE
CUST_62731,10805.42,Jones PLC,ECOMMERCE,US,CREDIT_CARD,25,3,1,1,926,1,1,1,MULTI_SIGNAL_ATTACK
CUST_39380,5153.28,Baxter-Clark,EDUCATION,NG,NET_BANKING,3,884,0,0,852,1,0,1,MERCHANT_ANOMALY
CUST_50810,2035.47,"Jones, Rogers and Gonzales",OTHER,US,DEBIT_CARD,1,454,0,0,2256,0,0,0,LEGITIMATE
CUST_62113,255.59,"Andrews, Woods and Wood",OTHER,GB,UPI,2,775,0,1,415,0,0,1,PAYMENT_METHOD_ABUSE
CUST_91152,674.93,Hood-Sutton,HEALTHCARE,GB,WALLET,2,140,0,0,551,0,0,0,LEGITIMATE
CUST_54914,4431.3,"Mitchell, Jones and Cruz",OTHER,CN,DEBIT_CARD,3,181,0,0,1438,1,0,1,MERCHANT_ANOMALY
CUST_76798,1006.84,"Powell, Booker and White",HEALTHCARE,NG,WALLET,2,703,0,0,2081,0,0,0,LEGITIMATE
CUST_47843,1135.62,"Cooper, Simmons and Schmidt",ECOMMERCE,US,WALLET,3,663,0,0,273,0,0,0,LEGITIMATE
CUST_16182,507.37,Hood-Mcfarland,OTHER,NG,DEBIT_CARD,2,716,0,0,2473,0,0,0,LEGITIMATE
CUST_53964,9920.205114299968,"Johnson, Davis and Gray",GROCERY,NG,WALLET,23,544,0,0,1726,0,0,1,VELOCITY_ABUSE
CUST_85501,2058.56,"Marquez, Thomas and Boyd",HEALTHCARE,CN,NET_BANKING,16,3,1,1,1227,1,1,1,MULTI_SIGNAL_ATTACK
CUST_54266,398.42,Long-Quinn,EDUCATION,US,UPI,4,318,0,0,2068,0,0,0,LEGITIMATE
CUST_96625,543.45,Carter Inc,FOOD,IN,CREDIT_CARD,1,931,0,0,48,0,0,0,LEGITIMATE
CUST_16322,3570.91,Lopez-Miller,GROCERY,IN,WALLET,2,980,0,1,787,0,0,1,PAYMENT_METHOD_ABUSE
CUST_89615,3967.62,"Vega, Short and Mcbride",HEALTHCARE,US,UPI,2,219,0,0,34,1,1,1,TRANSACTION_ANOMALY
CUST_27495,4360.98,Barr-Ramirez,HEALTHCARE,GB,DEBIT_CARD,2,829,0,0,2325,0,0,0,LEGITIMATE
CUST_86901,4408.47,"Pitts, Robinson and Lawrence",ECOMMERCE,IN,UPI,2,281,0,0,2078,0,0,0,LEGITIMATE
CUST_78007,2876.17,George PLC,HEALTHCARE,US,WALLET,4,605,0,1,2204,0,0,1,PAYMENT_METHOD_ABUSE
CUST_90849,6196.33,Nash-Gallagher,GROCERY,US,CREDIT_CARD,3,621,0,1,1616,0,0,1,PAYMENT_METHOD_ABUSE
CUST_17482,41033.7,Lewis-Marshall,FOOD,IN,UPI,2,397,0,0,254,1,1,1,TRANSACTION_ANOMALY
CUST_94427,5089.780944879681,"Ortiz, Cunningham and Ferguson",OTHER,IN,NET_BANKING,20,788,0,0,1419,0,0,1,VELOCITY_ABUSE
CUST_24657,442.62,Ray-Davis,EDUCATION,IN,UPI,1,443,0,0,2405,0,0,0,LEGITIMATE
CUST_55627,6799.58,"Lopez, Gonzalez and Scott",TRAVEL,GB,NET_BANKING,2,743,0,0,432,0,0,0,LEGITIMATE
CUST_73414,41179.46,Allison and Sons,FOOD,NG,DEBIT_CARD,16,1,1,1,1160,1,1,1,MULTI_SIGNAL_ATTACK
CUST_51531,410.24,Barber-Smith,EDUCATION,CN,NET_BANKING,2,875,0,0,1260,0,0,0,LEGITIMATE
CUST_49237,5510.06,Glass-Andrews,TRAVEL,CN,DEBIT_CARD,6,1,1,1,1889,1,1,1,ACCOUNT_TAKEOVER
CUST_86877,3881.83,Reilly-Alexander,GROCERY,CN,WALLET,2,691,0,1,561,0,0,1,PAYMENT_METHOD_ABUSE
CUST_23801,1217.67,Nguyen Ltd,FOOD,IN,DEBIT_CARD,2,544,0,0,631,0,0,0,LEGITIMATE
CUST_21799,875.79,Castillo-Aguilar,EDUCATION,NG,DEBIT_CARD,2,768,0,0,1116,1,0,1,MERCHANT_ANOMALY
CUST_77213,4817.72,"Mills, Coleman and Morgan",OTHER,GB,UPI,2,890,0,0,1932,0,0,0,LEGITIMATE
CUST_47969,1510.75,Martinez and Sons,EDUCATION,GB,WALLET,2,275,0,0,94,1,0,1,MERCHANT_ANOMALY
CUST_97268,3388.61,"Chandler, Thompson and Sharp",HEALTHCARE,IN,WALLET,1,190,0,0,348,0,0,0,LEGITIMATE
CUST_43441,4978.91,Hughes LLC,HEALTHCARE,US,WALLET,3,460,0,0,1513,0,0,0,LEGITIMATE
CUST_39952,25941.611848098957,Morton PLC,OTHER,US,DEBIT_CARD,6,9,0,1,28,1,1,1,SYNTHETIC_IDENTITY
CUST_60070,4918.17,Jones-Johnson,GROCERY,IN,UPI,1,499,0,1,942,0,0,1,PAYMENT_METHOD_ABUSE
CUST_40743,1803.35,"Scott, Olson and Powell",HEALTHCARE,NG,UPI,2,697,0,0,2044,0,0,0,LEGITIMATE
CUST_93141,71320.81,Martin and Sons,TRAVEL,IN,NET_BANKING,2,64,0,0,218,1,1,1,TRANSACTION_ANOMALY
CUST_13752,5098.48,"Lara, Marshall and Rios",ECOMMERCE,CN,DEBIT_CARD,2,631,0,0,1815,0,0,0,LEGITIMATE
CUST_58764,900.93,Howard-Fisher,ENTERTAINMENT,NG,WALLET,4,334,0,0,2162,0,0,0,LEGITIMATE
CUST_63975,2032.26,Barnes Inc,TRAVEL,IN,NET_BANKING,4,547,0,0,1138,0,0,0,LEGITIMATE
CUST_94391,1614.97,Trevino-Roberts,TRAVEL,US,DEBIT_CARD,4,915,0,0,930,0,0,0,LEGITIMATE
CUST_40284,20352.164525365326,"Tanner, Dixon and Frazier",HEALTHCARE,GB,UPI,10,9,0,1,16,1,1,1,SYNTHETIC_IDENTITY
CUST_51882,11616.78,Smith-Johnson,GROCERY,NG,NET_BANKING,15,2,1,1,2303,1,1,1,ACCOUNT_TAKEOVER
CUST_13382,985.43,Hanson-Carlson,EDUCATION,GB,NET_BANKING,2,261,0,0,2011,0,0,0,LEGITIMATE
CUST_35579,4826.36,Mullen-Melendez,HEALTHCARE,NG,CREDIT_CARD,1,508,0,0,2218,1,0,1,MERCHANT_ANOMALY
CUST_10673,4404.98,Juarez Group,HEALTHCARE,NG,NET_BANKING,3,466,0,0,1150,0,0,0,LEGITIMATE
CUST_33691,1295.93,Taylor Inc,GROCERY,NG,DEBIT_CARD,4,595,0,0,819,0,0,0,LEGITIMATE
CUST_21327,787.78,Forbes-Jenkins,ENTERTAINMENT,CN,NET_BANKING,3,149,1,0,2006,0,0,1,GEOGRAPHIC_ANOMALY
CUST_69845,5169.73,Carlson LLC,GROCERY,CN,DEBIT_CARD,4,928,0,0,1297,0,0,0,LEGITIMATE
CUST_98532,1252.31,Torres-Flores,GROCERY,NG,UPI,4,159,0,0,470,0,0,0,LEGITIMATE
CUST_49845,2744.62,Banks Inc,OTHER,CN,UPI,3,830,0,0,400,0,0,0,LEGITIMATE
CUST_82003,6708.442952307971,Hodges-Hines,FOOD,NG,CREDIT_CARD,4,4,0,1,17,1,1,1,SYNTHETIC_IDENTITY
CUST_77955,3522.73,"Johnson, Horne and Webb",EDUCATION,IN,CREDIT_CARD,4,284,0,0,1557,0,0,0,LEGITIMATE
CUST_43215,33205.35,Pope-Ramirez,EDUCATION,GB,CREDIT_CARD,13,1,1,1,1180,1,1,1,MULTI_SIGNAL_ATTACK
CUST_75019,4324.25,Williams-Fernandez,GROCERY,US,WALLET,2,726,0,0,2210,0,0,0,LEGITIMATE
CUST_33783,13184.19,Murphy-Leach,GROCERY,CN,WALLET,19,0,1,1,857,1,1,1,MULTI_SIGNAL_ATTACK
CUST_16589,523.26,"Perez, Garcia and Kirk",FOOD,NG,WALLET,4,176,1,0,890,0,0,1,GEOGRAPHIC_ANOMALY
CUST_66043,20197.16,Boyer-Murphy,GROCERY,NG,UPI,18,2,1,1,1701,1,1,1,MULTI_SIGNAL_ATTACK
CUST_24114,1055.3,Pineda-Chandler,ENTERTAINMENT,NG,UPI,4,169,0,0,1490,0,0,0,LEGITIMATE
CUST_38038,584.52,Curtis-Fletcher,OTHER,IN,UPI,1,136,0,1,747,0,0,1,PAYMENT_METHOD_ABUSE
CUST_34884,691.62,Spencer and Sons,FOOD,CN,NET_BANKING,2,644,0,0,1442,0,0,0,LEGITIMATE
CUST_71838,5567.11,Schneider-Everett,EDUCATION,CN,CREDIT_CARD,3,397,0,0,762,1,0,1,MERCHANT_ANOMALY
CUST_47794,2941.87,Downs and Sons,OTHER,NG,DEBIT_CARD,3,345,0,0,1809,0,0,0,LEGITIMATE
CUST_78177,2975.65,Woods PLC,ENTERTAINMENT,NG,CREDIT_CARD,4,194,0,0,894,0,0,0,LEGITIMATE
CUST_38304,2473.64,Anderson-Payne,EDUCATION,GB,CREDIT_CARD,4,960,1,0,236,0,0,1,GEOGRAPHIC_ANOMALY
CUST_60220,4248.54,"Tucker, Hinton and Smith",FOOD,GB,NET_BANKING,2,321,0,0,1456,0,0,0,LEGITIMATE
CUST_27569,3265.62,Roman PLC,TRAVEL,NG,DEBIT_CARD,4,379,0,0,983,0,0,0,LEGITIMATE
CUST_82499,2765.2,Higgins Group,EDUCATION,CN,DEBIT_CARD,2,570,0,0,1064,0,0,0,LEGITIMATE
CUST_71916,766.55,"Lopez, Duarte and Austin",HEALTHCARE,US,WALLET,2,793,0,0,1150,0,0,0,LEGITIMATE
CUST_58485,3883.56,Michael-Velasquez,FOOD,IN,UPI,1,928,0,0,2357,0,0,0,LEGITIMATE
CUST_75763,2228.14,Palmer-Henderson,ENTERTAINMENT,NG,NET_BANKING,2,524,0,0,1070,0,0,0,LEGITIMATE
CUST_39529,3189.66,Williams-Aguilar,TRAVEL,CN,UPI,3,713,0,0,2256,0,0,0,LEGITIMATE
CUST_87199,5151.89,Mitchell Ltd,FOOD,US,NET_BANKING,2,259,0,0,635,0,0,0,LEGITIMATE
CUST_74672,1531.89,Freeman PLC,EDUCATION,US,CREDIT_CARD,4,645,0,0,1502,0,0,0,LEGITIMATE
CUST_90113,15570.97,"Stewart, Edwards and Terry",OTHER,IN,NET_BANKING,14,2,1,1,1549,1,1,1,ACCOUNT_TAKEOVER
CUST_92189,1784.45,Smith PLC,TRAVEL,US,WALLET,4,51,0,0,508,0,0,0,LEGITIMATE
CUST_41837,3535.87,Walker Inc,ECOMMERCE,NG,CREDIT_CARD,3,661,0,0,1081,0,0,0,LEGITIMATE
CUST_88901,2568.93,Espinoza-Hill,TRAVEL,NG,WALLET,3,396,0,1,706,0,0,1,PAYMENT_METHOD_ABUSE
CUST_38265,885.62,Wilkinson Group,FOOD,US,CREDIT_CARD,1,563,0,0,2376,0,0,0,LEGITIMATE
CUST_71107,238.03,Rose PLC,GROCERY,IN,CREDIT_CARD,4,142,0,0,797,0,0,0,LEGITIMATE
CUST_80561,4039.02,Garcia and Sons,GROCERY,US,WALLET,4,382,0,0,590,0,0,0,LEGITIMATE
CUST_12831,2396.09,"Bell, Ramirez and Woods",GROCERY,GB,UPI,2,984,0,0,2025,0,0,0,LEGITIMATE
CUST_98410,1648.53,Jones PLC,OTHER,GB,CREDIT_CARD,4,239,0,0,543,0,0,0,LEGITIMATE
CUST_90284,2299.18,Davis LLC,HEALTHCARE,GB,DEBIT_CARD,1,344,0,1,1781,0,0,1,PAYMENT_METHOD_ABUSE
CUST_22836,2695.18,"Patel, Rodriguez and Oliver",EDUCATION,CN,WALLET,1,145,0,0,1891,0,0,0,LEGITIMATE
CUST_13875,4590.18,James-Parker,FOOD,NG,WALLET,2,611,0,0,2305,1,0,1,MERCHANT_ANOMALY
CUST_70002,553.07,Wright-Moore,OTHER,CN,UPI,3,816,0,0,921,0,0,0,LEGITIMATE
CUST_56926,4587.71,"Lozano, Ward and Collins",OTHER,GB,UPI,3,224,0,0,33,0,0,0,LEGITIMATE
CUST_78742,1903.19,"Garcia, Terry and English",ECOMMERCE,US,WALLET,11,2,1,1,962,1,1,1,MULTI_SIGNAL_ATTACK
CUST_17396,2887.64,"Douglas, Gutierrez and Rodriguez",ECOMMERCE,IN,UPI,4,920,0,0,1800,0,0,0,LEGITIMATE
CUST_85961,6272.309483462032,Reynolds LLC,OTHER,GB,CREDIT_CARD,21,865,0,0,1095,0,0,1,VELOCITY_ABUSE
CUST_52067,2007.63,Rodriguez PLC,OTHER,IN,DEBIT_CARD,3,495,0,0,517,0,0,0,LEGITIMATE
CUST_10998,617.49,Bailey Group,TRAVEL,CN,WALLET,4,419,0,0,713,0,0,0,LEGITIMATE
CUST_27009,936.15,"Simpson, Evans and Leonard",TRAVEL,NG,UPI,1,691,0,0,678,0,0,0,LEGITIMATE
CUST_15729,1976.41,"Esparza, Nunez and Garcia",EDUCATION,GB,CREDIT_CARD,2,457,0,0,2128,0,0,0,LEGITIMATE
CUST_51192,2838.49,Martinez-Bowen,HEALTHCARE,NG,WALLET,4,685,0,0,2361,1,0,1,MERCHANT_ANOMALY
CUST_81264,3548.33,"Byrd, Parker and Williams",FOOD,NG,WALLET,4,946,0,0,592,0,0,0,LEGITIMATE
CUST_29662,3992.94,"Sullivan, Collins and Levine",HEALTHCARE,IN,UPI,1,348,0,1,1828,0,0,1,PAYMENT_METHOD_ABUSE
CUST_55566,3242.11,Browning-White,GROCERY,IN,UPI,4,240,0,0,2239,0,0,0,LEGITIMATE
CUST_41231,2347.7,"Zimmerman, Murphy and Rush",TRAVEL,US,WALLET,4,205,0,0,2451,0,0,0,LEGITIMATE
CUST_45100,428.08,"Parker, Hall and Thomas",GROCERY,NG,CREDIT_CARD,2,768,0,0,885,0,0,0,LEGITIMATE
CUST_79171,5888.38,Reyes-Cooke,GROCERY,GB,DEBIT_CARD,4,444,0,0,1640,0,0,0,LEGITIMATE
CUST_95373,19650.259521753153,"Sweeney, Gonzalez and Fleming",GROCERY,GB,NET_BANKING,9,6,0,1,10,1,1,1,SYNTHETIC_IDENTITY
CUST_41725,597.82,Miller and Sons,HEALTHCARE,US,WALLET,2,997,0,0,595,0,0,0,LEGITIMATE
CUST_29705,3784.27,Watts Group,OTHER,CN,WALLET,1,998,0,0,878,0,0,0,LEGITIMATE
CUST_57576,3522.46,"Smith, Clark and Rivera",HEALTHCARE,NG,DEBIT_CARD,4,503,0,0,1077,0,0,0,LEGITIMATE
CUST_90990,1795.98,West-Reed,TRAVEL,US,CREDIT_CARD,2,834,0,0,1303,0,0,0,LEGITIMATE
CUST_74443,272.71,Smith Ltd,FOOD,GB,DEBIT_CARD,2,720,0,0,1953,0,0,0,LEGITIMATE
CUST_73561,2374.98,Novak Group,OTHER,US,DEBIT_CARD,3,93,0,0,972,0,0,0,LEGITIMATE
CUST_33853,713.49,Price LLC,ECOMMERCE,CN,WALLET,2,980,0,0,642,1,0,1,MERCHANT_ANOMALY
CUST_12260,23783.990999567148,Flores LLC,OTHER,CN,CREDIT_CARD,8,7,0,1,8,1,1,1,SYNTHETIC_IDENTITY
CUST_92301,9174.092840601212,"Stewart, Jones and Smith",ECOMMERCE,IN,DEBIT_CARD,20,924,0,0,481,0,0,1,VELOCITY_ABUSE
CUST_63948,1422.27,Ellis Ltd,OTHER,CN,WALLET,4,570,1,0,702,0,0,1,GEOGRAPHIC_ANOMALY
CUST_55729,661.41,Morgan PLC,HEALTHCARE,GB,DEBIT_CARD,2,205,0,0,1637,0,0,0,LEGITIMATE
CUST_10269,8830.74,"Gibson, Perez and Martinez",OTHER,CN,NET_BANKING,3,71,0,0,1526,1,1,1,TRANSACTION_ANOMALY
CUST_24637,2882.32,Chavez LLC,OTHER,CN,NET_BANKING,1,130,0,0,760,0,0,0,LEGITIMATE
CUST_66126,24195.18892105339,Caldwell-Schneider,TRAVEL,CN,NET_BANKING,5,6,0,1,22,1,1,1,SYNTHETIC_IDENTITY
CUST_56248,3009.9,Brown and Sons,HEALTHCARE,GB,DEBIT_CARD,2,531,0,0,1917,0,0,0,LEGITIMATE
CUST_66491,823.08,Benson and Sons,ECOMMERCE,US,CREDIT_CARD,2,868,0,0,2053,0,0,0,LEGITIMATE
CUST_10041,3659.69,Bender-Carney,HEALTHCARE,GB,CREDIT_CARD,4,59,0,0,2287,0,0,0,LEGITIMATE
CUST_77626,2358.97,"Briggs, Irwin and Martin",TRAVEL,CN,CREDIT_CARD,2,49,0,0,2155,0,0,0,LEGITIMATE
CUST_28583,2104.26,Obrien-Johnson,FOOD,NG,WALLET,2,349,0,0,1853,0,0,0,LEGITIMATE
CUST_49904,1419.05,Mills-Bolton,ECOMMERCE,GB,CREDIT_CARD,2,927,0,0,2226,0,0,0,LEGITIMATE
CUST_20625,5312.31,Downs-Figueroa,EDUCATION,GB,NET_BANKING,2,981,0,0,1465,0,0,0,LEGITIMATE
CUST_11379,20590.86502723656,Mcgee-Holden,ENTERTAINMENT,US,UPI,6,9,0,1,30,1,1,1,SYNTHETIC_IDENTITY
CUST_59454,3189.78,"Porter, Moore and Mckenzie",GROCERY,NG,NET_BANKING,3,188,0,0,300,0,0,0,LEGITIMATE
CUST_41242,2139.17,"Ballard, Reyes and Simmons",ECOMMERCE,NG,NET_BANKING,3,131,0,0,1068,0,0,0,LEGITIMATE
CUST_85657,2010.58,"James, Luna and Bradford",TRAVEL,US,CREDIT_CARD,4,298,0,0,526,0,0,0,LEGITIMATE
CUST_79624,3576.71,Ward-Conner,GROCERY,US,UPI,4,436,1,0,1520,0,0,1,GEOGRAPHIC_ANOMALY
CUST_35619,246.84,"Robinson, Walker and Harris",ECOMMERCE,CN,WALLET,3,770,0,0,813,0,0,0,LEGITIMATE
CUST_70956,3351.85,"Richardson, Richardson and Bishop",GROCERY,IN,WALLET,2,403,0,0,762,0,0,0,LEGITIMATE
CUST_69729,423.17,Gay-Manning,TRAVEL,CN,CREDIT_CARD,2,246,0,0,963,0,0,0,LEGITIMATE
CUST_77309,527.01,"Fitzgerald, Jackson and Ryan",EDUCATION,CN,UPI,4,48,0,0,162,0,0,0,LEGITIMATE
CUST_54940,2157.36,Perez-Gonzalez,ENTERTAINMENT,US,DEBIT_CARD,3,91,0,0,1555,0,0,0,LEGITIMATE
CUST_28260,1390.86,Erickson-Lewis,FOOD,CN,UPI,3,373,0,0,1766,0,0,0,LEGITIMATE
CUST_73004,1659.72,Taylor and Sons,ENTERTAINMENT,IN,UPI,1,98,0,0,1141,0,0,0,LEGITIMATE
CUST_15858,461.61,Barry-Chandler,OTHER,US,WALLET,1,299,0,0,2129,0,0,0,LEGITIMATE
CUST_18682,2677.87,"Gomez, Arnold and Dominguez",HEALTHCARE,CN,NET_BANKING,3,895,0,0,2156,0,0,0,LEGITIMATE
CUST_66397,9152.795941118848,"Chandler, Keith and Johnson",GROCERY,NG,CREDIT_CARD,29,776,0,0,1260,0,0,1,VELOCITY_ABUSE
CUST_14582,4124.23,Lee-Chavez,TRAVEL,US,DEBIT_CARD,4,230,0,1,1430,0,0,1,PAYMENT_METHOD_ABUSE
CUST_48384,2505.55,Rodriguez LLC,ENTERTAINMENT,US,UPI,4,953,0,0,31,0,0,0,LEGITIMATE
CUST_21120,5271.281124262661,Kaufman PLC,ENTERTAINMENT,GB,UPI,17,367,0,0,2456,0,0,1,VELOCITY_ABUSE
CUST_63903,866.32,Phillips Group,GROCERY,IN,UPI,4,711,0,0,75,0,0,0,LEGITIMATE
CUST_52331,1572.6,Roberts Group,HEALTHCARE,GB,WALLET,4,917,0,0,851,0,0,0,LEGITIMATE
CUST_50484,3564.74,Thompson PLC,EDUCATION,CN,DEBIT_CARD,11,3,1,1,1293,1,1,1,ACCOUNT_TAKEOVER
CUST_72614,4473.56,Zimmerman PLC,OTHER,IN,DEBIT_CARD,4,406,0,0,2128,0,0,0,LEGITIMATE
CUST_72465,2416.08,Gill Group,ENTERTAINMENT,IN,CREDIT_CARD,3,796,0,0,362,0,0,0,LEGITIMATE
CUST_74843,2904.51,"Stevens, Fitzpatrick and Peterson",ENTERTAINMENT,CN,DEBIT_CARD,3,262,0,0,1895,0,0,0,LEGITIMATE
CUST_59673,4966.95,"Sanchez, Yu and Hoover",FOOD,IN,NET_BANKING,1,106,0,0,751,0,0,0,LEGITIMATE
CUST_43608,578.18,Smith-Meyers,GROCERY,US,WALLET,4,178,0,0,793,0,0,0,LEGITIMATE
CUST_59799,14022.28,Smith Ltd,ENTERTAINMENT,NG,NET_BANKING,12,1,1,1,276,1,1,1,ACCOUNT_TAKEOVER
CUST_92872,2929.45,"Collier, Herman and Fowler",ECOMMERCE,CN,NET_BANKING,1,770,0,0,2453,0,0,0,LEGITIMATE
CUST_67818,643.2,Reynolds-Hanson,GROCERY,CN,CREDIT_CARD,3,370,0,0,2287,0,0,0,LEGITIMATE
CUST_36533,857.97,"Romero, Massey and Koch",ECOMMERCE,NG,DEBIT_CARD,4,908,0,0,2233,0,0,0,LEGITIMATE
CUST_50495,9532.284737357695,Rogers Group,TRAVEL,US,DEBIT_CARD,21,58,0,0,30,0,0,1,VELOCITY_ABUSE
CUST_85075,423.28,"Price, Dean and Thomas",FOOD,IN,WALLET,1,675,0,0,272,0,0,0,LEGITIMATE
CUST_16565,3272.44,Rojas LLC,TRAVEL,IN,UPI,2,729,0,0,1461,0,0,0,LEGITIMATE
CUST_11170,1654.32,"Richard, Gross and Mcdonald",ENTERTAINMENT,GB,WALLET,3,885,0,0,1286,1,0,1,MERCHANT_ANOMALY
CUST_42268,6727.83,"Thomas, Baker and Herman",HEALTHCARE,CN,UPI,2,826,0,0,1657,0,0,0,LEGITIMATE
CUST_18836,2071.1,Ross Ltd,HEALTHCARE,NG,WALLET,4,271,1,0,2200,0,0,1,GEOGRAPHIC_ANOMALY
CUST_18263,13611.67,Wright Group,TRAVEL,IN,WALLET,5,2,1,1,2129,1,1,1,ACCOUNT_TAKEOVER
CUST_52725,2280.79,Craig and Sons,EDUCATION,US,CREDIT_CARD,1,207,1,0,750,0,0,1,GEOGRAPHIC_ANOMALY
CUST_73254,4342.95,Yates Ltd,ENTERTAINMENT,GB,CREDIT_CARD,2,942,1,0,1122,0,0,1,GEOGRAPHIC_ANOMALY
CUST_52497,2730.12,Hill-Garcia,FOOD,GB,UPI,4,933,0,0,108,0,0,0,LEGITIMATE
CUST_76784,1067.21,"Miller, Caldwell and Jordan",HEALTHCARE,IN,WALLET,2,315,0,0,840,0,0,0,LEGITIMATE
CUST_71005,2981.13,Barr Ltd,TRAVEL,CN,UPI,2,48,0,0,942,0,0,0,LEGITIMATE
CUST_67338,3386.43,Manning PLC,HEALTHCARE,NG,UPI,1,582,0,0,982,0,0,0,LEGITIMATE
CUST_17482,3231.14,Hahn-Jordan,ENTERTAINMENT,US,DEBIT_CARD,4,479,0,0,1614,0,0,0,LEGITIMATE
CUST_31281,1774.94,"Perkins, Horton and Butler",HEALTHCARE,US,NET_BANKING,4,543,0,0,1572,0,0,0,LEGITIMATE
CUST_31297,1017.89,Green LLC,FOOD,NG,WALLET,3,262,0,0,1173,0,0,0,LEGITIMATE
CUST_68190,2915.0,Smith-Rodriguez,TRAVEL,GB,CREDIT_CARD,4,677,0,0,733,0,0,0,LEGITIMATE
CUST_94453,5436.69,Lester-Mccormick,GROCERY,US,NET_BANKING,4,100,0,0,1442,0,0,0,LEGITIMATE
CUST_78246,20106.57,Serrano-Parrish,HEALTHCARE,GB,WALLET,12,3,1,1,2175,1,1,1,MULTI_SIGNAL_ATTACK
CUST_56923,3832.78,Valencia-Evans,EDUCATION,IN,UPI,4,503,0,0,2448,0,0,0,LEGITIMATE
CUST_17553,522.3,West and Sons,ECOMMERCE,US,WALLET,2,854,0,0,2040,0,0,0,LEGITIMATE
CUST_77060,2728.37,"Moore, Velez and Lopez",GROCERY,IN,CREDIT_CARD,1,269,0,0,407,0,0,0,LEGITIMATE
CUST_98256,303.14,Taylor LLC,HEALTHCARE,IN,DEBIT_CARD,4,171,0,0,2127,0,0,0,LEGITIMATE
CUST_96499,25524.626524020798,"Carpenter, Lynch and Hernandez",OTHER,US,DEBIT_CARD,3,7,0,1,15,1,1,1,SYNTHETIC_IDENTITY
CUST_47008,15754.739142003444,Molina-Richmond,TRAVEL,CN,WALLET,6,7,0,1,4,1,1,1,SYNTHETIC_IDENTITY
CUST_52743,5556.65,"Rogers, Young and Richardson",TRAVEL,NG,WALLET,3,571,0,0,520,0,0,0,LEGITIMATE
CUST_52973,2538.65,Chang PLC,ECOMMERCE,GB,WALLET,4,184,0,0,2478,0,0,0,LEGITIMATE
CUST_59154,2652.03,"Ayers, Reynolds and Chase",EDUCATION,NG,NET_BANKING,1,767,0,1,460,0,0,1,PAYMENT_METHOD_ABUSE
CUST_75046,29231.23,Montes-Mercado,ENTERTAINMENT,GB,CREDIT_CARD,4,435,0,0,1438,1,1,1,TRANSACTION_ANOMALY
CUST_85107,24612.023592020214,Thomas-Patterson,TRAVEL,NG,NET_BANKING,9,10,0,1,25,1,1,1,SYNTHETIC_IDENTITY
CUST_42199,3300.8992702260316,Thompson-Reyes,GROCERY,NG,CREDIT_CARD,10,529,0,0,91,0,0,1,VELOCITY_ABUSE
CUST_29407,1041.14,Graham-Smith,FOOD,IN,DEBIT_CARD,4,351,0,0,799,0,0,0,LEGITIMATE
CUST_73475,14917.44,"Spencer, Leach and Robles",OTHER,NG,NET_BANKING,11,3,1,1,1217,1,1,1,ACCOUNT_TAKEOVER
CUST_47363,1854.9,Roberts-Cordova,OTHER,IN,CREDIT_CARD,1,343,0,0,1439,0,0,0,LEGITIMATE
CUST_45142,3978.09,Castro-Jarvis,GROCERY,IN,DEBIT_CARD,1,675,0,0,697,0,0,0,LEGITIMATE
CUST_21815,3562.8024777008195,Williams-Turner,ENTERTAINMENT,CN,UPI,26,362,0,0,1653,0,0,1,VELOCITY_ABUSE
CUST_26688,8462.011076677361,Munoz and Sons,TRAVEL,IN,UPI,9,2,0,1,22,1,1,1,SYNTHETIC_IDENTITY
CUST_45699,28642.94,"Sanchez, Rogers and Khan",ECOMMERCE,IN,CREDIT_CARD,4,89,0,0,1830,1,1,1,TRANSACTION_ANOMALY
CUST_81448,35360.46,Lewis LLC,TRAVEL,CN,NET_BANKING,1,642,0,0,1010,1,1,1,TRANSACTION_ANOMALY
CUST_11166,1770.64,"Smith, English and Brown",GROCERY,NG,WALLET,2,917,0,0,2329,1,0,1,MERCHANT_ANOMALY
CUST_71835,4458.420512006045,Walton PLC,FOOD,NG,UPI,19,395,0,0,1183,0,0,1,VELOCITY_ABUSE
CUST_53722,1718.07,Levy-Cruz,FOOD,IN,WALLET,4,140,0,0,2246,0,0,0,LEGITIMATE
CUST_41163,1228.92,"Gonzalez, Sawyer and Dorsey",HEALTHCARE,CN,DEBIT_CARD,1,181,0,0,2041,0,0,0,LEGITIMATE
CUST_56799,5711.22,Pacheco-Miller,HEALTHCARE,CN,WALLET,3,858,0,0,1052,0,0,0,LEGITIMATE
CUST_35981,49586.79,"Smith, Phillips and Robinson",GROCERY,IN,UPI,2,620,0,0,818,1,1,1,TRANSACTION_ANOMALY
CUST_92479,3029.4,Phillips-Park,GROCERY,CN,WALLET,3,36,0,0,2059,0,0,0,LEGITIMATE
CUST_66582,563.24,Miller Group,FOOD,GB,NET_BANKING,3,794,0,0,1041,0,0,0,LEGITIMATE
CUST_21951,1241.01,Nguyen-Garcia,ENTERTAINMENT,GB,UPI,4,93,0,1,1061,0,0,1,PAYMENT_METHOD_ABUSE
CUST_59037,4564.28,Washington Ltd,FOOD,NG,DEBIT_CARD,17,0,1,1,388,1,1,1,MULTI_SIGNAL_ATTACK
CUST_11791,1696.54,Hayes LLC,TRAVEL,NG,UPI,1,964,0,0,1863,0,0,0,LEGITIMATE
CUST_62752,7216.39,Duncan-Howard,ECOMMERCE,CN,CREDIT_CARD,2,968,0,0,37,0,0,0,LEGITIMATE
CUST_60855,7398.182594220276,Wells-Torres,TRAVEL,NG,UPI,19,786,0,0,1596,0,0,1,VELOCITY_ABUSE
CUST_65563,29026.22,"Rogers, Elliott and Harris",OTHER,NG,UPI,17,3,1,1,301,1,1,1,MULTI_SIGNAL_ATTACK
CUST_40243,1917.35,Watts-Martinez,HEALTHCARE,US,UPI,1,594,0,0,391,0,0,0,LEGITIMATE
CUST_13038,2023.16,Hall Inc,ECOMMERCE,CN,NET_BANKING,1,344,0,0,114,0,0,0,LEGITIMATE
CUST_91957,3726.9,Nelson-Bennett,FOOD,NG,CREDIT_CARD,1,535,0,0,326,0,0,0,LEGITIMATE
CUST_80187,28096.48,Thomas Ltd,OTHER,GB,DEBIT_CARD,5,3,1,1,1342,1,1,1,ACCOUNT_TAKEOVER
CUST_72467,2966.54,"Vega, Strickland and Morris",TRAVEL,US,NET_BANKING,4,822,0,0,657,0,0,0,LEGITIMATE
CUST_74041,3334.57,Morton Ltd,FOOD,CN,UPI,4,344,0,0,1575,0,0,0,LEGITIMATE
CUST_82238,2787.07,"Munoz, Dawson and Nguyen",ECOMMERCE,CN,DEBIT_CARD,3,414,0,0,2268,1,0,1,MERCHANT_ANOMALY
CUST_64621,457.65,Harris Group,ENTERTAINMENT,US,WALLET,3,448,0,0,170,0,0,0,LEGITIMATE
CUST_84175,2583.27,"Campbell, Salas and Montgomery",HEALTHCARE,US,UPI,1,474,0,1,119,0,0,1,PAYMENT_METHOD_ABUSE
CUST_11255,6985.471086590059,"Walker, Cole and Browning",ENTERTAINMENT,CN,WALLET,10,148,0,0,360,0,0,1,VELOCITY_ABUSE
CUST_83319,903.89,"Cruz, Gonzalez and Wright",ECOMMERCE,NG,DEBIT_CARD,4,872,0,0,2013,0,0,0,LEGITIMATE
CUST_95016,16798.06364392519,Elliott Group,FOOD,IN,DEBIT_CARD,5,1,0,1,5,1,1,1,SYNTHETIC_IDENTITY
CUST_46675,759.78,"Green, Moore and Wilson",TRAVEL,GB,UPI,2,763,0,0,2057,0,0,0,LEGITIMATE
CUST_80425,4151.74,Martinez-Davis,GROCERY,US,DEBIT_CARD,4,89,0,0,1778,1,0,1,MERCHANT_ANOMALY
CUST_67948,3117.78,Weaver-Jimenez,GROCERY,CN,UPI,3,96,0,0,1395,0,0,0,LEGITIMATE
CUST_30808,4027.78,Freeman-Young,TRAVEL,GB,WALLET,4,82,0,0,1576,0,0,0,LEGITIMATE
CUST_58149,4349.08,Kennedy PLC,EDUCATION,US,WALLET,4,641,0,0,996,0,0,0,LEGITIMATE
CUST_17955,2711.81,Griffin and Sons,EDUCATION,CN,UPI,4,944,0,1,480,0,0,1,PAYMENT_METHOD_ABUSE
CUST_27757,3651.12,"Johnson, Diaz and Young",ENTERTAINMENT,IN,NET_BANKING,3,162,0,0,718,0,0,0,LEGITIMATE
CUST_63613,8809.173084386357,"Watson, Wilson and Miller",ECOMMERCE,GB,DEBIT_CARD,29,819,0,0,1655,0,0,1,VELOCITY_ABUSE
CUST_52330,2221.58,Hale Group,OTHER,GB,UPI,2,933,0,0,1194,0,0,0,LEGITIMATE
CUST_52985,2680.36,Rice-Lynch,OTHER,US,NET_BANKING,3,696,0,0,1093,0,0,0,LEGITIMATE
CUST_51060,358.0,Alvarez-Schmidt,OTHER,CN,NET_BANKING,3,588,0,0,348,0,0,0,LEGITIMATE
CUST_46786,3787.62,Walker-Hall,ENTERTAINMENT,CN,WALLET,4,478,0,0,1494,0,0,0,LEGITIMATE
CUST_65622,1774.9,"Walker, Tate and Aguilar",HEALTHCARE,IN,NET_BANKING,4,246,0,0,503,0,0,0,LEGITIMATE
CUST_50731,17311.909320535706,"Mcdowell, Richard and Ryan",OTHER,US,DEBIT_CARD,4,4,0,1,22,1,1,1,SYNTHETIC_IDENTITY
CUST_39767,397.74,"Forbes, Peterson and Burch",GROCERY,NG,DEBIT_CARD,1,596,0,0,241,0,0,0,LEGITIMATE
CUST_38356,1919.45,Taylor and Sons,FOOD,NG,DEBIT_CARD,4,842,0,0,1782,0,0,0,LEGITIMATE
CUST_23051,2345.69,Newton Group,ECOMMERCE,CN,WALLET,2,286,0,0,1033,0,0,0,LEGITIMATE
CUST_92118,6511.22,Bennett-Campbell,TRAVEL,IN,UPI,1,926,0,0,217,0,0,0,LEGITIMATE
CUST_54956,1682.63,"Sullivan, Sutton and Ross",FOOD,GB,CREDIT_CARD,1,687,0,0,179,0,0,0,LEGITIMATE
CUST_82834,3770.48,Young-Adams,OTHER,IN,WALLET,2,992,1,0,354,0,0,1,GEOGRAPHIC_ANOMALY
CUST_68812,5150.57,"Graham, Morales and Boyle",GROCERY,US,NET_BANKING,3,603,0,0,1072,1,0,1,MERCHANT_ANOMALY
CUST_17020,9579.773108558871,"Wu, Perez and Morgan",TRAVEL,IN,CREDIT_CARD,18,714,0,0,467,0,0,1,VELOCITY_ABUSE
CUST_69031,32206.94,"Riley, Obrien and Richmond",HEALTHCARE,IN,DEBIT_CARD,4,283,0,0,2101,1,1,1,TRANSACTION_ANOMALY
CUST_84281,1841.73,"Morse, Underwood and Taylor",OTHER,GB,UPI,3,709,0,0,798,0,0,0,LEGITIMATE
CUST_54965,2775.95,Mercer and Sons,OTHER,NG,WALLET,2,564,0,0,2060,0,0,0,LEGITIMATE
CUST_67315,70059.33,Smith-Torres,ENTERTAINMENT,GB,WALLET,3,675,0,0,1777,1,1,1,TRANSACTION_ANOMALY
CUST_50738,46088.26,"Rodriguez, Sharp and Miller",HEALTHCARE,US,DEBIT_CARD,11,1,1,1,397,1,1,1,MULTI_SIGNAL_ATTACK
CUST_28571,4503.34,Spencer and Sons,HEALTHCARE,US,WALLET,1,183,0,0,2016,0,0,0,LEGITIMATE
CUST_48452,4019.97,"Jones, Rodgers and Sweeney",EDUCATION,GB,NET_BANKING,1,971,0,0,2014,0,0,0,LEGITIMATE
CUST_71489,2069.68,Conway PLC,OTHER,IN,CREDIT_CARD,3,803,0,0,2011,1,0,1,MERCHANT_ANOMALY
CUST_51404,2695.47,"Moore, Paul and Rivera",ENTERTAINMENT,IN,WALLET,3,702,0,0,170,0,0,0,LEGITIMATE
CUST_68498,1263.98,Jordan PLC,FOOD,US,WALLET,4,362,0,0,2340,0,0,0,LEGITIMATE
CUST_47029,6554.25,Zhang Ltd,OTHER,IN,CREDIT_CARD,2,425,0,0,801,0,0,0,LEGITIMATE
CUST_73585,28915.35,"Cruz, Griffith and Anderson",EDUCATION,IN,WALLET,4,618,0,0,1772,0,1,1,TRANSACTION_ANOMALY
CUST_41708,10263.37,"Phelps, Wilkinson and Lewis",TRAVEL,GB,UPI,8,0,1,1,239,1,1,1,ACCOUNT_TAKEOVER
CUST_59528,1797.48,"Jordan, Hopkins and Smith",ENTERTAINMENT,IN,CREDIT_CARD,2,918,0,0,1852,0,0,0,LEGITIMATE
CUST_31531,3485.85,Fry and Sons,EDUCATION,IN,NET_BANKING,4,288,0,0,1064,0,0,0,LEGITIMATE
CUST_15886,1331.79,Cunningham LLC,EDUCATION,GB,DEBIT_CARD,4,446,0,0,1571,0,0,0,LEGITIMATE
CUST_36382,1133.77,"Hernandez, Moore and Watkins",GROCERY,IN,DEBIT_CARD,4,406,0,0,2143,0,0,0,LEGITIMATE
CUST_79631,2432.5,Richardson and Sons,GROCERY,NG,NET_BANKING,3,582,0,0,1902,0,0,0,LEGITIMATE
CUST_41566,3906.48,"Cruz, Baker and Solomon",FOOD,US,DEBIT_CARD,3,186,0,0,480,0,0,0,LEGITIMATE
CUST_85712,18903.499406954303,Tanner PLC,HEALTHCARE,GB,UPI,6,4,0,1,7,1,1,1,SYNTHETIC_IDENTITY
CUST_17478,3451.87,Barnes-Harris,EDUCATION,GB,NET_BANKING,3,997,0,0,1360,1,0,1,MERCHANT_ANOMALY
CUST_82520,5099.92,"Kaufman, Dixon and Cervantes",FOOD,NG,NET_BANKING,4,518,0,0,259,0,0,0,LEGITIMATE
CUST_98546,2708.57,Fuller and Sons,OTHER,NG,DEBIT_CARD,1,31,0,0,641,0,0,0,LEGITIMATE
CUST_98438,3676.27,"Simpson, Drake and Allison",ECOMMERCE,GB,UPI,3,166,0,0,851,0,0,0,LEGITIMATE
CUST_52370,4112.028323798561,Hopkins LLC,GROCERY,IN,WALLET,9,3,0,1,17,1,1,1,SYNTHETIC_IDENTITY
CUST_35886,1632.5,"Villa, Kelly and Wagner",GROCERY,CN,UPI,2,848,0,0,346,1,0,1,MERCHANT_ANOMALY
CUST_21970,19635.72,Obrien LLC,GROCERY,IN,CREDIT_CARD,17,1,1,1,163,1,1,1,MULTI_SIGNAL_ATTACK
CUST_26081,1095.21,"Davis, Mahoney and Murphy",TRAVEL,NG,DEBIT_CARD,2,333,0,0,2317,0,0,0,LEGITIMATE
CUST_70508,1642.3,Mcconnell and Sons,HEALTHCARE,GB,CREDIT_CARD,2,555,0,0,373,0,0,0,LEGITIMATE
CUST_57236,3372.3,"Santiago, Garza and Smith",HEALTHCARE,NG,CREDIT_CARD,1,667,0,1,1193,0,0,1,PAYMENT_METHOD_ABUSE
CUST_26530,3408.7629978770456,Farrell Ltd,EDUCATION,US,WALLET,28,972,0,0,510,0,0,1,VELOCITY_ABUSE
CUST_91780,6200.7,"Carter, Oliver and Wright",TRAVEL,GB,NET_BANKING,1,317,0,0,2076,0,0,0,LEGITIMATE
CUST_30712,1700.38,Santos LLC,TRAVEL,IN,NET_BANKING,1,464,0,0,1205,0,0,0,LEGITIMATE
CUST_50774,789.45,Fuentes and Sons,ECOMMERCE,US,NET_BANKING,1,634,0,0,1248,0,0,0,LEGITIMATE
CUST_14207,1154.46,"Sheppard, Torres and Davis",FOOD,US,DEBIT_CARD,1,690,0,0,1667,0,0,0,LEGITIMATE
CUST_46848,770.53,Smith-Bird,ECOMMERCE,CN,DEBIT_CARD,4,538,0,0,246,0,0,0,LEGITIMATE
CUST_36554,1510.46,"Castillo, Vargas and Sanders",FOOD,IN,NET_BANKING,1,350,0,0,110,0,0,0,LEGITIMATE
CUST_83605,2408.19,Morales Group,GROCERY,US,DEBIT_CARD,4,287,0,1,1486,0,0,1,PAYMENT_METHOD_ABUSE
CUST_20171,3238.4447317020376,Brown-Wood,EDUCATION,GB,CREDIT_CARD,9,5,0,1,20,1,1,1,SYNTHETIC_IDENTITY
CUST_45215,634.61,"Anderson, Ramirez and Peterson",ENTERTAINMENT,NG,UPI,4,260,0,0,949,0,0,0,LEGITIMATE
CUST_31288,3048.9,Johnson-Watson,ECOMMERCE,CN,NET_BANKING,4,239,1,0,1742,0,0,1,GEOGRAPHIC_ANOMALY
CUST_83852,54024.09,Macias-Singh,TRAVEL,US,DEBIT_CARD,2,370,0,0,1625,1,1,1,TRANSACTION_ANOMALY
CUST_69904,2348.99,Lee PLC,GROCERY,GB,NET_BANKING,1,979,0,0,1906,0,0,0,LEGITIMATE
CUST_84221,5057.48,"Romero, Robertson and Gonzalez",TRAVEL,GB,UPI,2,682,0,0,1698,1,0,1,MERCHANT_ANOMALY
CUST_47242,3702.61,Smith Ltd,FOOD,GB,NET_BANKING,3,799,0,0,2389,0,0,0,LEGITIMATE
CUST_87139,3484.39,Booker and Sons,OTHER,US,DEBIT_CARD,4,459,0,0,1015,0,0,0,LEGITIMATE
CUST_19729,1417.54,Olsen-Graham,HEALTHCARE,IN,WALLET,2,938,0,0,56,0,0,0,LEGITIMATE
CUST_72076,2820.15,Reed-Garcia,GROCERY,CN,WALLET,2,121,0,0,200,0,0,0,LEGITIMATE
CUST_90531,4140.42,Taylor-Parker,HEALTHCARE,US,WALLET,1,562,0,0,1920,0,0,0,LEGITIMATE
CUST_30773,5416.396736550241,"Hatfield, Knight and Hunter",ENTERTAINMENT,CN,NET_BANKING,23,569,0,0,223,0,0,1,VELOCITY_ABUSE
CUST_73516,2544.295434908735,Lee and Sons,GROCERY,CN,CREDIT_CARD,29,292,0,0,2217,0,0,1,VELOCITY_ABUSE
CUST_89959,1880.1,Patel-Nguyen,FOOD,NG,WALLET,4,371,0,0,2213,0,0,0,LEGITIMATE
CUST_10701,3226.72,"Cook, Wyatt and Walters",EDUCATION,GB,UPI,1,535,0,0,1250,0,0,0,LEGITIMATE
CUST_75168,3353.82,"Smith, Johnson and Price",OTHER,US,WALLET,15,2,1,1,775,1,1,1,MULTI_SIGNAL_ATTACK
CUST_50541,22206.245122750443,Riley Group,ECOMMERCE,CN,NET_BANKING,7,9,0,1,2,1,1,1,SYNTHETIC_IDENTITY
CUST_77214,3101.03,Garcia Ltd,GROCERY,IN,UPI,3,102,0,0,1787,0,0,0,LEGITIMATE
CUST_79536,1869.09,Knapp-Woods,GROCERY,CN,UPI,3,262,0,0,2131,0,0,0,LEGITIMATE
CUST_86057,9715.344197469987,"Acevedo, Griffin and Taylor",GROCERY,GB,WALLET,20,326,0,0,2373,0,0,1,VELOCITY_ABUSE
CUST_32183,4417.66,Mitchell-Miranda,TRAVEL,GB,WALLET,1,927,0,0,1768,0,0,0,LEGITIMATE
CUST_52051,5074.02,Johnson-Cain,GROCERY,US,NET_BANKING,1,79,0,0,1866,0,0,0,LEGITIMATE
CUST_79744,2366.63,"Mcpherson, Jordan and Craig",ECOMMERCE,IN,CREDIT_CARD,3,132,0,0,2284,0,0,0,LEGITIMATE
CUST_12606,4696.29,Dalton and Sons,FOOD,US,NET_BANKING,4,189,0,0,68,0,0,0,LEGITIMATE
CUST_20084,2900.07,Williams-Foster,TRAVEL,NG,DEBIT_CARD,3,116,0,0,867,0,0,0,LEGITIMATE
CUST_43967,31775.13,Terry and Sons,ENTERTAINMENT,GB,DEBIT_CARD,2,682,0,0,571,1,1,1,TRANSACTION_ANOMALY
CUST_11210,1455.47,"Stewart, Thompson and Williams",HEALTHCARE,GB,DEBIT_CARD,3,196,0,0,1773,0,0,0,LEGITIMATE
CUST_49169,1682.35,Williamson-Hill,ENTERTAINMENT,NG,CREDIT_CARD,4,140,0,0,1870,0,0,0,LEGITIMATE
CUST_80326,1225.42,"Grant, Tran and Hughes",HEALTHCARE,US,DEBIT_CARD,1,654,0,0,2256,0,0,0,LEGITIMATE
CUST_55584,17892.38,Rice-Decker,FOOD,NG,UPI,23,3,1,1,533,1,1,1,MULTI_SIGNAL_ATTACK
CUST_17771,9888.029466905042,Hamilton-Ray,FOOD,CN,UPI,12,722,0,0,68,0,0,1,VELOCITY_ABUSE
CUST_13275,3219.51,Martinez Group,ECOMMERCE,US,DEBIT_CARD,1,932,0,0,2231,0,0,0,LEGITIMATE
CUST_53775,5656.9550709282275,Scott and Sons,FOOD,NG,NET_BANKING,6,5,0,1,21,1,1,1,SYNTHETIC_IDENTITY
CUST_53915,14226.99,Allen-Hamilton,ENTERTAINMENT,GB,CREDIT_CARD,24,3,1,1,1440,1,1,1,MULTI_SIGNAL_ATTACK
CUST_51861,2271.62,"Chan, Schroeder and Jones",OTHER,NG,CREDIT_CARD,2,340,1,0,2072,0,0,1,GEOGRAPHIC_ANOMALY
CUST_70199,13406.15,Wright-Vargas,OTHER,CN,DEBIT_CARD,9,1,1,1,2335,1,1,1,MULTI_SIGNAL_ATTACK
CUST_48442,4141.15,"Anderson, Fry and Wilkerson",OTHER,US,CREDIT_CARD,4,924,0,0,1362,0,0,0,LEGITIMATE
CUST_22865,4281.24,Barnes-Butler,ENTERTAINMENT,IN,DEBIT_CARD,2,893,0,0,900,0,0,0,LEGITIMATE
CUST_63779,2595.64,Garcia-Haas,TRAVEL,NG,WALLET,4,679,0,0,376,0,0,0,LEGITIMATE
CUST_89073,345.16,"Flowers, Acosta and Williams",OTHER,IN,UPI,4,771,0,0,980,0,0,0,LEGITIMATE
CUST_17830,1393.88,Robinson-Estes,ENTERTAINMENT,CN,CREDIT_CARD,3,945,0,0,2345,0,0,0,LEGITIMATE
CUST_52528,2991.54,Alvarado Ltd,ENTERTAINMENT,IN,UPI,2,103,0,0,156,1,0,1,MERCHANT_ANOMALY
CUST_19560,1338.91,"Berger, Maxwell and Salazar",HEALTHCARE,CN,CREDIT_CARD,4,574,0,0,2470,0,0,0,LEGITIMATE
CUST_52770,6020.03,Neal-Cox,ENTERTAINMENT,NG,UPI,4,190,0,0,2271,0,0,0,LEGITIMATE
CUST_20933,15540.0,"Blackwell, Robinson and Morris",ENTERTAINMENT,NG,UPI,3,932,0,0,118,1,1,1,TRANSACTION_ANOMALY
CUST_83493,4573.15,"Lopez, George and Green",HEALTHCARE,US,CREDIT_CARD,4,485,0,0,518,0,0,0,LEGITIMATE
CUST_26123,261.17,Gamble-Fletcher,OTHER,CN,DEBIT_CARD,4,209,0,0,2123,0,0,0,LEGITIMATE
CUST_59611,493.77,Moore-Barron,TRAVEL,US,UPI,2,858,0,0,763,0,0,0,LEGITIMATE
CUST_47137,3465.82,Mooney Group,OTHER,IN,NET_BANKING,1,239,0,1,198,0,0,1,PAYMENT_METHOD_ABUSE
CUST_20128,22286.819627624976,Cortez-Romero,ENTERTAINMENT,GB,WALLET,10,7,0,1,22,1,1,1,SYNTHETIC_IDENTITY
CUST_36449,534.95,Ross-Davidson,EDUCATION,CN,UPI,3,980,0,0,2474,0,0,0,LEGITIMATE
CUST_28214,3992.72,Martin-Rich,OTHER,US,UPI,3,808,0,0,1515,0,0,0,LEGITIMATE
CUST_59769,24659.71765105506,Curry PLC,OTHER,CN,DEBIT_CARD,6,0,0,1,12,1,1,1,SYNTHETIC_IDENTITY
CUST_61256,1241.21,Hunt-Meyer,FOOD,NG,WALLET,2,547,0,0,48,0,0,0,LEGITIMATE
CUST_32146,2093.39,"Adams, Skinner and Arias",HEALTHCARE,CN,UPI,2,204,0,0,2401,1,0,1,MERCHANT_ANOMALY
CUST_73498,3937.98,"Lester, White and Campbell",OTHER,NG,CREDIT_CARD,1,174,0,0,2273,0,0,0,LEGITIMATE
CUST_93052,416.81,Solis-Cisneros,EDUCATION,GB,UPI,1,703,0,0,1115,0,0,0,LEGITIMATE
CUST_59853,4019.71,Yu-Ramirez,ENTERTAINMENT,NG,UPI,1,518,0,0,1592,0,0,0,LEGITIMATE
CUST_45994,5295.19,"Smith, Warren and Powers",FOOD,US,UPI,2,179,0,0,393,0,0,0,LEGITIMATE
CUST_76828,5199.87,Farley Inc,ENTERTAINMENT,CN,DEBIT_CARD,2,635,0,0,2416,0,0,0,LEGITIMATE
CUST_65689,3755.93,Wright-Lee,OTHER,IN,CREDIT_CARD,4,74,0,0,428,0,0,0,LEGITIMATE
CUST_82580,1627.61,"Jordan, Stone and Jones",TRAVEL,IN,CREDIT_CARD,2,762,1,0,825,0,0,1,GEOGRAPHIC_ANOMALY
CUST_59932,20510.33,Andrews-Church,OTHER,IN,DEBIT_CARD,5,3,1,1,1550,1,1,1,ACCOUNT_TAKEOVER
CUST_31615,632.21,Perez Inc,HEALTHCARE,CN,NET_BANKING,2,241,0,0,540,0,0,0,LEGITIMATE
CUST_39267,8489.02,Garcia-Gilmore,ECOMMERCE,GB,CREDIT_CARD,8,0,1,1,2318,1,1,1,MULTI_SIGNAL_ATTACK
CUST_75985,2791.57,Cooper-Cox,ENTERTAINMENT,US,WALLET,4,638,0,0,1277,0,0,0,LEGITIMATE
CUST_82256,3285.91,Mckee-Chapman,TRAVEL,US,DEBIT_CARD,3,310,0,0,451,0,0,0,LEGITIMATE
CUST_35557,1003.36,"Horne, Williams and Strong",GROCERY,NG,DEBIT_CARD,1,349,0,0,708,0,0,0,LEGITIMATE
CUST_46524,725.68,Stevens-Golden,GROCERY,NG,UPI,3,818,0,0,941,0,0,0,LEGITIMATE
CUST_97621,3557.96,"Cobb, Owens and Armstrong",OTHER,NG,WALLET,3,93,1,0,774,0,0,1,GEOGRAPHIC_ANOMALY
CUST_64885,49986.32,Lee-Reynolds,TRAVEL,IN,NET_BANKING,2,556,0,0,1470,1,1,1,TRANSACTION_ANOMALY
CUST_40091,585.41,"Green, Lee and Holland",EDUCATION,CN,WALLET,2,738,0,0,720,0,0,0,LEGITIMATE
CUST_20758,4012.91,Davidson LLC,OTHER,US,CREDIT_CARD,4,324,0,0,1493,0,0,0,LEGITIMATE
CUST_66706,1552.67,"Logan, Miller and Nelson",GROCERY,CN,DEBIT_CARD,1,608,1,0,1627,0,0,1,GEOGRAPHIC_ANOMALY
CUST_60155,510.66,Contreras-Lloyd,HEALTHCARE,NG,UPI,4,667,0,0,2044,0,0,0,LEGITIMATE
CUST_64138,13149.775091011279,Castro PLC,TRAVEL,CN,WALLET,9,8,0,1,21,1,1,1,SYNTHETIC_IDENTITY
CUST_90295,370.12,Gilmore-Manning,TRAVEL,IN,WALLET,1,529,0,0,2313,0,0,0,LEGITIMATE
CUST_92891,6362.1,"Daniels, Zuniga and Campbell",TRAVEL,NG,CREDIT_CARD,3,553,0,0,1655,0,0,0,LEGITIMATE
CUST_81770,1334.0,Simmons-Khan,GROCERY,NG,DEBIT_CARD,3,514,0,0,1580,0,0,0,LEGITIMATE
CUST_23883,2177.6,"Cole, Hall and Huerta",FOOD,IN,DEBIT_CARD,4,485,0,0,1152,0,0,0,LEGITIMATE
CUST_66702,3164.05,Parker-Zimmerman,GROCERY,CN,CREDIT_CARD,4,858,0,0,769,0,0,0,LEGITIMATE
CUST_83509,2552.04,Martin Ltd,OTHER,IN,CREDIT_CARD,1,100,0,0,1160,0,0,0,LEGITIMATE
CUST_44039,2955.5,"Silva, Conway and Russell",EDUCATION,IN,UPI,4,879,0,0,1527,0,0,0,LEGITIMATE
CUST_84101,1510.45,"Dominguez, Howard and Adams",HEALTHCARE,CN,UPI,4,476,0,0,1337,0,0,0,LEGITIMATE
CUST_61927,16997.43,Valdez Ltd,HEALTHCARE,NG,UPI,14,2,1,1,1072,1,1,1,ACCOUNT_TAKEOVER
CUST_55448,5812.78,Roberts and Sons,ENTERTAINMENT,CN,DEBIT_CARD,1,805,0,0,346,0,0,0,LEGITIMATE
CUST_78879,3602.33,Brown-Russell,GROCERY,GB,CREDIT_CARD,2,718,0,0,155,0,0,0,LEGITIMATE
CUST_92177,1699.99,Sparks LLC,ENTERTAINMENT,IN,UPI,1,535,1,0,2336,0,0,1,GEOGRAPHIC_ANOMALY
CUST_54669,2875.05,"Fox, Nichols and Alvarez",EDUCATION,CN,CREDIT_CARD,3,613,0,0,382,0,0,0,LEGITIMATE
CUST_66346,3419.06,Smith Group,ECOMMERCE,IN,NET_BANKING,4,767,0,0,799,0,0,0,LEGITIMATE
CUST_34257,1738.56,Lowery-Chang,OTHER,NG,NET_BANKING,2,179,0,0,465,0,0,0,LEGITIMATE
CUST_71280,1737.92,Jones LLC,HEALTHCARE,GB,CREDIT_CARD,1,896,1,0,544,0,0,1,GEOGRAPHIC_ANOMALY
CUST_47595,6689.17,Sherman Group,FOOD,NG,NET_BANKING,4,728,0,0,1832,0,0,0,LEGITIMATE
CUST_56651,2310.29,"Pierce, Barnes and Smith",GROCERY,US,WALLET,4,473,0,0,1462,0,0,0,LEGITIMATE
CUST_85351,528.47,Rivera-Carney,FOOD,NG,NET_BANKING,1,839,1,0,1133,0,0,1,GEOGRAPHIC_ANOMALY
CUST_55302,20290.81094294947,"Hawkins, Diaz and Collins",ECOMMERCE,NG,NET_BANKING,3,2,0,1,27,1,1,1,SYNTHETIC_IDENTITY
CUST_10878,2819.68,Wilson-Johnson,TRAVEL,GB,WALLET,4,81,1,0,2379,0,0,1,GEOGRAPHIC_ANOMALY
CUST_10489,3877.6,Lopez Ltd,OTHER,NG,UPI,1,473,0,0,2495,0,0,0,LEGITIMATE
CUST_25309,2659.3,Deleon-Reeves,FOOD,GB,NET_BANKING,4,209,0,0,2324,0,0,0,LEGITIMATE
CUST_16188,3283.94,Shannon PLC,OTHER,US,WALLET,3,573,0,0,1291,0,0,0,LEGITIMATE
CUST_22338,4962.57,"Small, Butler and Avery",GROCERY,IN,WALLET,4,800,0,0,1239,0,0,0,LEGITIMATE
CUST_52084,23433.0,Ramos-Bryant,ENTERTAINMENT,GB,UPI,1,484,0,0,611,1,1,1,TRANSACTION_ANOMALY
CUST_49309,2447.56,"Jarvis, Martin and Ortega",ENTERTAINMENT,IN,WALLET,3,891,0,0,2201,0,0,0,LEGITIMATE
CUST_69723,2474.97,Carr Group,HEALTHCARE,CN,NET_BANKING,3,442,0,0,305,0,0,0,LEGITIMATE
CUST_36204,6400.09,"Cook, Thompson and Stevens",FOOD,GB,UPI,14,1,1,1,1205,1,1,1,ACCOUNT_TAKEOVER
CUST_53400,384.96,"Rogers, Montgomery and Lopez",TRAVEL,CN,WALLET,2,789,0,0,389,0,0,0,LEGITIMATE
CUST_97884,4610.38,Pierce Group,EDUCATION,NG,NET_BANKING,1,885,0,0,1852,0,0,0,LEGITIMATE
CUST_16516,1508.74,"Wilson, Berry and Roth",ECOMMERCE,US,UPI,2,93,0,0,325,0,0,0,LEGITIMATE
CUST_96599,11531.87,Le-Crawford,FOOD,GB,CREDIT_CARD,12,3,1,1,2022,1,1,1,ACCOUNT_TAKEOVER
CUST_91715,3179.65,"Warner, Henderson and Rodriguez",HEALTHCARE,NG,CREDIT_CARD,3,186,0,0,2390,0,0,0,LEGITIMATE
CUST_80775,5281.14,Lee Group,HEALTHCARE,GB,UPI,4,928,0,0,1236,0,0,0,LEGITIMATE
CUST_71381,3463.78,Brown Ltd,OTHER,NG,WALLET,1,247,0,0,1815,0,0,0,LEGITIMATE
CUST_29336,859.22,"Shelton, Miller and Mendoza",ENTERTAINMENT,NG,WALLET,1,49,0,0,930,0,0,0,LEGITIMATE
CUST_11250,9249.995998281107,Wilson Inc,EDUCATION,GB,WALLET,15,115,0,0,435,0,0,1,VELOCITY_ABUSE
CUST_88593,5026.14,Davis Inc,ECOMMERCE,NG,NET_BANKING,3,202,0,0,2313,0,0,0,LEGITIMATE
CUST_40685,31543.13,Johnson-Carter,TRAVEL,IN,NET_BANKING,25,3,1,1,1569,1,1,1,MULTI_SIGNAL_ATTACK
CUST_40215,16614.68847876494,Church-Saunders,TRAVEL,IN,WALLET,6,10,0,1,15,1,1,1,SYNTHETIC_IDENTITY
CUST_19799,14079.19,"Spencer, Johnson and Baker",OTHER,GB,WALLET,2,894,0,0,1133,0,1,1,TRANSACTION_ANOMALY
CUST_33887,50361.05,"Sanders, Bernard and Love",TRAVEL,IN,UPI,2,390,0,0,1580,1,1,1,TRANSACTION_ANOMALY
CUST_79197,2509.1,"Moore, Andrews and Mitchell",EDUCATION,US,WALLET,1,189,0,0,196,1,0,1,MERCHANT_ANOMALY
CUST_40827,10039.803759368278,"Martin, Medina and Jones",OTHER,US,NET_BANKING,10,10,0,1,5,1,1,1,SYNTHETIC_IDENTITY
CUST_33137,2169.1,Johnson Inc,EDUCATION,NG,NET_BANKING,1,998,0,0,1802,1,0,1,MERCHANT_ANOMALY
CUST_27504,1388.1,Munoz LLC,ECOMMERCE,GB,CREDIT_CARD,3,183,0,0,2154,0,0,0,LEGITIMATE
CUST_46083,1147.99,"Young, Gonzalez and Francis",HEALTHCARE,GB,DEBIT_CARD,3,604,0,0,1744,0,0,0,LEGITIMATE
CUST_15498,5591.239366300418,Bauer Inc,ECOMMERCE,US,CREDIT_CARD,25,331,0,0,1476,0,0,1,VELOCITY_ABUSE
CUST_34272,1569.0,Smith-Hamilton,HEALTHCARE,US,WALLET,2,581,0,0,1770,0,0,0,LEGITIMATE
CUST_92118,3291.12,Smith-Taylor,FOOD,US,UPI,3,518,0,0,1395,0,0,0,LEGITIMATE
CUST_61523,27389.380436769727,Barnes PLC,ENTERTAINMENT,CN,DEBIT_CARD,5,0,0,1,4,1,1,1,SYNTHETIC_IDENTITY
CUST_51625,4007.16,"Rojas, Tucker and Mills",GROCERY,NG,DEBIT_CARD,1,533,0,0,1140,0,0,0,LEGITIMATE
CUST_82708,326.92,"Kirby, Patton and Smith",ENTERTAINMENT,CN,UPI,1,404,0,0,2164,0,0,0,LEGITIMATE
CUST_62633,4651.52,Hanson-Rush,EDUCATION,US,CREDIT_CARD,3,857,0,0,2314,0,0,0,LEGITIMATE
CUST_34555,3424.56,"Patrick, Guzman and Mclaughlin",EDUCATION,NG,NET_BANKING,2,192,0,0,2351,0,0,0,LEGITIMATE
CUST_80982,2214.64,Middleton-Stanton,TRAVEL,NG,UPI,1,735,0,0,1015,0,0,0,LEGITIMATE
CUST_79788,9703.192971266873,Ramirez Inc,TRAVEL,CN,NET_BANKING,28,413,0,0,403,0,0,1,VELOCITY_ABUSE
CUST_32613,5825.496609785732,Bowers LLC,TRAVEL,NG,CREDIT_CARD,6,9,0,1,22,1,1,1,SYNTHETIC_IDENTITY
CUST_51715,1235.28,"Fitzpatrick, Williams and Vega",EDUCATION,IN,NET_BANKING,4,471,0,0,509,0,0,0,LEGITIMATE
CUST_33117,6308.2237487501025,"Baker, Kennedy and Johnston",TRAVEL,IN,CREDIT_CARD,27,162,0,0,730,0,0,1,VELOCITY_ABUSE
CUST_40705,1717.37,Rodriguez-Gutierrez,HEALTHCARE,CN,WALLET,3,33,0,0,1123,0,0,0,LEGITIMATE
CUST_26441,21615.74,Wilkinson-Rangel,HEALTHCARE,NG,NET_BANKING,1,644,0,0,2027,1,1,1,TRANSACTION_ANOMALY
CUST_23207,812.05,Chavez PLC,EDUCATION,NG,UPI,1,294,0,0,1513,1,0,1,MERCHANT_ANOMALY
CUST_95898,2311.62,Ward-Sparks,TRAVEL,GB,UPI,4,128,0,0,477,0,0,0,LEGITIMATE
CUST_14874,4618.04,"Mcdaniel, Moyer and Miller",EDUCATION,NG,UPI,3,427,0,0,2404,0,0,0,LEGITIMATE
CUST_80625,961.09,Lawson-Smith,FOOD,IN,CREDIT_CARD,1,635,0,0,2228,0,0,0,LEGITIMATE
CUST_68947,10604.54,Gonzalez-Harper,ENTERTAINMENT,US,WALLET,1,492,0,0,1121,1,1,1,TRANSACTION_ANOMALY
CUST_95858,2334.18,"Cordova, Wood and Wade",GROCERY,CN,DEBIT_CARD,1,270,0,0,1764,0,0,0,LEGITIMATE
CUST_23142,2677.33,Escobar Ltd,OTHER,IN,CREDIT_CARD,2,854,0,0,2056,0,0,0,LEGITIMATE
CUST_19742,11645.32,"Logan, Russo and Moore",OTHER,GB,WALLET,1,256,0,0,950,0,1,1,TRANSACTION_ANOMALY
CUST_92851,2154.94,Burns-James,FOOD,CN,WALLET,4,147,0,0,493,0,0,0,LEGITIMATE
CUST_45978,21894.45222658346,Perez-Reeves,ECOMMERCE,NG,UPI,8,8,0,1,1,1,1,1,SYNTHETIC_IDENTITY
CUST_35601,4367.46,Robinson-Wells,EDUCATION,IN,DEBIT_CARD,1,452,0,0,345,0,0,0,LEGITIMATE
CUST_87484,3345.51,Moore-Moore,ENTERTAINMENT,IN,WALLET,4,370,0,0,1255,0,0,0,LEGITIMATE
CUST_13036,131.49,Jordan-James,TRAVEL,NG,WALLET,1,594,0,0,2243,0,0,0,LEGITIMATE
CUST_65274,3554.03,Garcia-Lin,GROCERY,NG,WALLET,4,473,0,0,67,0,0,0,LEGITIMATE
CUST_54783,4804.3,Campos Inc,HEALTHCARE,NG,NET_BANKING,3,374,0,0,256,0,0,0,LEGITIMATE
CUST_35772,264.08,"Brennan, Reeves and Lawrence",GROCERY,IN,WALLET,3,436,0,0,2149,0,0,0,LEGITIMATE
CUST_51358,43990.09,Stephens and Sons,ENTERTAINMENT,GB,DEBIT_CARD,4,859,0,0,2278,1,1,1,TRANSACTION_ANOMALY
CUST_56506,293.36,"Barrett, Parsons and Burgess",ENTERTAINMENT,CN,DEBIT_CARD,2,815,1,0,2178,0,0,1,GEOGRAPHIC_ANOMALY
CUST_89766,24540.43993185643,Lopez and Sons,OTHER,NG,WALLET,8,5,0,1,14,1,1,1,SYNTHETIC_IDENTITY
CUST_53199,3345.78,"Perez, Hernandez and Watkins",GROCERY,CN,UPI,1,493,0,0,1858,0,0,0,LEGITIMATE
CUST_60858,2807.12,Ramsey-Anderson,GROCERY,NG,DEBIT_CARD,2,126,0,0,903,0,0,0,LEGITIMATE
CUST_76784,5100.28,Fischer and Sons,ENTERTAINMENT,NG,WALLET,4,306,0,0,1175,1,0,1,MERCHANT_ANOMALY
CUST_86646,4218.8,Mcclure Ltd,FOOD,US,WALLET,1,671,0,0,1782,0,0,0,LEGITIMATE
CUST_79582,3320.42,Marquez-Chandler,TRAVEL,NG,DEBIT_CARD,4,767,0,0,1967,0,0,0,LEGITIMATE
CUST_12579,20883.457305519416,Pennington-Bell,FOOD,GB,DEBIT_CARD,5,5,0,1,10,1,1,1,SYNTHETIC_IDENTITY
CUST_25042,2593.09,Gamble-Kent,HEALTHCARE,IN,DEBIT_CARD,1,398,1,0,1400,0,0,1,GEOGRAPHIC_ANOMALY
CUST_27353,8303.23,"Velez, Stewart and Powell",FOOD,US,CREDIT_CARD,14,1,1,1,2190,1,1,1,ACCOUNT_TAKEOVER
CUST_98945,1548.43,Thomas-Smith,HEALTHCARE,IN,WALLET,1,762,1,0,1641,0,0,1,GEOGRAPHIC_ANOMALY
CUST_86049,25816.11,Allen PLC,OTHER,NG,DEBIT_CARD,7,1,1,1,860,1,1,1,ACCOUNT_TAKEOVER
CUST_80258,2046.5,"Hernandez, Arnold and Wise",EDUCATION,GB,UPI,4,797,0,0,2309,0,0,0,LEGITIMATE
CUST_28111,11479.81,Chung PLC,EDUCATION,CN,DEBIT_CARD,13,0,1,1,273,1,1,1,ACCOUNT_TAKEOVER
CUST_63310,2698.06,Holden LLC,ENTERTAINMENT,GB,CREDIT_CARD,1,114,0,0,2315,0,0,0,LEGITIMATE
CUST_66820,3189.85,Carr-Kemp,ECOMMERCE,NG,CREDIT_CARD,2,79,0,0,833,0,0,0,LEGITIMATE
CUST_96310,2461.59,Parker PLC,ECOMMERCE,CN,WALLET,1,337,0,0,2105,0,0,0,LEGITIMATE
CUST_34495,4213.04,Lewis-Brewer,HEALTHCARE,IN,DEBIT_CARD,4,911,0,0,1463,0,0,0,LEGITIMATE
CUST_89576,2356.71,"Petersen, Davis and Jackson",ENTERTAINMENT,CN,UPI,1,349,0,0,1524,0,0,0,LEGITIMATE
CUST_52421,1149.06,Carter-Barrera,OTHER,NG,DEBIT_CARD,3,914,0,0,463,0,0,0,LEGITIMATE
CUST_77243,2096.65,"Ingram, Gilbert and Martin",ECOMMERCE,GB,UPI,2,953,0,0,1452,0,0,0,LEGITIMATE
CUST_23898,1119.01,Barron-Mendoza,TRAVEL,GB,CREDIT_CARD,2,542,0,0,1036,0,0,0,LEGITIMATE
CUST_41183,2132.55,Mendez-Lambert,GROCERY,NG,DEBIT_CARD,2,361,0,0,770,0,0,0,LEGITIMATE
CUST_40418,1434.86,Adams-Rodriguez,FOOD,CN,CREDIT_CARD,1,502,1,0,2491,0,0,1,GEOGRAPHIC_ANOMALY
CUST_78304,5908.83,"Friedman, Armstrong and Thomas",EDUCATION,GB,DEBIT_CARD,4,307,0,0,2037,0,0,0,LEGITIMATE
CUST_35551,2088.03,"Meadows, Duffy and Bryant",FOOD,IN,NET_BANKING,4,99,0,0,893,0,0,0,LEGITIMATE
CUST_17437,1583.68,Dunn Group,EDUCATION,US,CREDIT_CARD,2,962,0,0,1399,0,0,0,LEGITIMATE
CUST_41137,180.1,Garcia-Gardner,GROCERY,NG,WALLET,3,823,0,0,2395,0,0,0,LEGITIMATE
CUST_41141,6737.47,Reed Inc,HEALTHCARE,IN,WALLET,4,36,0,0,942,0,0,0,LEGITIMATE
CUST_44869,1588.2803452618466,"Mckee, Copeland and Decker",FOOD,US,UPI,11,546,0,0,1693,0,0,1,VELOCITY_ABUSE
CUST_24196,7403.308964349388,"Cochran, Herrera and Golden",EDUCATION,IN,UPI,20,709,0,0,1710,0,0,1,VELOCITY_ABUSE
CUST_74048,2719.37,"Fritz, Armstrong and Howard",FOOD,US,CREDIT_CARD,2,766,0,0,1783,0,0,0,LEGITIMATE
CUST_25701,268.1,"Graham, Conley and Barnes",FOOD,US,NET_BANKING,3,398,0,0,2092,0,0,0,LEGITIMATE
CUST_41640,2748.44,"Gray, Hall and West",OTHER,IN,WALLET,3,993,0,0,1445,0,0,0,LEGITIMATE
CUST_80182,4893.28,Lawson-Pugh,EDUCATION,CN,DEBIT_CARD,4,624,0,0,1200,1,0,1,MERCHANT_ANOMALY
CUST_15767,3528.4343486255157,"Michael, Lopez and Martinez",HEALTHCARE,GB,WALLET,15,253,0,0,919,0,0,1,VELOCITY_ABUSE
CUST_74964,4088.56,"Goodwin, Brown and Morales",OTHER,NG,WALLET,4,865,0,1,1453,0,0,1,PAYMENT_METHOD_ABUSE
CUST_15660,1184.43,"Williamson, Galloway and Jones",TRAVEL,US,CREDIT_CARD,3,708,0,0,1283,0,0,0,LEGITIMATE
CUST_78483,2493.11,"Cortez, Green and Macias",ECOMMERCE,IN,NET_BANKING,2,961,1,0,252,0,0,1,GEOGRAPHIC_ANOMALY
CUST_29009,2141.36,Sanders-Boyer,OTHER,IN,WALLET,2,955,0,0,1093,0,0,0,LEGITIMATE
CUST_78720,5084.97,Waters and Sons,EDUCATION,NG,NET_BANKING,1,935,0,0,1628,0,0,0,LEGITIMATE
CUST_66559,2207.94,"Morrison, Wood and Smith",GROCERY,CN,CREDIT_CARD,3,132,0,0,2428,0,0,0,LEGITIMATE
CUST_10406,1631.19,Valencia-Booker,ENTERTAINMENT,IN,DEBIT_CARD,3,49,0,0,318,0,0,0,LEGITIMATE
CUST_51262,3777.12,Lyons Ltd,HEALTHCARE,CN,WALLET,1,676,0,0,328,0,0,0,LEGITIMATE
CUST_72203,5999.69,Smith-Swanson,HEALTHCARE,NG,DEBIT_CARD,4,184,0,0,1530,0,0,0,LEGITIMATE
CUST_16741,4503.12,Davis Group,FOOD,GB,NET_BANKING,4,348,0,0,2069,0,0,0,LEGITIMATE
CUST_14942,932.98,Peterson-Mccoy,TRAVEL,CN,CREDIT_CARD,2,380,0,0,242,0,0,0,LEGITIMATE
CUST_80632,854.08,Duncan PLC,TRAVEL,CN,WALLET,4,135,0,0,1546,0,0,0,LEGITIMATE
CUST_28475,2028.28,"Moran, Baker and Turner",OTHER,GB,WALLET,3,570,0,0,501,0,0,0,LEGITIMATE
CUST_61662,2685.05,Allen Ltd,ENTERTAINMENT,GB,WALLET,3,54,1,0,2278,0,0,1,GEOGRAPHIC_ANOMALY
CUST_24192,25655.23,Price Ltd,TRAVEL,CN,CREDIT_CARD,9,1,1,1,1608,1,1,1,MULTI_SIGNAL_ATTACK
CUST_13646,1713.7,"Turner, Cox and Johnson",OTHER,IN,NET_BANKING,3,343,0,0,1595,0,0,0,LEGITIMATE
CUST_43451,785.59,Kim LLC,OTHER,IN,CREDIT_CARD,4,258,0,0,1540,0,0,0,LEGITIMATE
CUST_42092,2993.45,Barnett Ltd,FOOD,IN,UPI,1,146,0,0,2473,0,0,0,LEGITIMATE
CUST_40251,2185.09,"Garcia, Hernandez and White",ENTERTAINMENT,US,WALLET,2,534,0,0,287,0,0,0,LEGITIMATE
CUST_45711,755.71,Hart-Ramirez,ECOMMERCE,IN,UPI,3,263,1,0,2421,0,0,1,GEOGRAPHIC_ANOMALY
CUST_25263,929.48,Williams-Rich,GROCERY,GB,NET_BANKING,1,144,0,0,130,0,0,0,LEGITIMATE
CUST_90146,29660.2,"Velez, Galloway and Weiss",GROCERY,CN,DEBIT_CARD,4,206,0,0,764,1,1,1,TRANSACTION_ANOMALY
CUST_93267,1645.49,"Rivera, Hernandez and Powell",ENTERTAINMENT,US,CREDIT_CARD,1,290,0,0,1251,0,0,0,LEGITIMATE
CUST_34621,2509.02,Farmer-Mendoza,ENTERTAINMENT,NG,CREDIT_CARD,4,968,1,0,61,0,0,1,GEOGRAPHIC_ANOMALY
CUST_52027,2126.52,"Meyer, Flowers and Osborne",FOOD,IN,WALLET,4,142,1,0,2386,0,0,1,GEOGRAPHIC_ANOMALY
CUST_34757,3955.41,Cole-Cortez,FOOD,GB,CREDIT_CARD,1,51,0,0,1366,1,0,1,MERCHANT_ANOMALY
CUST_34075,28117.8,Juarez-Mejia,EDUCATION,NG,UPI,4,100,0,0,1490,1,1,1,TRANSACTION_ANOMALY
CUST_91718,1594.63,"Moran, Weiss and Park",HEALTHCARE,US,NET_BANKING,4,948,0,0,2196,0,0,0,LEGITIMATE
CUST_82721,4867.91,Wall-Gonzalez,FOOD,GB,DEBIT_CARD,2,329,0,0,892,0,0,0,LEGITIMATE
CUST_56370,405.65,Ford Ltd,GROCERY,US,NET_BANKING,2,365,0,0,1983,0,0,0,LEGITIMATE
CUST_28998,2702.87,Mcintyre-Arnold,HEALTHCARE,CN,NET_BANKING,2,720,0,0,2481,0,0,0,LEGITIMATE
CUST_35602,2622.5,Sexton-Schultz,OTHER,NG,DEBIT_CARD,3,70,1,0,1247,0,0,1,GEOGRAPHIC_ANOMALY
CUST_57744,10138.59,Miller LLC,ENTERTAINMENT,IN,NET_BANKING,9,2,1,1,1843,1,1,1,MULTI_SIGNAL_ATTACK
CUST_33960,1309.19,Jackson-Adams,GROCERY,GB,NET_BANKING,4,577,0,0,1654,1,0,1,MERCHANT_ANOMALY
CUST_42516,1366.79,Mcneil-Sullivan,TRAVEL,GB,DEBIT_CARD,3,669,0,0,1828,0,0,0,LEGITIMATE
CUST_89955,2603.21,Benitez Group,EDUCATION,IN,NET_BANKING,2,230,0,0,785,0,0,0,LEGITIMATE
CUST_93656,1829.14,Chavez-Hawkins,ECOMMERCE,GB,NET_BANKING,1,803,0,0,1273,0,0,0,LEGITIMATE
CUST_52622,3651.12,Burch PLC,GROCERY,US,NET_BANKING,3,477,0,0,932,1,0,1,MERCHANT_ANOMALY
CUST_45713,1669.58,Watkins-Jennings,OTHER,US,CREDIT_CARD,3,133,0,0,580,0,0,0,LEGITIMATE
CUST_34961,25189.579718120007,"Steele, Lamb and Simmons",ECOMMERCE,US,UPI,7,5,0,1,28,1,1,1,SYNTHETIC_IDENTITY
CUST_74663,4293.76,"Mcguire, Thompson and White",GROCERY,GB,DEBIT_CARD,3,714,0,0,1938,0,0,0,LEGITIMATE
CUST_90701,330.96,"Guerrero, Taylor and Bradford",GROCERY,NG,CREDIT_CARD,1,615,0,0,2262,0,0,0,LEGITIMATE
CUST_53863,1445.55,Medina-Wilson,TRAVEL,GB,WALLET,2,769,0,0,148,0,0,0,LEGITIMATE
CUST_15726,3265.78,Obrien PLC,FOOD,US,CREDIT_CARD,1,548,0,0,2220,0,0,0,LEGITIMATE
CUST_72713,4438.27,Vasquez Group,GROCERY,NG,WALLET,4,279,0,0,2052,0,0,0,LEGITIMATE
CUST_46026,2513.83,"Johnson, Bradley and Holmes",OTHER,US,DEBIT_CARD,1,67,0,0,1950,0,0,0,LEGITIMATE
CUST_85125,1375.68,Raymond-Foster,EDUCATION,IN,DEBIT_CARD,1,469,0,0,890,0,0,0,LEGITIMATE
CUST_16732,47187.97,James-Moore,OTHER,US,NET_BANKING,1,514,0,0,662,1,1,1,TRANSACTION_ANOMALY
CUST_19561,2832.14,"Stone, Adkins and Lee",GROCERY,GB,CREDIT_CARD,2,203,0,0,265,0,0,0,LEGITIMATE
CUST_56417,6406.990900229547,Jackson-Grimes,TRAVEL,IN,CREDIT_CARD,17,78,0,0,1324,0,0,1,VELOCITY_ABUSE
CUST_35444,7178.06,Wood-Stark,EDUCATION,IN,DEBIT_CARD,12,2,1,1,909,1,1,1,ACCOUNT_TAKEOVER
CUST_32179,8911.398065848358,Rodriguez-Mcdaniel,FOOD,NG,UPI,17,592,0,0,1513,0,0,1,VELOCITY_ABUSE
CUST_37846,1164.87,Roberson-Jenkins,OTHER,CN,NET_BANKING,1,728,0,0,1667,1,0,1,MERCHANT_ANOMALY
CUST_63437,6634.25,"Vasquez, Anderson and Lawrence",TRAVEL,GB,UPI,3,539,0,0,107,0,0,0,LEGITIMATE
CUST_68106,20901.77,"Blackburn, Cortez and Taylor",GROCERY,US,DEBIT_CARD,16,3,1,1,475,1,1,1,MULTI_SIGNAL_ATTACK
CUST_26449,3733.42,Stevens and Sons,ECOMMERCE,NG,WALLET,4,370,0,0,1280,0,0,0,LEGITIMATE
CUST_35206,336.09,Rogers-Newman,EDUCATION,CN,DEBIT_CARD,4,162,0,0,1646,0,0,0,LEGITIMATE
CUST_71016,4683.91,Roberts LLC,ECOMMERCE,CN,CREDIT_CARD,2,721,0,0,1485,0,0,0,LEGITIMATE
CUST_91045,1311.68,Barrett and Sons,FOOD,US,DEBIT_CARD,1,489,0,0,468,0,0,0,LEGITIMATE
CUST_84540,31430.83,"Meyer, Nichols and Rivera",ENTERTAINMENT,CN,NET_BANKING,2,192,0,0,674,0,1,1,TRANSACTION_ANOMALY
CUST_49491,5541.6,"Carr, Leonard and Trujillo",EDUCATION,US,CREDIT_CARD,2,418,0,1,1567,0,0,1,PAYMENT_METHOD_ABUSE
CUST_88755,4319.36,Webb-Williams,EDUCATION,CN,DEBIT_CARD,3,124,0,0,2005,0,0,0,LEGITIMATE
CUST_51162,3127.28,"Davis, Perry and Cervantes",ENTERTAINMENT,NG,WALLET,3,577,1,0,2326,0,0,1,GEOGRAPHIC_ANOMALY
CUST_23957,3888.85,Terry LLC,HEALTHCARE,CN,NET_BANKING,3,683,0,0,1676,0,0,0,LEGITIMATE
CUST_65841,2288.02,"Arnold, Roberts and Vargas",ECOMMERCE,NG,CREDIT_CARD,1,593,0,0,1284,0,0,0,LEGITIMATE
CUST_20680,4748.36,"Colon, Lucas and Newman",GROCERY,GB,NET_BANKING,2,250,0,0,1366,0,0,0,LEGITIMATE
CUST_96574,4009.75,Savage-Barnes,EDUCATION,CN,NET_BANKING,1,575,0,0,1482,1,0,1,MERCHANT_ANOMALY
CUST_84630,2035.47,"Rose, Bailey and Buchanan",FOOD,GB,UPI,4,171,0,0,1422,0,0,0,LEGITIMATE
CUST_93825,4403.42,Nelson Inc,FOOD,NG,CREDIT_CARD,3,665,0,1,680,0,0,1,PAYMENT_METHOD_ABUSE
CUST_52518,4885.31,Pierce Ltd,OTHER,CN,CREDIT_CARD,4,595,0,0,601,0,0,0,LEGITIMATE
CUST_19277,3267.54,Mills-Hunt,EDUCATION,IN,NET_BANKING,2,154,1,0,2471,0,0,1,GEOGRAPHIC_ANOMALY
CUST_30435,5288.27,"Thomas, Norris and Kelly",EDUCATION,CN,NET_BANKING,1,737,0,0,1114,1,1,1,TRANSACTION_ANOMALY
CUST_54087,5227.38,Miller PLC,OTHER,GB,DEBIT_CARD,1,904,0,0,288,0,0,0,LEGITIMATE
CUST_91545,947.67,Walker-Browning,ECOMMERCE,GB,NET_BANKING,4,284,0,0,141,0,0,0,LEGITIMATE
CUST_83106,2599.8,Hughes Inc,GROCERY,CN,UPI,3,453,0,0,1363,0,0,0,LEGITIMATE
CUST_99462,5428.64,Johnson-Cherry,ENTERTAINMENT,GB,WALLET,1,141,0,0,1657,0,0,0,LEGITIMATE
CUST_94534,2888.78,"Clayton, Flores and Jackson",GROCERY,CN,NET_BANKING,1,991,0,0,472,0,0,0,LEGITIMATE
CUST_24017,1249.62,Elliott and Sons,ENTERTAINMENT,CN,WALLET,4,63,0,1,1984,0,0,1,PAYMENT_METHOD_ABUSE
CUST_56803,1776.3,Mitchell Ltd,OTHER,US,UPI,11,3,1,1,600,1,1,1,MULTI_SIGNAL_ATTACK
CUST_95357,1538.1,Kramer and Sons,OTHER,NG,UPI,1,53,0,0,742,0,0,0,LEGITIMATE
CUST_58597,3609.3456585277017,Bowers-Wright,ENTERTAINMENT,CN,CREDIT_CARD,11,710,0,0,1649,0,0,1,VELOCITY_ABUSE
CUST_46511,628.2,"Cox, Logan and Haas",ECOMMERCE,NG,UPI,1,52,0,1,1141,0,0,1,PAYMENT_METHOD_ABUSE
CUST_98802,2130.82,"Ross, Arnold and Hughes",OTHER,NG,WALLET,1,806,0,0,2009,0,0,0,LEGITIMATE
CUST_51414,3214.08,Cooke-West,EDUCATION,GB,WALLET,2,107,0,0,1969,1,0,1,MERCHANT_ANOMALY
CUST_89564,655.06,Smith-Jones,TRAVEL,CN,WALLET,1,675,0,0,1754,0,0,0,LEGITIMATE
CUST_73306,5179.72,Higgins PLC,OTHER,NG,NET_BANKING,2,318,0,0,1050,1,0,1,MERCHANT_ANOMALY
CUST_64801,4542.69,Gonzales and Sons,ENTERTAINMENT,GB,WALLET,4,292,0,0,2006,0,0,0,LEGITIMATE
CUST_87465,1763.24,Warren Group,OTHER,US,UPI,4,934,0,0,2450,0,0,0,LEGITIMATE
CUST_17507,3027.29,"Butler, Cook and Cook",HEALTHCARE,GB,DEBIT_CARD,3,87,0,0,2101,0,0,0,LEGITIMATE
CUST_48147,1312.26,"Hopkins, Brown and Holt",ENTERTAINMENT,GB,WALLET,1,678,0,0,968,0,0,0,LEGITIMATE
CUST_24078,956.69,"Miller, Simon and Wise",FOOD,CN,NET_BANKING,3,552,0,0,1852,0,0,0,LEGITIMATE
CUST_30337,2575.06,Bird Inc,FOOD,NG,DEBIT_CARD,2,763,0,0,2375,0,0,0,LEGITIMATE
CUST_74715,1099.0,"Jimenez, Cruz and Sanchez",OTHER,GB,UPI,2,350,0,0,631,0,0,0,LEGITIMATE
CUST_51510,18385.81,Watkins Ltd,GROCERY,NG,CREDIT_CARD,2,762,0,0,1240,1,1,1,TRANSACTION_ANOMALY
CUST_24444,4416.43,Kane-Williams,EDUCATION,CN,WALLET,3,387,0,0,422,0,0,0,LEGITIMATE
CUST_17882,1853.58,"Allen, Gordon and Petersen",ENTERTAINMENT,GB,WALLET,3,789,0,0,2271,0,0,0,LEGITIMATE
CUST_81785,904.29,Morris and Sons,GROCERY,US,CREDIT_CARD,2,148,1,0,1793,0,0,1,GEOGRAPHIC_ANOMALY
CUST_70520,7985.0,Cox and Sons,FOOD,CN,UPI,11,1,1,1,1921,1,1,1,ACCOUNT_TAKEOVER
CUST_51789,4789.56,"Daniels, Smith and Taylor",TRAVEL,GB,CREDIT_CARD,1,155,0,0,2224,0,0,0,LEGITIMATE
CUST_74783,2627.83,Burnett-Williamson,TRAVEL,NG,CREDIT_CARD,4,519,0,0,2493,0,0,0,LEGITIMATE
CUST_29356,1299.77,Gill LLC,ECOMMERCE,GB,DEBIT_CARD,4,403,0,0,1952,0,0,0,LEGITIMATE
CUST_69140,4907.07,"Brock, Carpenter and Harris",EDUCATION,US,NET_BANKING,3,380,0,0,829,1,1,1,TRANSACTION_ANOMALY
CUST_86276,29207.2,Thompson-Hudson,ENTERTAINMENT,GB,NET_BANKING,25,0,1,1,976,1,1,1,MULTI_SIGNAL_ATTACK
CUST_36888,5502.900086136807,"Rhodes, Ford and Burgess",FOOD,NG,NET_BANKING,26,488,0,0,798,0,0,1,VELOCITY_ABUSE
CUST_55240,5387.81,Perez-Smith,FOOD,NG,DEBIT_CARD,4,689,0,0,1454,0,0,0,LEGITIMATE
CUST_55065,4458.79,Burton-Harris,OTHER,US,CREDIT_CARD,4,604,0,1,634,0,0,1,PAYMENT_METHOD_ABUSE
CUST_18742,27953.99,Herrera-Rhodes,HEALTHCARE,NG,NET_BANKING,21,2,1,1,222,1,1,1,MULTI_SIGNAL_ATTACK
CUST_85262,3009.89,"Smith, Jimenez and Moody",EDUCATION,IN,DEBIT_CARD,4,375,1,0,2220,0,0,1,GEOGRAPHIC_ANOMALY
CUST_53025,8106.984106497648,Todd-Sanders,GROCERY,GB,WALLET,22,32,0,0,1540,0,0,1,VELOCITY_ABUSE
CUST_82574,16042.57,Klein-Smith,OTHER,NG,UPI,4,609,0,0,2479,1,1,1,TRANSACTION_ANOMALY
CUST_10836,2582.64,Hamilton-Snyder,EDUCATION,US,WALLET,1,176,0,0,2395,0,0,0,LEGITIMATE
CUST_96765,3158.15,Long-Rose,HEALTHCARE,IN,WALLET,2,646,0,0,399,0,0,0,LEGITIMATE
CUST_93160,3107.05,Brown Inc,OTHER,NG,NET_BANKING,4,882,0,0,698,1,0,1,MERCHANT_ANOMALY
CUST_12340,12519.3,Anderson Group,TRAVEL,IN,UPI,5,1,1,1,2489,1,1,1,ACCOUNT_TAKEOVER
CUST_81680,4647.9,"Powell, Hernandez and Adams",OTHER,IN,UPI,1,39,0,0,479,0,0,0,LEGITIMATE
CUST_91065,516.53,Ramos Group,ECOMMERCE,IN,CREDIT_CARD,2,638,0,0,396,0,0,0,LEGITIMATE
CUST_89996,1299.26,Carpenter-Barnett,OTHER,GB,NET_BANKING,2,445,0,1,1273,0,0,1,PAYMENT_METHOD_ABUSE
CUST_14615,2257.24,"Griffin, Perez and Gibson",ECOMMERCE,CN,WALLET,4,918,0,0,2071,0,0,0,LEGITIMATE
CUST_39820,23254.78,"Morrow, Edwards and Williams",HEALTHCARE,IN,UPI,10,2,1,1,1075,1,1,1,ACCOUNT_TAKEOVER
CUST_10603,5869.33,Johns Inc,TRAVEL,IN,WALLET,4,610,0,0,1840,0,0,0,LEGITIMATE
CUST_11149,11649.23606184063,"Alexander, Richards and Silva",GROCERY,IN,DEBIT_CARD,6,1,0,1,9,1,1,1,SYNTHETIC_IDENTITY
CUST_58561,3992.1,Garcia-Aguirre,HEALTHCARE,US,DEBIT_CARD,2,181,0,0,581,0,0,0,LEGITIMATE
CUST_14524,1245.6834058232848,"Page, Hamilton and Brown",TRAVEL,IN,NET_BANKING,29,650,0,0,2299,0,0,1,VELOCITY_ABUSE
CUST_88728,763.0,Walton PLC,FOOD,IN,CREDIT_CARD,1,827,0,0,243,0,0,0,LEGITIMATE
CUST_22897,4230.83,"Warner, Wells and Miller",ECOMMERCE,US,UPI,4,528,0,0,2059,0,0,0,LEGITIMATE
CUST_92708,42385.56,Hines-Zavala,EDUCATION,GB,NET_BANKING,1,574,0,0,2381,1,1,1,TRANSACTION_ANOMALY
CUST_77042,1510.15,Phillips-Marquez,ENTERTAINMENT,GB,DEBIT_CARD,1,635,0,0,379,0,0,0,LEGITIMATE
CUST_64598,29850.201340455576,"Zhang, Oconnor and Reynolds",GROCERY,NG,CREDIT_CARD,4,5,0,1,16,1,1,1,SYNTHETIC_IDENTITY
CUST_89310,380.57,"Gordon, Phillips and Brown",OTHER,NG,NET_BANKING,3,259,0,0,497,0,0,0,LEGITIMATE
CUST_92522,12808.249226826554,Newman-Buckley,GROCERY,CN,UPI,9,10,0,1,10,1,1,1,SYNTHETIC_IDENTITY
CUST_50630,1500.77,Johnson Inc,TRAVEL,IN,UPI,2,565,0,0,685,0,0,0,LEGITIMATE
CUST_54905,999.16,"Holmes, Briggs and Rodriguez",TRAVEL,US,UPI,2,817,1,0,2408,0,0,1,GEOGRAPHIC_ANOMALY
CUST_16786,2593.2,"Hardy, Garza and Andersen",ENTERTAINMENT,IN,DEBIT_CARD,3,268,0,0,2347,0,0,0,LEGITIMATE
CUST_33082,36924.23,Blake Inc,FOOD,GB,DEBIT_CARD,16,0,1,1,2486,1,1,1,MULTI_SIGNAL_ATTACK
CUST_39031,3607.4144808831493,"Turner, Griffin and Carter",OTHER,US,WALLET,10,358,0,0,800,0,0,1,VELOCITY_ABUSE
CUST_67253,3045.85,Williams-Gomez,OTHER,NG,UPI,3,530,0,0,2439,0,0,0,LEGITIMATE
CUST_31922,2935.07,Hill PLC,TRAVEL,NG,UPI,4,301,0,0,1146,0,0,0,LEGITIMATE
CUST_12561,2201.52,"Aguirre, Holder and Wilson",EDUCATION,CN,UPI,4,331,0,0,206,0,0,0,LEGITIMATE
CUST_46163,628.98,Rodriguez-Ayala,EDUCATION,US,CREDIT_CARD,3,101,0,0,590,1,0,1,MERCHANT_ANOMALY
CUST_57908,5870.18,Johnston Group,HEALTHCARE,IN,CREDIT_CARD,3,511,0,0,299,0,0,0,LEGITIMATE
CUST_77516,4771.37,"Cardenas, Johnson and Todd",TRAVEL,IN,UPI,4,417,0,1,1575,0,0,1,PAYMENT_METHOD_ABUSE
CUST_61605,32288.93,"Moore, Dudley and Daniel",TRAVEL,NG,CREDIT_CARD,2,814,0,0,234,1,1,1,TRANSACTION_ANOMALY
CUST_58969,409.34,West and Sons,EDUCATION,CN,DEBIT_CARD,1,674,0,0,801,0,0,0,LEGITIMATE
CUST_92044,3199.98,Alvarado-Wells,EDUCATION,IN,WALLET,1,939,0,0,893,0,0,0,LEGITIMATE
CUST_42107,1672.56,"Harris, Greene and Curtis",ECOMMERCE,US,CREDIT_CARD,3,576,0,0,1048,0,0,0,LEGITIMATE
CUST_62630,392.81,"Parker, Gonzalez and Dean",FOOD,NG,NET_BANKING,1,250,0,0,1075,0,0,0,LEGITIMATE
CUST_17254,180.63,"Kemp, Brown and Elliott",ENTERTAINMENT,IN,NET_BANKING,3,556,0,0,2008,0,0,0,LEGITIMATE
CUST_72067,4363.23,Reed-Burns,ENTERTAINMENT,GB,CREDIT_CARD,2,999,0,0,717,0,0,0,LEGITIMATE
CUST_85057,4793.62,Phillips-Barnes,GROCERY,US,DEBIT_CARD,1,408,0,0,2006,0,0,0,LEGITIMATE
CUST_22725,4426.43,Parker Inc,FOOD,CN,UPI,1,39,0,0,2392,0,0,0,LEGITIMATE
CUST_68245,1918.86,"Rasmussen, Cruz and Thompson",ECOMMERCE,GB,DEBIT_CARD,3,220,0,0,1599,0,0,0,LEGITIMATE
CUST_44284,1548.23,"Preston, Johnson and Phillips",TRAVEL,NG,DEBIT_CARD,2,617,0,0,930,0,0,0,LEGITIMATE
CUST_53965,2205.52,Rodriguez-Andrews,ECOMMERCE,GB,WALLET,2,349,0,0,460,0,0,0,LEGITIMATE
CUST_13930,6717.74,"Roy, Foster and Martinez",HEALTHCARE,CN,DEBIT_CARD,4,450,0,0,2492,0,0,0,LEGITIMATE
CUST_58337,1260.95,Joseph-Short,FOOD,US,UPI,1,667,0,1,1133,0,0,1,PAYMENT_METHOD_ABUSE
CUST_67836,3226.2,Hale-Bauer,GROCERY,GB,CREDIT_CARD,2,550,0,0,1994,0,0,0,LEGITIMATE
CUST_56941,5071.28,Bradshaw Inc,GROCERY,US,UPI,1,682,0,0,565,0,0,0,LEGITIMATE
CUST_10754,2952.38,"Daniels, Davis and Jones",ECOMMERCE,US,CREDIT_CARD,3,956,0,0,1619,0,0,0,LEGITIMATE
CUST_67616,3192.008618463954,Moss Group,OTHER,US,NET_BANKING,30,749,0,0,2251,0,0,1,VELOCITY_ABUSE
CUST_98067,5013.06,"Silva, Johnson and Harvey",HEALTHCARE,US,NET_BANKING,2,966,0,0,1325,1,0,1,MERCHANT_ANOMALY
CUST_21832,5779.21,Walters and Sons,OTHER,IN,NET_BANKING,4,445,0,0,2490,0,0,0,LEGITIMATE
CUST_11827,1292.82,Mata Group,HEALTHCARE,US,WALLET,2,323,0,0,1785,0,0,0,LEGITIMATE
CUST_51761,2620.81,Spencer and Sons,ENTERTAINMENT,GB,CREDIT_CARD,4,965,0,0,1871,0,0,0,LEGITIMATE
CUST_61911,3916.22,Douglas-Rowland,EDUCATION,NG,CREDIT_CARD,3,35,0,0,165,0,0,0,LEGITIMATE
CUST_93476,30773.28,Smith-Nelson,HEALTHCARE,CN,CREDIT_CARD,18,2,1,1,342,1,1,1,MULTI_SIGNAL_ATTACK
CUST_77670,42219.28,Mills LLC,ENTERTAINMENT,IN,WALLET,11,1,1,1,293,1,1,1,MULTI_SIGNAL_ATTACK
CUST_90221,1552.04,"Rhodes, Murphy and Aguirre",TRAVEL,NG,WALLET,4,263,0,0,847,0,0,0,LEGITIMATE
CUST_62306,2239.37,Peters PLC,GROCERY,NG,CREDIT_CARD,2,206,0,0,2017,0,0,0,LEGITIMATE
CUST_36656,327.6,Stewart PLC,FOOD,GB,CREDIT_CARD,2,960,0,0,419,1,0,1,MERCHANT_ANOMALY
CUST_45471,4222.19,Hamilton Group,ENTERTAINMENT,GB,UPI,4,937,0,0,72,0,0,0,LEGITIMATE
CUST_27001,1559.79,Velez Ltd,FOOD,IN,DEBIT_CARD,4,971,0,0,393,0,0,0,LEGITIMATE
CUST_69274,825.91,Simmons Inc,EDUCATION,GB,CREDIT_CARD,3,275,0,0,2381,0,0,0,LEGITIMATE
CUST_15725,4598.35,King Group,ECOMMERCE,NG,NET_BANKING,3,635,0,0,318,0,0,0,LEGITIMATE
CUST_73852,2261.68,"Arnold, Morris and Hughes",OTHER,CN,WALLET,4,765,0,0,1520,0,0,0,LEGITIMATE
CUST_60632,15650.04,Hill-Nelson,FOOD,US,NET_BANKING,3,739,0,0,446,1,1,1,TRANSACTION_ANOMALY
CUST_10959,20060.496728904778,"Tran, Garcia and Lloyd",EDUCATION,NG,NET_BANKING,5,0,0,1,26,1,1,1,SYNTHETIC_IDENTITY
CUST_63691,32277.77,Molina-Hunter,FOOD,IN,CREDIT_CARD,16,1,1,1,1610,1,1,1,MULTI_SIGNAL_ATTACK
CUST_39021,4037.22,"Espinoza, Giles and Gentry",FOOD,IN,CREDIT_CARD,1,266,0,0,318,0,0,0,LEGITIMATE
CUST_10790,2015.74,Saunders-Rice,OTHER,GB,DEBIT_CARD,2,888,0,0,2205,0,0,0,LEGITIMATE
CUST_46489,19740.3,"Sloan, Solis and Rose",TRAVEL,GB,CREDIT_CARD,2,835,0,0,1371,1,1,1,TRANSACTION_ANOMALY
CUST_65240,5635.88,Gentry Inc,GROCERY,GB,WALLET,4,679,0,0,1801,0,0,0,LEGITIMATE
CUST_17012,4420.34,"Terry, Hernandez and Daniels",ENTERTAINMENT,CN,WALLET,3,482,0,0,1483,0,0,0,LEGITIMATE
CUST_81675,1396.4,"Garza, Smith and Santiago",OTHER,GB,CREDIT_CARD,1,209,0,0,2287,0,0,0,LEGITIMATE
CUST_11756,2365.63,"Thomas, Martinez and Smith",HEALTHCARE,GB,CREDIT_CARD,3,256,0,0,221,0,0,0,LEGITIMATE
CUST_61373,3646.83,"Rodriguez, Cline and Stuart",HEALTHCARE,CN,WALLET,4,870,0,0,1381,0,0,0,LEGITIMATE
CUST_92394,913.0,"Archer, Johnson and Turner",ECOMMERCE,GB,CREDIT_CARD,1,109,0,0,1081,0,0,0,LEGITIMATE
CUST_70212,3342.82,Gutierrez Ltd,EDUCATION,GB,CREDIT_CARD,2,53,0,0,1291,0,0,0,LEGITIMATE
CUST_58946,1351.17,Torres-Hoover,ENTERTAINMENT,IN,WALLET,4,465,0,0,1103,0,0,0,LEGITIMATE
CUST_80558,1476.03,"Deleon, Castillo and Lewis",ENTERTAINMENT,NG,CREDIT_CARD,2,104,1,0,570,0,0,1,GEOGRAPHIC_ANOMALY
CUST_14610,3733.35,Trevino Group,FOOD,CN,WALLET,2,660,0,0,1986,0,0,0,LEGITIMATE
CUST_58315,1877.01,Sharp and Sons,ENTERTAINMENT,NG,NET_BANKING,3,334,0,0,1835,0,0,0,LEGITIMATE
CUST_75525,3862.81,"Carpenter, Huang and Hebert",ENTERTAINMENT,CN,UPI,2,965,0,0,1569,0,0,0,LEGITIMATE
CUST_75562,2652.43,Russo-Morgan,TRAVEL,US,DEBIT_CARD,4,796,1,0,1738,0,0,1,GEOGRAPHIC_ANOMALY
CUST_93035,1535.8,"Moon, Reed and Griffin",ENTERTAINMENT,CN,CREDIT_CARD,1,835,0,0,860,0,0,0,LEGITIMATE
CUST_67544,544.32,Smith PLC,ECOMMERCE,CN,DEBIT_CARD,1,232,0,0,1513,0,0,0,LEGITIMATE
CUST_78252,3280.51,"Simmons, Atkins and Jones",TRAVEL,GB,CREDIT_CARD,4,702,0,0,478,0,0,0,LEGITIMATE
CUST_41871,1228.7,"Nguyen, Thomas and Anderson",ECOMMERCE,IN,NET_BANKING,4,188,0,0,1195,0,0,0,LEGITIMATE
CUST_85877,1171.53,Mcclure and Sons,TRAVEL,US,UPI,4,500,0,0,1445,0,0,0,LEGITIMATE
CUST_43821,587.95,Dorsey-Rodriguez,HEALTHCARE,US,WALLET,1,525,0,0,1383,1,0,1,MERCHANT_ANOMALY
CUST_77393,3465.67,Weber-Kelly,ECOMMERCE,CN,CREDIT_CARD,1,758,0,0,463,0,0,0,LEGITIMATE
CUST_26732,416.35,Carter-Green,ECOMMERCE,IN,NET_BANKING,2,511,0,0,1209,0,0,0,LEGITIMATE
CUST_77819,4751.35,Jones and Sons,OTHER,GB,UPI,4,395,0,0,485,0,0,0,LEGITIMATE
CUST_56512,5982.062941914509,"Huffman, Holland and Miller",FOOD,NG,CREDIT_CARD,26,141,0,0,683,0,0,1,VELOCITY_ABUSE
CUST_39676,501.76,Davis-Smith,TRAVEL,GB,DEBIT_CARD,3,559,0,0,1518,0,0,0,LEGITIMATE
CUST_64965,1507.53,"Woods, Kelly and Davis",HEALTHCARE,CN,CREDIT_CARD,1,940,0,0,750,0,0,0,LEGITIMATE
CUST_46832,637.34,Eaton-Lynch,EDUCATION,NG,CREDIT_CARD,2,181,0,0,1132,0,0,0,LEGITIMATE
CUST_91640,2402.79,Nielsen-Hall,GROCERY,IN,UPI,2,960,0,0,269,0,0,0,LEGITIMATE
CUST_87855,864.65,Ford Inc,OTHER,IN,DEBIT_CARD,4,742,0,0,1616,0,0,0,LEGITIMATE
CUST_61387,2930.71,Jackson-Cardenas,TRAVEL,GB,CREDIT_CARD,1,188,0,0,324,0,0,0,LEGITIMATE
CUST_45196,3835.46,Ortiz Ltd,ECOMMERCE,NG,UPI,4,876,0,0,2391,0,0,0,LEGITIMATE
CUST_24909,1177.72,Meadows and Sons,TRAVEL,GB,DEBIT_CARD,3,122,0,0,516,0,0,0,LEGITIMATE
CUST_57918,8289.186379116669,Hill and Sons,OTHER,CN,NET_BANKING,14,398,0,0,781,0,0,1,VELOCITY_ABUSE
CUST_44907,2054.86,Alvarado Inc,ENTERTAINMENT,GB,NET_BANKING,4,207,0,0,703,0,0,0,LEGITIMATE
CUST_49344,2892.69,Holmes Ltd,EDUCATION,US,CREDIT_CARD,2,561,0,0,2401,0,0,0,LEGITIMATE
CUST_83560,420.62,"Strickland, Simon and Walker",HEALTHCARE,NG,NET_BANKING,2,305,0,0,766,1,0,1,MERCHANT_ANOMALY
CUST_56860,5402.438573861672,Howard-Hernandez,ENTERTAINMENT,US,DEBIT_CARD,27,83,0,0,555,0,0,1,VELOCITY_ABUSE
CUST_77891,3285.89,Evans-Jarvis,FOOD,CN,CREDIT_CARD,2,446,0,0,1255,0,0,0,LEGITIMATE
CUST_95793,1560.54,Singh-Crane,FOOD,NG,UPI,4,944,0,1,1342,0,0,1,PAYMENT_METHOD_ABUSE
CUST_27792,1529.19,Payne-Fisher,HEALTHCARE,IN,UPI,4,375,0,0,1367,0,0,0,LEGITIMATE
CUST_58684,1204.12,Rice-Pena,ECOMMERCE,US,WALLET,4,199,0,0,2438,0,0,0,LEGITIMATE
CUST_24900,1005.65,Holmes-Smith,FOOD,NG,UPI,2,598,1,0,2122,0,0,1,GEOGRAPHIC_ANOMALY
CUST_85062,15976.6,Howard-Burns,EDUCATION,GB,WALLET,4,379,0,0,1878,1,1,1,TRANSACTION_ANOMALY
CUST_66480,4438.28,"Spencer, Miles and Moore",ECOMMERCE,IN,CREDIT_CARD,1,887,0,0,290,0,0,0,LEGITIMATE
CUST_53169,53441.85,"Johnson, Smith and Callahan",HEALTHCARE,GB,CREDIT_CARD,8,0,1,1,2082,1,1,1,MULTI_SIGNAL_ATTACK
CUST_71410,331.59,"Garcia, Wells and Harris",HEALTHCARE,GB,UPI,2,909,0,0,1635,0,0,0,LEGITIMATE
CUST_17642,785.42,Bryant-Carney,OTHER,NG,DEBIT_CARD,3,793,0,0,288,0,0,0,LEGITIMATE
CUST_62118,2060.52,Taylor LLC,GROCERY,US,WALLET,9,3,1,1,1369,1,1,1,ACCOUNT_TAKEOVER
CUST_53461,35989.55,"Morgan, Garcia and Wilson",TRAVEL,GB,UPI,16,2,1,1,146,1,1,1,MULTI_SIGNAL_ATTACK
CUST_34289,4831.21,"Walsh, Gamble and Clark",EDUCATION,GB,NET_BANKING,2,543,0,0,984,1,0,1,MERCHANT_ANOMALY
CUST_64754,33151.92,"Avila, Clarke and Martinez",OTHER,CN,DEBIT_CARD,10,0,1,1,234,1,1,1,MULTI_SIGNAL_ATTACK
CUST_83332,26725.47,Huff-Ayers,GROCERY,CN,CREDIT_CARD,9,0,1,1,1124,1,1,1,MULTI_SIGNAL_ATTACK
CUST_51303,3726.42,Smith Group,GROCERY,IN,WALLET,3,70,0,0,859,0,0,0,LEGITIMATE
CUST_41612,15183.18888877023,Lee-Mcbride,ENTERTAINMENT,GB,WALLET,8,0,0,1,30,1,1,1,SYNTHETIC_IDENTITY
CUST_35099,4646.62,Pearson LLC,ENTERTAINMENT,GB,WALLET,2,768,0,0,1324,0,0,0,LEGITIMATE
CUST_16940,1332.19,Vaughn Ltd,FOOD,NG,DEBIT_CARD,2,921,0,0,1327,0,0,0,LEGITIMATE
CUST_96137,2948.52,"Rice, Black and Reed",HEALTHCARE,GB,CREDIT_CARD,4,389,0,0,1726,1,0,1,MERCHANT_ANOMALY
CUST_81758,4709.88,Bryant Group,GROCERY,NG,NET_BANKING,3,231,0,0,1661,0,0,0,LEGITIMATE
CUST_13949,1429.73,Chase and Sons,ECOMMERCE,CN,WALLET,4,892,0,0,1764,0,0,0,LEGITIMATE
CUST_81588,3089.82,Walker Ltd,EDUCATION,US,DEBIT_CARD,3,552,0,0,1829,0,0,0,LEGITIMATE
CUST_19290,1486.62,"Thomas, Castillo and Miller",ENTERTAINMENT,CN,UPI,1,114,0,0,1867,0,0,0,LEGITIMATE
CUST_64967,22755.47,"Wall, Ryan and Booker",FOOD,IN,DEBIT_CARD,4,328,0,0,1581,1,1,1,TRANSACTION_ANOMALY
CUST_86026,6111.03,"Jordan, Brown and Gardner",ENTERTAINMENT,NG,DEBIT_CARD,12,0,1,1,2496,1,1,1,MULTI_SIGNAL_ATTACK
CUST_30475,2692.5100540450267,"Underwood, Cook and Taylor",TRAVEL,GB,UPI,10,114,0,0,918,0,0,1,VELOCITY_ABUSE
CUST_76829,3476.74,Bailey-Pena,FOOD,US,WALLET,2,193,0,0,1727,0,0,0,LEGITIMATE
CUST_81350,2243.55,Taylor Group,GROCERY,IN,NET_BANKING,2,106,0,0,1081,0,0,0,LEGITIMATE
CUST_99068,28454.12,Lewis-Rasmussen,ENTERTAINMENT,GB,CREDIT_CARD,7,2,1,1,917,1,1,1,ACCOUNT_TAKEOVER
CUST_87022,5107.54,Vargas-Carroll,ECOMMERCE,US,DEBIT_CARD,3,246,1,0,428,0,0,1,GEOGRAPHIC_ANOMALY
CUST_93959,913.4739306145648,Powell Group,HEALTHCARE,IN,UPI,13,102,0,0,481,0,0,1,VELOCITY_ABUSE
CUST_39811,376.41,"Carter, Morrison and Johnson",TRAVEL,GB,NET_BANKING,1,577,0,0,250,0,0,0,LEGITIMATE
CUST_93616,1225.15,Clayton Group,ECOMMERCE,GB,UPI,4,948,0,0,1151,1,0,1,MERCHANT_ANOMALY
CUST_45809,25871.73,Kane Group,EDUCATION,GB,UPI,3,353,0,0,177,1,1,1,TRANSACTION_ANOMALY
CUST_57856,14749.639780137037,Blanchard-Norton,ENTERTAINMENT,CN,UPI,6,5,0,1,21,1,1,1,SYNTHETIC_IDENTITY
CUST_74079,29055.7945320099,Franklin PLC,EDUCATION,US,DEBIT_CARD,6,10,0,1,2,1,1,1,SYNTHETIC_IDENTITY
CUST_40169,3016.87,Kelly Group,EDUCATION,US,CREDIT_CARD,1,39,0,0,881,0,0,0,LEGITIMATE
CUST_27278,4167.01,"Fuller, Walsh and Peterson",GROCERY,CN,NET_BANKING,3,760,0,0,204,0,0,0,LEGITIMATE
CUST_79323,1563.6,Walker Group,FOOD,IN,NET_BANKING,1,507,0,0,176,0,0,0,LEGITIMATE
CUST_15448,5637.43,Rose-Wilson,ECOMMERCE,US,WALLET,3,442,0,1,1941,0,0,1,PAYMENT_METHOD_ABUSE
CUST_30494,1850.16,"Wilson, Cobb and Lewis",OTHER,IN,WALLET,3,226,0,0,2132,0,0,0,LEGITIMATE
CUST_46110,677.13,"Smith, Pace and Morse",EDUCATION,CN,UPI,2,644,0,0,410,0,0,0,LEGITIMATE
CUST_20516,503.96,Roberts-Ryan,HEALTHCARE,IN,CREDIT_CARD,1,91,0,0,912,0,0,0,LEGITIMATE
CUST_86724,1427.93,King-Mann,ENTERTAINMENT,GB,NET_BANKING,2,466,0,0,2140,0,0,0,LEGITIMATE
CUST_56432,467.15,Graham LLC,ENTERTAINMENT,US,DEBIT_CARD,2,160,0,0,581,0,0,0,LEGITIMATE
CUST_55576,3357.99,"Cruz, Freeman and Walsh",HEALTHCARE,NG,NET_BANKING,2,407,0,0,623,0,0,0,LEGITIMATE
CUST_30942,2248.66,Taylor-Hernandez,HEALTHCARE,IN,UPI,3,866,0,0,1199,0,0,0,LEGITIMATE
CUST_78228,4490.86,"Jones, Lee and Peters",FOOD,NG,CREDIT_CARD,2,556,0,0,320,1,1,1,TRANSACTION_ANOMALY
CUST_63799,9436.822795533246,Franklin-Green,ENTERTAINMENT,GB,DEBIT_CARD,6,10,0,1,17,1,1,1,SYNTHETIC_IDENTITY
CUST_64797,10310.81,Ruiz Ltd,OTHER,US,NET_BANKING,6,0,1,1,902,1,1,1,ACCOUNT_TAKEOVER
CUST_15941,2193.97,"Davis, Vazquez and Simon",GROCERY,NG,UPI,3,546,0,0,1236,0,0,0,LEGITIMATE
CUST_63873,3387.25,Robinson-Bradley,GROCERY,NG,NET_BANKING,3,814,0,0,1092,0,0,0,LEGITIMATE
CUST_16857,3081.26,Miller PLC,FOOD,US,CREDIT_CARD,3,707,0,0,1138,0,0,0,LEGITIMATE
CUST_17702,1274.43,"Guerrero, Olson and Parker",EDUCATION,CN,DEBIT_CARD,2,255,0,0,532,0,0,0,LEGITIMATE
CUST_72210,6135.6,Knight-Nelson,FOOD,CN,NET_BANKING,3,685,0,0,824,0,0,0,LEGITIMATE
CUST_79842,3212.39,"Wheeler, Young and Smith",ECOMMERCE,NG,UPI,3,569,0,0,2409,0,0,0,LEGITIMATE
CUST_54568,3447.84,"Ochoa, Trujillo and Andersen",TRAVEL,IN,UPI,3,664,0,0,853,0,0,0,LEGITIMATE
CUST_24040,12137.58,Smith PLC,OTHER,IN,CREDIT_CARD,6,2,1,1,1741,1,1,1,ACCOUNT_TAKEOVER
CUST_87292,471.0,Brooks Ltd,ECOMMERCE,US,NET_BANKING,4,977,0,0,351,0,0,0,LEGITIMATE
CUST_31735,2610.86,Tran-Green,FOOD,US,NET_BANKING,4,502,0,0,1651,0,0,0,LEGITIMATE
CUST_65202,13303.660116750605,"Reeves, Ramirez and Romero",ECOMMERCE,GB,CREDIT_CARD,4,6,0,1,8,1,1,1,SYNTHETIC_IDENTITY
CUST_91489,3575.12,Williams LLC,TRAVEL,GB,WALLET,4,693,0,0,1186,0,0,0,LEGITIMATE
CUST_31342,5665.96,"Burton, Morris and Moreno",ENTERTAINMENT,US,NET_BANKING,3,656,0,0,1294,0,0,0,LEGITIMATE
CUST_32479,3491.51,"Oconnor, Steele and Rose",FOOD,NG,CREDIT_CARD,4,661,0,0,1872,0,0,0,LEGITIMATE
CUST_75453,2248.55,"Scott, Bailey and Nguyen",GROCERY,US,NET_BANKING,3,451,0,0,1304,0,0,0,LEGITIMATE
CUST_41451,1512.0,Rodriguez Inc,ECOMMERCE,GB,WALLET,4,812,0,1,1806,0,0,1,PAYMENT_METHOD_ABUSE
CUST_69864,413.63,Ryan-Schwartz,OTHER,GB,NET_BANKING,1,48,0,0,414,0,0,0,LEGITIMATE
CUST_21875,792.23,"Ballard, Perez and Hines",GROCERY,NG,CREDIT_CARD,1,992,0,0,743,0,0,0,LEGITIMATE
CUST_14777,3719.1595673225274,"Porter, Keith and Jones",TRAVEL,NG,UPI,22,349,0,0,92,0,0,1,VELOCITY_ABUSE
CUST_90302,2227.49,Lindsey-Beck,GROCERY,CN,DEBIT_CARD,2,710,0,0,1202,0,0,0,LEGITIMATE
CUST_40675,1687.11,Parrish Group,HEALTHCARE,GB,NET_BANKING,4,94,0,0,1601,0,0,0,LEGITIMATE
CUST_46513,1950.93,Hill and Sons,HEALTHCARE,NG,NET_BANKING,3,375,0,0,1813,0,0,0,LEGITIMATE
CUST_31450,4500.16,Graves-Weaver,TRAVEL,NG,UPI,2,913,0,0,2153,0,0,0,LEGITIMATE
CUST_36670,4779.67,Huerta Group,GROCERY,CN,WALLET,4,931,0,0,1657,0,0,0,LEGITIMATE
CUST_35116,3483.58,Phillips-Byrd,OTHER,GB,WALLET,4,184,0,0,1516,0,0,0,LEGITIMATE
CUST_54389,1542.64,Maxwell-Dougherty,ECOMMERCE,NG,NET_BANKING,4,281,0,0,1716,0,0,0,LEGITIMATE
CUST_86005,2283.41,"May, Anderson and Berger",GROCERY,GB,UPI,3,569,0,0,2088,0,0,0,LEGITIMATE
CUST_38346,1737.5,Anderson Ltd,FOOD,US,DEBIT_CARD,4,76,0,0,2357,0,0,0,LEGITIMATE
CUST_72087,1370.06,Johnson-Wagner,OTHER,CN,CREDIT_CARD,1,278,0,0,847,0,0,0,LEGITIMATE
CUST_94990,4479.69,Lawrence-Mcconnell,EDUCATION,IN,UPI,2,554,0,0,2194,0,0,0,LEGITIMATE
CUST_78699,11469.1,Whitehead PLC,ECOMMERCE,GB,DEBIT_CARD,6,3,1,1,34,1,1,1,ACCOUNT_TAKEOVER
CUST_24537,953.2,"Norton, Stuart and Smith",EDUCATION,US,UPI,2,263,0,0,661,0,0,0,LEGITIMATE
CUST_97525,38961.83,Anderson-Rodriguez,OTHER,CN,NET_BANKING,3,881,0,0,1365,1,1,1,TRANSACTION_ANOMALY
CUST_45159,965.99,Brown-Davis,OTHER,US,NET_BANKING,2,613,0,0,732,0,0,0,LEGITIMATE
CUST_38539,1545.59,Robinson Group,ECOMMERCE,GB,CREDIT_CARD,1,621,0,0,1176,0,0,0,LEGITIMATE
CUST_46469,1810.72,Chapman LLC,GROCERY,NG,WALLET,2,661,0,0,1629,1,0,1,MERCHANT_ANOMALY
CUST_41918,849.74,Hughes-Malone,ENTERTAINMENT,GB,DEBIT_CARD,1,654,0,0,2168,0,0,0,LEGITIMATE
CUST_42262,2961.34,"Bryant, Gilmore and Hanson",EDUCATION,IN,NET_BANKING,1,465,0,0,731,0,0,0,LEGITIMATE
CUST_32304,2605.16,Phillips LLC,HEALTHCARE,CN,NET_BANKING,3,498,0,0,1310,0,0,0,LEGITIMATE
CUST_53074,4775.37,"Moreno, Kim and Davis",GROCERY,GB,WALLET,4,95,0,0,2323,0,0,0,LEGITIMATE
CUST_15067,2215.18,"Johnson, Ramirez and Doyle",TRAVEL,CN,NET_BANKING,2,545,0,0,1310,0,0,0,LEGITIMATE
CUST_99361,4382.58,Johnson-Jones,FOOD,CN,UPI,2,618,0,0,1080,0,0,0,LEGITIMATE
CUST_25732,2930.52,Holmes-Williams,FOOD,GB,CREDIT_CARD,4,974,0,0,115,0,0,0,LEGITIMATE
CUST_92540,1951.6,Hernandez-Baird,TRAVEL,US,DEBIT_CARD,2,245,0,0,1829,0,0,0,LEGITIMATE
CUST_23855,27384.55,Wilkins-Sullivan,ECOMMERCE,GB,CREDIT_CARD,6,3,1,1,576,1,1,1,ACCOUNT_TAKEOVER
CUST_63784,5127.67,"Mitchell, Obrien and Hayes",ECOMMERCE,US,UPI,3,416,0,0,1480,0,0,0,LEGITIMATE
CUST_54519,6178.16,"Hess, Gordon and Lopez",FOOD,GB,DEBIT_CARD,3,876,0,1,1894,0,0,1,PAYMENT_METHOD_ABUSE
CUST_45267,2218.89,Harrison Inc,ENTERTAINMENT,IN,DEBIT_CARD,3,106,0,0,929,0,0,0,LEGITIMATE
CUST_19154,6780.54,"Cobb, Jackson and Bowman",TRAVEL,CN,UPI,3,799,0,0,1152,0,0,0,LEGITIMATE
CUST_46527,1172.55,"Sims, Williams and Johnson",GROCERY,US,WALLET,1,377,0,0,447,0,0,0,LEGITIMATE
CUST_98602,2639.14,Holmes-Yang,ENTERTAINMENT,US,CREDIT_CARD,4,494,0,0,1338,0,0,0,LEGITIMATE
CUST_47423,438.31,Castro-Long,ENTERTAINMENT,IN,CREDIT_CARD,3,861,0,0,2184,0,0,0,LEGITIMATE
CUST_37853,2126.57,"Mooney, Norton and Harris",HEALTHCARE,NG,CREDIT_CARD,4,46,0,0,938,0,0,0,LEGITIMATE
CUST_64501,1164.57,Holt and Sons,GROCERY,NG,WALLET,4,980,0,0,1930,0,0,0,LEGITIMATE
CUST_95815,3523.5,"Johnson, Ward and Johnson",GROCERY,US,NET_BANKING,2,630,0,0,1494,0,0,0,LEGITIMATE
CUST_84803,2054.01,"Zhang, Glover and Mullins",TRAVEL,NG,CREDIT_CARD,2,131,1,0,1516,0,0,1,GEOGRAPHIC_ANOMALY
CUST_92592,2867.84,"Jensen, Johnson and Fisher",HEALTHCARE,GB,WALLET,1,223,0,0,1411,0,0,0,LEGITIMATE
CUST_82621,1266.99,"Williams, Fox and Goodwin",OTHER,US,UPI,1,956,0,0,2356,0,0,0,LEGITIMATE
CUST_82697,4066.19,"Frey, Matthews and Mckay",TRAVEL,CN,CREDIT_CARD,2,381,0,0,1314,0,0,0,LEGITIMATE
CUST_27511,4730.27,Nguyen-Hernandez,EDUCATION,CN,NET_BANKING,4,513,0,0,2109,0,0,0,LEGITIMATE
CUST_38402,2152.21,Myers-Robinson,ENTERTAINMENT,GB,NET_BANKING,4,658,0,1,444,0,0,1,PAYMENT_METHOD_ABUSE
CUST_20597,1688.26,Day-Taylor,GROCERY,NG,NET_BANKING,3,994,0,0,2478,0,0,0,LEGITIMATE
CUST_28592,6246.35,Miller-Steele,HEALTHCARE,US,CREDIT_CARD,4,568,0,0,134,0,0,0,LEGITIMATE
CUST_63665,1019.85,Johnson-Anthony,OTHER,CN,WALLET,4,297,0,0,147,0,0,0,LEGITIMATE
CUST_21228,33041.38,Moreno and Sons,HEALTHCARE,IN,WALLET,25,3,1,1,532,1,1,1,MULTI_SIGNAL_ATTACK
CUST_21340,5178.89,"Parrish, Martinez and Rosales",GROCERY,US,DEBIT_CARD,1,480,0,0,2486,0,0,0,LEGITIMATE
CUST_60031,1252.78,Peters-Hall,ENTERTAINMENT,GB,UPI,1,903,0,0,767,1,0,1,MERCHANT_ANOMALY
CUST_99072,1786.57,Allen PLC,OTHER,IN,NET_BANKING,2,111,0,0,1429,0,0,0,LEGITIMATE
CUST_90361,1879.84,Graves-Wang,TRAVEL,IN,CREDIT_CARD,3,559,0,0,2046,0,0,0,LEGITIMATE
CUST_36636,3021.02,"Hoffman, Floyd and Brooks",ENTERTAINMENT,US,WALLET,1,404,0,0,722,0,0,0,LEGITIMATE
CUST_31334,3156.76,Sanders-Reeves,EDUCATION,US,NET_BANKING,4,908,0,0,444,0,0,0,LEGITIMATE
CUST_24931,304.83,Carpenter-Lewis,HEALTHCARE,GB,WALLET,2,604,0,0,1069,0,0,0,LEGITIMATE
CUST_42777,3396.24,Miller-White,ENTERTAINMENT,CN,UPI,2,976,0,0,1395,0,0,0,LEGITIMATE
CUST_46607,2231.74,Rice LLC,ECOMMERCE,GB,WALLET,2,775,0,0,2090,0,0,0,LEGITIMATE
CUST_40415,1834.12,Richardson-Thomas,ENTERTAINMENT,GB,WALLET,3,885,0,0,199,0,0,0,LEGITIMATE
CUST_77723,4888.706279503165,Roberts-Smith,ECOMMERCE,US,WALLET,28,495,0,0,491,0,0,1,VELOCITY_ABUSE
CUST_60532,3406.85,"Singh, Green and Richards",EDUCATION,IN,CREDIT_CARD,3,616,0,0,140,0,0,0,LEGITIMATE
CUST_86283,24494.908534060083,"Roberson, Garrett and Campbell",HEALTHCARE,US,CREDIT_CARD,10,7,0,1,6,1,1,1,SYNTHETIC_IDENTITY
CUST_65696,32227.44,Mills Inc,ECOMMERCE,GB,NET_BANKING,15,0,1,1,2475,1,1,1,ACCOUNT_TAKEOVER
CUST_78211,3995.22363604095,Jimenez-Mcbride,TRAVEL,GB,UPI,12,523,0,0,1364,0,0,1,VELOCITY_ABUSE
CUST_29557,4133.33,"Gonzalez, Freeman and Robinson",HEALTHCARE,US,WALLET,3,943,0,0,388,0,0,0,LEGITIMATE
CUST_70671,2320.47,Harvey and Sons,ENTERTAINMENT,US,UPI,1,332,0,0,245,0,0,0,LEGITIMATE
CUST_77645,3287.61,Johnson PLC,GROCERY,NG,UPI,1,78,0,0,509,1,0,1,MERCHANT_ANOMALY
CUST_66565,740.43,Craig-Vang,GROCERY,IN,UPI,2,370,1,0,2086,0,0,1,GEOGRAPHIC_ANOMALY
CUST_12928,417.47,Burns Ltd,ECOMMERCE,US,DEBIT_CARD,2,216,0,0,1886,1,0,1,MERCHANT_ANOMALY
CUST_44799,2502.84,"Long, Hancock and May",ENTERTAINMENT,GB,UPI,3,889,0,0,1625,0,0,0,LEGITIMATE
CUST_48766,1073.8,Gutierrez-Lee,GROCERY,NG,DEBIT_CARD,1,214,0,0,1647,0,0,0,LEGITIMATE
CUST_63882,8597.0817608559,"Richardson, Webb and Soto",EDUCATION,US,CREDIT_CARD,26,879,0,0,1824,0,0,1,VELOCITY_ABUSE
CUST_25271,6139.5,Hensley-Cohen,GROCERY,GB,WALLET,2,329,0,0,1221,0,0,0,LEGITIMATE
CUST_82271,728.02,"Marquez, Ochoa and Branch",ENTERTAINMENT,GB,UPI,3,608,0,0,363,0,0,0,LEGITIMATE
CUST_64181,3054.77,Dyer and Sons,ENTERTAINMENT,NG,UPI,1,643,0,1,1054,0,0,1,PAYMENT_METHOD_ABUSE
CUST_85473,2388.54,Walker Group,ENTERTAINMENT,GB,UPI,1,696,0,0,1585,0,0,0,LEGITIMATE
CUST_97575,5516.869531559825,Schneider-Krause,OTHER,IN,DEBIT_CARD,18,700,0,0,2105,0,0,1,VELOCITY_ABUSE
CUST_28313,4456.24,Brady Ltd,FOOD,NG,UPI,2,874,0,0,2416,0,0,0,LEGITIMATE
CUST_87024,293.78,Ortiz-Murphy,GROCERY,NG,WALLET,1,159,0,0,135,0,0,0,LEGITIMATE
CUST_88785,1153.96,"Dunn, Johnson and Hall",GROCERY,US,CREDIT_CARD,2,518,0,0,132,0,0,0,LEGITIMATE
CUST_78302,5138.929858259922,"Moody, Rodriguez and Larson",FOOD,NG,CREDIT_CARD,24,553,0,0,91,0,0,1,VELOCITY_ABUSE
CUST_36747,2807.49,"Cobb, Dougherty and Lawson",OTHER,CN,CREDIT_CARD,3,987,0,0,1458,0,0,0,LEGITIMATE
CUST_54229,1158.43,Garcia-Walker,TRAVEL,NG,CREDIT_CARD,1,578,0,0,1697,0,0,0,LEGITIMATE
CUST_81015,2835.5,"Jones, Smith and Flowers",ECOMMERCE,IN,WALLET,3,890,0,0,1253,0,0,0,LEGITIMATE
CUST_84765,2728.58,Vincent Group,OTHER,CN,DEBIT_CARD,4,486,0,0,1580,1,0,1,MERCHANT_ANOMALY
CUST_38697,1822.42,Merritt-Tran,OTHER,IN,NET_BANKING,3,514,1,0,2242,0,0,1,GEOGRAPHIC_ANOMALY
CUST_52940,21725.99,Sloan LLC,HEALTHCARE,NG,NET_BANKING,1,847,0,0,1864,1,1,1,TRANSACTION_ANOMALY
CUST_58182,590.47,Carlson-Baird,GROCERY,NG,DEBIT_CARD,3,855,0,1,606,0,0,1,PAYMENT_METHOD_ABUSE
CUST_47944,4357.93,Weaver Ltd,TRAVEL,US,UPI,3,887,0,0,339,0,0,0,LEGITIMATE
CUST_84286,2647.79,Miller-Alvarez,FOOD,IN,CREDIT_CARD,4,792,0,0,1502,0,0,0,LEGITIMATE
CUST_27513,28403.8,Kim Inc,ENTERTAINMENT,NG,CREDIT_CARD,11,1,1,1,2155,1,1,1,MULTI_SIGNAL_ATTACK
CUST_37953,2031.1,Parker LLC,EDUCATION,US,UPI,2,809,0,0,2427,0,0,0,LEGITIMATE
CUST_43094,487.58,Kelly-Lozano,ECOMMERCE,GB,WALLET,3,297,0,0,1079,0,0,0,LEGITIMATE
CUST_33702,33121.9,Jones PLC,HEALTHCARE,NG,CREDIT_CARD,11,2,1,1,372,1,1,1,MULTI_SIGNAL_ATTACK
CUST_17049,1064.52,"Rogers, Delgado and Hall",HEALTHCARE,NG,WALLET,4,162,0,0,2016,0,0,0,LEGITIMATE
CUST_55794,2488.44,"Richards, Pope and Russell",OTHER,US,CREDIT_CARD,3,955,1,0,737,0,0,1,GEOGRAPHIC_ANOMALY
CUST_95154,5649.12,Hull Inc,OTHER,CN,WALLET,3,526,1,0,1085,0,0,1,GEOGRAPHIC_ANOMALY
CUST_18380,34172.26,"Waters, Barrett and Cooke",ENTERTAINMENT,GB,UPI,14,0,1,1,446,1,1,1,ACCOUNT_TAKEOVER
CUST_40765,405.67,Johns-Serrano,OTHER,US,DEBIT_CARD,4,923,0,0,129,0,0,0,LEGITIMATE
CUST_30520,5690.3,Morgan-Allen,HEALTHCARE,IN,NET_BANKING,1,297,0,0,1453,0,0,0,LEGITIMATE
CUST_84491,393.8,Russell Ltd,TRAVEL,GB,WALLET,4,315,0,1,1991,0,0,1,PAYMENT_METHOD_ABUSE
CUST_66258,6051.2,Martinez-Barnes,EDUCATION,CN,CREDIT_CARD,1,473,0,0,988,0,0,0,LEGITIMATE
CUST_90623,1195.25,Baker LLC,OTHER,US,DEBIT_CARD,2,696,0,0,1229,1,0,1,MERCHANT_ANOMALY
CUST_80551,5044.04,"Golden, Rice and Garza",TRAVEL,GB,DEBIT_CARD,4,757,0,0,2183,0,0,0,LEGITIMATE
CUST_47546,2878.95,Johnson-Carr,ENTERTAINMENT,CN,NET_BANKING,1,525,0,0,2337,0,0,0,LEGITIMATE
CUST_63574,2668.76,Gibbs Group,ECOMMERCE,IN,CREDIT_CARD,1,269,0,0,2162,0,0,0,LEGITIMATE
CUST_52806,4329.97,Fernandez-Cowan,ENTERTAINMENT,IN,WALLET,3,776,0,0,1622,0,0,0,LEGITIMATE
CUST_88924,4517.73,Harris and Sons,EDUCATION,NG,CREDIT_CARD,10,1,1,1,714,1,1,1,MULTI_SIGNAL_ATTACK
CUST_38099,3684.48,Garcia-Dixon,FOOD,IN,NET_BANKING,4,167,0,0,1126,0,0,0,LEGITIMATE
CUST_84111,1113.09,Odom LLC,HEALTHCARE,GB,WALLET,4,592,0,0,1052,0,0,0,LEGITIMATE
CUST_73407,5077.38,"Fisher, Moon and Martinez",OTHER,CN,UPI,3,547,0,0,294,0,0,0,LEGITIMATE
CUST_35393,398.23,Hays-Williams,FOOD,NG,DEBIT_CARD,1,723,0,0,2487,0,0,0,LEGITIMATE
CUST_54250,1096.42,Baker-Dean,FOOD,NG,WALLET,4,911,0,0,1420,1,0,1,MERCHANT_ANOMALY
CUST_29605,5511.83,George LLC,OTHER,GB,UPI,1,781,0,0,818,1,0,1,MERCHANT_ANOMALY
CUST_26112,5450.33,"Romero, Villanueva and Russo",OTHER,US,UPI,1,461,0,0,2345,0,0,0,LEGITIMATE
CUST_73516,1414.76,Henry Inc,HEALTHCARE,NG,WALLET,2,311,0,0,1488,0,0,0,LEGITIMATE
CUST_59852,13841.575373834783,Cunningham LLC,GROCERY,GB,DEBIT_CARD,4,2,0,1,25,1,1,1,SYNTHETIC_IDENTITY
CUST_53045,1239.71,Lam Group,ENTERTAINMENT,GB,DEBIT_CARD,2,337,0,0,2426,0,0,0,LEGITIMATE
CUST_48603,1697.26,"Garrison, Clarke and Soto",TRAVEL,CN,CREDIT_CARD,3,909,0,0,580,0,0,0,LEGITIMATE
CUST_80519,4406.78,Hernandez Ltd,GROCERY,IN,UPI,4,631,0,0,2343,0,0,0,LEGITIMATE
CUST_57839,531.6,"Poole, Jones and Patterson",ECOMMERCE,GB,DEBIT_CARD,4,71,0,0,853,0,0,0,LEGITIMATE
CUST_46301,46207.26,Dunn-Martin,GROCERY,US,NET_BANKING,2,253,0,0,1418,1,1,1,TRANSACTION_ANOMALY
CUST_58715,8043.15889380854,"Haynes, Castro and Griffin",HEALTHCARE,US,WALLET,10,468,0,0,77,0,0,1,VELOCITY_ABUSE
CUST_53869,17436.27574335243,"Garcia, Garcia and Navarro",EDUCATION,CN,UPI,9,4,0,1,20,1,1,1,SYNTHETIC_IDENTITY
CUST_96983,4302.28,Mccormick-Mcpherson,HEALTHCARE,CN,WALLET,2,564,0,0,1799,0,0,0,LEGITIMATE
CUST_57752,10406.15,Bowers PLC,TRAVEL,US,CREDIT_CARD,14,1,1,1,2005,1,1,1,ACCOUNT_TAKEOVER
CUST_94709,4025.134099655822,"Roy, King and Fleming",OTHER,GB,DEBIT_CARD,15,641,0,0,952,0,0,1,VELOCITY_ABUSE
CUST_99173,16404.93,Robertson PLC,TRAVEL,US,DEBIT_CARD,8,0,1,1,189,1,1,1,MULTI_SIGNAL_ATTACK
CUST_36447,2294.38,Leonard and Sons,GROCERY,IN,WALLET,3,998,0,0,2054,0,0,0,LEGITIMATE
CUST_42472,1367.1,Hartman and Sons,OTHER,CN,UPI,3,880,0,0,823,0,0,0,LEGITIMATE
CUST_68569,520.24,Curry-Sutton,ECOMMERCE,GB,WALLET,2,112,0,1,2464,0,0,1,PAYMENT_METHOD_ABUSE
CUST_43725,16952.990200103868,Fischer-Montoya,ECOMMERCE,GB,CREDIT_CARD,3,5,0,1,16,1,1,1,SYNTHETIC_IDENTITY
CUST_71815,2403.12,"Douglas, Jenkins and Mitchell",HEALTHCARE,GB,NET_BANKING,2,419,1,0,1486,0,0,1,GEOGRAPHIC_ANOMALY
CUST_82784,40837.83,"Brock, Jensen and James",FOOD,US,CREDIT_CARD,20,1,1,1,1656,1,1,1,MULTI_SIGNAL_ATTACK
CUST_42375,3821.52,"Ramirez, Munoz and Franklin",TRAVEL,US,CREDIT_CARD,4,807,0,0,1404,0,0,0,LEGITIMATE
CUST_47553,2915.5294593418485,Pugh-Shaw,ENTERTAINMENT,NG,DEBIT_CARD,20,328,0,0,587,0,0,1,VELOCITY_ABUSE
CUST_50125,4285.68,"Hodges, Cooper and Baker",OTHER,IN,UPI,4,711,0,0,505,0,0,0,LEGITIMATE
CUST_66999,1647.33,"Murray, Brooks and Cain",OTHER,NG,WALLET,4,945,0,0,2447,0,0,0,LEGITIMATE
CUST_17744,2247.5,Hawkins and Sons,ECOMMERCE,NG,UPI,4,946,0,0,2444,0,0,0,LEGITIMATE
CUST_26616,6937.68,Lee PLC,FOOD,US,NET_BANKING,1,531,0,0,2495,0,0,0,LEGITIMATE
CUST_68588,3568.52,"Hill, Daniels and Roberts",GROCERY,IN,WALLET,4,624,1,0,562,0,0,1,GEOGRAPHIC_ANOMALY
CUST_65731,1755.55,Warren-Pham,ECOMMERCE,IN,CREDIT_CARD,3,896,0,0,791,0,0,0,LEGITIMATE
CUST_71077,278.72,"Gross, Allen and Stein",ENTERTAINMENT,IN,DEBIT_CARD,1,425,0,0,831,0,0,0,LEGITIMATE
CUST_12477,1362.02,"Smith, Hebert and Collier",HEALTHCARE,IN,CREDIT_CARD,2,552,0,0,1516,0,0,0,LEGITIMATE
CUST_62512,1871.48,"Ryan, Matthews and Coleman",GROCERY,GB,CREDIT_CARD,2,198,0,0,200,0,0,0,LEGITIMATE
CUST_95972,4075.66,"Douglas, Thornton and Long",ECOMMERCE,NG,DEBIT_CARD,1,41,0,0,611,0,0,0,LEGITIMATE
CUST_63016,1377.55,Smith-Jones,EDUCATION,GB,UPI,1,641,0,0,1320,0,0,0,LEGITIMATE
CUST_69380,3263.53,Williams-Ross,EDUCATION,US,CREDIT_CARD,2,691,0,0,685,0,0,0,LEGITIMATE
CUST_32932,1257.97,"Mcclain, Mitchell and Kent",EDUCATION,IN,NET_BANKING,4,74,0,0,1821,0,0,0,LEGITIMATE
CUST_58132,10353.83,Robbins and Sons,ENTERTAINMENT,GB,UPI,6,1,1,1,826,1,1,1,ACCOUNT_TAKEOVER
CUST_31110,1488.76,"Burke, Higgins and Sandoval",TRAVEL,CN,UPI,4,639,0,0,864,1,0,1,MERCHANT_ANOMALY
CUST_89622,4311.99,"Knox, Shaw and Johnson",HEALTHCARE,GB,WALLET,1,766,0,0,1253,0,0,0,LEGITIMATE
CUST_52210,4160.64,Hernandez Group,ENTERTAINMENT,GB,NET_BANKING,3,225,0,0,453,0,0,0,LEGITIMATE
CUST_21578,1908.59,Kelley LLC,ECOMMERCE,US,NET_BANKING,1,275,0,0,2373,0,0,0,LEGITIMATE
CUST_51784,2475.68,Ashley-Flores,FOOD,CN,DEBIT_CARD,3,886,0,0,1147,0,0,0,LEGITIMATE
CUST_40721,1072.21,Roberts-Johnson,ECOMMERCE,IN,DEBIT_CARD,4,808,0,0,2386,0,0,0,LEGITIMATE
CUST_14082,1591.9,Morgan PLC,GROCERY,IN,CREDIT_CARD,4,601,0,0,230,0,0,0,LEGITIMATE
CUST_41189,1563.38,"Smith, Hawkins and Hudson",ECOMMERCE,GB,DEBIT_CARD,2,718,0,1,1783,0,0,1,PAYMENT_METHOD_ABUSE
CUST_38369,3032.09,"Reed, Gregory and Thomas",EDUCATION,NG,CREDIT_CARD,1,546,0,0,628,0,0,0,LEGITIMATE
CUST_61659,5217.1,"Horn, George and Allen",FOOD,GB,DEBIT_CARD,3,778,0,0,838,0,0,0,LEGITIMATE
CUST_35193,965.9,Walker Ltd,ENTERTAINMENT,US,CREDIT_CARD,1,665,0,0,428,0,0,0,LEGITIMATE
CUST_86328,5463.529544404453,Winters-Henderson,HEALTHCARE,GB,UPI,3,2,0,1,20,1,1,1,SYNTHETIC_IDENTITY
CUST_29998,1940.43,"Martinez, Johnson and Phillips",GROCERY,NG,NET_BANKING,4,229,0,0,1143,0,0,0,LEGITIMATE
CUST_37317,2526.12,Pena Inc,GROCERY,IN,DEBIT_CARD,4,923,0,0,729,0,0,0,LEGITIMATE
CUST_17303,3864.92,Brown-Jones,ECOMMERCE,CN,UPI,1,39,0,0,152,0,0,0,LEGITIMATE
CUST_25353,30222.08,Johnston-Bird,FOOD,NG,CREDIT_CARD,9,3,1,1,1027,1,1,1,ACCOUNT_TAKEOVER
CUST_56526,1688.9,"Yates, Butler and Moss",FOOD,CN,DEBIT_CARD,1,84,0,0,1587,0,0,0,LEGITIMATE
CUST_72950,2117.97,Ryan-Salazar,OTHER,GB,DEBIT_CARD,4,133,0,0,1650,0,0,0,LEGITIMATE
CUST_98699,676.14,Wilkerson-Simmons,GROCERY,NG,NET_BANKING,3,944,1,0,2180,0,0,1,GEOGRAPHIC_ANOMALY
CUST_14260,2589.57,"Wallace, Banks and Thompson",FOOD,NG,CREDIT_CARD,3,37,0,0,236,0,0,0,LEGITIMATE
CUST_36784,4055.31,Brown PLC,OTHER,IN,NET_BANKING,1,366,0,0,561,0,0,0,LEGITIMATE
CUST_66571,669.13,Alexander-Fitzgerald,ECOMMERCE,GB,DEBIT_CARD,4,444,0,0,2266,0,0,0,LEGITIMATE
CUST_78703,2967.3,Ali Ltd,ECOMMERCE,CN,WALLET,4,701,0,0,1177,0,0,0,LEGITIMATE
CUST_37386,15560.93,Nguyen Ltd,TRAVEL,IN,UPI,1,740,0,0,145,1,1,1,TRANSACTION_ANOMALY
CUST_83666,5176.75,Barton and Sons,FOOD,US,DEBIT_CARD,3,265,0,0,1128,0,0,0,LEGITIMATE
CUST_25823,1029.08,"Peterson, Hebert and Bailey",ECOMMERCE,IN,UPI,3,491,0,0,959,0,0,0,LEGITIMATE
CUST_32559,3452.18,Roach-Anderson,GROCERY,NG,CREDIT_CARD,4,219,0,0,844,0,0,0,LEGITIMATE
CUST_77197,6831.173369949378,Baker-Watkins,TRAVEL,GB,UPI,17,926,0,0,677,0,0,1,VELOCITY_ABUSE
CUST_21921,4801.05,"Hall, Ware and Gray",TRAVEL,US,NET_BANKING,2,153,0,0,383,0,0,0,LEGITIMATE
CUST_67580,4618.32,"Dorsey, Blake and Farley",OTHER,NG,WALLET,3,403,0,0,1810,0,0,0,LEGITIMATE
CUST_31705,3964.59,"Miller, Stewart and Potter",TRAVEL,IN,WALLET,3,716,0,0,602,1,0,1,MERCHANT_ANOMALY
CUST_49825,1386.65,Fleming-Herring,ECOMMERCE,CN,CREDIT_CARD,2,767,0,0,693,0,0,0,LEGITIMATE
CUST_92508,2441.86,Villarreal Group,FOOD,NG,WALLET,1,394,0,0,66,0,0,0,LEGITIMATE
CUST_85014,2712.53,"Johnson, Lopez and Trujillo",TRAVEL,CN,NET_BANKING,4,826,0,0,1362,0,0,0,LEGITIMATE
CUST_84515,2519.33,Roberts PLC,EDUCATION,CN,CREDIT_CARD,2,690,0,0,2279,0,0,0,LEGITIMATE
CUST_69194,2110.66,Leblanc Inc,TRAVEL,CN,WALLET,4,234,0,0,2349,0,0,0,LEGITIMATE
CUST_55475,760.08,Johnson-Scott,ECOMMERCE,GB,DEBIT_CARD,3,389,0,0,2306,0,0,0,LEGITIMATE
CUST_60769,281.84,Hancock-Miller,EDUCATION,CN,WALLET,2,994,0,0,1351,0,0,0,LEGITIMATE
CUST_88373,1896.91,"Anderson, Smith and Martin",HEALTHCARE,CN,CREDIT_CARD,4,370,0,0,732,0,0,0,LEGITIMATE
CUST_67489,661.87,Turner-Green,EDUCATION,IN,WALLET,2,918,0,0,2317,0,0,0,LEGITIMATE
CUST_35513,516.91,Henderson and Sons,GROCERY,GB,UPI,3,933,0,0,505,0,0,0,LEGITIMATE
CUST_78054,8436.49,Frazier and Sons,OTHER,CN,CREDIT_CARD,13,1,1,1,438,1,1,1,ACCOUNT_TAKEOVER
CUST_16603,3562.75,"Wood, Lawson and Molina",OTHER,GB,UPI,1,570,0,0,1021,0,0,0,LEGITIMATE
CUST_23820,3599.97,Gilmore Inc,OTHER,CN,CREDIT_CARD,3,102,0,0,1198,1,0,1,MERCHANT_ANOMALY
CUST_75829,2976.74,"Berry, Montes and Mitchell",EDUCATION,GB,UPI,4,853,0,0,253,0,0,0,LEGITIMATE
CUST_29434,2198.89,"Bailey, Tanner and Carter",ENTERTAINMENT,NG,DEBIT_CARD,1,228,0,0,2092,0,0,0,LEGITIMATE
CUST_59135,1370.96,Holmes-Simmons,FOOD,GB,CREDIT_CARD,4,33,0,0,1594,0,0,0,LEGITIMATE
CUST_74626,1282.35,Charles LLC,EDUCATION,NG,CREDIT_CARD,1,412,0,0,2055,1,0,1,MERCHANT_ANOMALY
CUST_41920,3685.08,"Knapp, Frazier and Moore",GROCERY,GB,WALLET,3,714,0,0,761,0,0,0,LEGITIMATE
CUST_28353,3379.43,Pitts PLC,TRAVEL,CN,NET_BANKING,2,783,0,0,1576,0,0,0,LEGITIMATE
CUST_49145,1857.0,Fernandez-Hill,OTHER,GB,UPI,4,456,0,0,2455,0,0,0,LEGITIMATE
CUST_84242,4472.23,Swanson-Bell,EDUCATION,GB,UPI,2,798,0,0,555,0,0,0,LEGITIMATE
CUST_53482,4253.37,Ball and Sons,TRAVEL,CN,CREDIT_CARD,1,514,0,0,613,0,0,0,LEGITIMATE
CUST_82134,694.21,"Rivera, May and Liu",ECOMMERCE,GB,NET_BANKING,2,125,0,0,1285,0,0,0,LEGITIMATE
CUST_51971,2249.14,"Aguilar, Washington and Martinez",FOOD,CN,DEBIT_CARD,11,1,1,1,965,1,1,1,ACCOUNT_TAKEOVER
CUST_19278,6428.129028625092,"Doyle, Johnson and Vargas",EDUCATION,NG,WALLET,15,114,0,0,1409,0,0,1,VELOCITY_ABUSE
CUST_25578,3321.77,Hart LLC,OTHER,US,CREDIT_CARD,2,66,0,0,386,0,0,0,LEGITIMATE
CUST_76978,5746.66,Mccoy and Sons,OTHER,US,WALLET,2,930,0,1,1587,0,0,1,PAYMENT_METHOD_ABUSE
CUST_92044,932.74,Harris Ltd,OTHER,IN,WALLET,2,943,0,0,2023,0,0,0,LEGITIMATE
CUST_78363,6677.17,"Grant, White and Dennis",ECOMMERCE,IN,CREDIT_CARD,6,0,1,1,765,1,1,1,ACCOUNT_TAKEOVER
CUST_96335,2942.14,"Jackson, Morgan and Ware",ENTERTAINMENT,NG,UPI,1,682,0,1,2042,0,0,1,PAYMENT_METHOD_ABUSE
CUST_91214,3361.9,Griffith Ltd,ENTERTAINMENT,US,NET_BANKING,4,425,0,0,1563,0,0,0,LEGITIMATE
CUST_52836,660.6,Guerrero-Pacheco,EDUCATION,US,CREDIT_CARD,2,122,0,0,323,0,0,0,LEGITIMATE
CUST_13811,1765.82,Fernandez and Sons,ECOMMERCE,IN,DEBIT_CARD,4,738,0,0,2021,0,0,0,LEGITIMATE
CUST_25242,3184.16,Jones-Hansen,ENTERTAINMENT,US,NET_BANKING,3,570,0,0,631,0,0,0,LEGITIMATE
CUST_44387,8646.5,Rose-Williams,ENTERTAINMENT,GB,WALLET,5,0,1,1,378,1,1,1,ACCOUNT_TAKEOVER
CUST_44289,5446.61,Brown-Cannon,OTHER,NG,NET_BANKING,4,919,0,0,1815,0,0,0,LEGITIMATE
CUST_77555,1455.98,Good-Romero,EDUCATION,CN,WALLET,1,216,0,0,1768,0,0,0,LEGITIMATE
CUST_72068,1510.7836137264367,Oconnor PLC,FOOD,GB,CREDIT_CARD,20,839,0,0,1945,0,0,1,VELOCITY_ABUSE
CUST_64497,991.34,Silva PLC,FOOD,IN,CREDIT_CARD,3,979,0,0,1988,0,0,0,LEGITIMATE
CUST_64881,4228.25,Gonzalez-Vasquez,EDUCATION,NG,WALLET,3,440,0,0,1538,0,0,0,LEGITIMATE
CUST_72868,2565.5,King and Sons,HEALTHCARE,NG,DEBIT_CARD,4,464,0,0,886,0,0,0,LEGITIMATE
CUST_62493,564.53,Glover-Frank,GROCERY,CN,NET_BANKING,1,448,1,0,1157,0,0,1,GEOGRAPHIC_ANOMALY
CUST_70648,2343.3,Bailey-Murphy,TRAVEL,IN,WALLET,3,708,0,1,250,0,0,1,PAYMENT_METHOD_ABUSE
CUST_76361,4908.83,Olson and Sons,FOOD,GB,CREDIT_CARD,3,496,0,0,131,0,0,0,LEGITIMATE
CUST_29633,2479.59,"Davis, Pacheco and Rios",ENTERTAINMENT,NG,WALLET,4,151,0,0,1330,0,0,0,LEGITIMATE
CUST_31892,1466.04,Harris-James,HEALTHCARE,US,DEBIT_CARD,12,3,1,1,1805,1,1,1,ACCOUNT_TAKEOVER
CUST_72473,698.49,Roberts Ltd,GROCERY,CN,UPI,4,320,0,0,902,0,0,0,LEGITIMATE
CUST_46268,1895.57,Sherman LLC,GROCERY,NG,DEBIT_CARD,4,773,0,0,1411,1,0,1,MERCHANT_ANOMALY
CUST_26442,3478.27,Escobar and Sons,FOOD,CN,DEBIT_CARD,3,748,0,0,1248,0,0,0,LEGITIMATE
CUST_64458,2861.19,"Santana, Mueller and Duffy",ECOMMERCE,US,CREDIT_CARD,1,936,0,0,2471,0,0,0,LEGITIMATE
CUST_45194,1148.75,Castro-Chang,EDUCATION,GB,CREDIT_CARD,2,513,0,0,746,0,0,0,LEGITIMATE
CUST_36712,4862.47,Khan-Baker,FOOD,NG,CREDIT_CARD,4,52,0,1,1025,0,0,1,PAYMENT_METHOD_ABUSE
CUST_99073,1570.5,Thornton LLC,ENTERTAINMENT,IN,WALLET,3,907,0,0,1375,0,0,0,LEGITIMATE
CUST_37312,3462.28,"Ramirez, Curry and Reed",GROCERY,IN,DEBIT_CARD,1,295,0,0,2444,0,0,0,LEGITIMATE
CUST_17526,2008.57,Wilson Inc,ENTERTAINMENT,CN,NET_BANKING,3,103,0,0,2455,0,0,0,LEGITIMATE
CUST_81161,2300.0,"Rowe, Shah and Avery",HEALTHCARE,CN,UPI,1,507,0,0,725,0,0,0,LEGITIMATE
CUST_24563,2297.35,Norris PLC,OTHER,IN,UPI,3,502,0,0,1263,0,0,0,LEGITIMATE
CUST_46021,2640.64,Moses Group,EDUCATION,NG,CREDIT_CARD,4,975,0,1,2432,0,0,1,PAYMENT_METHOD_ABUSE
CUST_19903,1749.21,"Snyder, Wells and Crane",FOOD,IN,UPI,4,654,1,0,1913,0,0,1,GEOGRAPHIC_ANOMALY
CUST_43387,866.06,Thompson and Sons,EDUCATION,NG,CREDIT_CARD,3,843,0,0,2440,0,0,0,LEGITIMATE
CUST_68984,4467.24,Montgomery Group,FOOD,NG,UPI,3,969,0,0,2287,0,0,0,LEGITIMATE
CUST_59740,23357.69,Moss-Joyce,HEALTHCARE,NG,UPI,1,771,0,0,363,1,1,1,TRANSACTION_ANOMALY
CUST_56938,1397.17,Rowland-Torres,FOOD,NG,NET_BANKING,2,102,0,0,1292,0,0,0,LEGITIMATE
CUST_97326,391.62,Moore Inc,ECOMMERCE,NG,UPI,1,104,0,0,617,0,0,0,LEGITIMATE
CUST_71481,989.24,Wilson Group,EDUCATION,GB,CREDIT_CARD,4,896,0,0,1064,0,0,0,LEGITIMATE
CUST_18745,9394.939658769634,"Kidd, Wilson and Martin",EDUCATION,IN,DEBIT_CARD,12,673,0,0,1301,0,0,1,VELOCITY_ABUSE
CUST_98435,3797.83,Harris Ltd,ENTERTAINMENT,CN,WALLET,3,285,0,0,2301,0,0,0,LEGITIMATE
CUST_88607,29727.46,"Fernandez, Green and Brown",GROCERY,IN,CREDIT_CARD,6,1,1,1,1813,1,1,1,ACCOUNT_TAKEOVER
CUST_36399,186.48,Carter-Hopkins,ENTERTAINMENT,US,WALLET,3,119,0,0,190,0,0,0,LEGITIMATE
CUST_17772,3500.73,"Carroll, Cardenas and Patel",TRAVEL,IN,WALLET,1,716,0,0,2320,1,0,1,MERCHANT_ANOMALY
CUST_13030,1847.32,Espinoza-Fernandez,TRAVEL,CN,NET_BANKING,3,133,0,0,1328,0,0,0,LEGITIMATE
CUST_84629,31002.63,"Petersen, Hicks and Merritt",ECOMMERCE,IN,WALLET,10,2,1,1,2032,1,1,1,MULTI_SIGNAL_ATTACK
CUST_60342,498.9,Bailey-Mitchell,HEALTHCARE,IN,WALLET,1,446,0,0,944,0,0,0,LEGITIMATE
CUST_33661,4996.97,Hernandez-Bates,FOOD,US,DEBIT_CARD,2,630,1,0,677,0,0,1,GEOGRAPHIC_ANOMALY
CUST_77984,1691.68,Juarez Inc,OTHER,IN,NET_BANKING,1,786,1,0,1999,0,0,1,GEOGRAPHIC_ANOMALY
CUST_31071,542.74,Delgado-Franco,OTHER,IN,DEBIT_CARD,3,198,0,0,202,0,0,0,LEGITIMATE
CUST_59511,1869.96,"Bright, Sanders and Flores",EDUCATION,CN,NET_BANKING,1,504,0,0,1998,0,0,0,LEGITIMATE
CUST_19485,4658.81,"Ramos, Black and Taylor",ECOMMERCE,GB,UPI,4,164,0,0,146,0,0,0,LEGITIMATE
CUST_76197,928.98,Banks-Davis,OTHER,GB,WALLET,4,112,0,0,1662,0,0,0,LEGITIMATE
CUST_98861,2765.64,Benson and Sons,OTHER,GB,WALLET,3,584,0,0,433,0,0,0,LEGITIMATE
CUST_23214,1546.11,Nguyen-Hodge,ENTERTAINMENT,GB,DEBIT_CARD,4,657,1,0,1368,0,0,1,GEOGRAPHIC_ANOMALY
CUST_88568,2196.37,"Brock, Lynch and Ferrell",FOOD,GB,CREDIT_CARD,3,765,0,0,474,0,0,0,LEGITIMATE
CUST_77454,4046.57,"Robertson, Sanchez and Sellers",HEALTHCARE,IN,UPI,2,282,0,0,1831,0,0,0,LEGITIMATE
CUST_12416,29015.08,Perkins Ltd,OTHER,CN,CREDIT_CARD,24,3,1,1,502,1,1,1,MULTI_SIGNAL_ATTACK
CUST_11798,784.92,Hall-Reed,ENTERTAINMENT,GB,CREDIT_CARD,2,440,0,0,1852,0,0,0,LEGITIMATE
CUST_65435,208.49,Foster-Coleman,EDUCATION,GB,WALLET,4,439,0,0,1069,0,0,0,LEGITIMATE
CUST_64952,2864.29,"Bautista, Hubbard and King",GROCERY,GB,DEBIT_CARD,2,285,0,0,1173,0,0,0,LEGITIMATE
CUST_26367,1168.72,Randolph Inc,OTHER,GB,DEBIT_CARD,3,567,0,0,2492,0,0,0,LEGITIMATE
CUST_79283,2224.53,"Armstrong, Graham and Young",FOOD,US,WALLET,2,125,1,0,220,0,0,1,GEOGRAPHIC_ANOMALY
CUST_84440,1626.03,"Drake, Bailey and Duncan",HEALTHCARE,NG,CREDIT_CARD,1,968,0,0,288,0,0,0,LEGITIMATE
CUST_29587,794.04,"Delgado, Woods and Williams",GROCERY,US,WALLET,4,691,0,0,1266,0,0,0,LEGITIMATE
CUST_34581,3380.06,Barrett Ltd,ECOMMERCE,GB,CREDIT_CARD,3,982,0,0,649,0,0,0,LEGITIMATE
CUST_34392,2673.38,Chaney-Jenkins,ENTERTAINMENT,CN,UPI,4,202,0,0,2375,0,0,0,LEGITIMATE
CUST_63087,2371.09,"Wade, Forbes and Rodriguez",TRAVEL,CN,WALLET,4,908,0,0,98,1,0,1,MERCHANT_ANOMALY
CUST_82346,6054.8,Weber-Mcconnell,ECOMMERCE,IN,DEBIT_CARD,4,146,0,0,1358,0,0,0,LEGITIMATE
CUST_41261,4857.21,Harrell Inc,ENTERTAINMENT,GB,WALLET,2,729,1,0,1837,0,0,1,GEOGRAPHIC_ANOMALY
CUST_52103,11435.876061185809,"Macias, Thomas and Butler",GROCERY,GB,WALLET,7,8,0,1,7,1,1,1,SYNTHETIC_IDENTITY
CUST_42190,1388.07,"Wells, Henson and Franco",FOOD,CN,NET_BANKING,4,577,0,0,619,0,0,0,LEGITIMATE
CUST_72794,831.548134607373,Bennett-Mack,HEALTHCARE,CN,NET_BANKING,18,790,0,0,1281,0,0,1,VELOCITY_ABUSE
CUST_79668,3572.28,"Flores, Stewart and Murphy",GROCERY,CN,WALLET,4,80,1,0,619,0,0,1,GEOGRAPHIC_ANOMALY
CUST_78194,20893.122290618707,"Rice, Green and Morris",HEALTHCARE,US,DEBIT_CARD,7,10,0,1,10,1,1,1,SYNTHETIC_IDENTITY
CUST_14128,26037.11,"Ellis, Nelson and Pratt",EDUCATION,NG,NET_BANKING,8,3,1,1,479,1,1,1,ACCOUNT_TAKEOVER
CUST_12460,2411.98,Walters-Molina,ECOMMERCE,GB,UPI,1,51,0,0,1846,0,0,0,LEGITIMATE
CUST_33441,26593.66,Newman Ltd,EDUCATION,NG,WALLET,1,323,0,0,2343,1,1,1,TRANSACTION_ANOMALY
CUST_77203,2062.76,Hall-Henderson,EDUCATION,IN,DEBIT_CARD,1,565,0,0,1367,0,0,0,LEGITIMATE
CUST_86039,2908.18,"Brooks, Strong and Sheppard",FOOD,NG,WALLET,4,340,0,0,1925,0,0,0,LEGITIMATE
CUST_59114,27820.74162712641,"Davis, Wood and Johnson",HEALTHCARE,NG,WALLET,5,4,0,1,4,1,1,1,SYNTHETIC_IDENTITY
CUST_27701,3031.91,Robinson and Sons,FOOD,NG,CREDIT_CARD,1,519,0,0,1835,0,0,0,LEGITIMATE
CUST_57104,887.88,Hawkins Inc,FOOD,CN,UPI,1,778,0,0,1017,0,0,0,LEGITIMATE
CUST_41746,1922.65,Atkinson PLC,EDUCATION,US,UPI,2,864,0,0,1819,0,0,0,LEGITIMATE
CUST_69734,1823.52,"Johnson, Mitchell and Chang",HEALTHCARE,NG,DEBIT_CARD,2,874,0,1,2256,0,0,1,PAYMENT_METHOD_ABUSE
CUST_73648,3730.38,Little-Doyle,ECOMMERCE,CN,CREDIT_CARD,4,76,0,0,1906,0,0,0,LEGITIMATE
CUST_41466,1634.65,"Johnson, Jones and Sims",HEALTHCARE,CN,CREDIT_CARD,3,383,0,0,450,0,0,0,LEGITIMATE
CUST_20084,4012.79,Hensley Group,TRAVEL,US,CREDIT_CARD,1,718,0,0,2065,0,0,0,LEGITIMATE
CUST_73574,3201.04,Morales LLC,OTHER,IN,UPI,2,251,0,0,1943,0,0,0,LEGITIMATE
CUST_25801,19807.33814610938,"Payne, Durham and Short",OTHER,IN,UPI,9,8,0,1,27,1,1,1,SYNTHETIC_IDENTITY
CUST_38870,903.88,"Pearson, Marshall and Nguyen",OTHER,CN,CREDIT_CARD,4,634,0,0,748,0,0,0,LEGITIMATE
CUST_83457,14866.05,King-Nelson,ECOMMERCE,US,UPI,9,1,1,1,1869,1,1,1,MULTI_SIGNAL_ATTACK
CUST_78310,5402.94,Smith LLC,ECOMMERCE,NG,WALLET,1,397,0,0,1384,0,0,0,LEGITIMATE
CUST_65863,4440.04,"Ashley, Hanna and Smith",GROCERY,CN,DEBIT_CARD,4,958,0,0,2018,0,0,0,LEGITIMATE
CUST_98393,889.44,"Avila, Cruz and Hatfield",ECOMMERCE,US,CREDIT_CARD,1,554,0,0,746,0,0,0,LEGITIMATE
CUST_20715,882.44,Jones-Norman,OTHER,NG,CREDIT_CARD,1,943,0,0,72,0,0,0,LEGITIMATE
CUST_70845,1597.83,Hansen-Snyder,ECOMMERCE,US,UPI,2,353,0,0,1970,0,0,0,LEGITIMATE
CUST_87577,14453.88,Hodges PLC,HEALTHCARE,CN,NET_BANKING,13,3,1,1,1688,1,1,1,ACCOUNT_TAKEOVER
CUST_63762,1473.88,Dean Ltd,HEALTHCARE,CN,NET_BANKING,1,929,0,0,2023,0,0,0,LEGITIMATE
CUST_84308,10056.57,Gibson-Ramirez,ECOMMERCE,NG,NET_BANKING,15,1,1,1,891,1,1,1,ACCOUNT_TAKEOVER
CUST_90425,3451.78,"Henderson, Berry and Neal",ENTERTAINMENT,GB,WALLET,1,264,0,0,596,0,0,0,LEGITIMATE
CUST_94316,2376.48,May Group,ECOMMERCE,US,NET_BANKING,3,200,1,0,1038,0,0,1,GEOGRAPHIC_ANOMALY
CUST_79239,5448.72,Rosario Ltd,OTHER,IN,NET_BANKING,4,873,0,0,1358,0,0,0,LEGITIMATE
CUST_53448,3400.78,"Thompson, Campbell and George",ENTERTAINMENT,NG,NET_BANKING,1,427,0,0,2232,0,0,0,LEGITIMATE
CUST_53148,4195.08,"James, Bryant and Morales",ECOMMERCE,CN,NET_BANKING,2,292,0,0,1094,0,0,0,LEGITIMATE
CUST_52895,1719.98,Taylor Inc,HEALTHCARE,NG,CREDIT_CARD,3,620,0,0,1874,0,0,0,LEGITIMATE
CUST_57503,2469.75,Schwartz Group,EDUCATION,CN,CREDIT_CARD,2,784,0,0,648,0,0,0,LEGITIMATE
CUST_33770,24996.37,Lee Group,ENTERTAINMENT,IN,DEBIT_CARD,21,3,1,1,1684,1,1,1,MULTI_SIGNAL_ATTACK
CUST_51108,18722.06,Smith-Gonzalez,OTHER,US,CREDIT_CARD,25,1,1,1,36,1,1,1,MULTI_SIGNAL_ATTACK
CUST_36552,2857.04,Glover-West,ECOMMERCE,US,UPI,2,510,0,0,602,0,0,0,LEGITIMATE
CUST_22288,1669.78,"Henry, Chen and Boone",FOOD,NG,CREDIT_CARD,1,792,0,1,387,0,0,1,PAYMENT_METHOD_ABUSE
CUST_48893,2163.55,Johnson-Bradford,GROCERY,GB,WALLET,2,239,0,0,1476,0,0,0,LEGITIMATE
CUST_95439,1341.69,Lloyd LLC,GROCERY,IN,DEBIT_CARD,4,407,0,0,282,1,0,1,MERCHANT_ANOMALY
CUST_27819,2177.12,"Stephens, Burton and Brown",ECOMMERCE,CN,UPI,3,518,0,0,2225,0,0,0,LEGITIMATE
CUST_23122,2725.57,"Lee, Porter and Sweeney",ECOMMERCE,CN,WALLET,2,369,0,0,1306,0,0,0,LEGITIMATE
CUST_98354,3917.59,"Wilson, Jones and Jones",OTHER,US,CREDIT_CARD,1,505,0,0,1457,0,0,0,LEGITIMATE
CUST_71724,2640.87,Stanton LLC,ECOMMERCE,CN,DEBIT_CARD,4,694,0,0,646,0,0,0,LEGITIMATE
CUST_64798,2856.49,"Lopez, Lopez and Mitchell",ECOMMERCE,IN,CREDIT_CARD,2,420,0,0,416,0,0,0,LEGITIMATE
CUST_56018,4446.71,Alvarez Ltd,ENTERTAINMENT,NG,DEBIT_CARD,2,601,0,0,2298,0,0,0,LEGITIMATE
CUST_20269,2455.18,"Jefferson, Sawyer and Thornton",HEALTHCARE,GB,DEBIT_CARD,3,141,0,0,1756,0,0,0,LEGITIMATE
CUST_83133,1202.43,Archer-Reynolds,ECOMMERCE,IN,NET_BANKING,4,111,0,0,254,0,0,0,LEGITIMATE
CUST_22950,4611.34,Murphy Group,FOOD,CN,UPI,4,405,0,0,1719,0,0,0,LEGITIMATE
CUST_49245,2542.72,Bryant and Sons,HEALTHCARE,IN,WALLET,3,761,0,0,424,0,0,0,LEGITIMATE
CUST_48970,2551.61,Lee-Shaw,EDUCATION,IN,NET_BANKING,3,659,0,0,629,0,0,0,LEGITIMATE
CUST_45487,3207.26,Holland Ltd,ENTERTAINMENT,US,CREDIT_CARD,2,58,0,1,1124,0,0,1,PAYMENT_METHOD_ABUSE
CUST_84925,995.34,Stokes-James,ENTERTAINMENT,NG,WALLET,2,736,0,0,2032,0,0,0,LEGITIMATE
CUST_49809,813.56,"Hammond, Reyes and Taylor",FOOD,NG,CREDIT_CARD,4,192,0,0,672,0,0,0,LEGITIMATE
CUST_86438,1693.78,"Vazquez, Cantu and Curry",TRAVEL,NG,WALLET,4,236,0,0,917,0,0,0,LEGITIMATE
CUST_26250,1080.14,Camacho-Chavez,GROCERY,GB,DEBIT_CARD,2,279,0,0,953,0,0,0,LEGITIMATE
CUST_85784,17891.84,Cordova Inc,ECOMMERCE,US,WALLET,12,2,1,1,1432,1,1,1,ACCOUNT_TAKEOVER
CUST_23710,8537.26,Colon-Morales,EDUCATION,US,NET_BANKING,15,0,1,1,2464,1,1,1,MULTI_SIGNAL_ATTACK
CUST_87812,29650.49,Ayers Ltd,OTHER,NG,CREDIT_CARD,5,2,1,1,1139,1,1,1,ACCOUNT_TAKEOVER
CUST_83306,3101.46,"Gibson, Rose and Peters",ECOMMERCE,US,UPI,1,474,0,0,227,0,0,0,LEGITIMATE
CUST_91144,11103.44,Lambert-Riley,GROCERY,US,UPI,4,490,0,0,154,1,1,1,TRANSACTION_ANOMALY
CUST_66860,4186.15,Cowan and Sons,TRAVEL,IN,DEBIT_CARD,1,248,0,0,2337,0,0,0,LEGITIMATE
CUST_96683,1505.84,Fleming Ltd,ECOMMERCE,NG,CREDIT_CARD,7,3,1,1,620,1,1,1,ACCOUNT_TAKEOVER
CUST_93281,1175.64,Hart Group,TRAVEL,US,DEBIT_CARD,2,212,0,0,1705,0,0,0,LEGITIMATE
CUST_62639,5028.140639282175,"Campbell, Gillespie and Lin",HEALTHCARE,CN,UPI,20,513,0,0,1751,0,0,1,VELOCITY_ABUSE
CUST_90960,5542.09,"Hicks, Ayala and Lane",ECOMMERCE,CN,UPI,2,659,0,0,2109,0,0,0,LEGITIMATE
CUST_22807,36641.57,Stuart PLC,TRAVEL,CN,CREDIT_CARD,25,1,1,1,2290,1,1,1,MULTI_SIGNAL_ATTACK
CUST_37799,3365.03,Hines and Sons,GROCERY,NG,DEBIT_CARD,3,786,1,0,2300,0,0,1,GEOGRAPHIC_ANOMALY
CUST_30262,2355.98,Yates and Sons,HEALTHCARE,NG,WALLET,2,150,0,0,2148,0,0,0,LEGITIMATE
CUST_26282,561.57,"Meyer, Stanley and Jones",HEALTHCARE,GB,NET_BANKING,1,868,0,0,1137,0,0,0,LEGITIMATE
CUST_48500,4043.46,Graham and Sons,GROCERY,IN,DEBIT_CARD,1,575,0,0,2318,0,0,0,LEGITIMATE
CUST_21011,2524.93,Green Ltd,OTHER,IN,DEBIT_CARD,2,97,0,0,1071,0,0,0,LEGITIMATE
CUST_78715,36357.97,"Spencer, Alexander and Ochoa",GROCERY,NG,NET_BANKING,24,1,1,1,294,1,1,1,MULTI_SIGNAL_ATTACK
CUST_23028,2704.41,Olsen-Ford,EDUCATION,IN,CREDIT_CARD,2,209,0,0,1176,0,0,0,LEGITIMATE
CUST_13772,1465.1,"Ramirez, Ibarra and Berger",HEALTHCARE,US,UPI,1,285,0,0,842,0,0,0,LEGITIMATE
CUST_74624,4004.37,Hernandez PLC,OTHER,CN,NET_BANKING,1,729,0,0,708,0,0,0,LEGITIMATE
CUST_51514,2072.94,"Arroyo, Park and Richard",EDUCATION,US,WALLET,2,53,0,1,286,0,0,1,PAYMENT_METHOD_ABUSE
CUST_88488,1136.91,"Hernandez, Day and Williamson",ECOMMERCE,US,WALLET,3,774,0,0,361,0,0,0,LEGITIMATE
CUST_61822,2421.47,Hernandez Inc,ENTERTAINMENT,IN,DEBIT_CARD,3,63,0,1,954,0,0,1,PAYMENT_METHOD_ABUSE
CUST_88465,378.65,Alvarez PLC,HEALTHCARE,CN,UPI,4,976,0,0,863,0,0,0,LEGITIMATE
CUST_73079,2521.96,"Gates, Murray and Jones",TRAVEL,US,CREDIT_CARD,3,136,0,0,2432,0,0,0,LEGITIMATE
CUST_78148,3492.49,Schmidt-Hurst,ENTERTAINMENT,NG,NET_BANKING,3,535,0,0,2316,0,0,0,LEGITIMATE
CUST_26092,3449.93,Marquez LLC,EDUCATION,CN,UPI,1,180,0,0,870,0,0,0,LEGITIMATE
CUST_77597,14165.313243329958,Le PLC,OTHER,IN,WALLET,6,1,0,1,11,1,1,1,SYNTHETIC_IDENTITY
CUST_26463,3991.39,Morris-Martinez,TRAVEL,GB,WALLET,2,423,0,0,959,0,0,0,LEGITIMATE
CUST_43376,3245.4,"Gomez, Crosby and Davis",GROCERY,CN,UPI,1,96,0,0,1991,1,0,1,MERCHANT_ANOMALY
CUST_69043,8753.378696534452,Lewis-Jones,EDUCATION,US,WALLET,4,7,0,1,9,1,1,1,SYNTHETIC_IDENTITY
CUST_18788,537.9,"Castillo, Young and Stewart",FOOD,CN,DEBIT_CARD,3,331,1,0,1345,0,0,1,GEOGRAPHIC_ANOMALY
CUST_26889,7060.87,"Campbell, Garcia and Riley",FOOD,NG,DEBIT_CARD,4,928,1,0,1954,0,0,1,GEOGRAPHIC_ANOMALY
CUST_63184,4526.18,Brown-Stephenson,ENTERTAINMENT,US,NET_BANKING,3,734,0,0,2354,0,0,0,LEGITIMATE
CUST_70526,27523.088684929622,"Scott, Lee and Mason",ECOMMERCE,US,UPI,6,3,0,1,22,1,1,1,SYNTHETIC_IDENTITY
CUST_93704,306.45,Rivera-Hampton,ECOMMERCE,IN,DEBIT_CARD,1,517,0,0,2327,0,0,0,LEGITIMATE
CUST_60132,1645.04,"Dickerson, Miller and Riley",HEALTHCARE,CN,NET_BANKING,1,249,0,1,630,0,0,1,PAYMENT_METHOD_ABUSE
CUST_10000,5924.669519054882,Young and Sons,OTHER,NG,DEBIT_CARD,9,4,0,1,5,1,1,1,SYNTHETIC_IDENTITY
CUST_29757,14363.53,Thomas-Ferguson,HEALTHCARE,IN,CREDIT_CARD,14,2,1,1,2036,1,1,1,MULTI_SIGNAL_ATTACK
CUST_41379,18078.32547624241,Kim Ltd,FOOD,CN,NET_BANKING,10,0,0,1,30,1,1,1,SYNTHETIC_IDENTITY
CUST_89246,8092.7572112811895,Shea-Lin,ECOMMERCE,CN,DEBIT_CARD,14,485,0,0,2009,0,0,1,VELOCITY_ABUSE
CUST_36919,4098.92,Davis-Adams,ENTERTAINMENT,CN,DEBIT_CARD,3,839,1,0,1461,0,0,1,GEOGRAPHIC_ANOMALY
CUST_42013,3233.16,Pitts-Reynolds,GROCERY,GB,WALLET,2,131,0,0,781,0,0,0,LEGITIMATE
CUST_66948,21698.12,Dunn-Barton,EDUCATION,NG,WALLET,15,2,1,1,2270,1,1,1,ACCOUNT_TAKEOVER
CUST_15445,299.86,"Tapia, Morales and Barber",ECOMMERCE,IN,NET_BANKING,4,76,0,0,696,0,0,0,LEGITIMATE
CUST_83602,2995.17,"Flores, Mendez and Barber",OTHER,IN,UPI,4,295,0,0,942,0,0,0,LEGITIMATE
CUST_47354,5079.8,"Valenzuela, Davis and Weiss",FOOD,NG,NET_BANKING,2,697,0,0,2201,0,0,0,LEGITIMATE
CUST_49996,1158.77,"White, Clark and Williams",TRAVEL,GB,NET_BANKING,1,329,0,0,2081,0,0,0,LEGITIMATE
CUST_20076,2111.66,Smith LLC,HEALTHCARE,NG,UPI,1,997,0,0,540,0,0,0,LEGITIMATE
CUST_13010,3326.86,Williams-Miller,ECOMMERCE,US,UPI,1,415,0,0,2294,0,0,0,LEGITIMATE
CUST_89276,3270.2,Nelson-Meyer,ENTERTAINMENT,GB,UPI,2,867,0,0,1443,0,0,0,LEGITIMATE
CUST_35425,1604.47,"Clark, Howard and Long",HEALTHCARE,US,DEBIT_CARD,2,420,0,0,1340,0,0,0,LEGITIMATE
CUST_77359,1203.6,Simmons-Barber,HEALTHCARE,IN,NET_BANKING,4,591,0,0,422,0,0,0,LEGITIMATE
CUST_15394,2188.94,Davies-Brown,GROCERY,CN,DEBIT_CARD,4,264,0,0,824,0,0,0,LEGITIMATE
CUST_51581,1136.8,Curtis-Bartlett,ECOMMERCE,CN,DEBIT_CARD,1,995,0,0,876,0,0,0,LEGITIMATE
CUST_12346,53039.15,"Foster, Sanders and Bender",GROCERY,GB,NET_BANKING,3,353,0,0,40,1,1,1,TRANSACTION_ANOMALY
CUST_81222,472.46,Davis Ltd,GROCERY,US,WALLET,2,250,0,0,1932,0,0,0,LEGITIMATE
CUST_38799,2057.74,Salas Ltd,FOOD,US,UPI,1,401,0,0,1594,0,0,0,LEGITIMATE
CUST_33655,501.31,"Wise, Dominguez and Gomez",HEALTHCARE,GB,UPI,4,539,0,0,774,0,0,0,LEGITIMATE
CUST_51222,2215.27,Thompson-Diaz,EDUCATION,US,CREDIT_CARD,1,823,1,0,2036,0,0,1,GEOGRAPHIC_ANOMALY
CUST_93709,32309.44,Horton-Wilkins,HEALTHCARE,IN,CREDIT_CARD,1,742,0,0,505,1,1,1,TRANSACTION_ANOMALY
CUST_79079,3956.12,Duke-Griffin,EDUCATION,US,DEBIT_CARD,2,118,0,0,1773,0,0,0,LEGITIMATE
CUST_94369,1109.54,Williams Group,GROCERY,NG,WALLET,2,450,0,1,1127,0,0,1,PAYMENT_METHOD_ABUSE
CUST_46241,5865.16,"White, Davidson and Christian",GROCERY,IN,DEBIT_CARD,1,945,1,0,1532,0,0,1,GEOGRAPHIC_ANOMALY
CUST_43726,1142.7,"Thompson, Austin and Sanders",ENTERTAINMENT,GB,CREDIT_CARD,3,405,0,0,208,0,0,0,LEGITIMATE
CUST_16181,6373.9,"Solomon, Mccullough and Weiss",ECOMMERCE,NG,UPI,20,1,1,1,1514,1,1,1,MULTI_SIGNAL_ATTACK
CUST_78293,2297.25,"Parker, Mata and Stanton",EDUCATION,US,CREDIT_CARD,4,642,0,0,2130,0,0,0,LEGITIMATE
CUST_96268,1700.78,Horne PLC,ENTERTAINMENT,CN,DEBIT_CARD,3,944,0,0,1596,0,0,0,LEGITIMATE
CUST_96199,3731.98,"Howe, Snyder and Williams",ENTERTAINMENT,US,NET_BANKING,2,308,0,0,445,0,0,0,LEGITIMATE
CUST_90168,2194.75,Wiggins Group,OTHER,CN,WALLET,1,711,0,0,1613,0,0,0,LEGITIMATE
CUST_57708,4592.49,Hodge Group,ECOMMERCE,CN,UPI,1,852,0,1,781,0,0,1,PAYMENT_METHOD_ABUSE
CUST_72637,708.27,Bean Inc,OTHER,US,CREDIT_CARD,4,637,0,0,1832,0,0,0,LEGITIMATE
CUST_46313,3127.98,"Wagner, Herrera and Dominguez",TRAVEL,IN,NET_BANKING,1,511,0,0,2020,0,0,0,LEGITIMATE
CUST_37241,3062.82,Melton LLC,ENTERTAINMENT,IN,CREDIT_CARD,1,36,0,0,1023,0,0,0,LEGITIMATE
CUST_65863,6452.6,Miller Inc,GROCERY,US,NET_BANKING,1,770,0,0,2098,1,1,1,TRANSACTION_ANOMALY
CUST_79330,1886.93,"Thornton, Wright and Smith",TRAVEL,IN,CREDIT_CARD,2,93,0,0,1776,0,0,0,LEGITIMATE
CUST_60201,3501.02,Short-Richards,ECOMMERCE,CN,DEBIT_CARD,4,570,0,0,1378,0,0,0,LEGITIMATE
CUST_57935,706.12,Ellis PLC,ENTERTAINMENT,IN,UPI,4,837,0,0,845,1,0,1,MERCHANT_ANOMALY
CUST_28194,789.29,Wall-Solomon,GROCERY,CN,CREDIT_CARD,4,533,0,0,926,1,0,1,MERCHANT_ANOMALY
CUST_91146,5554.36,Lee-Wells,OTHER,IN,UPI,3,739,0,0,2483,0,0,0,LEGITIMATE
CUST_97534,6179.53,Reyes-Walker,OTHER,GB,NET_BANKING,1,397,0,0,90,0,0,0,LEGITIMATE
CUST_67009,2640.88,Boone-Rubio,HEALTHCARE,US,DEBIT_CARD,1,314,0,0,1460,0,0,0,LEGITIMATE
CUST_36318,2538.42,"Powell, Mcdonald and Chavez",GROCERY,US,NET_BANKING,4,428,0,0,1151,0,0,0,LEGITIMATE
CUST_19562,4547.78,Valentine-Schneider,ENTERTAINMENT,IN,CREDIT_CARD,1,636,0,0,1037,1,0,1,MERCHANT_ANOMALY
CUST_67620,3531.37,"Garcia, Johnson and Wilson",FOOD,US,WALLET,2,302,0,0,2045,0,0,0,LEGITIMATE
CUST_74714,13171.02,"Evans, Fitzgerald and Walker",ECOMMERCE,GB,CREDIT_CARD,9,1,1,1,2232,1,1,1,ACCOUNT_TAKEOVER
CUST_77762,1305.88,Patterson and Sons,HEALTHCARE,US,WALLET,1,941,0,0,319,0,0,0,LEGITIMATE
CUST_11800,2493.23,Smith-Farmer,ECOMMERCE,GB,DEBIT_CARD,1,243,0,0,782,1,0,1,MERCHANT_ANOMALY
CUST_33718,6392.74550621317,"Grimes, Smith and Thompson",ENTERTAINMENT,NG,UPI,10,3,0,1,7,1,1,1,SYNTHETIC_IDENTITY
CUST_86727,4251.78,Santana Ltd,OTHER,GB,CREDIT_CARD,3,571,0,0,2280,0,0,0,LEGITIMATE
CUST_63836,3057.56,Shaw-Robinson,FOOD,US,DEBIT_CARD,3,412,0,0,1502,0,0,0,LEGITIMATE
CUST_32445,1995.82,Davis-Proctor,ECOMMERCE,NG,NET_BANKING,1,148,0,0,1871,0,0,0,LEGITIMATE
CUST_92585,3571.89,Kennedy-Sanchez,FOOD,IN,NET_BANKING,4,59,1,0,254,0,0,1,GEOGRAPHIC_ANOMALY
CUST_79076,2960.08,Rosales Ltd,EDUCATION,CN,DEBIT_CARD,1,566,0,0,1933,0,0,0,LEGITIMATE
CUST_13534,1317.9,"Schultz, Jackson and Hicks",OTHER,GB,DEBIT_CARD,1,338,0,0,1596,0,0,0,LEGITIMATE
CUST_96563,12236.254460697268,Edwards Inc,HEALTHCARE,GB,DEBIT_CARD,7,1,0,1,3,1,1,1,SYNTHETIC_IDENTITY
CUST_55636,21068.19,Hansen Inc,TRAVEL,US,UPI,7,3,1,1,2005,1,1,1,ACCOUNT_TAKEOVER
CUST_59721,4562.45,Huff and Sons,TRAVEL,GB,DEBIT_CARD,1,936,1,0,1524,0,0,1,GEOGRAPHIC_ANOMALY
CUST_88090,2054.4,"Wiley, Washington and Mcdowell",HEALTHCARE,US,UPI,1,367,0,0,811,0,0,0,LEGITIMATE
CUST_34784,3826.85,Valenzuela LLC,EDUCATION,CN,CREDIT_CARD,2,206,0,0,868,1,0,1,MERCHANT_ANOMALY
CUST_91128,2054.34,"Thomas, Robinson and Walsh",EDUCATION,GB,UPI,3,473,0,0,918,0,0,0,LEGITIMATE
CUST_24852,4946.43,Miller-Potts,GROCERY,IN,NET_BANKING,4,548,0,1,1227,0,0,1,PAYMENT_METHOD_ABUSE
CUST_67382,1728.72,Holmes Ltd,EDUCATION,GB,DEBIT_CARD,2,545,0,1,292,0,0,1,PAYMENT_METHOD_ABUSE
CUST_10140,2493.56,Smith-Lewis,TRAVEL,IN,CREDIT_CARD,2,675,0,0,2260,0,0,0,LEGITIMATE
CUST_89517,8399.16,Romero PLC,TRAVEL,US,NET_BANKING,24,0,1,1,2007,1,1,1,MULTI_SIGNAL_ATTACK
CUST_94947,21016.38445563436,Bennett-Allen,EDUCATION,IN,CREDIT_CARD,3,2,0,1,22,1,1,1,SYNTHETIC_IDENTITY
CUST_73502,1028.37,Hays and Sons,HEALTHCARE,NG,DEBIT_CARD,1,655,0,0,1836,0,0,0,LEGITIMATE
CUST_36261,2880.13,Hall and Sons,GROCERY,IN,NET_BANKING,2,452,0,0,2135,0,0,0,LEGITIMATE
CUST_69525,19773.51,Mcdonald-Martinez,TRAVEL,GB,CREDIT_CARD,16,0,1,1,1740,1,1,1,MULTI_SIGNAL_ATTACK
CUST_21020,2649.34,Cruz-Dawson,ECOMMERCE,GB,WALLET,1,535,0,0,2248,0,0,0,LEGITIMATE
CUST_47204,57225.37,Johnson-Carey,FOOD,US,DEBIT_CARD,2,314,0,0,121,1,1,1,TRANSACTION_ANOMALY
CUST_51852,2822.54,"Adams, West and Yang",GROCERY,US,CREDIT_CARD,2,244,0,0,1263,0,0,0,LEGITIMATE
CUST_65226,1189.27,Owens Group,FOOD,CN,UPI,3,645,0,0,1462,0,0,0,LEGITIMATE
CUST_34233,889.05,Rivers-King,GROCERY,CN,UPI,3,776,0,0,661,0,0,0,LEGITIMATE
CUST_46243,6059.42,Anderson and Sons,ENTERTAINMENT,IN,WALLET,2,480,0,0,178,0,0,0,LEGITIMATE
CUST_22324,1704.55,"Hammond, Davis and Thompson",GROCERY,NG,UPI,1,478,0,0,992,0,0,0,LEGITIMATE
CUST_75295,7060.24,"Welch, Russell and Burch",HEALTHCARE,US,NET_BANKING,1,611,0,1,367,0,0,1,PAYMENT_METHOD_ABUSE
CUST_85154,22230.27,Davis-Stevens,EDUCATION,NG,DEBIT_CARD,8,3,1,1,1223,1,1,1,ACCOUNT_TAKEOVER
CUST_56526,1824.0,Rodriguez-Mitchell,FOOD,IN,WALLET,3,81,0,0,1638,0,0,0,LEGITIMATE
CUST_72766,33489.95,"English, Martin and Rubio",FOOD,GB,CREDIT_CARD,14,3,1,1,1093,1,1,1,ACCOUNT_TAKEOVER
CUST_35122,3213.32,"Thompson, Chapman and Johnson",ECOMMERCE,GB,UPI,4,77,0,0,1668,0,0,0,LEGITIMATE
CUST_24885,3109.21,Reed Group,HEALTHCARE,NG,DEBIT_CARD,4,980,0,1,677,0,0,1,PAYMENT_METHOD_ABUSE
CUST_10930,2072.45,Martin-Turner,HEALTHCARE,CN,CREDIT_CARD,2,617,0,0,467,0,0,0,LEGITIMATE
CUST_98849,2009.71,Hicks-Mcmillan,HEALTHCARE,IN,CREDIT_CARD,1,991,0,0,2183,0,0,0,LEGITIMATE
CUST_78718,1475.36,Mccarthy Group,TRAVEL,IN,CREDIT_CARD,2,465,0,0,1341,0,0,0,LEGITIMATE
CUST_53926,1736.34,Colon-Hall,EDUCATION,US,UPI,3,688,0,0,929,0,0,0,LEGITIMATE
CUST_33374,678.87,Carter-Smith,HEALTHCARE,CN,UPI,2,280,0,0,41,0,0,0,LEGITIMATE
CUST_48990,4696.66,Davis-Turner,TRAVEL,CN,UPI,8,0,1,1,2350,1,1,1,MULTI_SIGNAL_ATTACK
CUST_81469,3881.46,Jordan-Cole,HEALTHCARE,NG,CREDIT_CARD,1,973,0,0,2207,0,0,0,LEGITIMATE
CUST_97983,7641.312127699497,"Rodriguez, Holmes and Sharp",GROCERY,IN,UPI,12,614,0,0,1389,0,0,1,VELOCITY_ABUSE
CUST_47265,478.12,"Hebert, Marshall and Dawson",ENTERTAINMENT,IN,CREDIT_CARD,2,170,0,0,1326,0,0,0,LEGITIMATE
CUST_79077,28204.81,Harmon Inc,HEALTHCARE,IN,NET_BANKING,14,2,1,1,632,1,1,1,ACCOUNT_TAKEOVER
CUST_65176,4685.76,Zimmerman PLC,ECOMMERCE,GB,WALLET,4,180,0,0,145,1,0,1,MERCHANT_ANOMALY
CUST_94115,3404.51,Nelson-Rosales,ECOMMERCE,IN,NET_BANKING,1,822,0,0,2151,0,0,0,LEGITIMATE
CUST_79850,2688.58,"Ford, Trevino and Woods",OTHER,IN,WALLET,2,311,0,0,2302,1,0,1,MERCHANT_ANOMALY
CUST_89105,5365.34,Gonzales Group,ECOMMERCE,GB,CREDIT_CARD,2,137,0,0,1555,1,0,1,MERCHANT_ANOMALY
CUST_63111,3196.22,Hawkins-Smith,ENTERTAINMENT,IN,UPI,4,544,0,0,815,0,0,0,LEGITIMATE
CUST_44399,1363.01,Lynn-Griffith,HEALTHCARE,CN,NET_BANKING,3,209,0,0,2016,0,0,0,LEGITIMATE
CUST_31228,1021.98,Ellis-Callahan,OTHER,CN,CREDIT_CARD,11,1,1,1,2413,1,1,1,MULTI_SIGNAL_ATTACK
CUST_79791,4058.74,Serrano PLC,ECOMMERCE,US,UPI,2,249,0,0,459,0,0,0,LEGITIMATE
CUST_61084,2810.29,"Sanders, Webb and Boyer",FOOD,GB,CREDIT_CARD,1,508,0,0,1223,0,0,0,LEGITIMATE
CUST_66490,4635.132792878776,"Herring, Brown and Sullivan",GROCERY,NG,DEBIT_CARD,8,6,0,1,8,1,1,1,SYNTHETIC_IDENTITY
CUST_29105,191.99,Davis-Marsh,ECOMMERCE,IN,UPI,4,166,0,0,753,0,0,0,LEGITIMATE
CUST_98348,1891.9,"Nichols, Perez and Price",HEALTHCARE,NG,WALLET,1,745,0,0,130,0,0,0,LEGITIMATE
CUST_93310,518.18,"Garcia, Lane and James",ECOMMERCE,IN,DEBIT_CARD,1,856,0,0,686,0,0,0,LEGITIMATE
CUST_57212,1535.21,Smith-Brady,HEALTHCARE,NG,WALLET,2,406,0,0,466,0,0,0,LEGITIMATE
CUST_20606,3411.33,"Drake, Beasley and Morris",EDUCATION,US,DEBIT_CARD,3,474,0,0,882,0,0,0,LEGITIMATE
CUST_81639,1583.93,Cook Ltd,HEALTHCARE,US,NET_BANKING,4,250,0,0,656,0,0,0,LEGITIMATE
CUST_39234,12862.96,Gonzalez-Ritter,TRAVEL,IN,DEBIT_CARD,1,823,0,0,1142,1,1,1,TRANSACTION_ANOMALY
CUST_66992,13272.13,"Gonzalez, Johnson and Blair",GROCERY,NG,WALLET,8,0,1,1,1675,1,1,1,ACCOUNT_TAKEOVER
CUST_72172,3155.12,Mckay and Sons,TRAVEL,US,CREDIT_CARD,2,916,0,0,2032,0,0,0,LEGITIMATE
CUST_32718,387.15,White Inc,FOOD,US,CREDIT_CARD,2,655,0,0,2141,0,0,0,LEGITIMATE
CUST_70559,2553.65,Hernandez-Acosta,TRAVEL,CN,WALLET,3,986,0,0,1229,0,0,0,LEGITIMATE
CUST_65507,1230.05,"Johnson, Williams and Doyle",OTHER,GB,CREDIT_CARD,4,846,0,0,2380,0,0,0,LEGITIMATE
CUST_28811,935.58,Johnson-Gill,FOOD,CN,DEBIT_CARD,3,616,0,1,107,0,0,1,PAYMENT_METHOD_ABUSE
CUST_62968,1386.09,Wyatt PLC,ENTERTAINMENT,CN,WALLET,1,436,0,0,471,0,0,0,LEGITIMATE
CUST_76584,4757.01,"Bates, Harris and Ibarra",HEALTHCARE,US,WALLET,1,689,0,0,334,0,0,0,LEGITIMATE
CUST_92626,736.4,Summers Group,TRAVEL,IN,UPI,4,875,0,0,376,0,0,0,LEGITIMATE
CUST_93697,31533.74,Holmes-Jacobson,EDUCATION,US,NET_BANKING,1,324,0,0,433,1,1,1,TRANSACTION_ANOMALY
CUST_45697,979.18,Love Inc,HEALTHCARE,GB,WALLET,3,198,0,0,365,0,0,0,LEGITIMATE
CUST_83410,125.65,Lewis Ltd,ECOMMERCE,US,DEBIT_CARD,2,507,0,0,1939,0,0,0,LEGITIMATE
CUST_58399,16877.67,"Lyons, Hayes and Smith",GROCERY,GB,UPI,3,41,0,0,903,1,1,1,TRANSACTION_ANOMALY
CUST_56414,605.06,"Good, Myers and Preston",FOOD,GB,DEBIT_CARD,2,562,0,0,1483,0,0,0,LEGITIMATE
CUST_37783,6299.73,Miller and Sons,ENTERTAINMENT,NG,NET_BANKING,4,43,0,0,1394,0,0,0,LEGITIMATE
CUST_91969,1372.47,"Alvarez, Allen and Graham",GROCERY,GB,DEBIT_CARD,1,169,0,0,516,0,0,0,LEGITIMATE
CUST_39086,314.49,Fisher-Boyle,FOOD,CN,CREDIT_CARD,1,436,0,0,1466,0,0,0,LEGITIMATE
CUST_69324,659.07,Santana Ltd,GROCERY,NG,NET_BANKING,1,614,0,0,1550,0,0,0,LEGITIMATE
CUST_78795,2109.24,"Weaver, Brown and Hernandez",EDUCATION,CN,CREDIT_CARD,1,441,0,0,1628,1,0,1,MERCHANT_ANOMALY
CUST_75952,23041.110241212027,Parks LLC,GROCERY,GB,NET_BANKING,4,7,0,1,21,1,1,1,SYNTHETIC_IDENTITY
CUST_31674,564.4,Rogers-Everett,TRAVEL,GB,NET_BANKING,2,496,0,0,357,1,0,1,MERCHANT_ANOMALY
CUST_95974,30405.9,Alvarez PLC,ENTERTAINMENT,GB,CREDIT_CARD,16,0,1,1,846,1,1,1,MULTI_SIGNAL_ATTACK
CUST_97269,766.48,Bailey and Sons,ENTERTAINMENT,CN,CREDIT_CARD,3,327,0,0,2371,0,0,0,LEGITIMATE
CUST_90366,2352.42,"Anderson, Petty and Smith",FOOD,IN,DEBIT_CARD,1,501,0,0,1178,0,0,0,LEGITIMATE
