customer_id,amount,merchant_name,merchant_category,country,payment_method,velocity_1h,device_age_days,account_age_days,is_fraud,attack_type,amount_deviation_ratio,velocity_deviation_ratio,behavioral_deviation_score
CUST_00051,676.65,"Watkins, Green and Carpenter",EDUCATION,IN,DEBIT_CARD,2.0,115,347,1,PAYMENT_METHOD_ABUSE,1.4668169649147529,2.0,1.7334084824573763
CUST_00654,1304.54,Mitchell Ltd,HEALTHCARE,GB,CREDIT_CARD,4.0,112,825,1,MERCHANT_ANOMALY,1.3387930194013844,1.3333333333333333,1.3360631763673587
CUST_00113,2392.33,Wallace PLC,HEALTHCARE,CN,CREDIT_CARD,2.0,425,1037,1,PAYMENT_METHOD_ABUSE,1.221448994179516,2.0,1.610724497089758
CUST_00787,3431.82,Williams-Higgins,ECOMMERCE,US,CREDIT_CARD,2.0,543,2056,1,PAYMENT_METHOD_ABUSE,1.1534579505217215,2.0,1.5767289752608609
CUST_00041,3742.56,"Lopez, Jones and Macdonald",OTHER,GB,CREDIT_CARD,2.0,639,814,1,PAYMENT_METHOD_ABUSE,1.3428367936764791,2.0,1.6714183968382397
CUST_00562,1027.08,Scott and Sons,GROCERY,US,WALLET,2.0,649,1626,1,MERCHANT_ANOMALY,1.5410977402994928,2.0,1.7705488701497465
CUST_00799,1668.83,"Mcclure, Chavez and Roberts",EDUCATION,NG,NET_BANKING,3.0,108,1803,1,PAYMENT_METHOD_ABUSE,1.157157913713961,1.5,1.3285789568569806
CUST_00700,1794.46,"Lynch, Fox and Bell",FOOD,US,WALLET,2.0,912,1816,1,PAYMENT_METHOD_ABUSE,1.3456212904604612,2.0,1.6728106452302307
CUST_00615,1405.8,Jordan Group,ENTERTAINMENT,US,DEBIT_CARD,2.0,952,340,1,MERCHANT_ANOMALY,1.665847054432127,2.0,1.832923527216064
CUST_00404,2015.49,Anderson LLC,EDUCATION,CN,UPI,2.0,646,1539,1,MERCHANT_ANOMALY,1.7189020464033362,2.0,1.859451023201668
CUST_00820,1870.21,"Gray, Kerr and Monroe",EDUCATION,IN,UPI,2.0,685,2414,1,MERCHANT_ANOMALY,1.404420047159185,2.0,1.7022100235795925
CUST_00928,1019.04,Schwartz-Russell,FOOD,GB,CREDIT_CARD,3.5,798,945,1,PAYMENT_METHOD_ABUSE,1.2646314221891288,1.4,1.3323157110945645
CUST_00578,3229.07,Cline-Ortiz,OTHER,US,WALLET,2.0,973,1326,1,MERCHANT_ANOMALY,1.3340205035621997,2.0,1.6670102517810998
CUST_00316,2121.2,Henderson Group,EDUCATION,IN,DEBIT_CARD,4.0,222,1584,1,PAYMENT_METHOD_ABUSE,1.1027097277275977,1.3333333333333333,1.2180215305304654
CUST_00404,1698.58,"Reyes, Miller and Bush",FOOD,CN,UPI,2.0,646,1539,1,MERCHANT_ANOMALY,1.4486267051584372,2.0,1.7243133525792187
CUST_00970,4904.04,"Adams, Gilmore and Moore",EDUCATION,NG,UPI,2.0,191,246,1,PAYMENT_METHOD_ABUSE,1.5688836351479534,2.0,1.784441817573977
CUST_00737,1495.83,"Simpson, Larson and Palmer",ECOMMERCE,GB,DEBIT_CARD,2.0,110,1871,1,MERCHANT_ANOMALY,1.7011890342721645,2.0,1.850594517136082
CUST_00729,2401.08,Lawrence-Baker,OTHER,GB,UPI,2.0,731,2355,1,MERCHANT_ANOMALY,1.6847260569532103,2.0,1.8423630284766053
CUST_00329,2343.4,Rosario LLC,GROCERY,IN,DEBIT_CARD,2.0,998,578,1,PAYMENT_METHOD_ABUSE,1.4628878207129037,2.0,1.7314439103564516
CUST_00778,957.89,Peters-Grant,HEALTHCARE,US,DEBIT_CARD,2.5,496,1990,1,MERCHANT_ANOMALY,1.455804127785039,1.6666666666666667,1.561235397225853
CUST_00797,1839.33,Anderson-Steele,ENTERTAINMENT,GB,NET_BANKING,2.0,643,276,1,MERCHANT_ANOMALY,1.7310526563455837,2.0,1.865526328172792
CUST_00539,4347.64,Wilson-Luna,ECOMMERCE,CN,NET_BANKING,2.0,179,1477,1,MERCHANT_ANOMALY,1.4232555246561465,2.0,1.7116277623280731
CUST_00550,1363.14,Newman LLC,FOOD,CN,CREDIT_CARD,3.5,197,366,1,PAYMENT_METHOD_ABUSE,1.1067412537449155,1.4,1.2533706268724578
CUST_00857,2250.99,"Ponce, Steele and Dunn",FOOD,GB,NET_BANKING,2.0,116,1934,1,MERCHANT_ANOMALY,1.206538168798173,2.0,1.6032690843990869
CUST_00273,969.28,Ward-Pratt,ENTERTAINMENT,CN,NET_BANKING,3.0,344,2436,1,PAYMENT_METHOD_ABUSE,1.219534596971546,1.5,1.359767298485773
CUST_00115,1765.85,Gomez-Mills,GROCERY,US,UPI,2.5,359,2097,1,PAYMENT_METHOD_ABUSE,1.5540623789910937,1.6666666666666667,1.6103645228288803
CUST_00790,1046.06,"Koch, Thomas and Ray",GROCERY,NG,UPI,2.0,591,2065,1,MERCHANT_ANOMALY,1.2610349296284016,2.0,1.630517464814201
CUST_00682,3094.38,Dunn Group,GROCERY,NG,UPI,2.0,950,2229,1,PAYMENT_METHOD_ABUSE,1.4503637181746598,2.0,1.7251818590873298
CUST_00305,1667.9,Carter-Brown,OTHER,GB,DEBIT_CARD,3.0,512,524,1,PAYMENT_METHOD_ABUSE,1.1742632253340657,1.5,1.3371316126670327
CUST_00088,900.55,Adams PLC,EDUCATION,IN,NET_BANKING,2.5,223,1324,1,MERCHANT_ANOMALY,1.563034252935408,1.6666666666666667,1.6148504598010374
CUST_00814,829.45,"Sanders, Wilson and Moore",OTHER,US,DEBIT_CARD,2.0,787,1903,1,PAYMENT_METHOD_ABUSE,1.326133356782554,2.0,1.663066678391277
CUST_00420,2258.7,Martin-Hammond,HEALTHCARE,GB,DEBIT_CARD,2.0,113,1726,1,MERCHANT_ANOMALY,1.6611202835825836,2.0,1.830560141791292
CUST_00784,1761.18,"Mcdonald, Vasquez and Morris",TRAVEL,IN,DEBIT_CARD,2.5,646,1451,1,MERCHANT_ANOMALY,1.2167845212639172,1.6666666666666667,1.441725593965292
CUST_00440,3289.64,Miller Inc,HEALTHCARE,GB,DEBIT_CARD,3.0,381,2064,1,PAYMENT_METHOD_ABUSE,1.1782947957727183,1.5,1.339147397886359
CUST_00447,1080.79,Horn Ltd,ECOMMERCE,GB,WALLET,4.0,897,145,1,PAYMENT_METHOD_ABUSE,1.3588176869208817,1.3333333333333333,1.3460755101271074
CUST_00586,3805.23,Lewis-Miller,ENTERTAINMENT,US,WALLET,2.0,491,99,1,PAYMENT_METHOD_ABUSE,1.148492110441743,2.0,1.5742460552208717
CUST_00201,1276.63,Bartlett-Frey,ECOMMERCE,CN,DEBIT_CARD,3.5,698,1848,1,MERCHANT_ANOMALY,1.2049419770739835,1.4,1.3024709885369918
CUST_00886,968.42,Kirby-Hampton,FOOD,US,NET_BANKING,2.0,251,1300,1,PAYMENT_METHOD_ABUSE,1.511538431522511,2.0,1.7557692157612554
CUST_00415,1608.09,"Good, Hebert and Pierce",ENTERTAINMENT,US,DEBIT_CARD,2.0,729,366,1,PAYMENT_METHOD_ABUSE,1.2164621692361226,2.0,1.6082310846180614
CUST_00545,979.1,Pena-Phillips,TRAVEL,NG,CREDIT_CARD,2.0,304,142,1,MERCHANT_ANOMALY,1.4743594569972216,2.0,1.7371797284986108
CUST_00029,3106.03,"Tucker, Crawford and Peterson",HEALTHCARE,NG,NET_BANKING,2.0,208,698,1,MERCHANT_ANOMALY,1.3204253718177354,2.0,1.6602126859088675
CUST_00946,3582.75,Garza-Reyes,FOOD,NG,CREDIT_CARD,2.0,390,326,1,MERCHANT_ANOMALY,1.7885892722085353,2.0,1.894294636104268
CUST_00525,3777.61,Diaz-Brown,TRAVEL,NG,CREDIT_CARD,2.5,546,498,1,MERCHANT_ANOMALY,1.2486336494903971,1.6666666666666667,1.457650158078532
CUST_00449,1162.07,Moore LLC,EDUCATION,IN,DEBIT_CARD,2.0,444,931,1,MERCHANT_ANOMALY,1.2395942226868346,2.0,1.6197971113434173
CUST_00640,1322.21,"Clark, Davis and Vaughn",HEALTHCARE,NG,DEBIT_CARD,2.0,373,1240,1,PAYMENT_METHOD_ABUSE,1.4251868778597567,2.0,1.7125934389298785
CUST_00005,2717.26,Brady Ltd,EDUCATION,NG,UPI,2.0,670,1631,1,MERCHANT_ANOMALY,1.4842656674186518,2.0,1.7421328337093258
CUST_00087,1388.07,Pearson-Hernandez,OTHER,IN,NET_BANKING,2.5,731,2074,1,MERCHANT_ANOMALY,1.2450119068440808,1.6666666666666667,1.4558392867553738
CUST_00598,2076.81,"Hoffman, Brown and Reynolds",ECOMMERCE,CN,UPI,2.0,746,725,1,MERCHANT_ANOMALY,1.5134451699411182,2.0,1.756722584970559
CUST_00624,2883.89,"Griffith, White and Hensley",TRAVEL,GB,UPI,2.0,938,2219,1,MERCHANT_ANOMALY,1.375947670008063,2.0,1.6879738350040316
CUST_00519,552.44,"Chandler, Jones and Phillips",TRAVEL,GB,DEBIT_CARD,2.0,411,2007,1,MERCHANT_ANOMALY,1.5140527577937652,2.0,1.7570263788968823
CUST_00415,1617.4,Bean and Sons,HEALTHCARE,US,CREDIT_CARD,2.0,729,366,1,MERCHANT_ANOMALY,1.2235048489341422,2.0,1.6117524244670711
CUST_00894,1856.4,Armstrong Ltd,HEALTHCARE,CN,CREDIT_CARD,2.0,907,2088,1,MERCHANT_ANOMALY,1.6444180669849682,2.0,1.822209033492484
CUST_00852,666.75,"Coleman, Travis and Davis",EDUCATION,GB,WALLET,2.0,153,1786,1,PAYMENT_METHOD_ABUSE,1.2659850189399335,2.0,1.6329925094699669
CUST_00483,2566.93,"Mayer, Mills and Lee",GROCERY,NG,NET_BANKING,2.0,222,1815,1,PAYMENT_METHOD_ABUSE,1.111217892524507,2.0,1.5556089462622538
CUST_00581,2358.24,Morris Inc,FOOD,IN,CREDIT_CARD,2.0,838,612,1,MERCHANT_ANOMALY,1.221313321991501,2.0,1.6106566609957509
CUST_00294,1604.21,"Kemp, Ramos and Smith",GROCERY,IN,WALLET,2.0,351,432,1,PAYMENT_METHOD_ABUSE,1.1300436742744435,2.0,1.5650218371372218
CUST_00851,1329.49,Chapman-Lee,OTHER,GB,UPI,2.0,646,254,1,PAYMENT_METHOD_ABUSE,1.5509682687820812,2.0,1.7754841343910406
CUST_00215,854.89,"Erickson, Williams and Oliver",EDUCATION,US,DEBIT_CARD,3.0,272,2236,1,PAYMENT_METHOD_ABUSE,1.1465184271230084,1.5,1.3232592135615042
CUST_00410,2057.51,Flowers and Sons,ENTERTAINMENT,GB,DEBIT_CARD,2.0,577,584,1,MERCHANT_ANOMALY,1.3297936971639823,2.0,1.6648968485819913
CUST_00971,1579.71,"Jackson, Montes and Medina",OTHER,US,NET_BANKING,2.0,472,415,1,MERCHANT_ANOMALY,1.4510990878443548,2.0,1.7255495439221775
CUST_00298,1913.83,Garner-Brown,TRAVEL,GB,NET_BANKING,2.0,145,1471,1,PAYMENT_METHOD_ABUSE,1.4090151110783895,2.0,1.7045075555391949
CUST_00741,1485.01,Miller LLC,GROCERY,US,DEBIT_CARD,2.0,679,1657,1,PAYMENT_METHOD_ABUSE,1.3037782977247685,2.0,1.6518891488623844
CUST_00137,680.31,Ortiz-Maxwell,EDUCATION,NG,WALLET,2.0,976,739,1,PAYMENT_METHOD_ABUSE,1.1656029675064892,2.0,1.5828014837532445
CUST_00579,1857.24,"Peters, Lowe and Rivera",GROCERY,NG,UPI,2.0,169,508,1,PAYMENT_METHOD_ABUSE,1.47765896505633,2.0,1.738829482528165
CUST_00149,1707.01,Carr-Blair,EDUCATION,CN,WALLET,2.0,256,2445,1,MERCHANT_ANOMALY,1.579731067862332,2.0,1.789865533931166
CUST_00774,5714.75,Johnson and Sons,HEALTHCARE,CN,WALLET,2.0,268,1342,1,MERCHANT_ANOMALY,1.6747747087698732,2.0,1.8373873543849368
CUST_00206,1201.36,"Klein, Mcgee and Jackson",TRAVEL,NG,NET_BANKING,2.0,428,1511,1,MERCHANT_ANOMALY,1.6656175911933118,2.0,1.832808795596656
CUST_00511,4998.74,Nelson and Sons,FOOD,GB,WALLET,2.0,870,1847,1,PAYMENT_METHOD_ABUSE,1.5108415090461769,2.0,1.7554207545230884
CUST_00790,1084.21,"Gilbert, Valenzuela and Barnett",ECOMMERCE,NG,UPI,2.0,591,2065,1,MERCHANT_ANOMALY,1.3070251047286097,2.0,1.6535125523643048
CUST_00506,1673.92,Evans and Sons,FOOD,NG,NET_BANKING,3.0,284,1359,1,PAYMENT_METHOD_ABUSE,1.115162335823804,3.0,2.057581167911902
CUST_00271,1405.59,"Diaz, Chapman and Preston",EDUCATION,NG,CREDIT_CARD,2.0,506,1876,1,PAYMENT_METHOD_ABUSE,1.3968249236043824,2.0,1.6984124618021912
CUST_00275,668.09,Rosales PLC,ENTERTAINMENT,IN,DEBIT_CARD,2.0,839,854,1,MERCHANT_ANOMALY,1.6957674979376864,2.0,1.8478837489688436
CUST_00905,1013.31,Mendoza Group,HEALTHCARE,US,DEBIT_CARD,2.0,338,2348,1,MERCHANT_ANOMALY,1.3047525848859818,2.0,1.652376292442991
CUST_00177,1703.33,Sullivan and Sons,OTHER,US,DEBIT_CARD,2.0,242,1410,1,PAYMENT_METHOD_ABUSE,1.2338545231963898,2.0,1.6169272615981949
CUST_00655,1388.19,Richards-Brown,HEALTHCARE,IN,UPI,3.0,402,1358,1,PAYMENT_METHOD_ABUSE,1.1270108666972467,1.5,1.3135054333486234
CUST_00622,749.03,"Taylor, Horton and Diaz",EDUCATION,NG,WALLET,2.0,631,1836,1,PAYMENT_METHOD_ABUSE,1.3250484268997051,2.0,1.6625242134498526
CUST_00126,5248.26,Watkins LLC,GROCERY,US,WALLET,2.0,921,717,1,MERCHANT_ANOMALY,1.5456311137092869,2.0,1.772815556854643
CUST_00251,3221.91,"Williams, Thompson and Brown",HEALTHCARE,GB,DEBIT_CARD,2.0,468,2018,1,MERCHANT_ANOMALY,1.7223340362919068,2.0,1.8611670181459532
CUST_00878,1288.83,Estrada-Christian,OTHER,CN,UPI,2.0,697,782,1,PAYMENT_METHOD_ABUSE,1.2686833090522502,2.0,1.6343416545261251
CUST_00573,1276.84,Davis and Sons,EDUCATION,IN,DEBIT_CARD,2.0,971,841,1,PAYMENT_METHOD_ABUSE,1.261469000232171,2.0,1.6307345001160851
CUST_00105,2040.66,"White, Turner and Rocha",OTHER,CN,WALLET,2.0,138,1788,1,PAYMENT_METHOD_ABUSE,1.5278632555423284,2.0,1.7639316277711643
CUST_00502,1031.4,"Morrison, Gardner and Fuller",EDUCATION,CN,CREDIT_CARD,2.0,935,1044,1,PAYMENT_METHOD_ABUSE,1.5006110690799048,2.0,1.7503055345399523
CUST_00164,1589.18,Chambers-Blankenship,ENTERTAINMENT,GB,UPI,2.0,137,1181,1,MERCHANT_ANOMALY,1.7634532693428029,2.0,1.8817266346714008
CUST_00933,1076.86,"Murphy, Ellis and Lowery",ENTERTAINMENT,GB,NET_BANKING,3.0,410,1759,1,PAYMENT_METHOD_ABUSE,1.2182638896745217,1.5,1.3591319448372607
CUST_00337,1444.37,"Owens, Miles and Garner",FOOD,IN,WALLET,2.0,715,572,1,MERCHANT_ANOMALY,1.5474370443381418,2.0,1.7737185221690708
CUST_00407,1570.24,"Wolfe, Miller and Parker",GROCERY,IN,UPI,2.0,910,1724,1,MERCHANT_ANOMALY,1.373007476063481,2.0,1.6865037380317405
CUST_00973,1151.06,Love LLC,ECOMMERCE,GB,DEBIT_CARD,2.0,139,2433,1,MERCHANT_ANOMALY,1.61017814552398,2.0,1.80508907276199
CUST_00819,1985.28,"Powell, Knight and Higgins",FOOD,GB,CREDIT_CARD,3.0,442,395,1,PAYMENT_METHOD_ABUSE,1.1591048418643484,1.5,1.329552420932174
CUST_00509,1489.05,Erickson Group,HEALTHCARE,CN,WALLET,2.0,882,1809,1,PAYMENT_METHOD_ABUSE,1.5740070294125417,2.0,1.7870035147062708
CUST_00579,1585.93,"Taylor, Peterson and Gutierrez",GROCERY,NG,UPI,2.0,169,508,1,PAYMENT_METHOD_ABUSE,1.2617990579848513,2.0,1.6308995289924255
CUST_00658,4350.67,Hayden-Mcbride,FOOD,US,CREDIT_CARD,2.0,468,2177,1,PAYMENT_METHOD_ABUSE,1.3441331444627926,2.0,1.6720665722313963
CUST_00291,4214.05,"Fields, Hill and Elliott",GROCERY,US,NET_BANKING,4.0,615,224,1,PAYMENT_METHOD_ABUSE,1.1100018833458232,1.3333333333333333,1.2216676083395783
CUST_00714,1434.92,Jackson-Smith,ENTERTAINMENT,GB,NET_BANKING,2.5,449,466,1,PAYMENT_METHOD_ABUSE,1.30694999157494,1.6666666666666667,1.4868083291208034
CUST_00996,6477.14,Porter-Ayala,TRAVEL,IN,CREDIT_CARD,2.0,792,1393,1,PAYMENT_METHOD_ABUSE,1.5953350328197928,2.0,1.7976675164098963
CUST_00378,2784.44,"Romero, Case and Murphy",TRAVEL,IN,UPI,2.0,861,862,1,PAYMENT_METHOD_ABUSE,1.4299822564368565,2.0,1.7149911282184285
CUST_00570,1202.29,Martinez-Dean,GROCERY,IN,CREDIT_CARD,2.0,520,677,1,MERCHANT_ANOMALY,1.5234867012177349,2.0,1.761743350608867
CUST_00377,4887.36,Obrien Inc,OTHER,US,DEBIT_CARD,2.0,638,733,1,PAYMENT_METHOD_ABUSE,1.223943653153858,2.0,1.6119718265769292
CUST_00722,3113.99,Dean LLC,HEALTHCARE,GB,WALLET,2.5,702,2315,1,PAYMENT_METHOD_ABUSE,1.4339182148259515,1.6666666666666667,1.550292440746309
CUST_00817,1310.89,"Decker, Robinson and Banks",HEALTHCARE,US,UPI,2.0,427,465,1,MERCHANT_ANOMALY,1.2426734414325598,2.0,1.62133672071628
CUST_00140,2186.65,Alexander-King,TRAVEL,GB,UPI,2.0,308,412,1,PAYMENT_METHOD_ABUSE,1.1367517590761052,2.0,1.568375879538053
CUST_00534,1846.51,Richards Inc,FOOD,NG,UPI,2.0,236,628,1,MERCHANT_ANOMALY,1.3176227972841348,2.0,1.6588113986420674
CUST_00635,750.62,"Simpson, Anderson and Johnson",TRAVEL,CN,UPI,2.0,185,658,1,MERCHANT_ANOMALY,1.4769297365366074,2.0,1.7384648682683037
CUST_00795,6583.82,Davis Ltd,ENTERTAINMENT,IN,WALLET,2.5,791,1937,1,MERCHANT_ANOMALY,1.502999117671566,1.6666666666666667,1.5848328921691164
CUST_00391,2022.32,"Martin, Harrison and Mendoza",OTHER,US,NET_BANKING,3.0,173,2360,1,PAYMENT_METHOD_ABUSE,1.1569865897752756,1.5,1.3284932948876378
CUST_00499,1017.85,"Collins, Mack and Williams",TRAVEL,NG,NET_BANKING,2.0,373,1875,1,MERCHANT_ANOMALY,1.5518963217076425,2.0,1.7759481608538212
CUST_00903,2005.36,Robinson-Chang,OTHER,IN,NET_BANKING,2.0,407,1627,1,PAYMENT_METHOD_ABUSE,1.1022276942018392,2.0,1.5511138471009196
CUST_00917,2332.86,Arias Ltd,OTHER,US,NET_BANKING,2.0,661,1452,1,PAYMENT_METHOD_ABUSE,1.408514993162285,2.0,1.7042574965811423
CUST_00167,4055.05,Dominguez Group,FOOD,CN,UPI,2.0,272,868,1,MERCHANT_ANOMALY,1.674198056633025,2.0,1.8370990283165125
CUST_00336,1104.83,Hernandez LLC,ECOMMERCE,GB,CREDIT_CARD,3.0,835,535,1,MERCHANT_ANOMALY,1.214586070236963,1.5,1.3572930351184815
CUST_00625,1194.76,"Barker, Washington and Jones",HEALTHCARE,GB,DEBIT_CARD,2.0,888,2124,1,PAYMENT_METHOD_ABUSE,1.2607940904893813,2.0,1.6303970452446903
CUST_00313,2120.5,Richards-Nelson,TRAVEL,IN,DEBIT_CARD,2.0,746,802,1,PAYMENT_METHOD_ABUSE,1.3505208150891483,2.0,1.6752604075445745
CUST_00474,1037.3,"Garcia, Fernandez and Keith",OTHER,US,CREDIT_CARD,2.0,981,135,1,PAYMENT_METHOD_ABUSE,1.474820143884892,2.0,1.737410071942446
CUST_00072,2694.3,Silva Ltd,OTHER,CN,DEBIT_CARD,2.0,743,2337,1,MERCHANT_ANOMALY,1.6108742832885918,2.0,1.805437141644296
CUST_00820,2286.04,"Cortez, Mathis and Hart",ECOMMERCE,IN,UPI,2.0,685,2414,1,MERCHANT_ANOMALY,1.7166844389709086,2.0,1.8583422194854544
CUST_00559,2190.67,Terry Ltd,FOOD,IN,DEBIT_CARD,4.0,821,2352,1,PAYMENT_METHOD_ABUSE,1.1816740116620907,1.3333333333333333,1.257503672497712
CUST_00370,4047.98,Diaz-Marshall,ENTERTAINMENT,CN,UPI,2.0,743,1830,1,PAYMENT_METHOD_ABUSE,1.3551243403025943,2.0,1.6775621701512973
CUST_00774,4209.84,Johnson-Warner,ENTERTAINMENT,CN,WALLET,2.0,268,1342,1,MERCHANT_ANOMALY,1.2337431313649352,2.0,1.6168715656824677
CUST_00512,2506.72,Alvarado-Combs,TRAVEL,US,CREDIT_CARD,2.0,187,2131,1,MERCHANT_ANOMALY,1.675027146222081,2.0,1.8375135731110404
CUST_00946,3084.83,Diaz Inc,EDUCATION,NG,CREDIT_CARD,2.0,390,326,1,MERCHANT_ANOMALY,1.5400164244189674,2.0,1.7700082122094836
CUST_00932,1513.14,Grimes-Gordon,EDUCATION,CN,UPI,2.0,256,644,1,MERCHANT_ANOMALY,1.5931730480697857,2.0,1.7965865240348928
CUST_00216,2930.07,Jackson and Sons,ENTERTAINMENT,US,NET_BANKING,2.5,904,134,1,PAYMENT_METHOD_ABUSE,1.4880098724303243,1.6666666666666667,1.5773382695484957
CUST_00584,1049.72,Shields Ltd,ENTERTAINMENT,CN,DEBIT_CARD,2.0,142,2486,1,MERCHANT_ANOMALY,1.3544686808472204,2.0,1.67723434042361
CUST_00908,4130.78,"Sanchez, Fox and Anthony",OTHER,GB,WALLET,2.0,949,2310,1,PAYMENT_METHOD_ABUSE,1.37597953408737,2.0,1.687989767043685
CUST_00743,863.0,"Lopez, Jackson and Burton",FOOD,IN,WALLET,4.5,343,1502,1,PAYMENT_METHOD_ABUSE,1.1072477899949962,1.8,1.4536238949974982
CUST_00540,1906.14,Anderson-Aguilar,FOOD,GB,NET_BANKING,2.0,432,155,1,PAYMENT_METHOD_ABUSE,1.2815506565279655,2.0,1.6407753282639828
CUST_00927,669.89,Barron LLC,ECOMMERCE,NG,NET_BANKING,2.0,847,1609,1,PAYMENT_METHOD_ABUSE,1.1041627176752735,2.0,1.5520813588376368
CUST_00114,734.77,Bowen and Sons,OTHER,GB,NET_BANKING,2.0,137,2054,1,PAYMENT_METHOD_ABUSE,1.2182917022458404,2.0,1.6091458511229202
CUST_00232,1058.03,"Singleton, Harvey and Moore",FOOD,IN,WALLET,2.0,150,984,1,PAYMENT_METHOD_ABUSE,1.3080508369804416,2.0,1.6540254184902208
CUST_00953,672.0,Schneider-Pham,ENTERTAINMENT,IN,WALLET,3.0,997,742,1,PAYMENT_METHOD_ABUSE,1.1254019292604505,1.5,1.3127009646302252
CUST_00076,949.92,"Lopez, Garcia and Simmons",ECOMMERCE,IN,DEBIT_CARD,2.0,686,502,1,PAYMENT_METHOD_ABUSE,1.471956860284034,2.0,1.735978430142017
CUST_00323,2812.69,"Lee, Palmer and Reynolds",TRAVEL,CN,DEBIT_CARD,2.0,294,2499,1,MERCHANT_ANOMALY,1.5096868382986377,2.0,1.754843419149319
CUST_00259,2265.54,Scott-Brooks,EDUCATION,GB,UPI,2.0,633,203,1,MERCHANT_ANOMALY,1.7719881426325546,2.0,1.8859940713162773
CUST_00022,2011.15,"Huffman, Castro and Johnson",TRAVEL,CN,DEBIT_CARD,2.0,194,887,1,PAYMENT_METHOD_ABUSE,1.3217945094740164,2.0,1.6608972547370082
CUST_00906,1244.72,Odonnell-Larsen,OTHER,NG,NET_BANKING,2.0,580,346,1,MERCHANT_ANOMALY,1.710955326460481,2.0,1.8554776632302403
CUST_00059,1715.27,Hansen and Sons,ECOMMERCE,GB,DEBIT_CARD,2.0,838,2310,1,PAYMENT_METHOD_ABUSE,1.2244188495129864,2.0,1.612209424756493
CUST_00148,3892.41,Moore and Sons,ECOMMERCE,IN,WALLET,2.0,495,261,1,MERCHANT_ANOMALY,1.7511095115449935,2.0,1.8755547557724968
CUST_00713,594.2,Jennings LLC,ENTERTAINMENT,NG,WALLET,2.0,804,667,1,PAYMENT_METHOD_ABUSE,1.3617664921106003,2.0,1.6808832460553005
CUST_00627,2367.28,Greer-Dalton,GROCERY,US,CREDIT_CARD,2.0,205,2103,1,MERCHANT_ANOMALY,1.5459131530743186,2.0,1.772956576537159
CUST_00717,1575.89,Schneider-Mccarthy,EDUCATION,GB,CREDIT_CARD,2.0,283,2144,1,MERCHANT_ANOMALY,1.758795988861669,2.0,1.8793979944308343
CUST_00218,3610.1,Norton and Sons,ENTERTAINMENT,NG,CREDIT_CARD,2.5,978,429,1,PAYMENT_METHOD_ABUSE,1.2935995470735362,1.6666666666666667,1.4801331068701016
CUST_00450,1252.87,Michael-Barrera,HEALTHCARE,IN,WALLET,2.0,752,2451,1,MERCHANT_ANOMALY,1.3049301899271433,2.0,1.6524650949635715
CUST_00453,2382.4,"Hodges, Rollins and Ferguson",FOOD,CN,CREDIT_CARD,2.0,809,783,1,PAYMENT_METHOD_ABUSE,1.5702868818692637,2.0,1.7851434409346316
CUST_00127,3810.61,Harris PLC,ECOMMERCE,GB,DEBIT_CARD,2.0,373,231,1,MERCHANT_ANOMALY,1.5067506252409526,2.0,1.7533753126204763
CUST_00029,3248.45,Sparks LLC,HEALTHCARE,NG,NET_BANKING,2.0,208,698,1,MERCHANT_ANOMALY,1.380970499023294,2.0,1.6904852495116471
CUST_00094,1015.78,Hill-Gillespie,TRAVEL,US,UPI,2.0,951,1986,1,MERCHANT_ANOMALY,1.5108129815272031,2.0,1.7554064907636016
CUST_00609,1579.46,"Heath, Mcdonald and Griffin",OTHER,CN,WALLET,2.0,706,264,1,PAYMENT_METHOD_ABUSE,1.1317182920974755,2.0,1.5658591460487377
CUST_00137,736.35,Fitzpatrick-Randolph,HEALTHCARE,NG,NET_BANKING,2.0,976,739,1,MERCHANT_ANOMALY,1.261618593175763,2.0,1.6308092965878815
CUST_00268,7907.98,English Inc,GROCERY,IN,CREDIT_CARD,2.0,459,126,1,PAYMENT_METHOD_ABUSE,1.2276441065016557,2.0,1.6138220532508276
CUST_00870,1444.52,"Ortiz, Washington and Clark",OTHER,CN,UPI,2.0,864,592,1,MERCHANT_ANOMALY,1.7845697695966396,2.0,1.89228488479832
CUST_00586,3997.5,"Lawrence, Watkins and Russell",ENTERTAINMENT,US,UPI,2.0,491,99,1,PAYMENT_METHOD_ABUSE,1.206522920162741,2.0,1.6032614600813706
CUST_00112,1130.44,Jimenez LLC,TRAVEL,IN,NET_BANKING,5.0,625,1808,1,PAYMENT_METHOD_ABUSE,1.1077097950064674,1.6666666666666667,1.387188230836567
CUST_00912,2981.43,"Johnson, Wright and Alvarez",EDUCATION,IN,DEBIT_CARD,2.0,500,1272,1,PAYMENT_METHOD_ABUSE,1.5362138125945182,2.0,1.768106906297259
CUST_00859,2227.56,"Hill, Little and Daniels",GROCERY,GB,DEBIT_CARD,2.0,700,2389,1,MERCHANT_ANOMALY,1.4753665135594287,2.0,1.7376832567797145
CUST_00019,2909.0,Tate and Sons,GROCERY,GB,NET_BANKING,2.0,548,227,1,MERCHANT_ANOMALY,1.4213644414584987,2.0,1.7106822207292494
CUST_00733,1106.97,Wade PLC,FOOD,IN,NET_BANKING,2.0,756,2450,1,PAYMENT_METHOD_ABUSE,1.5982126099071654,2.0,1.7991063049535827
CUST_00846,902.87,Coleman Group,OTHER,GB,CREDIT_CARD,2.0,641,1663,1,MERCHANT_ANOMALY,1.3449375102411705,2.0,1.6724687551205852
CUST_00128,1194.54,"Lawrence, Fisher and Stein",HEALTHCARE,GB,NET_BANKING,2.0,291,2303,1,MERCHANT_ANOMALY,1.2351262485265833,2.0,1.6175631242632915
CUST_00368,3106.95,"Brown, Ward and Whitney",OTHER,IN,DEBIT_CARD,2.0,975,677,1,MERCHANT_ANOMALY,1.3721307674472525,2.0,1.6860653837236264
CUST_00440,3311.09,Campbell-Norris,HEALTHCARE,GB,UPI,3.0,381,2064,1,PAYMENT_METHOD_ABUSE,1.1859778320226804,1.5,1.3429889160113402
CUST_00339,1337.39,Williams LLC,TRAVEL,NG,NET_BANKING,3.0,512,162,1,PAYMENT_METHOD_ABUSE,1.1339387156398908,1.5,1.3169693578199455
CUST_00266,2446.17,"Salazar, Keller and Wright",ENTERTAINMENT,IN,NET_BANKING,2.0,532,1547,1,PAYMENT_METHOD_ABUSE,1.552473249305053,2.0,1.7762366246525263
CUST_00552,1626.78,Johnson-Hooper,FOOD,IN,WALLET,2.0,287,155,1,PAYMENT_METHOD_ABUSE,1.5129740890236418,2.0,1.7564870445118208
CUST_00909,1895.74,Munoz-Sanchez,GROCERY,IN,CREDIT_CARD,2.0,970,1224,1,PAYMENT_METHOD_ABUSE,1.2933362896761098,2.0,1.646668144838055
CUST_00549,1605.71,Owens LLC,ENTERTAINMENT,IN,DEBIT_CARD,2.0,306,795,1,PAYMENT_METHOD_ABUSE,1.2056237564290273,2.0,1.6028118782145135
CUST_00811,1438.11,Tanner Inc,HEALTHCARE,GB,UPI,2.0,540,628,1,MERCHANT_ANOMALY,1.6127010115055955,2.0,1.806350505752798
CUST_00557,1081.45,"Bowers, Rivera and Diaz",TRAVEL,IN,UPI,2.0,816,1798,1,PAYMENT_METHOD_ABUSE,1.1329659623060564,2.0,1.5664829811530283
CUST_00413,1768.76,Ramirez-Harmon,EDUCATION,NG,NET_BANKING,2.0,650,2364,1,PAYMENT_METHOD_ABUSE,1.130566510492237,2.0,1.5652832552461184
CUST_00252,1411.56,Harris-Wade,TRAVEL,IN,CREDIT_CARD,3.0,917,2030,1,PAYMENT_METHOD_ABUSE,1.1996634456031203,1.5,1.3498317228015604
CUST_00111,1861.61,"Cooke, Garcia and Phillips",HEALTHCARE,NG,CREDIT_CARD,2.0,377,2227,1,MERCHANT_ANOMALY,1.6145023437737145,2.0,1.807251171886857
CUST_00188,2430.65,Santos-Harrison,EDUCATION,CN,NET_BANKING,2.5,549,1420,1,MERCHANT_ANOMALY,1.2772190344073815,1.6666666666666667,1.4719428505370242
CUST_00550,1377.14,Mendoza Ltd,FOOD,CN,NET_BANKING,4.5,197,366,1,PAYMENT_METHOD_ABUSE,1.118107934755251,1.8,1.4590539673776255
CUST_00042,3596.21,Dorsey PLC,FOOD,GB,WALLET,2.0,105,2239,1,PAYMENT_METHOD_ABUSE,1.5594100085207498,2.0,1.779705004260375
CUST_00329,2646.54,Roberts and Sons,ENTERTAINMENT,IN,NET_BANKING,2.0,998,578,1,MERCHANT_ANOMALY,1.6521256008489915,2.0,1.826062800424496
CUST_00869,2839.35,"Hatfield, Lawrence and Mills",EDUCATION,IN,UPI,2.5,276,1397,1,MERCHANT_ANOMALY,1.3762608514412846,1.6666666666666667,1.5214637590539757
CUST_00490,3347.64,"Murray, Castillo and Martinez",FOOD,NG,DEBIT_CARD,4.0,710,886,1,MERCHANT_ANOMALY,1.213350465113329,1.3333333333333333,1.2733418992233312
CUST_00939,1616.24,"Hill, Adams and Watson",ECOMMERCE,US,NET_BANKING,2.0,226,568,1,PAYMENT_METHOD_ABUSE,1.1840109006596806,2.0,1.5920054503298404
CUST_00263,471.35,"Walker, Walters and Faulkner",EDUCATION,GB,DEBIT_CARD,2.0,751,2239,1,PAYMENT_METHOD_ABUSE,1.4974187912000638,2.0,1.748709395600032
CUST_00552,1542.99,Nguyen-Porter,FOOD,IN,CREDIT_CARD,2.0,287,155,1,PAYMENT_METHOD_ABUSE,1.4350458510816393,2.0,1.7175229255408198
CUST_00703,688.84,"Farmer, Clayton and Perez",HEALTHCARE,GB,NET_BANKING,2.5,204,2034,1,MERCHANT_ANOMALY,1.5396513187304428,1.6666666666666667,1.6031589926985548
CUST_00218,3474.74,"Holmes, Rogers and Hughes",ENTERTAINMENT,NG,DEBIT_CARD,2.5,978,429,1,PAYMENT_METHOD_ABUSE,1.245096282706379,1.6666666666666667,1.4558814746865227
CUST_00361,663.61,May-Wilson,FOOD,US,DEBIT_CARD,2.0,134,272,1,MERCHANT_ANOMALY,1.354596393104645,2.0,1.6772981965523224
CUST_00604,2567.26,Adams Group,TRAVEL,US,NET_BANKING,3.5,141,1297,1,PAYMENT_METHOD_ABUSE,1.166030040286868,1.4,1.2830150201434338
CUST_00902,1480.08,"Walker, Smith and Adams",HEALTHCARE,US,UPI,2.0,946,390,1,PAYMENT_METHOD_ABUSE,1.5029702367050173,2.0,1.7514851183525086
CUST_00007,2121.77,"Evans, Evans and Thompson",ENTERTAINMENT,GB,UPI,2.5,572,2455,1,MERCHANT_ANOMALY,1.216551945576047,1.6666666666666667,1.4416093061213568
CUST_00256,1897.96,Pittman-Crane,GROCERY,IN,UPI,2.0,405,1787,1,MERCHANT_ANOMALY,1.2852973243852723,2.0,1.6426486621926362
CUST_00149,1509.37,"Rodriguez, Romero and Cervantes",OTHER,CN,CREDIT_CARD,2.0,256,2445,1,PAYMENT_METHOD_ABUSE,1.396827600248017,2.0,1.6984138001240088
CUST_00790,1308.06,Lewis PLC,FOOD,NG,WALLET,2.0,591,2065,1,PAYMENT_METHOD_ABUSE,1.5768783339863173,2.0,1.7884391669931587
CUST_00603,785.91,Griffin and Sons,OTHER,IN,NET_BANKING,2.5,533,1562,1,PAYMENT_METHOD_ABUSE,1.4343124640696434,1.6666666666666667,1.5504895653681552
CUST_00040,6716.53,Hendrix Group,OTHER,CN,DEBIT_CARD,2.5,578,1169,1,PAYMENT_METHOD_ABUSE,1.3353181269644985,1.6666666666666667,1.5009923968155825
CUST_00270,1917.25,"Ellison, Yu and Santos",EDUCATION,US,NET_BANKING,2.0,532,1325,1,MERCHANT_ANOMALY,1.50189376877612,2.0,1.75094688438806
CUST_00185,1735.02,Patterson-Benjamin,EDUCATION,GB,NET_BANKING,2.5,120,2250,1,MERCHANT_ANOMALY,1.2668540761564016,1.6666666666666667,1.4667603714115345
CUST_00275,476.21,"Martin, Miller and Grimes",HEALTHCARE,IN,DEBIT_CARD,2.0,839,854,1,MERCHANT_ANOMALY,1.2087315184973664,2.0,1.604365759248683
CUST_00667,1070.59,"Morris, Tucker and Sexton",ENTERTAINMENT,CN,WALLET,2.0,924,2148,1,PAYMENT_METHOD_ABUSE,1.4233540736013617,2.0,1.7116770368006806
CUST_00552,1245.4,Moyer-Brown,FOOD,IN,CREDIT_CARD,2.0,287,155,1,PAYMENT_METHOD_ABUSE,1.1582745856661896,2.0,1.579137292833095
CUST_00435,6974.06,Thomas and Sons,FOOD,CN,CREDIT_CARD,2.0,643,1428,1,MERCHANT_ANOMALY,1.4635106535901763,2.0,1.7317553267950885
CUST_00525,5205.17,Martin-Diaz,FOOD,NG,CREDIT_CARD,2.5,546,498,1,MERCHANT_ANOMALY,1.7204926959950684,1.6666666666666667,1.6935796813308674
CUST_00668,675.49,"Adams, Phillips and Short",FOOD,CN,UPI,3.5,526,1727,1,PAYMENT_METHOD_ABUSE,1.2291022235161395,1.4,1.3145511117580695
CUST_00888,850.03,Hammond Group,GROCERY,NG,CREDIT_CARD,3.5,656,527,1,PAYMENT_METHOD_ABUSE,1.114347703541534,1.4,1.2571738517707671
CUST_00388,2782.34,"Savage, Phillips and Bailey",HEALTHCARE,NG,NET_BANKING,2.0,656,1189,1,PAYMENT_METHOD_ABUSE,1.3037441749858842,2.0,1.6518720874929422
CUST_00776,2913.71,"Gordon, Peters and Greene",EDUCATION,IN,WALLET,2.0,815,2226,1,MERCHANT_ANOMALY,1.2312890098419955,2.0,1.615644504920998
CUST_00325,2553.89,"Woods, Nelson and Murray",OTHER,US,DEBIT_CARD,4.0,514,171,1,MERCHANT_ANOMALY,1.2595785605957857,1.3333333333333333,1.2964559469645596
CUST_00338,3337.56,Rojas Group,ECOMMERCE,IN,CREDIT_CARD,2.0,681,1116,1,PAYMENT_METHOD_ABUSE,1.2002783516833264,2.0,1.6001391758416632
CUST_00848,773.75,English-Williams,FOOD,IN,DEBIT_CARD,2.0,746,2375,1,PAYMENT_METHOD_ABUSE,1.500358728742898,2.0,1.7501793643714492
CUST_00395,1168.23,Martinez Group,TRAVEL,US,DEBIT_CARD,2.0,784,1517,1,PAYMENT_METHOD_ABUSE,1.3054526559278568,2.0,1.6527263279639284
CUST_00620,673.94,Parker Ltd,FOOD,US,UPI,2.0,864,1472,1,MERCHANT_ANOMALY,1.58665583689421,2.0,1.793327918447105
CUST_00513,2924.59,"Frye, Cruz and Benson",EDUCATION,IN,NET_BANKING,2.5,290,661,1,MERCHANT_ANOMALY,1.4207487545452115,1.6666666666666667,1.5437077106059391
CUST_00985,2667.7,"Walters, Jackson and Lopez",FOOD,US,CREDIT_CARD,2.0,774,1531,1,MERCHANT_ANOMALY,1.7021425928052778,2.0,1.851071296402639
CUST_00332,783.36,Phillips-Mann,HEALTHCARE,CN,UPI,4.0,136,387,1,PAYMENT_METHOD_ABUSE,1.1641378490437058,2.0,1.5820689245218529
CUST_00824,3042.22,"Holt, Raymond and Smith",EDUCATION,GB,WALLET,2.5,818,1869,1,MERCHANT_ANOMALY,1.4924585274198572,1.6666666666666667,1.579562597043262
CUST_00809,2349.14,Erickson-Mitchell,TRAVEL,US,NET_BANKING,3.5,320,443,1,PAYMENT_METHOD_ABUSE,1.1605476826246872,1.4,1.2802738413123436
CUST_00234,5950.86,Long-Lee,ENTERTAINMENT,NG,UPI,2.0,210,2287,1,MERCHANT_ANOMALY,1.6694959832681762,2.0,1.834747991634088
CUST_00094,949.04,Perez-Graham,HEALTHCARE,US,CREDIT_CARD,2.0,951,1986,1,PAYMENT_METHOD_ABUSE,1.4115477288276763,2.0,1.705773864413838
CUST_00943,1051.84,"Houston, Vazquez and Welch",HEALTHCARE,CN,WALLET,3.0,660,971,1,PAYMENT_METHOD_ABUSE,1.2741544723325904,1.5,1.387077236166295
CUST_00563,1394.07,"Carpenter, Holland and Sandoval",GROCERY,IN,NET_BANKING,2.0,682,1435,1,PAYMENT_METHOD_ABUSE,1.3241797906495183,2.0,1.6620898953247591
CUST_00870,907.04,Long-Gonzalez,TRAVEL,CN,WALLET,2.0,864,592,1,PAYMENT_METHOD_ABUSE,1.1205633454814996,2.0,1.5602816727407498
CUST_00371,2326.69,"Weaver, Anderson and Kennedy",TRAVEL,IN,NET_BANKING,2.0,558,940,1,MERCHANT_ANOMALY,1.7255639237150178,2.0,1.8627819618575088
CUST_00627,1889.78,Watkins Inc,EDUCATION,US,WALLET,2.0,205,2103,1,PAYMENT_METHOD_ABUSE,1.2340896549697482,2.0,1.617044827484874
CUST_00825,1304.0,"Trujillo, Henderson and Quinn",TRAVEL,US,WALLET,2.5,956,1891,1,MERCHANT_ANOMALY,1.6721271534728055,1.6666666666666667,1.669396910069736
CUST_00130,1535.54,Carpenter-Black,FOOD,NG,UPI,2.0,626,2095,1,MERCHANT_ANOMALY,1.659639547137183,2.0,1.8298197735685915
CUST_00355,724.0,"Stevenson, King and Morris",ENTERTAINMENT,GB,WALLET,2.0,948,1733,1,PAYMENT_METHOD_ABUSE,1.4368928185128953,2.0,1.7184464092564475
CUST_00768,1151.34,"Smith, Aguirre and Flores",HEALTHCARE,GB,DEBIT_CARD,2.0,630,2189,1,PAYMENT_METHOD_ABUSE,1.3554983900115964,2.0,1.677749195005798
CUST_00434,1607.45,Thompson PLC,FOOD,US,WALLET,2.0,309,1904,1,MERCHANT_ANOMALY,1.4200401952339938,2.0,1.7100200976169968
CUST_00284,1333.38,"Hale, Scott and Williams",EDUCATION,NG,UPI,2.0,507,394,1,MERCHANT_ANOMALY,1.518725226661807,2.0,1.7593626133309035
CUST_00750,1355.73,"Aguilar, Klein and Oneill",HEALTHCARE,CN,NET_BANKING,3.0,608,1228,1,MERCHANT_ANOMALY,1.2755849947780926,1.5,1.3877924973890463
CUST_00245,1520.91,Harris-Reed,EDUCATION,GB,DEBIT_CARD,2.0,475,405,1,PAYMENT_METHOD_ABUSE,1.4205084619120558,2.0,1.710254230956028
CUST_00216,2939.49,Reed Group,ECOMMERCE,US,UPI,2.5,904,134,1,MERCHANT_ANOMALY,1.492793735272609,1.6666666666666667,1.579730200969638
CUST_00498,3657.33,Williams-White,FOOD,NG,NET_BANKING,2.0,284,1375,1,MERCHANT_ANOMALY,1.258994960343688,2.0,1.629497480171844
CUST_00348,1800.99,Hendricks Ltd,GROCERY,CN,CREDIT_CARD,2.0,950,1911,1,MERCHANT_ANOMALY,1.2051028123682643,2.0,1.6025514061841322
CUST_00054,2146.65,Arroyo and Sons,HEALTHCARE,CN,UPI,2.0,708,245,1,PAYMENT_METHOD_ABUSE,1.4863012275927965,2.0,1.743150613796398
CUST_00164,1186.78,Vargas-Torres,FOOD,GB,CREDIT_CARD,2.0,137,1181,1,PAYMENT_METHOD_ABUSE,1.3169251255305574,2.0,1.6584625627652787
CUST_00915,1350.61,Waters-Campbell,OTHER,GB,WALLET,3.0,477,1859,1,PAYMENT_METHOD_ABUSE,1.2216358003753705,1.5,1.3608179001876852
CUST_00652,744.13,Hopkins-Martinez,GROCERY,CN,CREDIT_CARD,2.0,846,266,1,MERCHANT_ANOMALY,1.2007132023106464,2.0,1.6003566011553232
CUST_00610,10840.09,Villarreal-Weiss,GROCERY,GB,CREDIT_CARD,2.0,404,1199,1,PAYMENT_METHOD_ABUSE,1.4302146161706586,2.0,1.7151073080853294
CUST_00825,1220.65,Ward-Hodges,EDUCATION,US,WALLET,2.5,956,1891,1,MERCHANT_ANOMALY,1.5652469400970703,1.6666666666666667,1.6159568033818688
CUST_00468,2042.37,Gutierrez-Garcia,HEALTHCARE,GB,WALLET,2.5,418,1897,1,PAYMENT_METHOD_ABUSE,1.1588605278612345,1.6666666666666667,1.4127635972639505
CUST_00902,1290.65,Rogers-Smith,HEALTHCARE,US,WALLET,2.0,946,390,1,PAYMENT_METHOD_ABUSE,1.3106105994293085,2.0,1.6553052997146542
CUST_00395,1571.22,Smith PLC,EDUCATION,US,CREDIT_CARD,2.0,784,1517,1,MERCHANT_ANOMALY,1.7557786754722675,2.0,1.8778893377361336
CUST_00465,1176.99,"Scott, Thomas and Russell",TRAVEL,NG,UPI,2.0,614,2500,1,PAYMENT_METHOD_ABUSE,1.218700007765784,2.0,1.6093500038828918
CUST_00428,1443.18,Davis-Trevino,ECOMMERCE,NG,UPI,2.5,160,1284,1,PAYMENT_METHOD_ABUSE,1.3461997686653484,1.6666666666666667,1.5064332176660076
CUST_00853,1518.26,Austin-Jenkins,TRAVEL,CN,NET_BANKING,2.0,957,1673,1,PAYMENT_METHOD_ABUSE,1.1372989655198245,2.0,1.5686494827599122
CUST_00842,2582.4,Decker and Sons,OTHER,CN,NET_BANKING,2.0,232,2221,1,PAYMENT_METHOD_ABUSE,1.2367904941845846,2.0,1.6183952470922924
CUST_00074,507.94,Hill-Ross,GROCERY,CN,UPI,2.0,406,2233,1,PAYMENT_METHOD_ABUSE,1.2292390160086153,2.0,1.6146195080043078
CUST_00136,1122.86,Martinez PLC,TRAVEL,US,NET_BANKING,2.0,481,789,1,MERCHANT_ANOMALY,1.644938948016085,2.0,1.8224694740080425
CUST_00638,956.05,Mcfarland-Hodge,HEALTHCARE,NG,DEBIT_CARD,2.5,446,2469,1,PAYMENT_METHOD_ABUSE,1.350086141158528,1.6666666666666667,1.5083764039125973
CUST_00787,3973.6,Hardy Ltd,HEALTHCARE,US,WALLET,2.0,543,2056,1,MERCHANT_ANOMALY,1.3355538787562031,2.0,1.6677769393781017
CUST_00162,1382.17,Miller-Allen,TRAVEL,IN,NET_BANKING,2.5,105,1750,1,MERCHANT_ANOMALY,1.6818505381381454,1.6666666666666667,1.6742586024024062
CUST_00685,3915.83,"Gould, Larsen and Williams",FOOD,CN,UPI,2.0,586,801,1,PAYMENT_METHOD_ABUSE,1.4942323029195268,2.0,1.7471161514597635
CUST_00481,3960.0,Johnson LLC,ENTERTAINMENT,CN,DEBIT_CARD,2.5,380,1918,1,MERCHANT_ANOMALY,1.3087858862645234,1.6666666666666667,1.4877262764655952
CUST_00394,1666.24,"Ross, Williams and Campbell",GROCERY,IN,CREDIT_CARD,2.5,599,1641,1,MERCHANT_ANOMALY,1.2018248372613016,1.6666666666666667,1.4342457519639842
CUST_00652,1011.09,"Cooke, Smith and Jenkins",TRAVEL,CN,CREDIT_CARD,2.0,846,266,1,MERCHANT_ANOMALY,1.6314744893019653,2.0,1.8157372446509823
CUST_00163,994.57,"Baird, Kennedy and Gilmore",GROCERY,US,NET_BANKING,2.0,637,1090,1,PAYMENT_METHOD_ABUSE,1.1360866312176234,2.0,1.5680433156088118
CUST_00726,2478.96,"Ibarra, Jones and Diaz",EDUCATION,IN,DEBIT_CARD,2.0,555,1360,1,MERCHANT_ANOMALY,1.2000726154888837,2.0,1.6000363077444415
CUST_00561,2474.01,Turner Inc,ECOMMERCE,NG,NET_BANKING,2.5,200,1472,1,PAYMENT_METHOD_ABUSE,1.586737900691389,1.6666666666666667,1.626702283679028
CUST_00280,1536.71,"Davies, Carlson and Ortiz",ECOMMERCE,IN,WALLET,2.0,353,1237,1,MERCHANT_ANOMALY,1.7768720225706491,2.0,1.888436011285325
CUST_00369,3146.62,Williams-Gonzalez,GROCERY,US,NET_BANKING,2.0,379,1181,1,MERCHANT_ANOMALY,1.6080273096145783,2.0,1.8040136548072887
CUST_00147,6068.25,Hudson-Owens,ENTERTAINMENT,IN,DEBIT_CARD,2.0,182,2262,1,PAYMENT_METHOD_ABUSE,1.5171971512471731,2.0,1.758598575623587
CUST_00835,1395.43,Armstrong-Wilkerson,ECOMMERCE,US,NET_BANKING,2.5,346,2021,1,PAYMENT_METHOD_ABUSE,1.3916516657275495,1.6666666666666667,1.5291591661971082
CUST_00894,1729.54,"Perez, Wolfe and Henry",ECOMMERCE,CN,UPI,2.0,907,2088,1,PAYMENT_METHOD_ABUSE,1.5320441842130907,2.0,1.7660220921065457
CUST_00635,596.33,Hunter Inc,OTHER,CN,DEBIT_CARD,2.0,185,658,1,PAYMENT_METHOD_ABUSE,1.1733467131023356,2.0,1.586673356551168
CUST_00878,1411.48,"Brady, Williams and Rose",OTHER,CN,CREDIT_CARD,2.0,697,782,1,PAYMENT_METHOD_ABUSE,1.3894160727644995,2.0,1.69470803638225
CUST_00857,2211.93,Carlson-Lopez,GROCERY,GB,DEBIT_CARD,2.0,116,1934,1,PAYMENT_METHOD_ABUSE,1.1856018781557196,2.0,1.59280093907786
CUST_00250,1048.33,Turner-Wright,FOOD,IN,UPI,3.5,762,1122,1,MERCHANT_ANOMALY,1.201717180980329,1.4,1.3008585904901646
CUST_00128,1391.17,Mitchell and Sons,HEALTHCARE,GB,NET_BANKING,2.0,291,2303,1,MERCHANT_ANOMALY,1.4384370411729428,2.0,1.7192185205864714
CUST_00200,1556.51,French-Ortega,ECOMMERCE,CN,UPI,2.5,638,1526,1,PAYMENT_METHOD_ABUSE,1.4143276421360615,1.6666666666666667,1.540497154401364
CUST_00842,2336.4,"Russell, Campbell and Green",OTHER,CN,NET_BANKING,2.0,232,2221,1,PAYMENT_METHOD_ABUSE,1.1189735558445104,2.0,1.5594867779222552
CUST_00448,1399.11,Gamble-Daniel,FOOD,GB,WALLET,2.0,416,1793,1,MERCHANT_ANOMALY,1.6224574993622003,2.0,1.8112287496811
CUST_00720,3187.38,"Mason, Evans and Martin",TRAVEL,GB,UPI,2.0,332,165,1,MERCHANT_ANOMALY,1.45351981649619,2.0,1.7267599082480949
CUST_00337,1184.39,Fisher and Sons,ENTERTAINMENT,IN,NET_BANKING,2.0,715,572,1,PAYMENT_METHOD_ABUSE,1.2689054473186594,2.0,1.6344527236593298
CUST_00451,1675.65,"Charles, Haney and Burns",HEALTHCARE,NG,WALLET,3.0,992,1277,1,PAYMENT_METHOD_ABUSE,1.204485417003612,1.5,1.352242708501806
CUST_00719,2613.4,Phillips Group,GROCERY,NG,DEBIT_CARD,3.0,316,2496,1,PAYMENT_METHOD_ABUSE,1.2031092829636243,1.5,1.3515546414818125
CUST_00442,4206.74,Clark-Reeves,OTHER,CN,WALLET,2.0,514,942,1,PAYMENT_METHOD_ABUSE,1.1760953011990931,2.0,1.588047650599547
CUST_00961,1766.27,"Kelly, Vaughn and Kemp",HEALTHCARE,NG,CREDIT_CARD,2.0,715,128,1,PAYMENT_METHOD_ABUSE,1.2024644711088417,2.0,1.6012322355544208
CUST_00512,1685.42,Pope Inc,EDUCATION,US,UPI,2.0,187,2131,1,PAYMENT_METHOD_ABUSE,1.1262224152620235,2.0,1.563111207631012
CUST_00731,1554.31,Delacruz Inc,FOOD,CN,UPI,2.0,456,661,1,PAYMENT_METHOD_ABUSE,1.3520618310085812,2.0,1.6760309155042905
CUST_00860,1769.35,"Brooks, Lam and Mcmillan",HEALTHCARE,US,CREDIT_CARD,2.0,173,2099,1,MERCHANT_ANOMALY,1.3093396875670635,2.0,1.6546698437835317
CUST_00711,1197.36,"Garcia, Morris and Bowman",TRAVEL,GB,DEBIT_CARD,2.0,196,1165,1,PAYMENT_METHOD_ABUSE,1.3925543421373991,2.0,1.6962771710686997
CUST_00988,2300.34,Rodriguez and Sons,ENTERTAINMENT,NG,DEBIT_CARD,3.5,830,253,1,MERCHANT_ANOMALY,1.204804889737365,1.4,1.3024024448686826
CUST_00875,3725.3,"Powers, Campbell and Alvarez",OTHER,NG,CREDIT_CARD,2.5,751,967,1,PAYMENT_METHOD_ABUSE,1.587612082779312,1.6666666666666667,1.6271393747229894
CUST_00630,1649.04,"Martinez, Thomas and Donaldson",OTHER,GB,UPI,3.0,445,2193,1,PAYMENT_METHOD_ABUSE,1.108158780718908,1.5,1.304079390359454
CUST_00588,2447.74,Vega-Moore,EDUCATION,CN,UPI,2.0,336,2031,1,MERCHANT_ANOMALY,1.287521862055362,2.0,1.643760931027681
CUST_00271,1243.96,Mccoy Ltd,ECOMMERCE,NG,DEBIT_CARD,2.0,506,1876,1,MERCHANT_ANOMALY,1.2362028272589505,2.0,1.6181014136294751
CUST_00896,1472.78,"Johnston, Torres and May",ENTERTAINMENT,NG,WALLET,2.0,879,727,1,PAYMENT_METHOD_ABUSE,1.1763089689984707,2.0,1.5881544844992352
CUST_00573,1475.18,Gardner-Rasmussen,EDUCATION,IN,NET_BANKING,2.0,971,841,1,PAYMENT_METHOD_ABUSE,1.457421321201164,2.0,1.728710660600582
CUST_00019,2448.11,Leblanc-Smith,HEALTHCARE,GB,CREDIT_CARD,2.0,548,227,1,PAYMENT_METHOD_ABUSE,1.196169303120992,2.0,1.5980846515604958
CUST_00996,7136.59,"Davis, Holt and Andrade",GROCERY,IN,DEBIT_CARD,2.0,792,1393,1,MERCHANT_ANOMALY,1.7577591408972797,2.0,1.87887957044864
CUST_00445,1017.23,Sanchez Group,TRAVEL,GB,NET_BANKING,2.0,590,1197,1,PAYMENT_METHOD_ABUSE,1.5811578546503042,2.0,1.7905789273251522
CUST_00155,1469.46,Brown Inc,ECOMMERCE,CN,DEBIT_CARD,2.0,549,259,1,PAYMENT_METHOD_ABUSE,1.1324270587691314,2.0,1.5662135293845658
CUST_00758,1113.21,Norton-Fernandez,TRAVEL,CN,NET_BANKING,3.0,226,1538,1,PAYMENT_METHOD_ABUSE,1.2272659621967554,1.5,1.3636329810983776
CUST_00526,2069.7,Mclean-Sellers,EDUCATION,NG,CREDIT_CARD,2.0,456,1092,1,PAYMENT_METHOD_ABUSE,1.18336192109777,2.0,1.591680960548885
CUST_00555,678.46,"Long, Green and Turner",TRAVEL,US,WALLET,2.0,605,1048,1,PAYMENT_METHOD_ABUSE,1.2665870141507671,2.0,1.6332935070753836
CUST_00442,5829.08,Duncan LLC,FOOD,CN,DEBIT_CARD,2.0,514,942,1,MERCHANT_ANOMALY,1.6296594508606688,2.0,1.8148297254303345
CUST_00690,1395.89,Simmons PLC,FOOD,IN,CREDIT_CARD,3.0,446,1215,1,PAYMENT_METHOD_ABUSE,1.2174167102738531,1.5,1.3587083551369266
CUST_00218,4164.37,Glenn LLC,ENTERTAINMENT,NG,NET_BANKING,2.5,978,429,1,PAYMENT_METHOD_ABUSE,1.4922099514824023,1.6666666666666667,1.5794383090745343
CUST_00169,723.49,Anderson-Hayes,FOOD,CN,CREDIT_CARD,4.0,845,268,1,MERCHANT_ANOMALY,1.259152257716439,1.3333333333333333,1.296242795524886
CUST_00495,598.86,Jacobs LLC,ECOMMERCE,NG,UPI,2.0,616,1945,1,PAYMENT_METHOD_ABUSE,1.258743904489659,2.0,1.6293719522448291
CUST_00710,1010.86,Whitney-Henderson,HEALTHCARE,IN,CREDIT_CARD,2.0,853,1418,1,PAYMENT_METHOD_ABUSE,1.5433566166647583,2.0,1.7716783083323793
CUST_00592,769.65,"Brown, Dixon and Garcia",HEALTHCARE,IN,NET_BANKING,3.0,719,139,1,PAYMENT_METHOD_ABUSE,1.2224331128247077,1.5,1.3612165564123535
CUST_00962,9125.59,Bell Inc,FOOD,CN,DEBIT_CARD,2.0,168,1536,1,MERCHANT_ANOMALY,1.275599807658975,2.0,1.6377999038294877
CUST_00871,1307.84,"Brown, Cross and Love",OTHER,CN,CREDIT_CARD,2.5,309,1781,1,PAYMENT_METHOD_ABUSE,1.1638745389095793,1.6666666666666667,1.415270602788123
CUST_00243,1911.25,Green-Duncan,OTHER,NG,DEBIT_CARD,3.0,263,1982,1,MERCHANT_ANOMALY,1.2273316893991937,1.5,1.3636658446995966
CUST_00102,3728.92,Golden-Grant,HEALTHCARE,NG,NET_BANKING,2.0,763,2328,1,MERCHANT_ANOMALY,1.755640982784556,2.0,1.877820491392278
CUST_00255,4170.48,Harris-Castillo,HEALTHCARE,IN,UPI,2.0,364,1698,1,MERCHANT_ANOMALY,1.4431051217414923,2.0,1.7215525608707465
CUST_00944,2508.86,Lee and Sons,ENTERTAINMENT,US,WALLET,3.0,131,805,1,PAYMENT_METHOD_ABUSE,1.11612036443875,1.5,1.308060182219375
CUST_00453,2189.51,Lee-Hester,GROCERY,CN,DEBIT_CARD,2.0,809,783,1,MERCHANT_ANOMALY,1.44314927414438,2.0,1.72157463707219
CUST_00773,1082.67,Weeks-Robinson,FOOD,US,UPI,4.0,900,1867,1,PAYMENT_METHOD_ABUSE,1.126010129899845,2.0,1.5630050649499223
CUST_00999,2769.71,"Walters, Richardson and Smith",OTHER,GB,WALLET,2.0,321,1660,1,PAYMENT_METHOD_ABUSE,1.330497523670444,2.0,1.665248761835222
CUST_00679,4533.17,White-Carter,GROCERY,NG,CREDIT_CARD,2.5,161,1753,1,MERCHANT_ANOMALY,1.3976232355013205,1.6666666666666667,1.5321449510839935
CUST_00185,1532.12,"Wright, Fuller and Williamson",TRAVEL,GB,DEBIT_CARD,2.5,120,2250,1,PAYMENT_METHOD_ABUSE,1.118703223686612,1.6666666666666667,1.3926849451766394
CUST_00971,1481.32,Pena Group,EDUCATION,US,NET_BANKING,2.0,472,415,1,MERCHANT_ANOMALY,1.3607194363557864,2.0,1.680359718177893
CUST_00498,3895.29,"Kim, Lynn and Allen",EDUCATION,NG,UPI,2.0,284,1375,1,PAYMENT_METHOD_ABUSE,1.3409100297422338,2.0,1.6704550148711168
CUST_00163,1297.19,Williams Group,GROCERY,US,CREDIT_CARD,2.0,637,1090,1,PAYMENT_METHOD_ABUSE,1.481766207656765,2.0,1.7408831038283823
CUST_00094,823.65,Jackson LLC,HEALTHCARE,US,DEBIT_CARD,2.0,951,1986,1,PAYMENT_METHOD_ABUSE,1.2250498259809024,2.0,1.6125249129904513
CUST_00348,2589.08,Morris-Greer,GROCERY,CN,CREDIT_CARD,2.0,950,1911,1,MERCHANT_ANOMALY,1.7324402631033071,2.0,1.8662201315516536
CUST_00523,1265.75,Patterson PLC,TRAVEL,GB,WALLET,2.0,986,236,1,MERCHANT_ANOMALY,1.337358881299164,2.0,1.668679440649582
CUST_00845,1580.04,"Valencia, Harris and Andrews",TRAVEL,CN,UPI,3.0,950,2288,1,MERCHANT_ANOMALY,1.269745856353591,1.5,1.3848729281767955
CUST_00362,1840.97,Moreno-Martinez,OTHER,NG,WALLET,4.0,440,2468,1,PAYMENT_METHOD_ABUSE,1.225377237298402,1.3333333333333333,1.2793552853158676
CUST_00857,2941.86,"Williams, Huang and Williams",TRAVEL,GB,NET_BANKING,2.0,116,1934,1,MERCHANT_ANOMALY,1.5768467995240292,2.0,1.7884233997620145
CUST_00212,902.92,Smith LLC,FOOD,CN,WALLET,3.0,162,1989,1,PAYMENT_METHOD_ABUSE,1.1146816456282211,1.5,1.3073408228141106
CUST_00286,1414.87,Peterson LLC,GROCERY,NG,NET_BANKING,2.0,171,1744,1,PAYMENT_METHOD_ABUSE,1.3200938612327917,2.0,1.660046930616396
CUST_00512,1852.25,Smith-Miller,HEALTHCARE,US,CREDIT_CARD,2.0,187,2131,1,MERCHANT_ANOMALY,1.2377006732263076,2.0,1.618850336613154
CUST_00654,1153.65,Grant Ltd,FOOD,GB,NET_BANKING,4.0,112,825,1,PAYMENT_METHOD_ABUSE,1.183941133911116,1.3333333333333333,1.258637233622225
CUST_00435,7111.23,Cunningham-Brown,HEALTHCARE,CN,UPI,2.0,643,1428,1,PAYMENT_METHOD_ABUSE,1.4922958599624996,2.0,1.74614792998125
CUST_00312,837.16,Brown Ltd,TRAVEL,US,CREDIT_CARD,2.0,774,1710,1,PAYMENT_METHOD_ABUSE,1.31190597453477,2.0,1.6559529872673848
CUST_00274,6415.4,Wright PLC,FOOD,NG,UPI,3.0,374,1444,1,PAYMENT_METHOD_ABUSE,1.2204815036764354,1.5,1.3602407518382176
CUST_00847,1237.15,Horton-White,OTHER,US,DEBIT_CARD,4.0,855,1519,1,PAYMENT_METHOD_ABUSE,1.1738946849039509,1.3333333333333333,1.253614009118642
CUST_00371,1948.22,Harper Ltd,EDUCATION,IN,UPI,2.0,558,940,1,PAYMENT_METHOD_ABUSE,1.444875831099146,2.0,1.722437915549573
CUST_00161,1747.52,"Rios, Duncan and Preston",HEALTHCARE,US,WALLET,2.0,568,1599,1,MERCHANT_ANOMALY,1.5401537051399563,2.0,1.7700768525699782
CUST_00816,754.88,Ford-Pitts,GROCERY,GB,DEBIT_CARD,3.0,199,1288,1,PAYMENT_METHOD_ABUSE,1.1141071336329356,1.5,1.3070535668164678
CUST_00145,1803.63,Harris Inc,HEALTHCARE,NG,CREDIT_CARD,3.0,180,287,1,PAYMENT_METHOD_ABUSE,1.1511148127937811,1.5,1.325557406396891
CUST_00769,1201.84,"Booth, Hardy and Levy",ECOMMERCE,US,NET_BANKING,2.5,906,2287,1,PAYMENT_METHOD_ABUSE,1.2377342945417096,1.6666666666666667,1.4522004806041882
CUST_00811,1012.37,Bates and Sons,FOOD,GB,WALLET,2.0,540,628,1,PAYMENT_METHOD_ABUSE,1.1352748558997017,2.0,1.5676374279498508
CUST_00073,555.71,Garcia-Warner,GROCERY,US,CREDIT_CARD,2.0,933,1771,1,MERCHANT_ANOMALY,1.444678417303593,2.0,1.7223392086517966
CUST_00417,1565.76,Oneal-Decker,ENTERTAINMENT,GB,CREDIT_CARD,2.0,623,2479,1,PAYMENT_METHOD_ABUSE,1.5491990620269322,2.0,1.774599531013466
CUST_00364,872.79,Smith-Williams,OTHER,NG,UPI,3.0,122,196,1,PAYMENT_METHOD_ABUSE,1.1435028692712836,1.5,1.3217514346356418
CUST_00161,1564.99,"Copeland, Castillo and Yoder",GROCERY,US,WALLET,2.0,568,1599,1,MERCHANT_ANOMALY,1.3792832969047453,2.0,1.6896416484523726
CUST_00532,3671.9,"Kim, Robinson and Rivera",GROCERY,CN,WALLET,3.5,617,560,1,PAYMENT_METHOD_ABUSE,1.1466249057334368,1.4,1.2733124528667183
CUST_00854,1102.14,Hammond-Hawkins,HEALTHCARE,GB,UPI,2.0,801,1248,1,PAYMENT_METHOD_ABUSE,1.5324633791947944,2.0,1.7662316895973973
CUST_00089,1878.16,Murray-Drake,ECOMMERCE,NG,CREDIT_CARD,4.0,934,2365,1,PAYMENT_METHOD_ABUSE,1.3273637677523316,1.3333333333333333,1.3303485505428323
CUST_00692,3973.25,Watson-Evans,FOOD,US,DEBIT_CARD,2.0,172,680,1,PAYMENT_METHOD_ABUSE,1.2571089578801662,2.0,1.628554478940083
CUST_00595,3599.55,Phillips Ltd,HEALTHCARE,NG,WALLET,2.0,384,1395,1,MERCHANT_ANOMALY,1.6928941291557518,2.0,1.846447064577876
CUST_00074,634.58,Hicks PLC,GROCERY,CN,WALLET,2.0,406,2233,1,PAYMENT_METHOD_ABUSE,1.5357138535629151,2.0,1.7678569267814574
CUST_00192,2404.23,Strickland and Sons,EDUCATION,US,DEBIT_CARD,2.0,335,1742,1,MERCHANT_ANOMALY,1.4874715402890517,2.0,1.7437357701445255
CUST_00312,799.47,"Cisneros, Hawkins and Cervantes",ECOMMERCE,US,WALLET,2.0,774,1710,1,MERCHANT_ANOMALY,1.2528423114593537,2.0,1.6264211557296768
CUST_00868,2744.15,Wilson Ltd,FOOD,NG,WALLET,2.0,582,1815,1,PAYMENT_METHOD_ABUSE,1.166016554490448,2.0,1.583008277245224
CUST_00791,2419.49,Jackson Inc,GROCERY,GB,NET_BANKING,2.0,192,2238,1,PAYMENT_METHOD_ABUSE,1.1568951378645047,2.0,1.5784475689322524
CUST_00206,1056.18,Campos Ltd,EDUCATION,NG,NET_BANKING,2.0,428,1511,1,MERCHANT_ANOMALY,1.4643337446448628,2.0,1.7321668723224315
CUST_00249,3200.16,Chung-Stevens,ENTERTAINMENT,US,DEBIT_CARD,2.0,665,1514,1,MERCHANT_ANOMALY,1.6979633417431377,2.0,1.8489816708715687
CUST_00184,1269.45,Nicholson PLC,TRAVEL,IN,DEBIT_CARD,2.0,727,2048,1,MERCHANT_ANOMALY,1.6394384750490756,2.0,1.819719237524538
CUST_00400,1930.1,"Nguyen, Cox and Ponce",OTHER,NG,CREDIT_CARD,2.0,637,1911,1,MERCHANT_ANOMALY,1.5076727191773065,2.0,1.7538363595886532
CUST_00690,1376.47,Dean-Brooks,HEALTHCARE,IN,WALLET,3.0,446,1215,1,MERCHANT_ANOMALY,1.2004796790511076,1.5,1.3502398395255537
CUST_00617,8313.52,"Thomas, Perez and Rose",OTHER,GB,CREDIT_CARD,2.0,313,2142,1,PAYMENT_METHOD_ABUSE,1.3719143964441043,2.0,1.6859571982220525
CUST_00711,1011.55,Brown-Cervantes,TRAVEL,GB,CREDIT_CARD,2.0,196,1165,1,PAYMENT_METHOD_ABUSE,1.1764534849912192,2.0,1.5882267424956096
CUST_00424,924.8,"Jones, Watts and Johnson",OTHER,CN,CREDIT_CARD,3.0,685,2081,1,PAYMENT_METHOD_ABUSE,1.1272756084033717,1.5,1.3136378042016856
CUST_00439,2026.42,Miller-Fisher,OTHER,NG,DEBIT_CARD,2.5,191,965,1,MERCHANT_ANOMALY,1.2972533504898902,1.6666666666666667,1.4819600085782785
CUST_00835,1133.17,Rivas Inc,ECOMMERCE,US,CREDIT_CARD,2.5,346,2021,1,PAYMENT_METHOD_ABUSE,1.1301017736844468,1.6666666666666667,1.3983842201755567
CUST_00616,2040.22,"Lewis, Jones and Kelly",EDUCATION,GB,NET_BANKING,3.5,521,1594,1,PAYMENT_METHOD_ABUSE,1.1866746157537331,1.4,1.2933373078768666
CUST_00354,1584.87,Moore PLC,OTHER,CN,DEBIT_CARD,2.0,738,2317,1,PAYMENT_METHOD_ABUSE,1.1097091763321978,2.0,1.554854588166099
CUST_00667,1022.31,"Hernandez, Zamora and Brown",EDUCATION,CN,CREDIT_CARD,2.0,924,2148,1,MERCHANT_ANOMALY,1.359165603063178,2.0,1.679582801531589
CUST_00621,2143.89,Huffman LLC,ECOMMERCE,IN,NET_BANKING,4.0,748,1891,1,PAYMENT_METHOD_ABUSE,1.1514033448264749,1.3333333333333333,1.242368339079904
CUST_00468,3121.36,Grant-Chan,OTHER,GB,DEBIT_CARD,2.5,418,1897,1,MERCHANT_ANOMALY,1.7710899089023744,1.6666666666666667,1.7188782877845206
CUST_00300,2598.64,Brown PLC,OTHER,US,UPI,2.0,986,473,1,PAYMENT_METHOD_ABUSE,1.2340686216312478,2.0,1.6170343108156238
CUST_00682,2592.59,"Lee, Braun and Keller",ENTERTAINMENT,NG,DEBIT_CARD,2.0,950,2229,1,MERCHANT_ANOMALY,1.2151702351044285,2.0,1.6075851175522142
CUST_00970,4656.07,Porter LLC,EDUCATION,NG,UPI,2.0,191,246,1,PAYMENT_METHOD_ABUSE,1.489553924336533,2.0,1.7447769621682665
CUST_00130,1187.56,Hernandez Group,ENTERTAINMENT,NG,UPI,2.0,626,2095,1,MERCHANT_ANOMALY,1.283536437082872,2.0,1.641768218541436
CUST_00387,3203.42,"Ward, Christian and Small",GROCERY,GB,CREDIT_CARD,2.0,569,2273,1,MERCHANT_ANOMALY,1.2080240290973816,2.0,1.6040120145486907
CUST_00356,3342.57,Hughes-Harris,OTHER,IN,NET_BANKING,2.0,127,1339,1,MERCHANT_ANOMALY,1.661366641152321,2.0,1.8306833205761603
CUST_00865,1007.29,Rice-Norton,EDUCATION,CN,DEBIT_CARD,2.0,645,1524,1,PAYMENT_METHOD_ABUSE,1.1514320170550345,2.0,1.5757160085275173
CUST_00305,1682.4,Brown Group,OTHER,GB,NET_BANKING,3.0,512,524,1,PAYMENT_METHOD_ABUSE,1.184471761078021,1.5,1.3422358805390109
CUST_00871,1396.8,"Morris, King and Davis",TRAVEL,CN,UPI,2.5,309,1781,1,MERCHANT_ANOMALY,1.243041928637219,1.6666666666666667,1.4548542976519427
CUST_00356,2984.03,"Randall, Martinez and Smith",FOOD,IN,NET_BANKING,2.0,127,1339,1,MERCHANT_ANOMALY,1.4831605316261918,2.0,1.741580265813096
CUST_00686,2398.2,Casey-Butler,ECOMMERCE,GB,CREDIT_CARD,4.0,947,761,1,PAYMENT_METHOD_ABUSE,1.1058263149036631,2.0,1.5529131574518316
CUST_00206,1248.29,Madden-Woods,OTHER,NG,NET_BANKING,2.0,428,1511,1,MERCHANT_ANOMALY,1.7306833779305946,2.0,1.8653416889652967
CUST_00241,2211.76,"Walker, Wang and Aguilar",FOOD,CN,CREDIT_CARD,2.0,896,2047,1,MERCHANT_ANOMALY,1.3849511113059216,2.0,1.692475555652961
CUST_00976,2410.97,"Gonzalez, Benjamin and Williamson",HEALTHCARE,US,WALLET,2.0,937,2334,1,PAYMENT_METHOD_ABUSE,1.190164606107876,2.0,1.595082303053938
CUST_00660,3264.84,Oneal PLC,ENTERTAINMENT,GB,NET_BANKING,2.0,743,715,1,PAYMENT_METHOD_ABUSE,1.2134628500491542,2.0,1.6067314250245772
CUST_00803,1124.92,Bailey-Gutierrez,FOOD,US,WALLET,2.5,977,277,1,PAYMENT_METHOD_ABUSE,1.2016707081281446,1.6666666666666667,1.4341686873974058
CUST_00236,2157.31,"Wade, Wilson and Wyatt",EDUCATION,NG,DEBIT_CARD,2.0,551,384,1,PAYMENT_METHOD_ABUSE,1.3196291867126255,2.0,1.6598145933563129
CUST_00524,3018.64,"Ramos, Long and Price",EDUCATION,GB,DEBIT_CARD,2.0,271,1122,1,MERCHANT_ANOMALY,1.4576957065524452,2.0,1.7288478532762226
CUST_00748,2096.57,"Miller, Montoya and Vargas",ENTERTAINMENT,NG,UPI,3.5,485,1882,1,PAYMENT_METHOD_ABUSE,1.1178785277447494,1.4,1.2589392638723746
CUST_00469,3284.25,Martin-Blackwell,ENTERTAINMENT,US,DEBIT_CARD,2.0,375,2381,1,PAYMENT_METHOD_ABUSE,1.1903834199895975,2.0,1.5951917099947988
CUST_00083,1690.57,Weaver-Watts,ENTERTAINMENT,US,DEBIT_CARD,2.0,652,2291,1,MERCHANT_ANOMALY,1.4010500188539297,2.0,1.7005250094269648
CUST_00927,848.99,Chen Ltd,ENTERTAINMENT,NG,UPI,2.0,847,1609,1,MERCHANT_ANOMALY,1.399368710801968,2.0,1.6996843554009842
CUST_00126,4906.02,"Nelson, Mcgee and Garcia",TRAVEL,US,UPI,2.0,921,717,1,PAYMENT_METHOD_ABUSE,1.4448402244705931,2.0,1.722420112235297
CUST_00034,1692.32,Rose-Harvey,ECOMMERCE,NG,WALLET,3.0,508,1969,1,PAYMENT_METHOD_ABUSE,1.1211983688720903,1.5,1.3105991844360452
CUST_00945,902.62,"Phelps, Hansen and Liu",GROCERY,IN,UPI,2.0,291,2010,1,PAYMENT_METHOD_ABUSE,1.3641955716768683,2.0,1.682097785838434
CUST_00411,1566.27,"Todd, Rhodes and Williams",TRAVEL,GB,CREDIT_CARD,2.0,380,424,1,MERCHANT_ANOMALY,1.2281725261412155,2.0,1.614086263070608
CUST_00053,2951.43,Sims LLC,HEALTHCARE,NG,CREDIT_CARD,2.0,721,474,1,PAYMENT_METHOD_ABUSE,1.482810247032048,2.0,1.741405123516024
CUST_00463,2439.45,Miller-Webster,ENTERTAINMENT,GB,CREDIT_CARD,2.0,252,931,1,MERCHANT_ANOMALY,1.5441658200324728,2.0,1.7720829100162363
CUST_00136,1019.58,Parker-Rodriguez,TRAVEL,US,NET_BANKING,2.0,481,789,1,MERCHANT_ANOMALY,1.49363843454949,2.0,1.746819217274745
CUST_00639,1424.54,"Schmidt, Martinez and Sims",HEALTHCARE,CN,CREDIT_CARD,2.0,432,1138,1,MERCHANT_ANOMALY,1.491930500717405,2.0,1.7459652503587026
CUST_00099,1409.22,Lucas-Thomas,ENTERTAINMENT,GB,NET_BANKING,3.0,748,594,1,PAYMENT_METHOD_ABUSE,1.1165233926236977,1.5,1.308261696311849
CUST_00167,2778.28,Griffin-Green,GROCERY,CN,CREDIT_CARD,2.0,272,868,1,PAYMENT_METHOD_ABUSE,1.1470613128771288,2.0,1.5735306564385645
CUST_00277,1430.06,"Sanchez, Gordon and Gonzalez",OTHER,GB,CREDIT_CARD,2.0,953,1212,1,MERCHANT_ANOMALY,1.2658422808989758,2.0,1.632921140449488
CUST_00509,1199.77,Martinez LLC,ENTERTAINMENT,CN,CREDIT_CARD,2.0,882,1809,1,MERCHANT_ANOMALY,1.2682222985650484,2.0,1.6341111492825242
CUST_00508,858.64,Sanchez Ltd,OTHER,GB,CREDIT_CARD,2.5,336,1267,1,MERCHANT_ANOMALY,1.6096733373951353,1.6666666666666667,1.638170002030901
CUST_00119,2063.64,Tanner PLC,OTHER,NG,NET_BANKING,2.5,776,2177,1,MERCHANT_ANOMALY,1.445328477377784,1.6666666666666667,1.5559975720222252
CUST_00859,1966.46,Patterson LLC,TRAVEL,GB,DEBIT_CARD,2.0,700,2389,1,MERCHANT_ANOMALY,1.302433709643769,2.0,1.6512168548218846
CUST_00240,861.5,Travis-Hobbs,HEALTHCARE,IN,WALLET,2.5,941,289,1,MERCHANT_ANOMALY,1.2685721017213707,1.6666666666666667,1.4676193841940188
CUST_00772,927.68,Espinoza-Snyder,FOOD,US,UPI,2.0,946,2154,1,MERCHANT_ANOMALY,1.589391265612418,2.0,1.7946956328062091
CUST_00114,732.97,Griffith and Sons,OTHER,GB,DEBIT_CARD,2.0,137,2054,1,PAYMENT_METHOD_ABUSE,1.2153071968032632,2.0,1.6076535984016316
CUST_00500,1226.61,Key-Williams,FOOD,GB,CREDIT_CARD,2.0,604,1970,1,PAYMENT_METHOD_ABUSE,1.3352455804232342,2.0,1.6676227902116172
CUST_00716,3996.44,"Mitchell, Trevino and Booth",ECOMMERCE,NG,DEBIT_CARD,2.5,407,750,1,PAYMENT_METHOD_ABUSE,1.4633721228277028,1.6666666666666667,1.5650193947471849
CUST_00946,2339.8,Hernandez-Li,ECOMMERCE,NG,UPI,2.0,390,326,1,PAYMENT_METHOD_ABUSE,1.1680807142874974,2.0,1.5840403571437487
CUST_00584,1184.02,"Hammond, Novak and Price",HEALTHCARE,CN,UPI,2.0,142,2486,1,PAYMENT_METHOD_ABUSE,1.5277578854329972,2.0,1.7638789427164987
CUST_00994,1404.04,Gray-Norman,OTHER,GB,DEBIT_CARD,3.0,317,2009,1,MERCHANT_ANOMALY,1.2477360988918216,1.5,1.3738680494459108
CUST_00312,1020.57,Chung-Mills,TRAVEL,US,NET_BANKING,2.0,774,1710,1,PAYMENT_METHOD_ABUSE,1.5993261508325172,2.0,1.7996630754162586
CUST_00907,1218.34,"Watson, Hardy and Patel",FOOD,GB,CREDIT_CARD,4.0,588,1226,1,MERCHANT_ANOMALY,1.3207725121822982,1.3333333333333333,1.3270529227578156
CUST_00130,1307.78,"Campos, Smith and Anderson",TRAVEL,NG,UPI,2.0,626,2095,1,MERCHANT_ANOMALY,1.4134723986057447,2.0,1.7067361993028722
CUST_00477,1008.42,Gallegos LLC,OTHER,US,CREDIT_CARD,3.0,248,2361,1,PAYMENT_METHOD_ABUSE,1.1103256920129485,3.0,2.055162846006474
CUST_00380,1173.52,Butler Ltd,TRAVEL,US,DEBIT_CARD,3.0,401,1621,1,PAYMENT_METHOD_ABUSE,1.1797372151237018,1.5,1.3398686075618509
CUST_00119,2437.45,"Kelly, King and Potter",FOOD,NG,NET_BANKING,2.5,776,2177,1,MERCHANT_ANOMALY,1.7071368539011065,1.6666666666666667,1.6869017602838867
CUST_00681,2577.95,"Garcia, Kim and Reed",HEALTHCARE,IN,CREDIT_CARD,2.0,349,1209,1,PAYMENT_METHOD_ABUSE,1.3303076589640117,2.0,1.665153829482006
CUST_00483,2981.75,Lewis PLC,GROCERY,NG,DEBIT_CARD,2.0,222,1815,1,PAYMENT_METHOD_ABUSE,1.290792484031489,2.0,1.6453962420157446
CUST_00128,1322.9,Patel Inc,TRAVEL,GB,WALLET,2.0,291,2303,1,PAYMENT_METHOD_ABUSE,1.367847467791633,2.0,1.6839237338958166
CUST_00678,1983.29,Lewis-Fisher,EDUCATION,NG,UPI,2.0,567,772,1,PAYMENT_METHOD_ABUSE,1.2823548428811586,2.0,1.6411774214405792
CUST_00650,1611.79,Nguyen LLC,OTHER,IN,WALLET,2.0,126,1187,1,PAYMENT_METHOD_ABUSE,1.4452145688001004,2.0,1.7226072844000502
CUST_00625,1304.3,"Smith, Frye and Wang",HEALTHCARE,GB,DEBIT_CARD,2.0,888,2124,1,PAYMENT_METHOD_ABUSE,1.3763883392692255,2.0,1.6881941696346128
CUST_00389,3748.82,"Baker, Graves and Carrillo",FOOD,IN,CREDIT_CARD,2.0,165,569,1,PAYMENT_METHOD_ABUSE,1.3756683265506826,2.0,1.6878341632753413
CUST_00759,2174.51,Evans Group,FOOD,IN,NET_BANKING,2.0,600,205,1,MERCHANT_ANOMALY,1.7725201542236244,2.0,1.886260077111812
CUST_00051,722.47,Herman-Snyder,OTHER,IN,UPI,2.0,115,347,1,MERCHANT_ANOMALY,1.566143874443156,2.0,1.783071937221578
CUST_00610,11737.55,Wade-Miller,FOOD,GB,UPI,2.0,404,1199,1,MERCHANT_ANOMALY,1.5486232649391207,2.0,1.7743116324695605
CUST_00253,1456.08,"Morris, Moon and Bishop",HEALTHCARE,IN,WALLET,3.0,382,2278,1,PAYMENT_METHOD_ABUSE,1.125028974085578,1.5,1.312514487042789
CUST_00096,1091.0,Williams Ltd,ENTERTAINMENT,CN,WALLET,2.0,427,612,1,PAYMENT_METHOD_ABUSE,1.2396952463198323,2.0,1.6198476231599162
CUST_00015,3080.36,"Mcgrath, Carpenter and Jenkins",TRAVEL,CN,NET_BANKING,2.0,401,2145,1,MERCHANT_ANOMALY,1.6913392138937162,2.0,1.845669606946858
CUST_00191,1287.34,Wiley-Phillips,ECOMMERCE,IN,NET_BANKING,4.0,401,2334,1,PAYMENT_METHOD_ABUSE,1.15548733967023,1.3333333333333333,1.2444103365017816
CUST_00130,1377.09,Kelly and Sons,GROCERY,NG,DEBIT_CARD,2.0,626,2095,1,PAYMENT_METHOD_ABUSE,1.4883839066173097,2.0,1.7441919533086547
CUST_00500,1376.17,King Ltd,FOOD,GB,CREDIT_CARD,2.0,604,1970,1,PAYMENT_METHOD_ABUSE,1.4980514673865717,2.0,1.7490257336932855
CUST_00768,1447.87,"Salazar, Barber and Kelly",OTHER,GB,CREDIT_CARD,2.0,630,2189,1,MERCHANT_ANOMALY,1.7046098059183996,2.0,1.8523049029592
CUST_00766,575.11,Floyd and Sons,OTHER,US,CREDIT_CARD,2.5,909,493,1,PAYMENT_METHOD_ABUSE,1.3485198428981768,1.6666666666666667,1.5075932547824218
CUST_00021,2501.87,Bennett-Stevenson,ECOMMERCE,IN,NET_BANKING,2.0,198,2052,1,MERCHANT_ANOMALY,1.3802735312453451,2.0,1.690136765622673
CUST_00724,2843.55,Rodriguez LLC,ECOMMERCE,NG,CREDIT_CARD,3.0,902,964,1,PAYMENT_METHOD_ABUSE,1.2285621085876863,1.5,1.3642810542938433
CUST_00711,1295.26,Green-Thompson,OTHER,GB,UPI,2.0,196,1165,1,MERCHANT_ANOMALY,1.5064140585929775,2.0,1.7532070292964888
CUST_00103,743.28,"Mendoza, Schmitt and Kelley",EDUCATION,IN,UPI,3.0,373,1443,1,PAYMENT_METHOD_ABUSE,1.1046823562633294,3.0,2.0523411781316647
CUST_00134,1292.19,Olson-Small,FOOD,GB,CREDIT_CARD,2.0,615,2490,1,MERCHANT_ANOMALY,1.6060129630435187,2.0,1.8030064815217592
CUST_00908,4794.43,Shelton-Navarro,EDUCATION,GB,CREDIT_CARD,2.0,949,2310,1,MERCHANT_ANOMALY,1.5970440346894557,2.0,1.7985220173447278
CUST_00711,1034.47,"Gibson, Gonzalez and Winters",TRAVEL,GB,CREDIT_CARD,2.0,196,1165,1,PAYMENT_METHOD_ABUSE,1.2031099170766315,2.0,1.6015549585383158
CUST_00500,1274.58,Blair-Johnson,FOOD,GB,CREDIT_CARD,2.0,604,1970,1,PAYMENT_METHOD_ABUSE,1.3874640773317075,2.0,1.693732038665854
CUST_00126,4064.2,"Walsh, Perry and Stanley",TRAVEL,US,CREDIT_CARD,2.0,921,717,1,PAYMENT_METHOD_ABUSE,1.1969212600628176,2.0,1.5984606300314088
CUST_00200,1660.33,"Davila, Parks and Ramirez",ENTERTAINMENT,CN,CREDIT_CARD,2.5,638,1526,1,MERCHANT_ANOMALY,1.5086640073419166,1.6666666666666667,1.5876653370042917
CUST_00979,3087.95,"Simmons, Walsh and Foley",ENTERTAINMENT,GB,WALLET,3.5,531,1409,1,PAYMENT_METHOD_ABUSE,1.1481246003063696,1.4,1.2740623001531848
CUST_00789,1175.87,Garcia-Rojas,HEALTHCARE,IN,DEBIT_CARD,4.0,731,781,1,MERCHANT_ANOMALY,1.2702907083517885,1.3333333333333333,1.3018120208425608
CUST_00522,3907.12,"Johnson, Nguyen and Martinez",EDUCATION,US,NET_BANKING,4.0,467,2343,1,PAYMENT_METHOD_ABUSE,1.1117143263622136,2.0,1.555857163181107
CUST_00682,2719.28,Cannon-Herring,GROCERY,NG,UPI,2.0,950,2229,1,PAYMENT_METHOD_ABUSE,1.274550976789531,2.0,1.6372754883947656
CUST_00060,501.46,"Williams, Becker and Hebert",FOOD,US,DEBIT_CARD,3.0,228,551,1,PAYMENT_METHOD_ABUSE,1.1166508935033124,3.0,2.058325446751656
CUST_00698,1652.58,"Mejia, Wagner and Johns",ECOMMERCE,GB,WALLET,2.0,789,1410,1,MERCHANT_ANOMALY,1.672254069123235,2.0,1.8361270345616172
CUST_00387,2917.58,Sparks Group,HEALTHCARE,GB,UPI,2.0,569,2273,1,PAYMENT_METHOD_ABUSE,1.1002324849111071,2.0,1.5501162424555537
CUST_00916,1049.99,Leonard-Burns,EDUCATION,NG,UPI,3.5,223,728,1,MERCHANT_ANOMALY,1.2227812132434288,1.4,1.3113906066217145
CUST_00230,899.96,Gonzalez-Stevenson,GROCERY,GB,UPI,2.0,542,184,1,PAYMENT_METHOD_ABUSE,1.3997791361423482,2.0,1.699889568071174
CUST_00024,1527.48,Murphy PLC,TRAVEL,NG,WALLET,2.5,784,584,1,MERCHANT_ANOMALY,1.2916777655161915,1.6666666666666667,1.4791722160914291
CUST_00910,563.34,Pena-Walker,OTHER,US,WALLET,3.0,738,2477,1,MERCHANT_ANOMALY,1.207963890169506,1.5,1.353981945084753
CUST_00799,1898.56,"Price, Jones and Hall",ECOMMERCE,NG,DEBIT_CARD,3.0,108,1803,1,MERCHANT_ANOMALY,1.31645148317131,1.5,1.408225741585655
CUST_00484,1098.83,Johnson-Holmes,FOOD,GB,CREDIT_CARD,2.0,515,277,1,PAYMENT_METHOD_ABUSE,1.220996838695698,2.0,1.610498419347849
CUST_00073,544.91,Mcdaniel PLC,ENTERTAINMENT,US,CREDIT_CARD,2.0,933,1771,1,MERCHANT_ANOMALY,1.416601674205792,2.0,1.708300837102896
CUST_00256,2357.66,Calderon Inc,OTHER,IN,DEBIT_CARD,2.0,405,1787,1,PAYMENT_METHOD_ABUSE,1.5966058767361695,2.0,1.7983029383680849
CUST_00912,2981.55,"Barrett, Zimmerman and Williams",EDUCATION,IN,DEBIT_CARD,2.0,500,1272,1,PAYMENT_METHOD_ABUSE,1.536275643882696,2.0,1.768137821941348
CUST_00064,959.65,"Harper, Tran and Brown",EDUCATION,NG,NET_BANKING,2.0,333,2307,1,PAYMENT_METHOD_ABUSE,1.506905242331216,2.0,1.753452621165608
CUST_00790,1121.33,Jordan-Ware,TRAVEL,NG,UPI,2.0,591,2065,1,MERCHANT_ANOMALY,1.3517736053765708,2.0,1.6758868026882854
CUST_00981,4256.94,Burns Ltd,OTHER,GB,CREDIT_CARD,2.0,427,977,1,MERCHANT_ANOMALY,1.530502624577551,2.0,1.7652513122887754
CUST_00198,1921.56,Parker Inc,HEALTHCARE,IN,NET_BANKING,2.0,956,1347,1,PAYMENT_METHOD_ABUSE,1.1857346049063135,2.0,1.5928673024531568
CUST_00667,1046.61,Campbell PLC,FOOD,CN,CREDIT_CARD,2.0,924,2148,1,MERCHANT_ANOMALY,1.3914725590299934,2.0,1.6957362795149966
CUST_00696,1958.27,Bray-Duncan,GROCERY,GB,CREDIT_CARD,2.0,360,2342,1,PAYMENT_METHOD_ABUSE,1.2913344807348646,2.0,1.6456672403674322
CUST_00105,1674.82,"Lindsey, House and Avila",ECOMMERCE,CN,UPI,2.0,138,1788,1,MERCHANT_ANOMALY,1.253955062405007,2.0,1.6269775312025037
CUST_00119,2237.92,Price Ltd,FOOD,NG,NET_BANKING,2.5,776,2177,1,MERCHANT_ANOMALY,1.567390390811038,1.6666666666666667,1.6170285287388524
CUST_00520,2648.16,"Harris, Wilson and Duffy",GROCERY,NG,UPI,2.0,556,1556,1,PAYMENT_METHOD_ABUSE,1.4101258812754265,2.0,1.7050629406377134
CUST_00270,2230.59,Simon and Sons,EDUCATION,US,NET_BANKING,2.0,532,1325,1,MERCHANT_ANOMALY,1.7473512696280222,2.0,1.8736756348140111
CUST_00296,2981.23,Adams Inc,OTHER,IN,UPI,2.0,499,934,1,MERCHANT_ANOMALY,1.2387776895939897,2.0,1.6193888447969949
CUST_00261,2624.03,Nelson Group,TRAVEL,CN,NET_BANKING,2.0,740,2448,1,MERCHANT_ANOMALY,1.3822433278813309,2.0,1.6911216639406654
CUST_00134,1113.26,"Holmes, Hodges and Smith",HEALTHCARE,GB,DEBIT_CARD,2.0,615,2490,1,PAYMENT_METHOD_ABUSE,1.383627787893288,2.0,1.691813893946644
CUST_00594,3742.66,"Steele, Smith and Werner",TRAVEL,CN,WALLET,2.0,852,597,1,PAYMENT_METHOD_ABUSE,1.5459436462057328,2.0,1.7729718231028664
CUST_00203,2136.27,Norman-Nguyen,EDUCATION,CN,UPI,2.0,545,806,1,PAYMENT_METHOD_ABUSE,1.2625485363734683,2.0,1.6312742681867345
CUST_00617,9238.14,Davis-Lee,OTHER,GB,UPI,2.0,313,2142,1,PAYMENT_METHOD_ABUSE,1.5244971158265257,2.0,1.7622485579132627
CUST_00395,1335.71,Colon-Wyatt,TRAVEL,US,WALLET,2.0,784,1517,1,PAYMENT_METHOD_ABUSE,1.4926051950809325,2.0,1.746302597540466
CUST_00124,718.36,Henderson-Adams,HEALTHCARE,NG,DEBIT_CARD,4.0,501,649,1,PAYMENT_METHOD_ABUSE,1.2396845393204134,1.3333333333333333,1.2865089363268734
CUST_00553,947.55,Pierce-Olson,TRAVEL,CN,NET_BANKING,2.0,250,294,1,MERCHANT_ANOMALY,1.3584264588873671,2.0,1.6792132294436837
CUST_00076,897.62,"Fowler, Wright and Joyce",OTHER,IN,WALLET,2.0,686,502,1,MERCHANT_ANOMALY,1.390914936971697,2.0,1.6954574684858486
CUST_00783,1298.27,Guerrero-Alvarado,FOOD,US,WALLET,2.0,658,1008,1,MERCHANT_ANOMALY,1.5828796810514574,2.0,1.7914398405257286
CUST_00645,1322.03,Perkins-Shaw,TRAVEL,US,WALLET,2.5,339,2394,1,MERCHANT_ANOMALY,1.48559388695359,1.6666666666666667,1.5761302768101284
CUST_00883,1040.62,"Long, Turner and Short",TRAVEL,IN,NET_BANKING,2.0,978,385,1,PAYMENT_METHOD_ABUSE,1.1940082727601298,2.0,1.5970041363800649
CUST_00228,2454.02,Morales Group,FOOD,GB,UPI,2.0,901,149,1,MERCHANT_ANOMALY,1.4799657451633137,2.0,1.7399828725816566
CUST_00070,4867.57,Rose Inc,ECOMMERCE,GB,DEBIT_CARD,4.0,451,1724,1,PAYMENT_METHOD_ABUSE,1.113543166763702,2.0,1.5567715833818512
CUST_00546,1663.19,Bell-Hall,HEALTHCARE,IN,CREDIT_CARD,2.0,483,636,1,MERCHANT_ANOMALY,1.791690007325376,2.0,1.895845003662688
CUST_00516,2876.42,"Williams, Ortiz and Powers",OTHER,NG,CREDIT_CARD,2.0,539,1637,1,PAYMENT_METHOD_ABUSE,1.5936860243173387,2.0,1.7968430121586694
CUST_00951,1604.56,Ortega-Ryan,EDUCATION,CN,WALLET,3.0,699,1401,1,PAYMENT_METHOD_ABUSE,1.1363256518844809,1.5,1.3181628259422404
CUST_00231,385.92,"Mason, Hartman and Haley",EDUCATION,CN,UPI,2.0,311,1161,1,MERCHANT_ANOMALY,1.3875525833243447,2.0,1.6937762916621724
CUST_00996,4925.79,"Joseph, Parsons and Robinson",TRAVEL,IN,UPI,2.0,792,1393,1,PAYMENT_METHOD_ABUSE,1.213233827169616,2.0,1.606616913584808
CUST_00238,840.92,"Wood, Smith and Coleman",HEALTHCARE,US,NET_BANKING,2.0,253,1897,1,MERCHANT_ANOMALY,1.7291495311728902,2.0,1.864574765586445
CUST_00506,1944.05,Townsend Inc,FOOD,NG,NET_BANKING,2.0,284,1359,1,PAYMENT_METHOD_ABUSE,1.295122430557175,2.0,1.6475612152785877
CUST_00185,1676.42,"Preston, Koch and Simpson",EDUCATION,GB,NET_BANKING,2.5,120,2250,1,MERCHANT_ANOMALY,1.2240662991493556,1.6666666666666667,1.4453664829080113
CUST_00100,4337.71,"Smith, Norman and Hall",ENTERTAINMENT,CN,WALLET,3.0,437,1733,1,MERCHANT_ANOMALY,1.2075307296473068,1.5,1.3537653648236534
CUST_00184,1127.93,Pruitt-Brown,FOOD,IN,NET_BANKING,2.0,727,2048,1,PAYMENT_METHOD_ABUSE,1.4566716602954852,2.0,1.7283358301477425
CUST_00668,710.22,Small-Marks,FOOD,CN,CREDIT_CARD,3.5,526,1727,1,PAYMENT_METHOD_ABUSE,1.292295935077696,1.4,1.346147967538848
CUST_00302,3706.18,"Chung, Lucero and Long",TRAVEL,US,DEBIT_CARD,2.0,603,784,1,MERCHANT_ANOMALY,1.5243614527207665,2.0,1.7621807263603833
CUST_00319,2856.76,Olson-Nelson,TRAVEL,US,DEBIT_CARD,2.0,986,521,1,MERCHANT_ANOMALY,1.3017579993985071,2.0,1.6508789996992537
CUST_00679,3675.9,"Warren, Ford and Harper",EDUCATION,NG,DEBIT_CARD,2.5,161,1753,1,PAYMENT_METHOD_ABUSE,1.1333180205858824,1.6666666666666667,1.399992343626275
CUST_00337,1071.98,Williams-Richardson,ENTERTAINMENT,IN,DEBIT_CARD,2.0,715,572,1,PAYMENT_METHOD_ABUSE,1.148474118674302,2.0,1.5742370593371509
CUST_00600,1448.24,Phillips-Griffith,TRAVEL,CN,NET_BANKING,2.0,887,935,1,MERCHANT_ANOMALY,1.2437863927583777,2.0,1.621893196379189
CUST_00955,3276.95,Gardner PLC,FOOD,CN,WALLET,2.0,221,2151,1,PAYMENT_METHOD_ABUSE,1.1211872380463603,2.0,1.5605936190231802
CUST_00512,1838.96,Rodriguez-Dixon,EDUCATION,US,NET_BANKING,2.0,187,2131,1,PAYMENT_METHOD_ABUSE,1.2288200998980972,2.0,1.6144100499490486
CUST_00981,5000.54,Barnes-Hughes,EDUCATION,GB,CREDIT_CARD,2.0,427,977,1,MERCHANT_ANOMALY,1.797850003595312,2.0,1.898925001797656
CUST_00927,1000.73,Berg-Smith,TRAVEL,NG,UPI,2.0,847,1609,1,MERCHANT_ANOMALY,1.6494779089987557,2.0,1.8247389544993775
CUST_00610,9725.89,"Cooper, Spears and Day",TRAVEL,GB,UPI,2.0,404,1199,1,MERCHANT_ANOMALY,1.2832098288176617,2.0,1.641604914408831
CUST_00175,700.76,Navarro PLC,TRAVEL,CN,CREDIT_CARD,2.5,176,781,1,MERCHANT_ANOMALY,1.3276621543533245,1.6666666666666667,1.4971644105099955
CUST_00943,928.9,Williams and Sons,HEALTHCARE,CN,CREDIT_CARD,3.0,660,971,1,PAYMENT_METHOD_ABUSE,1.1252301579610426,1.5,1.312615078980521
CUST_00869,2627.12,"Benson, Reyes and Allison",OTHER,IN,WALLET,2.5,276,1397,1,PAYMENT_METHOD_ABUSE,1.273390884546966,1.6666666666666667,1.4700287756068162
CUST_00620,551.83,"Harris, Castillo and Carter",HEALTHCARE,US,UPI,2.0,864,1472,1,MERCHANT_ANOMALY,1.2991724641263789,2.0,1.649586232063189
CUST_00971,1734.96,"Barker, Robinson and Dean",HEALTHCARE,US,NET_BANKING,2.0,472,415,1,MERCHANT_ANOMALY,1.5937095248155937,2.0,1.7968547624077968
CUST_00900,4952.37,Grant-Perez,HEALTHCARE,IN,WALLET,2.0,445,782,1,PAYMENT_METHOD_ABUSE,1.2629650173096418,2.0,1.631482508654821
CUST_00239,2028.68,Taylor Ltd,TRAVEL,NG,UPI,3.0,833,1185,1,PAYMENT_METHOD_ABUSE,1.2396380101557585,1.5,1.3698190050778791
CUST_00187,1636.37,"Maynard, Daniel and Reed",FOOD,CN,NET_BANKING,2.0,951,110,1,PAYMENT_METHOD_ABUSE,1.5563650543796157,2.0,1.778182527189808
CUST_00019,3261.38,Harvey Group,ECOMMERCE,GB,NET_BANKING,2.0,548,227,1,MERCHANT_ANOMALY,1.5935405851096318,2.0,1.796770292554816
CUST_00901,2724.31,Wilkinson and Sons,FOOD,CN,DEBIT_CARD,2.0,754,1181,1,PAYMENT_METHOD_ABUSE,1.5521674600393696,2.0,1.7760837300196848
CUST_00513,3493.7,"Hall, Griffin and Clark",ENTERTAINMENT,IN,NET_BANKING,2.5,290,661,1,MERCHANT_ANOMALY,1.697219071307296,1.6666666666666667,1.6819428689869813
CUST_00525,3504.28,Guerrero Ltd,EDUCATION,NG,UPI,2.5,546,498,1,PAYMENT_METHOD_ABUSE,1.1582884218424372,1.6666666666666667,1.412477544254552
CUST_00806,2291.98,Webb LLC,FOOD,CN,DEBIT_CARD,2.0,579,1534,1,MERCHANT_ANOMALY,1.7217591844860032,2.0,1.8608795922430013
CUST_00596,7539.86,Pugh-Delacruz,OTHER,US,CREDIT_CARD,2.0,193,1622,1,MERCHANT_ANOMALY,1.3648534655974514,2.0,1.6824267327987257
CUST_00487,1972.45,Murphy-Williams,OTHER,CN,DEBIT_CARD,3.0,924,2073,1,PAYMENT_METHOD_ABUSE,1.147757524621405,1.5,1.3238787623107025
CUST_00357,3774.53,"Moore, Nichols and Acosta",TRAVEL,CN,DEBIT_CARD,2.0,498,1373,1,MERCHANT_ANOMALY,1.3356771045284206,2.0,1.6678385522642103
CUST_00443,1529.9,Adams-Crawford,OTHER,GB,DEBIT_CARD,2.0,578,2058,1,PAYMENT_METHOD_ABUSE,1.2484291612945344,2.0,1.6242145806472672
CUST_00175,641.96,"Thompson, Wong and Mendez",GROCERY,CN,CREDIT_CARD,2.5,176,781,1,MERCHANT_ANOMALY,1.2162594848573838,1.6666666666666667,1.4414630757620253
CUST_00015,3015.53,Smith Group,ECOMMERCE,CN,NET_BANKING,2.0,401,2145,1,MERCHANT_ANOMALY,1.6557428805960726,2.0,1.8278714402980365
CUST_00778,876.4,Robinson-Luna,TRAVEL,US,DEBIT_CARD,2.5,496,1990,1,MERCHANT_ANOMALY,1.3319553785829357,1.6666666666666667,1.4993110226248012
CUST_00573,1553.44,Suarez Group,EDUCATION,IN,NET_BANKING,2.0,971,841,1,PAYMENT_METHOD_ABUSE,1.534739202813715,2.0,1.7673696014068576
CUST_00211,1983.31,Vargas-Grant,FOOD,IN,DEBIT_CARD,2.0,121,1999,1,MERCHANT_ANOMALY,1.622226675445879,2.0,1.81111333772294
CUST_00530,1527.44,"Jordan, Elliott and Gibson",FOOD,CN,DEBIT_CARD,2.0,776,2445,1,PAYMENT_METHOD_ABUSE,1.3255288221638863,2.0,1.6627644110819433
CUST_00989,635.58,"Gonzales, Mays and Boyd",FOOD,US,WALLET,2.0,231,234,1,PAYMENT_METHOD_ABUSE,1.2218462839786226,2.0,1.6109231419893113
CUST_00354,1821.3,Krause-Ramos,HEALTHCARE,CN,CREDIT_CARD,2.0,738,2317,1,MERCHANT_ANOMALY,1.275254956465724,2.0,1.637627478232862
CUST_00469,4355.81,Ramirez PLC,OTHER,US,UPI,2.0,375,2381,1,MERCHANT_ANOMALY,1.5787726283397705,2.0,1.7893863141698851
CUST_00007,1921.31,Alvarado-Dixon,GROCERY,GB,DEBIT_CARD,3.5,572,2455,1,PAYMENT_METHOD_ABUSE,1.1016148868891138,2.333333333333333,1.7174741101112236
CUST_00260,2829.43,Cooper-Rocha,ECOMMERCE,GB,WALLET,3.0,962,1777,1,PAYMENT_METHOD_ABUSE,1.2209264944799123,1.5,1.3604632472399565
CUST_00780,2644.96,Brown-Dodson,EDUCATION,GB,NET_BANKING,2.0,881,1508,1,PAYMENT_METHOD_ABUSE,1.1226175848289417,2.0,1.5613087924144708
CUST_00956,2386.54,Robinson Inc,HEALTHCARE,NG,UPI,2.5,155,1253,1,MERCHANT_ANOMALY,1.7629039227925287,1.6666666666666667,1.7147852947295976
CUST_00791,3483.14,Harris and Sons,HEALTHCARE,GB,UPI,2.0,192,2238,1,MERCHANT_ANOMALY,1.6654864167660834,2.0,1.8327432083830415
CUST_00613,890.76,"Hernandez, Garza and Wilson",HEALTHCARE,CN,WALLET,2.0,256,235,1,PAYMENT_METHOD_ABUSE,1.1240441157913332,2.0,1.5620220578956667
CUST_00439,2779.25,Morrison PLC,GROCERY,NG,DEBIT_CARD,2.5,191,965,1,MERCHANT_ANOMALY,1.7791925535422208,1.6666666666666667,1.7229296101044438
CUST_00813,3183.89,Archer LLC,GROCERY,GB,CREDIT_CARD,2.0,337,1597,1,MERCHANT_ANOMALY,1.60167920537064,2.0,1.80083960268532
CUST_00427,2079.56,"Castillo, Brown and Randall",HEALTHCARE,CN,UPI,3.0,880,1774,1,MERCHANT_ANOMALY,1.2272700447340157,1.5,1.3636350223670075
CUST_00935,1697.14,Martin-Wagner,ECOMMERCE,IN,CREDIT_CARD,2.0,841,972,1,PAYMENT_METHOD_ABUSE,1.1621579979936112,2.0,1.5810789989968057
CUST_00374,1506.93,"Byrd, Meyer and Dixon",TRAVEL,CN,CREDIT_CARD,2.0,164,1704,1,PAYMENT_METHOD_ABUSE,1.211261152640463,2.0,1.6056305763202317
CUST_00028,2480.15,Smith-Smith,ENTERTAINMENT,US,UPI,2.5,499,745,1,PAYMENT_METHOD_ABUSE,1.565978645889239,1.6666666666666667,1.616322656277953
CUST_00241,2506.54,Conway-Gomez,HEALTHCARE,CN,CREDIT_CARD,2.0,896,2047,1,MERCHANT_ANOMALY,1.5695352834542375,2.0,1.7847676417271188
CUST_00156,1369.4,"Walker, Rivera and Hunt",OTHER,IN,UPI,3.0,594,862,1,PAYMENT_METHOD_ABUSE,1.1874010968762871,1.5,1.3437005484381437
CUST_00380,1103.33,Cox Ltd,TRAVEL,US,DEBIT_CARD,4.0,401,1621,1,PAYMENT_METHOD_ABUSE,1.1091753541161922,2.0,1.554587677058096
CUST_00684,1705.7,Bender-Smith,ECOMMERCE,IN,DEBIT_CARD,3.0,1000,1178,1,MERCHANT_ANOMALY,1.231587915896488,1.5,1.365793957948244
CUST_00555,798.57,Daniels LLC,ENTERTAINMENT,US,UPI,2.0,605,1048,1,MERCHANT_ANOMALY,1.4908150692603517,2.0,1.7454075346301758
CUST_00685,4113.17,Hess Group,ECOMMERCE,CN,WALLET,2.0,586,801,1,MERCHANT_ANOMALY,1.5695348065159904,2.0,1.7847674032579952
CUST_00006,2575.09,"Villanueva, Duffy and Mills",TRAVEL,GB,NET_BANKING,2.0,997,2293,1,MERCHANT_ANOMALY,1.7613414454806926,2.0,1.8806707227403463
CUST_00349,1284.95,Coffey-Crawford,ECOMMERCE,IN,DEBIT_CARD,2.0,500,2002,1,PAYMENT_METHOD_ABUSE,1.448736956632035,2.0,1.7243684783160176
CUST_00056,2176.31,Mcintyre-Parks,EDUCATION,CN,UPI,2.0,853,1120,1,MERCHANT_ANOMALY,1.4974283817210403,2.0,1.7487141908605204
CUST_00679,4163.33,Woods-Bass,HEALTHCARE,NG,CREDIT_CARD,2.5,161,1753,1,MERCHANT_ANOMALY,1.283597735152159,1.6666666666666667,1.475132200909413
CUST_00831,1505.86,Hatfield PLC,TRAVEL,GB,DEBIT_CARD,2.5,571,2033,1,MERCHANT_ANOMALY,1.3358823320677051,1.6666666666666667,1.5012744993671858
CUST_00444,6595.95,"Barnett, Williams and Lyons",GROCERY,US,CREDIT_CARD,2.0,874,890,1,MERCHANT_ANOMALY,1.4439011896513791,2.0,1.7219505948256897
CUST_00800,2265.75,Fernandez and Sons,ENTERTAINMENT,CN,DEBIT_CARD,2.5,441,1037,1,PAYMENT_METHOD_ABUSE,1.3039349687072872,1.6666666666666667,1.4853008176869769
CUST_00360,1103.61,Dennis-Fox,OTHER,IN,NET_BANKING,4.0,279,2327,1,PAYMENT_METHOD_ABUSE,1.138246851697144,1.3333333333333333,1.2357900925152387
CUST_00837,546.72,Cuevas-Jones,HEALTHCARE,US,DEBIT_CARD,3.0,966,597,1,PAYMENT_METHOD_ABUSE,1.115925907026586,1.5,1.307962953513293
CUST_00737,1297.17,Stewart LLC,OTHER,GB,WALLET,2.0,110,1871,1,PAYMENT_METHOD_ABUSE,1.4752554632457056,2.0,1.7376277316228528
CUST_00600,1652.46,Clay-Chase,GROCERY,CN,DEBIT_CARD,2.0,887,935,1,PAYMENT_METHOD_ABUSE,1.4191758704203097,2.0,1.7095879352101546
CUST_00249,2462.39,Braun Group,OTHER,US,DEBIT_CARD,2.0,665,1514,1,MERCHANT_ANOMALY,1.306512159727915,2.0,1.6532560798639575
CUST_00587,5447.55,Pearson LLC,ENTERTAINMENT,IN,DEBIT_CARD,2.0,693,1260,1,MERCHANT_ANOMALY,1.6146103482309844,2.0,1.807305174115492
CUST_00760,2433.23,Davis LLC,GROCERY,US,DEBIT_CARD,3.0,880,97,1,PAYMENT_METHOD_ABUSE,1.1739648567541228,1.5,1.3369824283770613
CUST_00781,3119.98,"Campbell, Waters and Malone",ECOMMERCE,US,UPI,3.0,427,1984,1,PAYMENT_METHOD_ABUSE,1.2062975321004792,1.5,1.3531487660502397
CUST_00071,2052.39,"Stephens, Doyle and Orozco",HEALTHCARE,GB,CREDIT_CARD,3.0,568,913,1,PAYMENT_METHOD_ABUSE,1.2429461674024818,1.5,1.371473083701241
CUST_00881,2236.93,Brown-Michael,ECOMMERCE,GB,WALLET,2.0,497,302,1,PAYMENT_METHOD_ABUSE,1.3834298631060424,2.0,1.691714931553021
CUST_00855,755.43,Stanton-Abbott,GROCERY,US,WALLET,2.0,234,1943,1,PAYMENT_METHOD_ABUSE,1.4370529599756503,2.0,1.7185264799878253
CUST_00811,1310.46,"Kelly, Armstrong and Bowen",FOOD,GB,WALLET,2.0,540,628,1,PAYMENT_METHOD_ABUSE,1.4695539058469955,2.0,1.734776952923498
CUST_00340,1866.57,Miller Ltd,HEALTHCARE,US,CREDIT_CARD,4.0,216,359,1,PAYMENT_METHOD_ABUSE,1.108059173424199,2.0,1.5540295867120997
CUST_00087,1843.35,"Miller, Schultz and Harris",GROCERY,IN,NET_BANKING,2.5,731,2074,1,MERCHANT_ANOMALY,1.6533695696045851,1.6666666666666667,1.660018118135626
CUST_00468,2363.89,"Hamilton, Rodriguez and Armstrong",HEALTHCARE,GB,UPI,2.5,418,1897,1,PAYMENT_METHOD_ABUSE,1.3412940912791966,1.6666666666666667,1.5039803789729316
CUST_00499,927.24,Wheeler Ltd,OTHER,NG,NET_BANKING,2.0,373,1875,1,MERCHANT_ANOMALY,1.4137449971412237,2.0,1.7068724985706116
CUST_00787,4841.1,"Livingston, Morrison and Lopez",ENTERTAINMENT,US,WALLET,2.0,543,2056,1,MERCHANT_ANOMALY,1.6271265055482829,2.0,1.8135632527741412
CUST_00637,3567.91,"Ellis, Williamson and Brooks",TRAVEL,IN,UPI,2.0,813,1810,1,MERCHANT_ANOMALY,1.2755724222008111,2.0,1.6377862111004056
CUST_00037,1631.81,"Williams, Molina and Whitehead",ECOMMERCE,US,UPI,2.0,264,173,1,PAYMENT_METHOD_ABUSE,1.2571144631218896,2.0,1.628557231560945
CUST_00839,6942.99,"Jimenez, Barry and Miller",ENTERTAINMENT,CN,NET_BANKING,2.0,515,2131,1,MERCHANT_ANOMALY,1.3751027416930246,2.0,1.6875513708465122
CUST_00083,1752.57,May-Mcbride,TRAVEL,US,DEBIT_CARD,2.0,652,2291,1,MERCHANT_ANOMALY,1.4524321569309946,2.0,1.7262160784654972
CUST_00149,1200.78,"Romero, Brooks and Ellis",OTHER,CN,DEBIT_CARD,3.0,256,2445,1,PAYMENT_METHOD_ABUSE,1.1112468419445294,3.0,2.055623420972265
CUST_00162,1333.8,"Mitchell, King and Rodriguez",TRAVEL,IN,NET_BANKING,2.5,105,1750,1,MERCHANT_ANOMALY,1.622993009375589,1.6666666666666667,1.644829838021128
CUST_00110,2394.9,Norman-Roberts,OTHER,GB,WALLET,2.0,828,789,1,MERCHANT_ANOMALY,1.613237859794009,2.0,1.8066189298970048
CUST_00836,1581.24,White-Ortiz,HEALTHCARE,GB,NET_BANKING,3.0,323,865,1,PAYMENT_METHOD_ABUSE,1.1985310558888511,1.5,1.3492655279444257
CUST_00698,1319.28,"Wright, Young and Davis",ENTERTAINMENT,GB,WALLET,2.0,789,1410,1,MERCHANT_ANOMALY,1.3349861116030095,2.0,1.6674930558015046
CUST_00566,3163.58,"Romero, Andrade and James",ECOMMERCE,CN,CREDIT_CARD,2.0,908,2025,1,MERCHANT_ANOMALY,1.7820927723840343,2.0,1.8910463861920173
CUST_00275,561.12,"Delgado, Martin and Perkins",TRAVEL,IN,DEBIT_CARD,2.0,839,854,1,MERCHANT_ANOMALY,1.4242528079192842,2.0,1.7121264039596422
CUST_00652,912.6,Mckinney LLC,ENTERTAINMENT,CN,CREDIT_CARD,2.0,846,266,1,MERCHANT_ANOMALY,1.472553006099332,2.0,1.736276503049666
CUST_00216,2443.83,West Group,ENTERTAINMENT,US,NET_BANKING,2.5,904,134,1,PAYMENT_METHOD_ABUSE,1.2410772324693264,1.6666666666666667,1.4538719495679966
CUST_00218,4249.94,Barrera-Johnson,EDUCATION,NG,UPI,2.5,978,429,1,MERCHANT_ANOMALY,1.5228720697736084,1.6666666666666667,1.5947693682201376
CUST_00370,4686.33,"Hatfield, Baker and Steele",GROCERY,CN,DEBIT_CARD,2.0,743,1830,1,MERCHANT_ANOMALY,1.568821943213716,2.0,1.784410971606858
CUST_00861,3290.44,"Horn, Arnold and Fisher",FOOD,IN,UPI,2.0,112,1711,1,PAYMENT_METHOD_ABUSE,1.4818664516971634,2.0,1.7409332258485817
CUST_00190,2056.02,"Pope, Hernandez and Simpson",GROCERY,CN,UPI,2.0,204,1771,1,MERCHANT_ANOMALY,1.755563999333985,2.0,1.8777819996669924
CUST_00117,1061.13,"Rosario, Johnson and Mason",ECOMMERCE,GB,DEBIT_CARD,2.0,934,1728,1,PAYMENT_METHOD_ABUSE,1.3986529234987084,2.0,1.6993264617493542
CUST_00416,3440.36,Smith and Sons,OTHER,CN,CREDIT_CARD,2.0,292,1376,1,MERCHANT_ANOMALY,1.4696771961151611,2.0,1.734838598057581
CUST_00909,2081.76,"Moore, Flores and Simon",GROCERY,IN,CREDIT_CARD,2.0,970,1224,1,PAYMENT_METHOD_ABUSE,1.4202452627449644,2.0,1.7101226313724822
CUST_00477,1188.99,"Watson, Smith and Cunningham",OTHER,US,UPI,2.0,248,2361,1,PAYMENT_METHOD_ABUSE,1.3091431591464622,2.0,1.654571579573231
CUST_00200,1398.32,Collier LLC,EDUCATION,CN,CREDIT_CARD,2.5,638,1526,1,MERCHANT_ANOMALY,1.270587807692657,1.6666666666666667,1.4686272371796618
CUST_00082,4332.65,Murphy-Robbins,HEALTHCARE,NG,NET_BANKING,2.0,931,128,1,MERCHANT_ANOMALY,1.6674620432197351,2.0,1.8337310216098677
CUST_00420,1602.32,Rogers Group,FOOD,GB,UPI,2.0,113,1726,1,PAYMENT_METHOD_ABUSE,1.1783974201045049,2.0,1.5891987100522524
CUST_00520,2194.2,"Nguyen, House and Walker",GROCERY,NG,DEBIT_CARD,2.0,556,1556,1,PAYMENT_METHOD_ABUSE,1.168395492981746,2.0,1.584197746490873
CUST_00622,930.36,Burns and Sons,ENTERTAINMENT,NG,UPI,2.0,631,1836,1,MERCHANT_ANOMALY,1.6458246725103265,2.0,1.8229123362551636
CUST_00202,1335.63,Murphy Group,GROCERY,GB,WALLET,2.0,320,1637,1,PAYMENT_METHOD_ABUSE,1.2329556206872678,2.0,1.616477810343634
CUST_00901,2219.28,White-Wells,TRAVEL,CN,CREDIT_CARD,2.0,754,1181,1,MERCHANT_ANOMALY,1.264428130688568,2.0,1.632214065344284
CUST_00584,1291.18,"Walters, Massey and Moore",FOOD,CN,DEBIT_CARD,2.0,142,2486,1,MERCHANT_ANOMALY,1.6660279611099285,2.0,1.833013980554964
CUST_00436,1552.7,Hill Ltd,OTHER,CN,DEBIT_CARD,4.0,917,263,1,PAYMENT_METHOD_ABUSE,1.2094374600800737,1.3333333333333333,1.2713853967067037
CUST_00098,1463.81,"Camacho, Mcgrath and Long",HEALTHCARE,US,CREDIT_CARD,4.0,890,1188,1,PAYMENT_METHOD_ABUSE,1.1151436200401472,2.0,1.5575718100200735
CUST_00261,2906.57,Hernandez-Wilson,OTHER,CN,CREDIT_CARD,2.0,740,2448,1,PAYMENT_METHOD_ABUSE,1.5310750980438637,2.0,1.7655375490219318
CUST_00022,1979.93,Bradford and Sons,TRAVEL,CN,UPI,2.0,194,887,1,PAYMENT_METHOD_ABUSE,1.301275689601914,2.0,1.6506378448009569
CUST_00167,2842.56,Campbell-Lopez,GROCERY,CN,DEBIT_CARD,2.0,272,868,1,PAYMENT_METHOD_ABUSE,1.173600431033593,2.0,1.5868002155167966
CUST_00986,3274.42,Ruiz-Haas,ECOMMERCE,US,WALLET,2.5,204,1170,1,MERCHANT_ANOMALY,1.304635563692434,1.6666666666666667,1.4856511151795504
CUST_00839,7553.36,"Bryant, Peters and Harper",OTHER,CN,WALLET,2.0,515,2131,1,PAYMENT_METHOD_ABUSE,1.4959903506982477,2.0,1.7479951753491236
CUST_00608,1962.63,"Lawson, Griffin and Hale",GROCERY,GB,WALLET,2.0,451,987,1,MERCHANT_ANOMALY,1.3432229054810132,2.0,1.6716114527405066
CUST_00054,2171.06,Richardson Ltd,HEALTHCARE,CN,NET_BANKING,2.0,708,245,1,PAYMENT_METHOD_ABUSE,1.5032022654730006,2.0,1.7516011327365004
CUST_00319,3367.03,Cobb-Franklin,ECOMMERCE,US,CREDIT_CARD,2.0,986,521,1,PAYMENT_METHOD_ABUSE,1.534275975830926,2.0,1.767137987915463
CUST_00667,945.59,Barrett Ltd,ENTERTAINMENT,CN,UPI,2.0,924,2148,1,PAYMENT_METHOD_ABUSE,1.2571660285045736,2.0,1.6285830142522868
CUST_00722,3495.45,"Long, Carroll and Miller",FOOD,GB,UPI,2.5,702,2315,1,MERCHANT_ANOMALY,1.609571457844557,1.6666666666666667,1.638119062255612
CUST_00824,2430.69,"Diaz, Cochran and Pearson",TRAVEL,GB,UPI,2.5,818,1869,1,PAYMENT_METHOD_ABUSE,1.19245288572627,1.6666666666666667,1.4295597761964682
CUST_00820,2232.76,Mcmillan Inc,EDUCATION,IN,UPI,2.0,685,2414,1,MERCHANT_ANOMALY,1.6766742261538234,2.0,1.838337113076912
CUST_00037,2051.59,"Reyes, Marsh and Robinson",GROCERY,US,WALLET,2.0,264,173,1,MERCHANT_ANOMALY,1.5805047532471537,2.0,1.790252376623577
CUST_00294,2360.57,Martinez-Powell,ENTERTAINMENT,IN,DEBIT_CARD,2.0,351,432,1,MERCHANT_ANOMALY,1.6628416455339534,2.0,1.8314208227669768
CUST_00695,1674.32,Sanders-Roberts,ECOMMERCE,NG,DEBIT_CARD,2.5,705,1798,1,PAYMENT_METHOD_ABUSE,1.4487747473349026,1.6666666666666667,1.5577207070007848
CUST_00070,5251.8,"Brown, Wright and Perez",ECOMMERCE,GB,DEBIT_CARD,3.0,451,1724,1,PAYMENT_METHOD_ABUSE,1.201442609599782,1.5,1.3507213047998912
CUST_00498,4171.48,Eaton-Sullivan,OTHER,NG,NET_BANKING,2.0,284,1375,1,MERCHANT_ANOMALY,1.435985349195858,2.0,1.7179926745979288
CUST_00791,2932.89,"Brown, Salazar and Roth",FOOD,GB,UPI,2.0,192,2238,1,MERCHANT_ANOMALY,1.40238074176435,2.0,1.7011903708821752
CUST_00795,5660.77,Williams-Harris,TRAVEL,IN,WALLET,2.5,791,1937,1,MERCHANT_ANOMALY,1.2922789984145484,1.6666666666666667,1.4794728325406077
CUST_00587,4461.66,Wright-Russell,HEALTHCARE,IN,WALLET,2.0,693,1260,1,PAYMENT_METHOD_ABUSE,1.3224004196911003,2.0,1.6612002098455505
CUST_00465,1187.07,Abbott Inc,TRAVEL,NG,NET_BANKING,2.0,614,2500,1,PAYMENT_METHOD_ABUSE,1.2291372214025005,2.0,1.6145686107012502
CUST_00363,1771.45,"Johnson, Bradford and Smith",ENTERTAINMENT,NG,CREDIT_CARD,2.0,106,1106,1,MERCHANT_ANOMALY,1.6278567555894543,2.0,1.8139283777947277
CUST_00990,1480.87,Brown Group,GROCERY,NG,CREDIT_CARD,2.0,243,1802,1,MERCHANT_ANOMALY,1.370332156588767,2.0,1.6851660782943836
CUST_00087,1577.52,"Wall, Pearson and Williams",FOOD,IN,WALLET,2.5,731,2074,1,PAYMENT_METHOD_ABUSE,1.4149366986424852,1.6666666666666667,1.540801682654576
CUST_00868,3246.59,Bell-Maynard,FOOD,NG,NET_BANKING,2.0,582,1815,1,PAYMENT_METHOD_ABUSE,1.3795082942416208,2.0,1.6897541471208104
CUST_00721,1481.81,Holland-Garcia,ECOMMERCE,IN,NET_BANKING,4.0,112,2469,1,PAYMENT_METHOD_ABUSE,1.2606106493572782,1.3333333333333333,1.2969719913453055
CUST_00384,2541.91,Lee-Cordova,ENTERTAINMENT,CN,NET_BANKING,2.0,978,231,1,PAYMENT_METHOD_ABUSE,1.14583549330821,2.0,1.572917746654105
CUST_00741,1644.04,"Smith, Pierce and Lopez",HEALTHCARE,US,CREDIT_CARD,2.0,679,1657,1,MERCHANT_ANOMALY,1.4434001606665463,2.0,1.7217000803332732
CUST_00722,3405.63,"Stanley, Hatfield and Scott",HEALTHCARE,GB,CREDIT_CARD,2.5,702,2315,1,PAYMENT_METHOD_ABUSE,1.568211487499223,1.6666666666666667,1.617439077082945
CUST_00780,3413.69,Gonzalez Group,GROCERY,GB,DEBIT_CARD,2.0,881,1508,1,MERCHANT_ANOMALY,1.4488946612253906,2.0,1.7244473306126953
CUST_00149,1497.84,Jones LLC,EDUCATION,CN,WALLET,2.0,256,2445,1,MERCHANT_ANOMALY,1.3861573058663483,2.0,1.693078652933174
CUST_00474,1100.07,Weber-Case,OTHER,US,NET_BANKING,2.0,981,135,1,PAYMENT_METHOD_ABUSE,1.5640657434526686,2.0,1.7820328717263345
CUST_00763,974.14,Montgomery-Smith,HEALTHCARE,US,DEBIT_CARD,4.0,288,1782,1,PAYMENT_METHOD_ABUSE,1.110263906222397,1.3333333333333333,1.2217986197778652
CUST_00218,3926.82,Kidd-Pace,TRAVEL,NG,UPI,2.5,978,429,1,MERCHANT_ANOMALY,1.407089159147753,1.6666666666666667,1.53687791290721
CUST_00032,2448.04,Ward Inc,TRAVEL,GB,NET_BANKING,2.0,685,1933,1,MERCHANT_ANOMALY,1.413793501738337,2.0,1.7068967508691686
CUST_00536,2768.19,Johnson-Roberts,OTHER,IN,UPI,2.0,377,1430,1,PAYMENT_METHOD_ABUSE,1.312625806405724,2.0,1.656312903202862
CUST_00270,1474.59,Mooney and Sons,ENTERTAINMENT,US,DEBIT_CARD,2.0,532,1325,1,PAYMENT_METHOD_ABUSE,1.1551323679747445,2.0,1.5775661839873725
CUST_00499,883.73,Harris Ltd,ECOMMERCE,NG,DEBIT_CARD,2.0,373,1875,1,PAYMENT_METHOD_ABUSE,1.3474061368400991,2.0,1.6737030684200496
CUST_00162,1346.76,Jackson Ltd,TRAVEL,IN,NET_BANKING,2.5,105,1750,1,MERCHANT_ANOMALY,1.638762981936324,1.6666666666666667,1.6527148243014953
CUST_00204,1396.33,"Ochoa, Hebert and Kennedy",HEALTHCARE,US,UPI,3.0,186,2191,1,PAYMENT_METHOD_ABUSE,1.1643651706942846,1.5,1.3321825853471423
CUST_00784,2124.7,Harris Inc,GROCERY,IN,DEBIT_CARD,2.5,646,1451,1,MERCHANT_ANOMALY,1.4679374466718025,1.6666666666666667,1.5673020566692344
CUST_00954,406.96,Sims Inc,ENTERTAINMENT,CN,UPI,2.0,889,2171,1,MERCHANT_ANOMALY,1.20047197640118,2.0,1.60023598820059
CUST_00828,1789.01,Griffin PLC,OTHER,GB,CREDIT_CARD,2.0,386,1608,1,PAYMENT_METHOD_ABUSE,1.1842611317607263,2.0,1.592130565880363
CUST_00935,1934.96,Hicks-Roy,FOOD,IN,DEBIT_CARD,2.0,841,972,1,MERCHANT_ANOMALY,1.3250110419869414,2.0,1.6625055209934707
CUST_00693,1750.09,"Jackson, Proctor and Washington",GROCERY,IN,NET_BANKING,2.5,969,2137,1,PAYMENT_METHOD_ABUSE,1.313689062036714,1.6666666666666667,1.4901778643516903
CUST_00222,11131.48,"Woods, Parker and Odom",GROCERY,US,DEBIT_CARD,2.0,934,1157,1,MERCHANT_ANOMALY,1.4261465148293753,2.0,1.7130732574146876
CUST_00578,2966.83,Coleman PLC,OTHER,US,WALLET,2.0,973,1326,1,MERCHANT_ANOMALY,1.2256817134913274,2.0,1.6128408567456636
CUST_00342,1605.2,Hernandez Ltd,TRAVEL,CN,NET_BANKING,3.0,575,2228,1,MERCHANT_ANOMALY,1.20044122870978,1.5,1.3502206143548898
CUST_00570,1252.58,"Mccormick, King and Blevins",FOOD,IN,DEBIT_CARD,2.0,520,677,1,PAYMENT_METHOD_ABUSE,1.5872118808368283,2.0,1.793605940418414
CUST_00700,1612.56,Shaw PLC,FOOD,US,UPI,2.0,912,1816,1,PAYMENT_METHOD_ABUSE,1.2092189673466789,2.0,1.604609483673339
CUST_00741,1328.14,White-Weiss,GROCERY,US,UPI,2.0,679,1657,1,PAYMENT_METHOD_ABUSE,1.1660528268093644,2.0,1.5830264134046823
CUST_00817,1681.87,Paul-Kane,FOOD,US,UPI,2.0,427,465,1,MERCHANT_ANOMALY,1.5943482526696968,2.0,1.7971741263348484
CUST_00584,989.52,Henderson-Flores,FOOD,CN,DEBIT_CARD,2.0,142,2486,1,MERCHANT_ANOMALY,1.2767917626337897,2.0,1.6383958813168946
CUST_00073,453.92,"Humphrey, Bryant and Lucas",OTHER,US,DEBIT_CARD,2.0,933,1771,1,PAYMENT_METHOD_ABUSE,1.1800551136068218,2.0,1.590027556803411
CUST_00633,4647.51,Parks-Turner,ECOMMERCE,NG,WALLET,2.0,729,1635,1,PAYMENT_METHOD_ABUSE,1.296949976488908,2.0,1.648474988244454
CUST_00234,5165.14,"Carrillo, Stone and Roberts",EDUCATION,NG,UPI,2.0,210,2287,1,MERCHANT_ANOMALY,1.4490645861300364,2.0,1.7245322930650182
CUST_00624,2817.96,Martin Inc,OTHER,GB,UPI,2.0,938,2219,1,MERCHANT_ANOMALY,1.3444914667951695,2.0,1.6722457333975846
CUST_00395,1332.74,Herring LLC,TRAVEL,US,NET_BANKING,2.0,784,1517,1,PAYMENT_METHOD_ABUSE,1.4892863328807613,2.0,1.7446431664403803
CUST_00768,1173.72,Douglas Ltd,EDUCATION,GB,CREDIT_CARD,2.0,630,2189,1,MERCHANT_ANOMALY,1.381846865673399,2.0,1.6909234328366995
CUST_00441,1030.61,Smith-Lewis,FOOD,GB,WALLET,2.5,688,956,1,PAYMENT_METHOD_ABUSE,1.2336208083214133,1.6666666666666667,1.45014373749404
CUST_00540,2185.8,"Salinas, Cruz and Brown",FOOD,GB,WALLET,2.0,432,155,1,PAYMENT_METHOD_ABUSE,1.4695738114927694,2.0,1.7347869057463847
CUST_00298,1643.88,"Campbell, Johnson and Jackson",ECOMMERCE,GB,WALLET,2.0,145,1471,1,MERCHANT_ANOMALY,1.210270379709558,2.0,1.605135189854779
CUST_00729,1583.07,Bray Ltd,GROCERY,GB,NET_BANKING,2.0,731,2355,1,PAYMENT_METHOD_ABUSE,1.1107665213074611,2.0,1.5553832606537306
CUST_00356,3217.59,Mccormick-Fox,OTHER,IN,NET_BANKING,2.0,127,1339,1,MERCHANT_ANOMALY,1.5992474924699545,2.0,1.7996237462349771
CUST_00799,1732.07,Sims-Kline,EDUCATION,NG,UPI,3.0,108,1803,1,PAYMENT_METHOD_ABUSE,1.2010081959256127,1.5,1.3505040979628062
CUST_00048,1786.0,"Ibarra, Obrien and Williamson",EDUCATION,US,CREDIT_CARD,2.0,839,1876,1,MERCHANT_ANOMALY,1.7386733124355056,2.0,1.8693366562177527
CUST_00134,1042.82,"Johnson, Bond and Anderson",HEALTHCARE,GB,UPI,2.0,615,2490,1,PAYMENT_METHOD_ABUSE,1.2960806368421378,2.0,1.648040318421069
CUST_00517,1266.65,"Simpson, Torres and Olson",FOOD,NG,NET_BANKING,4.0,789,1205,1,PAYMENT_METHOD_ABUSE,1.284068387678864,1.3333333333333333,1.3087008605060986
CUST_00723,2509.37,"Cruz, Mcintyre and Jackson",TRAVEL,NG,UPI,3.0,350,272,1,MERCHANT_ANOMALY,1.2069123903105332,1.5,1.3534561951552666
CUST_00797,1810.66,"Delgado, Baird and Moore",FOOD,GB,NET_BANKING,2.0,643,276,1,MERCHANT_ANOMALY,1.7040703966872146,2.0,1.8520351983436072
CUST_00507,1401.15,"Green, Hart and Freeman",ECOMMERCE,CN,CREDIT_CARD,2.0,614,512,1,MERCHANT_ANOMALY,1.7919810717483056,2.0,1.895990535874153
CUST_00465,1526.45,Grant-Banks,OTHER,NG,DEBIT_CARD,2.0,614,2500,1,MERCHANT_ANOMALY,1.5805441225958428,2.0,1.7902720612979213
CUST_00086,1177.24,Powers-Powers,TRAVEL,US,DEBIT_CARD,2.0,434,2269,1,MERCHANT_ANOMALY,1.3324429554509236,2.0,1.6662214777254618
CUST_00331,2131.84,"Brown, Bradshaw and Calderon",ECOMMERCE,GB,NET_BANKING,3.0,474,782,1,PAYMENT_METHOD_ABUSE,1.153577467837286,1.5,1.3267887339186428
CUST_00751,680.28,Morgan-Young,GROCERY,CN,UPI,2.0,618,1886,1,MERCHANT_ANOMALY,1.3125976807455573,2.0,1.6562988403727783
CUST_00633,5337.87,Lee-King,GROCERY,NG,CREDIT_CARD,2.0,729,1635,1,MERCHANT_ANOMALY,1.4896041904161257,2.0,1.7448020952080627
CUST_00506,1923.15,Ferguson-Hernandez,OTHER,NG,UPI,2.0,284,1359,1,MERCHANT_ANOMALY,1.2811988901139533,2.0,1.6405994450569763
CUST_00063,5089.42,Schultz-Hamilton,TRAVEL,US,UPI,3.0,129,1814,1,PAYMENT_METHOD_ABUSE,1.191586301517397,1.5,1.3457931507586984
CUST_00255,3736.25,"Nelson, Fields and Horn",ECOMMERCE,IN,WALLET,2.0,364,1698,1,PAYMENT_METHOD_ABUSE,1.2928491471261463,2.0,1.6464245735630731
CUST_00828,1877.26,Cruz Group,OTHER,GB,CREDIT_CARD,2.0,386,1608,1,PAYMENT_METHOD_ABUSE,1.2426794999520077,2.0,1.6213397499760038
CUST_00119,1801.88,"Johnson, Hudson and King",HEALTHCARE,NG,DEBIT_CARD,2.5,776,2177,1,PAYMENT_METHOD_ABUSE,1.261997478638465,1.6666666666666667,1.464332072652566
CUST_00368,3531.83,Garza-Moore,TRAVEL,IN,DEBIT_CARD,2.0,975,677,1,MERCHANT_ANOMALY,1.5597716758857496,2.0,1.7798858379428748
CUST_00144,1228.55,"Middleton, Henry and Wagner",OTHER,US,UPI,2.5,486,530,1,MERCHANT_ANOMALY,1.7697604402252984,1.6666666666666667,1.7182135534459826
CUST_00461,1383.65,Santos Inc,ENTERTAINMENT,IN,CREDIT_CARD,2.5,989,1945,1,PAYMENT_METHOD_ABUSE,1.1199925530795447,1.6666666666666667,1.3933296098731058
CUST_00051,662.37,Sandoval and Sons,EDUCATION,IN,DEBIT_CARD,2.0,115,347,1,PAYMENT_METHOD_ABUSE,1.4358613065108767,2.0,1.7179306532554384
CUST_00905,1215.23,Johnson Inc,ECOMMERCE,US,NET_BANKING,2.0,338,2348,1,PAYMENT_METHOD_ABUSE,1.5647476919511225,2.0,1.7823738459755611
CUST_00469,4658.5,Christian Ltd,FOOD,US,UPI,2.0,375,2381,1,MERCHANT_ANOMALY,1.6884832646788586,2.0,1.8442416323394293
CUST_00006,2027.2,"Jimenez, Walker and Combs",ENTERTAINMENT,GB,UPI,2.0,997,2293,1,PAYMENT_METHOD_ABUSE,1.386588965154018,2.0,1.6932944825770089
CUST_00028,2479.71,Wright-Mccall,ENTERTAINMENT,US,NET_BANKING,2.5,499,745,1,PAYMENT_METHOD_ABUSE,1.5657008277717093,1.6666666666666667,1.616183747219188
CUST_00056,1950.63,"Ball, Guzman and Allen",ENTERTAINMENT,CN,CREDIT_CARD,2.0,853,1120,1,PAYMENT_METHOD_ABUSE,1.3421473614680417,2.0,1.6710736807340207
CUST_00131,1458.98,Franklin-Lee,FOOD,NG,UPI,4.0,865,1581,1,PAYMENT_METHOD_ABUSE,1.186770459666333,1.3333333333333333,1.2600518964998333
CUST_00689,1218.46,Smith Ltd,EDUCATION,IN,NET_BANKING,2.0,432,2051,1,MERCHANT_ANOMALY,1.4873325399005155,2.0,1.743666269950258
CUST_00241,2440.29,"Johnson, Reed and Nelson",TRAVEL,CN,NET_BANKING,2.0,896,2047,1,PAYMENT_METHOD_ABUSE,1.52805112101165,2.0,1.764025560505825
CUST_00266,1791.59,Long-Molina,ENTERTAINMENT,IN,NET_BANKING,2.0,532,1547,1,PAYMENT_METHOD_ABUSE,1.1370409859995176,2.0,1.5685204929997587
CUST_00902,1747.88,King Inc,GROCERY,US,NET_BANKING,2.0,946,390,1,MERCHANT_ANOMALY,1.7749119083643898,2.0,1.887455954182195
CUST_00808,1621.09,Bowen Ltd,ECOMMERCE,US,DEBIT_CARD,2.0,857,91,1,MERCHANT_ANOMALY,1.5524856587402671,2.0,1.7762428293701338
CUST_00898,2708.03,Harris PLC,OTHER,NG,NET_BANKING,3.0,595,605,1,MERCHANT_ANOMALY,1.212001727575643,1.5,1.3560008637878216
CUST_00776,3268.42,"Armstrong, Reed and Meza",EDUCATION,IN,WALLET,2.0,815,2226,1,MERCHANT_ANOMALY,1.3811839975659128,2.0,1.6905919987829563
CUST_00912,2598.31,Rodriguez PLC,GROCERY,IN,CREDIT_CARD,2.0,500,1272,1,MERCHANT_ANOMALY,1.3388071198728335,2.0,1.6694035599364168
CUST_00811,1191.83,Bailey PLC,ENTERTAINMENT,GB,UPI,2.0,540,628,1,MERCHANT_ANOMALY,1.3365218561464105,2.0,1.668260928073205
CUST_00433,770.91,Stephens-Stafford,ENTERTAINMENT,US,CREDIT_CARD,4.0,188,908,1,MERCHANT_ANOMALY,1.2176941667061556,1.3333333333333333,1.2755137500197444
CUST_00979,2975.01,"Harris, Robinson and Fields",ENTERTAINMENT,GB,UPI,3.5,531,1409,1,PAYMENT_METHOD_ABUSE,1.106132601615134,1.4,1.2530663008075669
CUST_00389,4003.2,Russell-Hanson,FOOD,IN,CREDIT_CARD,2.0,165,569,1,PAYMENT_METHOD_ABUSE,1.4690157022336876,2.0,1.734507851116844
CUST_00705,1377.58,Watts Inc,ENTERTAINMENT,NG,NET_BANKING,2.0,957,328,1,MERCHANT_ANOMALY,1.517509556174886,2.0,1.758754778087443
CUST_00716,4293.87,Hamilton-Fowler,ECOMMERCE,NG,UPI,2.5,407,750,1,PAYMENT_METHOD_ABUSE,1.57228174501461,1.6666666666666667,1.6194742058406384
CUST_00695,1886.21,Salazar PLC,FOOD,NG,CREDIT_CARD,2.5,705,1798,1,MERCHANT_ANOMALY,1.632121348470165,1.6666666666666667,1.649394007568416
CUST_00500,1314.16,Hughes Inc,FOOD,GB,NET_BANKING,2.0,604,1970,1,PAYMENT_METHOD_ABUSE,1.430549507968301,2.0,1.7152747539841506
CUST_00400,1977.94,Lane Inc,OTHER,NG,CREDIT_CARD,2.0,637,1911,1,MERCHANT_ANOMALY,1.545042318102462,2.0,1.772521159051231
CUST_00017,492.61,"Price, Hodges and Murray",OTHER,NG,DEBIT_CARD,2.0,366,1966,1,PAYMENT_METHOD_ABUSE,1.144127927907004,2.0,1.572063963953502
CUST_00449,1239.97,Castillo PLC,OTHER,IN,DEBIT_CARD,2.0,444,931,1,MERCHANT_ANOMALY,1.3226911014869966,2.0,1.6613455507434982
CUST_00160,1736.04,White-Clark,FOOD,GB,WALLET,2.0,676,197,1,MERCHANT_ANOMALY,1.5018166718571575,2.0,1.7509083359285786
CUST_00147,5935.55,Smith-Trujillo,ENTERTAINMENT,IN,NET_BANKING,2.0,182,2262,1,PAYMENT_METHOD_ABUSE,1.4840192067045952,2.0,1.7420096033522976
CUST_00453,2067.26,Smith-Brown,OTHER,CN,DEBIT_CARD,2.0,809,783,1,MERCHANT_ANOMALY,1.3625718852472524,2.0,1.6812859426236262
CUST_00991,1333.78,Long Ltd,GROCERY,IN,UPI,4.0,790,2349,1,PAYMENT_METHOD_ABUSE,1.1251492080899257,2.0,1.5625746040449626
CUST_00011,971.94,"Howard, Martin and Herrera",EDUCATION,NG,DEBIT_CARD,2.0,821,193,1,MERCHANT_ANOMALY,1.6439843710356723,2.0,1.8219921855178365
CUST_00275,676.12,"Wells, Holden and Stokes",TRAVEL,IN,DEBIT_CARD,2.0,839,854,1,MERCHANT_ANOMALY,1.716149501871946,2.0,1.8580747509359727
CUST_00869,3075.29,Bryant-Ward,OTHER,IN,WALLET,2.5,276,1397,1,PAYMENT_METHOD_ABUSE,1.490623288368418,1.6666666666666667,1.5786449775175424
CUST_00859,2202.46,Montes Group,OTHER,GB,UPI,2.0,700,2389,1,PAYMENT_METHOD_ABUSE,1.4587421804369352,2.0,1.7293710902184676
CUST_00583,2316.24,James-Warner,FOOD,IN,UPI,2.0,957,1475,1,PAYMENT_METHOD_ABUSE,1.1514874323894368,2.0,1.5757437161947183
CUST_00737,1335.19,George-Mcmillan,EDUCATION,GB,DEBIT_CARD,2.0,110,1871,1,MERCHANT_ANOMALY,1.5184951409383762,2.0,1.759247570469188
CUST_00693,2234.4,Mccann and Sons,TRAVEL,IN,UPI,2.5,969,2137,1,MERCHANT_ANOMALY,1.6772319367660142,1.6666666666666667,1.6719493017163405
CUST_00110,2342.58,Bird-Perry,OTHER,GB,WALLET,2.0,828,789,1,MERCHANT_ANOMALY,1.5779943820603153,2.0,1.7889971910301576
CUST_00238,578.37,Ward Group,GROCERY,US,WALLET,2.0,253,1897,1,PAYMENT_METHOD_ABUSE,1.1892786642539892,2.0,1.5946393321269947
CUST_00263,420.29,Quinn PLC,ECOMMERCE,GB,WALLET,2.0,751,2239,1,MERCHANT_ANOMALY,1.3352076880311334,2.0,1.6676038440155667
CUST_00443,1788.81,Swanson Ltd,OTHER,GB,NET_BANKING,2.0,578,2058,1,PAYMENT_METHOD_ABUSE,1.4597049271294045,2.0,1.7298524635647023
CUST_00423,2061.29,"Sexton, Burns and Lawson",OTHER,NG,CREDIT_CARD,2.0,950,1998,1,PAYMENT_METHOD_ABUSE,1.3168573637170913,2.0,1.6584286818585456
CUST_00526,2691.65,Alvarado-Vega,EDUCATION,NG,CREDIT_CARD,2.0,456,1092,1,PAYMENT_METHOD_ABUSE,1.538965122927387,2.0,1.7694825614636935
CUST_00682,3090.43,Sanchez-Walter,GROCERY,NG,NET_BANKING,2.0,950,2229,1,PAYMENT_METHOD_ABUSE,1.4485123176722037,2.0,1.7242561588361018
CUST_00177,1846.6,Schwartz Ltd,OTHER,US,DEBIT_CARD,2.0,242,1410,1,PAYMENT_METHOD_ABUSE,1.3376361377621795,2.0,1.6688180688810896
CUST_00690,1363.22,Hinton-Rodriguez,FOOD,IN,CREDIT_CARD,3.0,446,1215,1,PAYMENT_METHOD_ABUSE,1.1889237746380603,1.5,1.3444618873190302
CUST_00868,3315.42,Miller Ltd,TRAVEL,NG,UPI,2.0,582,1815,1,MERCHANT_ANOMALY,1.4087548439730777,2.0,1.7043774219865389
CUST_00879,1069.32,Hayes-Scott,EDUCATION,US,WALLET,2.0,988,836,1,PAYMENT_METHOD_ABUSE,1.2752848854197103,2.0,1.637642442709855
CUST_00242,3120.88,Steele-Cruz,EDUCATION,US,WALLET,2.0,858,477,1,PAYMENT_METHOD_ABUSE,1.4227368565013736,2.0,1.7113684282506867
CUST_00713,781.77,Burton and Sons,ECOMMERCE,NG,DEBIT_CARD,2.0,804,667,1,MERCHANT_ANOMALY,1.7916327676494517,2.0,1.8958163838247255
CUST_00205,995.82,"Cruz, Williams and Park",FOOD,IN,NET_BANKING,2.0,568,505,1,MERCHANT_ANOMALY,1.4071017789772646,2.0,1.7035508894886324
CUST_00598,1982.27,"Madden, Torres and Taylor",ENTERTAINMENT,CN,CREDIT_CARD,2.0,746,725,1,PAYMENT_METHOD_ABUSE,1.4445505159447327,2.0,1.7222752579723664
CUST_00051,577.08,Richardson-Robinson,EDUCATION,IN,NET_BANKING,2.0,115,347,1,PAYMENT_METHOD_ABUSE,1.250972783733105,2.0,1.6254863918665523
CUST_00286,1514.54,Warren Inc,GROCERY,NG,CREDIT_CARD,2.0,171,1744,1,PAYMENT_METHOD_ABUSE,1.41308739077902,2.0,1.70654369538951
CUST_00632,573.59,"Powell, Parker and Lee",GROCERY,NG,DEBIT_CARD,2.0,997,2480,1,MERCHANT_ANOMALY,1.6730300864822296,2.0,1.8365150432411148
CUST_00003,1907.11,"Cole, Fowler and Gomez",FOOD,CN,NET_BANKING,4.0,421,491,1,MERCHANT_ANOMALY,1.2519883277039778,1.3333333333333333,1.2926608305186555
CUST_00914,1143.95,Lindsey-Wilson,ENTERTAINMENT,IN,WALLET,2.0,431,170,1,MERCHANT_ANOMALY,1.536802934024746,2.0,1.768401467012373
CUST_00926,2180.42,"Morgan, Olsen and Collins",FOOD,CN,NET_BANKING,2.5,687,1520,1,MERCHANT_ANOMALY,1.2192833337061308,1.6666666666666667,1.4429750001863988
CUST_00294,1904.06,"Brock, Benton and Burgess",GROCERY,IN,CREDIT_CARD,2.0,351,432,1,PAYMENT_METHOD_ABUSE,1.341265145111299,2.0,1.6706325725556497
CUST_00734,4625.2,Reyes and Sons,EDUCATION,IN,CREDIT_CARD,2.0,316,1853,1,MERCHANT_ANOMALY,1.6136735914983138,2.0,1.806836795749157
CUST_00814,998.19,Sexton-Mueller,GROCERY,US,UPI,2.0,787,1903,1,MERCHANT_ANOMALY,1.5959166380213123,2.0,1.797958319010656
CUST_00679,4657.5,Noble-Sanchez,FOOD,NG,CREDIT_CARD,2.5,161,1753,1,MERCHANT_ANOMALY,1.435955461486642,1.6666666666666667,1.5513110640766543
CUST_00477,1224.12,Hernandez-Carney,OTHER,US,CREDIT_CARD,2.0,248,2361,1,PAYMENT_METHOD_ABUSE,1.3478232146396243,2.0,1.673911607319812
CUST_00945,1106.65,Huynh Group,ENTERTAINMENT,IN,CREDIT_CARD,2.0,291,2010,1,MERCHANT_ANOMALY,1.6725610216882036,2.0,1.8362805108441016
CUST_00069,5039.44,Martin-Kelly,ENTERTAINMENT,IN,WALLET,2.0,863,2017,1,MERCHANT_ANOMALY,1.2775670797249885,2.0,1.638783539862494
CUST_00941,898.42,Shaffer PLC,EDUCATION,GB,WALLET,2.0,436,1144,1,MERCHANT_ANOMALY,1.3666053147959416,2.0,1.6833026573979708
CUST_00468,2330.69,Carter-Wallace,HEALTHCARE,GB,WALLET,2.5,418,1897,1,PAYMENT_METHOD_ABUSE,1.3224560895826418,1.6666666666666667,1.4945613781246545
CUST_00813,2673.0,"Lane, Chang and Singh",ENTERTAINMENT,GB,UPI,2.0,337,1597,1,PAYMENT_METHOD_ABUSE,1.344672245572467,2.0,1.6723361227862332
CUST_00027,3578.46,Higgins and Sons,EDUCATION,US,CREDIT_CARD,2.5,784,2498,1,MERCHANT_ANOMALY,1.5242732093795923,1.6666666666666667,1.5954699380231296
CUST_00503,982.8,Mora Group,EDUCATION,GB,NET_BANKING,3.0,194,1340,1,PAYMENT_METHOD_ABUSE,1.1034018187942067,1.5,1.3017009093971033
CUST_00594,4184.38,Mercer-Good,FOOD,CN,DEBIT_CARD,2.0,852,597,1,MERCHANT_ANOMALY,1.728400569196867,2.0,1.8642002845984331
CUST_00691,3637.33,"Clark, Benson and Dawson",ENTERTAINMENT,CN,WALLET,2.0,682,101,1,MERCHANT_ANOMALY,1.3763350127612557,2.0,1.6881675063806276
CUST_00735,848.95,Thomas and Sons,HEALTHCARE,IN,UPI,2.0,364,502,1,MERCHANT_ANOMALY,1.5320688659496138,2.0,1.766034432974807
CUST_00946,2966.09,Mcbride LLC,ECOMMERCE,NG,WALLET,2.0,390,326,1,PAYMENT_METHOD_ABUSE,1.480738749397813,2.0,1.7403693746989064
CUST_00435,8200.8,Walters and Sons,GROCERY,CN,CREDIT_CARD,2.0,643,1428,1,MERCHANT_ANOMALY,1.720942774791487,2.0,1.8604713873957437
CUST_00579,1507.82,"Orr, Berry and Doyle",GROCERY,NG,UPI,2.0,169,508,1,PAYMENT_METHOD_ABUSE,1.199653109286487,2.0,1.5998265546432435
CUST_00856,4326.32,Wise-Salazar,OTHER,US,NET_BANKING,2.0,630,1110,1,MERCHANT_ANOMALY,1.5331964213887408,2.0,1.7665982106943705
CUST_00309,2772.98,Stark-Chapman,OTHER,NG,CREDIT_CARD,2.0,661,1386,1,PAYMENT_METHOD_ABUSE,1.5580771402644762,2.0,1.7790385701322382
CUST_00973,875.64,Mccarthy Group,FOOD,GB,CREDIT_CARD,2.0,139,2433,1,PAYMENT_METHOD_ABUSE,1.2249026039881656,2.0,1.6124513019940827
CUST_00218,4291.9,Gallagher Ltd,TRAVEL,NG,UPI,2.5,978,429,1,MERCHANT_ANOMALY,1.5379075084027891,1.6666666666666667,1.602287087534728
CUST_00934,760.79,Smith-Crane,GROCERY,GB,CREDIT_CARD,3.0,361,545,1,MERCHANT_ANOMALY,1.2174977595698373,1.5,1.3587488797849183
CUST_00790,1028.07,Chang LLC,FOOD,NG,CREDIT_CARD,2.0,591,2065,1,PAYMENT_METHOD_ABUSE,1.239347819535276,2.0,1.619673909767638
CUST_00784,1652.78,Woods-Whitaker,HEALTHCARE,IN,CREDIT_CARD,2.5,646,1451,1,PAYMENT_METHOD_ABUSE,1.1418918685509585,1.6666666666666667,1.4042792676088127
CUST_00011,688.61,Payne-Anderson,ECOMMERCE,NG,CREDIT_CARD,2.0,821,193,1,PAYMENT_METHOD_ABUSE,1.1647468750528576,2.0,1.582373437526429
CUST_00469,3541.63,Strong-Jones,ENTERTAINMENT,US,WALLET,2.0,375,2381,1,PAYMENT_METHOD_ABUSE,1.2836713501523207,2.0,1.6418356750761602
CUST_00829,1114.78,Smith-Reed,EDUCATION,GB,NET_BANKING,2.0,994,1643,1,MERCHANT_ANOMALY,1.502560923010567,2.0,1.7512804615052835
CUST_00164,1436.36,Lucas-Wilson,OTHER,GB,UPI,2.0,137,1181,1,MERCHANT_ANOMALY,1.5938746636335894,2.0,1.7969373318167947
CUST_00229,3819.86,Smith-Morales,FOOD,IN,NET_BANKING,2.5,145,2055,1,MERCHANT_ANOMALY,1.7878970844976152,1.6666666666666667,1.727281875582141
CUST_00887,1708.93,Weaver Ltd,EDUCATION,US,DEBIT_CARD,3.5,346,1724,1,MERCHANT_ANOMALY,1.2839685193185448,1.4,1.3419842596592724
CUST_00508,833.74,Barton and Sons,ECOMMERCE,GB,WALLET,2.5,336,1267,1,PAYMENT_METHOD_ABUSE,1.5629938604302387,1.6666666666666667,1.6148302635484528
CUST_00474,930.16,Kim-Shepherd,TRAVEL,US,UPI,2.0,981,135,1,MERCHANT_ANOMALY,1.3224898342195808,2.0,1.6612449171097905
CUST_00590,2426.09,Hill LLC,FOOD,IN,DEBIT_CARD,2.0,666,341,1,PAYMENT_METHOD_ABUSE,1.1852856109906,2.0,1.5926428054953
CUST_00655,1429.88,Stevenson Ltd,HEALTHCARE,IN,CREDIT_CARD,3.0,402,1358,1,PAYMENT_METHOD_ABUSE,1.1608571579344753,1.5,1.3304285789672377
CUST_00790,1215.17,Jones Inc,ENTERTAINMENT,NG,UPI,2.0,591,2065,1,MERCHANT_ANOMALY,1.46489858654049,2.0,1.7324492932702449
CUST_00617,7902.98,Stout Inc,TRAVEL,GB,DEBIT_CARD,2.0,313,2142,1,MERCHANT_ANOMALY,1.3041662300457355,2.0,1.652083115022868
CUST_00561,2461.07,Shaffer-Jefferson,ECOMMERCE,NG,WALLET,2.5,200,1472,1,PAYMENT_METHOD_ABUSE,1.5784386664785337,1.6666666666666667,1.6225526665726002
CUST_00481,4703.52,Miller-Kane,FOOD,CN,DEBIT_CARD,2.5,380,1918,1,MERCHANT_ANOMALY,1.5545203514552808,1.6666666666666667,1.6105935090609738
CUST_00920,2927.68,Nichols-Olson,EDUCATION,CN,WALLET,3.5,366,510,1,PAYMENT_METHOD_ABUSE,1.134814671253452,1.4,1.267407335626726
CUST_00001,2307.35,George-Hernandez,OTHER,CN,NET_BANKING,2.5,345,2369,1,PAYMENT_METHOD_ABUSE,1.120537893154683,1.6666666666666667,1.3936022799106749
CUST_00568,2101.35,Taylor-Carr,EDUCATION,NG,UPI,3.0,968,2396,1,PAYMENT_METHOD_ABUSE,1.2100507894827766,1.5,1.3550253947413884
CUST_00312,837.95,Daniels Inc,TRAVEL,US,DEBIT_CARD,2.0,774,1710,1,PAYMENT_METHOD_ABUSE,1.3131439764936337,2.0,1.6565719882468168
CUST_00337,1217.08,"Medina, Wong and Santana",GROCERY,IN,WALLET,2.0,715,572,1,MERCHANT_ANOMALY,1.3039281333197628,2.0,1.6519640666598814
CUST_00703,695.5,"Davidson, Wade and Gray",ENTERTAINMENT,GB,UPI,2.5,204,2034,1,PAYMENT_METHOD_ABUSE,1.5545373267769336,1.6666666666666667,1.6106019967218002
CUST_00513,2802.02,"Murphy, Kelly and Smith",TRAVEL,IN,CREDIT_CARD,2.5,290,661,1,PAYMENT_METHOD_ABUSE,1.3612049638447692,1.6666666666666667,1.513935815255718
CUST_00069,4782.58,Mahoney Group,ECOMMERCE,IN,NET_BANKING,2.0,863,2017,1,PAYMENT_METHOD_ABUSE,1.2124495507737238,2.0,1.606224775386862
CUST_00955,4349.8,Watson Group,FOOD,CN,UPI,2.0,221,2151,1,PAYMENT_METHOD_ABUSE,1.4882559233598496,2.0,1.7441279616799248
CUST_00883,1289.58,Kim-Holt,OTHER,IN,UPI,2.0,978,385,1,MERCHANT_ANOMALY,1.4796651884319043,2.0,1.7398325942159525
CUST_00367,1677.25,Mccormick Inc,ENTERTAINMENT,GB,WALLET,2.5,628,2225,1,PAYMENT_METHOD_ABUSE,1.1046021522371938,1.6666666666666667,1.3856344094519302
CUST_00543,1543.63,Lewis-Garcia,HEALTHCARE,CN,WALLET,3.0,618,2101,1,PAYMENT_METHOD_ABUSE,1.1889350165212236,1.5,1.3444675082606117
CUST_00272,1167.98,Garcia-Oconnell,ECOMMERCE,GB,NET_BANKING,3.0,856,1629,1,PAYMENT_METHOD_ABUSE,1.1305147414677583,1.5,1.3152573707338793
CUST_00534,1937.77,Long PLC,EDUCATION,NG,UPI,2.0,236,628,1,MERCHANT_ANOMALY,1.3827436233181936,2.0,1.6913718116590968
CUST_00507,1349.45,Gilmore-Wilson,FOOD,CN,CREDIT_CARD,2.0,614,512,1,MERCHANT_ANOMALY,1.7258600844097711,2.0,1.8629300422048856
CUST_00766,660.57,Mcdonald PLC,OTHER,US,DEBIT_CARD,2.5,909,493,1,PAYMENT_METHOD_ABUSE,1.5489067354475643,1.6666666666666667,1.6077867010571154
CUST_00266,2265.67,"Thompson, Smith and Nunez",TRAVEL,IN,CREDIT_CARD,2.0,532,1547,1,MERCHANT_ANOMALY,1.4379180787733394,2.0,1.7189590393866698
CUST_00151,2653.58,"Stewart, Miller and Harper",ENTERTAINMENT,NG,UPI,2.0,866,778,1,PAYMENT_METHOD_ABUSE,1.3862931685260598,2.0,1.69314658426303
CUST_00195,7652.9,Chen-Mathews,OTHER,US,WALLET,2.0,138,1942,1,MERCHANT_ANOMALY,1.6542375665767448,2.0,1.8271187832883724
CUST_00056,2324.5,Young Group,ENTERTAINMENT,CN,NET_BANKING,2.0,853,1120,1,PAYMENT_METHOD_ABUSE,1.5993917563722808,2.0,1.7996958781861403
CUST_00632,535.29,"Juarez, Mendez and Garcia",ENTERTAINMENT,NG,DEBIT_CARD,2.0,997,2480,1,MERCHANT_ANOMALY,1.5613177966719651,2.0,1.7806588983359826
CUST_00742,1116.7,"Russell, Johnson and Robinson",FOOD,GB,NET_BANKING,2.0,259,531,1,PAYMENT_METHOD_ABUSE,1.437703176800026,2.0,1.718851588400013
CUST_00170,1059.46,Coleman-Ellis,EDUCATION,US,NET_BANKING,2.0,654,2328,1,MERCHANT_ANOMALY,1.4702368148985925,2.0,1.735118407449296
CUST_00030,1009.63,"Flynn, Glass and Lee",GROCERY,IN,NET_BANKING,3.5,461,1684,1,PAYMENT_METHOD_ABUSE,1.1430657843342598,1.4,1.2715328921671298
CUST_00069,5289.46,Smith PLC,ECOMMERCE,IN,CREDIT_CARD,2.0,863,2017,1,PAYMENT_METHOD_ABUSE,1.340950574969071,2.0,1.6704752874845357
CUST_00542,1695.14,"Reyes, Mosley and Johnson",HEALTHCARE,IN,UPI,2.0,286,917,1,MERCHANT_ANOMALY,1.6750478016195736,2.0,1.8375239008097868
CUST_00901,3067.93,"Hodges, Davis and Nichols",ENTERTAINMENT,CN,CREDIT_CARD,2.0,754,1181,1,MERCHANT_ANOMALY,1.7479439254998816,2.0,1.8739719627499407
CUST_00996,5047.63,Hicks Ltd,OTHER,IN,DEBIT_CARD,2.0,792,1393,1,MERCHANT_ANOMALY,1.2432433098114557,2.0,1.6216216549057276
CUST_00359,2856.52,"Neal, Castro and Williams",FOOD,GB,CREDIT_CARD,4.0,409,1653,1,PAYMENT_METHOD_ABUSE,1.1184297849098197,1.3333333333333333,1.2258815591215764
CUST_00323,2933.08,Gardner-King,FOOD,CN,NET_BANKING,2.0,294,2499,1,PAYMENT_METHOD_ABUSE,1.5743051213169486,2.0,1.7871525606584742
CUST_00042,3157.51,"Jones, Kemp and Moore",ENTERTAINMENT,GB,DEBIT_CARD,2.0,105,2239,1,MERCHANT_ANOMALY,1.3691783004897804,2.0,1.6845891502448902
CUST_00117,1042.07,Lambert Group,ENTERTAINMENT,GB,WALLET,2.0,934,1728,1,MERCHANT_ANOMALY,1.373530342173248,2.0,1.686765171086624
CUST_00848,696.45,"Lawson, Erickson and Montgomery",FOOD,IN,DEBIT_CARD,2.0,746,2375,1,PAYMENT_METHOD_ABUSE,1.3504682864400537,2.0,1.6752341432200266
CUST_00927,824.15,Green Ltd,EDUCATION,NG,UPI,2.0,847,1609,1,MERCHANT_ANOMALY,1.3584255680366577,2.0,1.6792127840183289
CUST_00416,3378.77,Tucker-Hernandez,ECOMMERCE,CN,NET_BANKING,2.0,292,1376,1,PAYMENT_METHOD_ABUSE,1.4433667464794449,2.0,1.7216833732397223
CUST_00654,1118.55,Ferguson LLC,FOOD,GB,WALLET,4.0,112,825,1,PAYMENT_METHOD_ABUSE,1.1479195209433353,1.3333333333333333,1.2406264271383345
CUST_00814,1024.58,Thomas-Johnson,ENTERTAINMENT,US,UPI,2.0,787,1903,1,MERCHANT_ANOMALY,1.63810924672044,2.0,1.81905462336022
CUST_00178,1227.38,Cook-Wilkinson,ENTERTAINMENT,CN,NET_BANKING,4.0,528,96,1,MERCHANT_ANOMALY,1.271534018802932,1.3333333333333333,1.3024336760681328
CUST_00999,3408.57,Jones PLC,TRAVEL,GB,CREDIT_CARD,2.0,321,1660,1,MERCHANT_ANOMALY,1.6373894538624496,2.0,1.8186947269312248
CUST_00930,1871.41,Murphy-Nelson,HEALTHCARE,IN,NET_BANKING,3.0,832,565,1,PAYMENT_METHOD_ABUSE,1.1811548924191646,1.5,1.3405774462095823
CUST_00804,477.4,Wolf-Bass,ECOMMERCE,GB,WALLET,3.0,739,690,1,PAYMENT_METHOD_ABUSE,1.1802370857488966,1.5,1.3401185428744484
CUST_00944,2721.79,Flores-Drake,GROCERY,US,NET_BANKING,3.0,131,805,1,MERCHANT_ANOMALY,1.2108468574275748,1.5,1.3554234287137874
CUST_00925,1493.68,"Bennett, Potter and Klein",ECOMMERCE,CN,DEBIT_CARD,2.5,245,1122,1,PAYMENT_METHOD_ABUSE,1.5851595580978255,1.6666666666666667,1.6259131123822463
CUST_00579,1746.1,Ramsey Inc,GROCERY,NG,WALLET,2.0,169,508,1,PAYMENT_METHOD_ABUSE,1.389233657946661,2.0,1.6946168289733308
CUST_00326,1405.5,"Carpenter, Williams and Clark",HEALTHCARE,CN,CREDIT_CARD,2.0,326,2465,1,PAYMENT_METHOD_ABUSE,1.2679811088406838,2.0,1.633990554420342
CUST_00954,437.89,Williams-Padilla,ENTERTAINMENT,CN,UPI,2.0,889,2171,1,MERCHANT_ANOMALY,1.291710914454277,2.0,1.6458554572271389
CUST_00841,1742.55,Rodriguez-Novak,EDUCATION,GB,DEBIT_CARD,2.0,187,756,1,PAYMENT_METHOD_ABUSE,1.1271308954369488,2.0,1.5635654477184744
CUST_00041,4129.43,Avila and Sons,OTHER,GB,UPI,2.0,639,814,1,PAYMENT_METHOD_ABUSE,1.4816463973620904,2.0,1.7408231986810452
CUST_00521,1099.11,Mckinney and Sons,TRAVEL,NG,WALLET,2.0,608,557,1,MERCHANT_ANOMALY,1.2581387362637362,2.0,1.629069368131868
CUST_00481,4275.8,Rodriguez PLC,ECOMMERCE,CN,WALLET,2.5,380,1918,1,PAYMENT_METHOD_ABUSE,1.413158255679255,1.6666666666666667,1.5399124611729609
CUST_00551,2565.25,Jensen and Sons,ECOMMERCE,GB,NET_BANKING,2.0,507,1166,1,PAYMENT_METHOD_ABUSE,1.3576630359997035,2.0,1.6788315179998516
CUST_00557,1462.3,Bowman and Sons,TRAVEL,IN,DEBIT_CARD,2.0,816,1798,1,PAYMENT_METHOD_ABUSE,1.5319581364650663,2.0,1.7659790682325331
CUST_00735,924.86,Stein-Medina,OTHER,IN,UPI,2.0,364,502,1,MERCHANT_ANOMALY,1.6690608532447846,2.0,1.8345304266223923
CUST_00394,1835.04,Levy-Lewis,HEALTHCARE,IN,NET_BANKING,2.5,599,1641,1,PAYMENT_METHOD_ABUSE,1.323576825288061,1.6666666666666667,1.495121745977364
CUST_00805,1800.96,Mora Inc,ECOMMERCE,IN,WALLET,3.5,801,1678,1,PAYMENT_METHOD_ABUSE,1.2170375526257105,1.4,1.3085187763128552
CUST_00241,2686.63,Powers and Sons,EDUCATION,CN,CREDIT_CARD,2.0,896,2047,1,MERCHANT_ANOMALY,1.68230332593402,2.0,1.8411516629670104
CUST_00702,1589.24,Richardson and Sons,GROCERY,CN,WALLET,2.0,602,807,1,PAYMENT_METHOD_ABUSE,1.393410139056938,2.0,1.696705069528469
CUST_00796,1596.45,Farley-Hernandez,HEALTHCARE,NG,UPI,3.0,993,1762,1,MERCHANT_ANOMALY,1.2486117411503388,1.5,1.3743058705751694
CUST_00679,4972.94,"Jackson, Wise and White",GROCERY,NG,CREDIT_CARD,2.5,161,1753,1,MERCHANT_ANOMALY,1.5332088787214986,1.6666666666666667,1.5999377726940829
CUST_00242,3254.05,Cunningham and Sons,OTHER,US,DEBIT_CARD,2.0,858,477,1,MERCHANT_ANOMALY,1.483445972898123,2.0,1.7417229864490615
CUST_00444,5595.5,"Underwood, Parks and Gonzales",ECOMMERCE,US,WALLET,2.0,874,890,1,PAYMENT_METHOD_ABUSE,1.224895444430945,2.0,1.6124477222154725
CUST_00556,686.57,Marshall-Baxter,ENTERTAINMENT,IN,UPI,3.0,556,285,1,PAYMENT_METHOD_ABUSE,1.1685701155685668,1.5,1.3342850577842835
CUST_00171,2748.42,"Hawkins, Wagner and Christensen",EDUCATION,US,CREDIT_CARD,2.0,348,1531,1,PAYMENT_METHOD_ABUSE,1.3761538172668897,2.0,1.6880769086334446
CUST_00226,6801.51,Freeman and Sons,FOOD,NG,CREDIT_CARD,2.5,990,1981,1,MERCHANT_ANOMALY,1.710355285144713,1.6666666666666667,1.68851097590569
CUST_00006,1838.59,Smith Inc,OTHER,GB,NET_BANKING,2.0,997,2293,1,MERCHANT_ANOMALY,1.257581198422714,2.0,1.628790599211357
CUST_00445,820.75,Moreno-Alvarez,TRAVEL,GB,UPI,2.0,590,1197,1,PAYMENT_METHOD_ABUSE,1.2757540666360971,2.0,1.6378770333180486
CUST_00067,2255.57,Powell and Sons,GROCERY,NG,CREDIT_CARD,3.0,448,824,1,PAYMENT_METHOD_ABUSE,1.106333199266228,1.5,1.303166599633114
CUST_00355,574.45,"Carson, Farley and Kramer",ENTERTAINMENT,GB,DEBIT_CARD,2.0,948,1733,1,PAYMENT_METHOD_ABUSE,1.1400871265120618,2.0,1.5700435632560308
CUST_00565,1352.55,Smith-Hernandez,HEALTHCARE,GB,CREDIT_CARD,2.0,424,591,1,MERCHANT_ANOMALY,1.6840879802274835,2.0,1.8420439901137415
CUST_00507,1092.31,Buck-Richard,GROCERY,CN,CREDIT_CARD,2.0,614,512,1,MERCHANT_ANOMALY,1.396994500575521,2.0,1.6984972502877604
CUST_00650,1727.85,"Wagner, Schultz and Walker",OTHER,IN,DEBIT_CARD,2.0,126,1187,1,PAYMENT_METHOD_ABUSE,1.5492799885228556,2.0,1.774639994261428
CUST_00362,1678.88,"Russell, Stevens and Snyder",OTHER,NG,UPI,4.0,440,2468,1,PAYMENT_METHOD_ABUSE,1.117487702762968,1.3333333333333333,1.2254105180481507
CUST_00679,5703.24,Logan-Cox,HEALTHCARE,NG,CREDIT_CARD,2.5,161,1753,1,MERCHANT_ANOMALY,1.7583679283240097,1.6666666666666667,1.7125172974953382
CUST_00188,2718.18,Gilbert Inc,EDUCATION,CN,NET_BANKING,2.5,549,1420,1,MERCHANT_ANOMALY,1.428305693927738,1.6666666666666667,1.5474861802972024
CUST_00477,1100.11,Brown and Sons,EDUCATION,US,NET_BANKING,2.0,248,2361,1,MERCHANT_ANOMALY,1.2112814075884697,2.0,1.6056407037942348
CUST_00869,2722.97,Fields-Carroll,TRAVEL,IN,UPI,2.5,276,1397,1,MERCHANT_ANOMALY,1.319850321604971,1.6666666666666667,1.493258494135819
CUST_00502,1002.38,Sosa-Wise,FOOD,CN,DEBIT_CARD,2.0,935,1044,1,MERCHANT_ANOMALY,1.4583891055112612,2.0,1.7291945527556307
CUST_00214,1615.34,Wright-Martin,FOOD,CN,DEBIT_CARD,3.0,658,833,1,PAYMENT_METHOD_ABUSE,1.2605268907825329,1.5,1.3802634453912663
CUST_00983,1214.04,Graham-Grimes,EDUCATION,US,NET_BANKING,2.0,197,955,1,MERCHANT_ANOMALY,1.2982371717755,2.0,1.64911858588775
CUST_00702,1748.52,"Cook, Arroyo and Williams",GROCERY,CN,DEBIT_CARD,2.0,602,807,1,PAYMENT_METHOD_ABUSE,1.533063285811984,2.0,1.766531642905992
CUST_00395,1311.03,Horne-Riley,TRAVEL,US,DEBIT_CARD,2.0,784,1517,1,PAYMENT_METHOD_ABUSE,1.4650262324209256,2.0,1.7325131162104628
CUST_00108,1174.7,Scott Ltd,HEALTHCARE,NG,WALLET,2.0,197,413,1,MERCHANT_ANOMALY,1.2035983975245648,2.0,1.6017991987622824
CUST_00161,1569.38,Moody-Williams,FOOD,US,UPI,2.0,568,1599,1,PAYMENT_METHOD_ABUSE,1.3831523655080027,2.0,1.6915761827540012
CUST_00823,3631.49,"Ochoa, Mckee and Garcia",FOOD,CN,WALLET,2.0,698,970,1,MERCHANT_ANOMALY,1.6793017341040462,2.0,1.839650867052023
CUST_00261,2668.04,Grant Group,ECOMMERCE,CN,NET_BANKING,2.0,740,2448,1,MERCHANT_ANOMALY,1.4054261912098969,2.0,1.7027130956049483
CUST_00831,1734.75,Griffin PLC,ENTERTAINMENT,GB,DEBIT_CARD,2.5,571,2033,1,MERCHANT_ANOMALY,1.5389358078137751,1.6666666666666667,1.602801237240221
CUST_00731,1807.16,Flores and Sons,FOOD,CN,UPI,2.0,456,661,1,PAYMENT_METHOD_ABUSE,1.5720107691036331,2.0,1.7860053845518165
CUST_00007,3072.4,Vega-Moreno,ENTERTAINMENT,GB,UPI,2.5,572,2455,1,MERCHANT_ANOMALY,1.7616113893531566,1.6666666666666667,1.7141390280099116
CUST_00851,969.51,Gomez-Moore,OTHER,GB,UPI,2.0,646,254,1,PAYMENT_METHOD_ABUSE,1.1310195986934204,2.0,1.5655097993467102
CUST_00945,958.9,Davis-Watkins,GROCERY,IN,DEBIT_CARD,2.0,291,2010,1,PAYMENT_METHOD_ABUSE,1.4492556487568955,2.0,1.7246278243784476
CUST_00039,4381.76,Norman PLC,FOOD,CN,DEBIT_CARD,2.0,278,412,1,MERCHANT_ANOMALY,1.40456106665299,2.0,1.702280533326495
CUST_00563,1198.54,Martinez Group,GROCERY,IN,NET_BANKING,2.0,682,1435,1,PAYMENT_METHOD_ABUSE,1.1384524782005736,2.0,1.5692262391002867
CUST_00597,2716.78,Hoffman-Lowery,GROCERY,NG,DEBIT_CARD,3.5,760,892,1,PAYMENT_METHOD_ABUSE,1.1871496051981876,1.4,1.293574802599094
CUST_00171,3152.32,Diaz-Marquez,ECOMMERCE,US,NET_BANKING,2.0,348,1531,1,MERCHANT_ANOMALY,1.5783894751336265,2.0,1.7891947375668131
CUST_00040,6597.27,"Martin, Jones and Hoffman",OTHER,CN,CREDIT_CARD,2.5,578,1169,1,PAYMENT_METHOD_ABUSE,1.311607961176244,1.6666666666666667,1.4891373139214554
CUST_00494,2443.54,"Gill, Obrien and Hinton",ECOMMERCE,CN,UPI,3.0,708,2068,1,MERCHANT_ANOMALY,1.237144614699174,1.5,1.368572307349587
CUST_00801,1941.95,Lyons-Riley,FOOD,NG,NET_BANKING,2.5,688,969,1,PAYMENT_METHOD_ABUSE,1.3846691361281742,1.6666666666666667,1.5256679013974206
CUST_00234,4441.92,Walker-Pope,ECOMMERCE,NG,UPI,2.0,210,2287,1,MERCHANT_ANOMALY,1.2461673771519708,2.0,1.6230836885759854
CUST_00798,2370.78,Young-Hudson,GROCERY,US,DEBIT_CARD,2.5,130,1977,1,MERCHANT_ANOMALY,1.432685915952574,1.6666666666666667,1.5496762913096205
CUST_00071,1818.39,Fernandez-Richard,HEALTHCARE,GB,WALLET,4.0,568,913,1,PAYMENT_METHOD_ABUSE,1.1012336258425537,2.0,1.5506168129212767
CUST_00609,1934.57,Turner LLC,OTHER,CN,DEBIT_CARD,2.0,706,264,1,PAYMENT_METHOD_ABUSE,1.3861625215852338,2.0,1.693081260792617
CUST_00007,2222.11,Hartman Inc,ENTERTAINMENT,GB,UPI,2.5,572,2455,1,MERCHANT_ANOMALY,1.2740835452400543,1.6666666666666667,1.4703751059533603
CUST_00523,1185.05,"Watts, Pacheco and Avila",ECOMMERCE,GB,DEBIT_CARD,2.0,986,236,1,PAYMENT_METHOD_ABUSE,1.2520933377709451,2.0,1.626046668885473
CUST_00957,1262.95,"Patrick, Smith and Gilbert",TRAVEL,NG,UPI,3.0,216,1981,1,PAYMENT_METHOD_ABUSE,1.1102905946839328,1.5,1.3051452973419664
CUST_00404,1401.95,Ward-Sanders,TRAVEL,CN,NET_BANKING,2.0,646,1539,1,PAYMENT_METHOD_ABUSE,1.19564707537877,2.0,1.597823537689385
CUST_00122,669.05,Ramirez Inc,ECOMMERCE,CN,CREDIT_CARD,3.0,620,208,1,PAYMENT_METHOD_ABUSE,1.120114514360335,1.5,1.3100572571801674
CUST_00474,1144.19,Chung-Johnson,GROCERY,US,UPI,2.0,981,135,1,MERCHANT_ANOMALY,1.626795006682401,2.0,1.8133975033412004
CUST_00449,1165.59,Kim-Robinson,OTHER,IN,DEBIT_CARD,2.0,444,931,1,MERCHANT_ANOMALY,1.2433490495594477,2.0,1.6216745247797235
CUST_00424,936.1,Klein-Hoover,OTHER,CN,UPI,3.0,685,2081,1,PAYMENT_METHOD_ABUSE,1.1410496291375392,1.5,1.3205248145687696
CUST_00384,3161.17,"Hudson, Mcdowell and Lee",ENTERTAINMENT,CN,CREDIT_CARD,2.0,978,231,1,PAYMENT_METHOD_ABUSE,1.4249838847091811,2.0,1.7124919423545906
CUST_00294,1887.55,"Gross, Jones and Williams",ECOMMERCE,IN,DEBIT_CARD,2.0,351,432,1,MERCHANT_ANOMALY,1.3296351084812623,2.0,1.6648175542406312
CUST_00322,942.87,"Williams, Farrell and Cummings",TRAVEL,NG,UPI,4.0,975,224,1,PAYMENT_METHOD_ABUSE,1.2082887477814015,1.3333333333333333,1.2708110405573674
CUST_00307,2227.71,"Thomas, Young and Glover",FOOD,CN,DEBIT_CARD,2.0,198,321,1,MERCHANT_ANOMALY,1.3364388985542024,2.0,1.6682194492771012
CUST_00187,1246.32,Snyder Ltd,FOOD,CN,UPI,2.0,951,110,1,PAYMENT_METHOD_ABUSE,1.1853852701860843,2.0,1.5926926350930422
CUST_00309,2738.13,Shaffer Inc,OTHER,NG,NET_BANKING,2.0,661,1386,1,PAYMENT_METHOD_ABUSE,1.538495683370371,2.0,1.7692478416851851
CUST_00130,1319.07,Scott-Brown,ENTERTAINMENT,NG,UPI,2.0,626,2095,1,MERCHANT_ANOMALY,1.4256748358507392,2.0,1.7128374179253696
CUST_00828,1931.68,"Anderson, Trujillo and Lopez",OTHER,GB,WALLET,2.0,386,1608,1,PAYMENT_METHOD_ABUSE,1.2787036086995376,2.0,1.6393518043497688
CUST_00552,1585.21,"Edwards, Dean and Mendoza",FOOD,IN,CREDIT_CARD,2.0,287,155,1,PAYMENT_METHOD_ABUSE,1.4743122337754138,2.0,1.7371561168877068
CUST_00354,2312.22,Meadows and Sons,ENTERTAINMENT,CN,CREDIT_CARD,2.0,738,2317,1,MERCHANT_ANOMALY,1.618991937319045,2.0,1.8094959686595224
CUST_00848,621.49,Long-Richardson,FOOD,IN,NET_BANKING,2.0,746,2375,1,PAYMENT_METHOD_ABUSE,1.2051152779662988,2.0,1.6025576389831495
CUST_00896,1810.8,Caldwell-Rivera,ENTERTAINMENT,NG,WALLET,2.0,879,727,1,PAYMENT_METHOD_ABUSE,1.446285447291809,2.0,1.7231427236459045
CUST_00439,1917.26,"Johnson, Nelson and Warren",TRAVEL,NG,DEBIT_CARD,2.5,191,965,1,MERCHANT_ANOMALY,1.2273723901068123,1.6666666666666667,1.4470195283867395
CUST_00464,1673.76,Davis-Butler,EDUCATION,GB,WALLET,2.0,631,1728,1,MERCHANT_ANOMALY,1.7199580738639866,2.0,1.8599790369319933
CUST_00926,2729.46,"Cooper, Lawrence and Williams",TRAVEL,CN,NET_BANKING,2.5,687,1520,1,MERCHANT_ANOMALY,1.526304605542756,1.6666666666666667,1.5964856361047115
CUST_00816,819.92,Watkins Ltd,GROCERY,GB,DEBIT_CARD,3.0,199,1288,1,PAYMENT_METHOD_ABUSE,1.2100979241843954,1.5,1.3550489620921975
CUST_00780,3495.06,Williams PLC,ECOMMERCE,GB,DEBIT_CARD,2.0,881,1508,1,MERCHANT_ANOMALY,1.4834310598391809,2.0,1.7417155299195906
CUST_00376,1865.31,Howard Inc,EDUCATION,US,CREDIT_CARD,3.0,526,388,1,PAYMENT_METHOD_ABUSE,1.103962359068446,1.5,1.301981179534223
CUST_00932,1164.09,"Stewart, Johnson and Phillips",GROCERY,CN,DEBIT_CARD,2.0,256,644,1,PAYMENT_METHOD_ABUSE,1.2256610845840812,2.0,1.6128305422920406
CUST_00593,3103.62,Johnson Inc,FOOD,IN,UPI,2.0,590,490,1,PAYMENT_METHOD_ABUSE,1.32439202365763,2.0,1.662196011828815
CUST_00201,1384.87,Jones and Sons,HEALTHCARE,CN,NET_BANKING,3.5,698,1848,1,PAYMENT_METHOD_ABUSE,1.307103856082379,1.4,1.3535519280411894
CUST_00400,1814.56,"Lopez, Callahan and Crawford",HEALTHCARE,NG,WALLET,2.0,637,1911,1,PAYMENT_METHOD_ABUSE,1.417420138495608,2.0,1.708710069247804
CUST_00502,1160.72,"Bonilla, Guerrero and Jones",FOOD,CN,DEBIT_CARD,2.0,935,1044,1,MERCHANT_ANOMALY,1.6887621486352793,2.0,1.84438107431764
CUST_00569,1155.08,Waters-Williams,GROCERY,US,CREDIT_CARD,3.0,470,1418,1,PAYMENT_METHOD_ABUSE,1.137466333820785,1.5,1.3187331669103926
CUST_00581,2917.89,Allen-Johnson,ENTERTAINMENT,IN,WALLET,2.0,838,612,1,PAYMENT_METHOD_ABUSE,1.5111515066769208,2.0,1.7555757533384604
CUST_00308,3355.88,Huffman Group,EDUCATION,CN,NET_BANKING,2.0,933,1706,1,PAYMENT_METHOD_ABUSE,1.2368260052334794,2.0,1.6184130026167396
CUST_00943,999.14,Thompson PLC,HEALTHCARE,CN,CREDIT_CARD,3.0,660,971,1,PAYMENT_METHOD_ABUSE,1.2103159220854731,1.5,1.355157961042737
CUST_00147,5817.11,"Boyd, Dorsey and Shepard",ENTERTAINMENT,IN,NET_BANKING,2.0,182,2262,1,PAYMENT_METHOD_ABUSE,1.4544065785838491,2.0,1.7272032892919245
CUST_00861,2689.23,"Miller, Brown and Flores",FOOD,IN,NET_BANKING,2.0,112,1711,1,PAYMENT_METHOD_ABUSE,1.2111084590199372,2.0,1.6055542295099683
CUST_00354,1896.92,Davis-Swanson,GROCERY,CN,CREDIT_CARD,2.0,738,2317,1,MERCHANT_ANOMALY,1.328203278986966,2.0,1.664101639493483
CUST_00787,4960.46,Hill LLC,OTHER,US,WALLET,2.0,543,2056,1,MERCHANT_ANOMALY,1.6672442101406777,2.0,1.8336221050703387
CUST_00821,474.67,"Brown, Briggs and Saunders",HEALTHCARE,US,CREDIT_CARD,2.0,778,1332,1,PAYMENT_METHOD_ABUSE,1.2208590534979424,2.0,1.6104295267489712
CUST_00281,1797.14,Mosley and Sons,EDUCATION,NG,DEBIT_CARD,2.0,728,1423,1,MERCHANT_ANOMALY,1.689827504337074,2.0,1.844913752168537
CUST_00173,2252.29,Richards-Mahoney,FOOD,NG,DEBIT_CARD,2.0,268,1896,1,MERCHANT_ANOMALY,1.4118727472183044,2.0,1.7059363736091522
CUST_00354,1748.24,"Cook, Hanson and Johnson",OTHER,CN,WALLET,2.0,738,2317,1,PAYMENT_METHOD_ABUSE,1.2240991188116386,2.0,1.6120495594058193
CUST_00474,1078.22,"Ware, Young and Cunningham",EDUCATION,US,UPI,2.0,981,135,1,MERCHANT_ANOMALY,1.5329996872067564,2.0,1.7664998436033783
CUST_00308,3109.98,Stanton Inc,EDUCATION,CN,CREDIT_CARD,2.0,933,1706,1,PAYMENT_METHOD_ABUSE,1.1461983562451628,2.0,1.5730991781225814
CUST_00549,2028.18,Newton-Beck,ENTERTAINMENT,IN,NET_BANKING,2.0,306,795,1,PAYMENT_METHOD_ABUSE,1.522829147426512,2.0,1.761414573713256
CUST_00336,1079.54,Anderson LLC,TRAVEL,GB,UPI,3.0,835,535,1,PAYMENT_METHOD_ABUSE,1.186783709949595,1.5,1.3433918549747976
CUST_00279,6584.93,"Tate, Zamora and Peterson",ECOMMERCE,GB,CREDIT_CARD,2.0,815,1857,1,MERCHANT_ANOMALY,1.7505197118324165,2.0,1.875259855916208
CUST_00926,2636.34,Johnson Inc,TRAVEL,CN,NET_BANKING,2.5,687,1520,1,MERCHANT_ANOMALY,1.4742322231417897,1.6666666666666667,1.570449444904228
CUST_00024,1711.25,"Ali, Smith and Hayes",OTHER,NG,WALLET,2.5,784,584,1,MERCHANT_ANOMALY,1.4470785713983707,1.6666666666666667,1.5568726190325188
CUST_00029,3113.14,Cunningham-Fisher,OTHER,NG,NET_BANKING,2.0,208,698,1,MERCHANT_ANOMALY,1.3234479518937887,2.0,1.6617239759468942
CUST_00783,1163.75,"Reynolds, Collier and Marshall",HEALTHCARE,US,NET_BANKING,2.0,658,1008,1,PAYMENT_METHOD_ABUSE,1.418869902888947,2.0,1.7094349514444738
CUST_00785,2010.78,Fischer-Cardenas,EDUCATION,NG,NET_BANKING,3.5,488,642,1,PAYMENT_METHOD_ABUSE,1.1802776391864525,1.4,1.2901388195932262
CUST_00678,2370.45,Velazquez and Sons,EDUCATION,NG,WALLET,2.0,567,772,1,PAYMENT_METHOD_ABUSE,1.5326845984740722,2.0,1.766342299237036
CUST_00902,1659.46,Clark LLC,EDUCATION,US,NET_BANKING,2.0,946,390,1,MERCHANT_ANOMALY,1.6851244453019487,2.0,1.8425622226509744
CUST_00518,1820.0,"Burgess, Bean and Petersen",ECOMMERCE,IN,UPI,3.0,807,1232,1,PAYMENT_METHOD_ABUSE,1.2016492966720256,1.5,1.350824648336013
CUST_00651,1566.27,Black Ltd,ECOMMERCE,GB,UPI,3.5,127,142,1,MERCHANT_ANOMALY,1.3214123006833711,1.4,1.3607061503416855
CUST_00566,2069.22,Walters LLC,TRAVEL,CN,WALLET,2.0,908,2025,1,PAYMENT_METHOD_ABUSE,1.165623125216524,2.0,1.5828115626082622
CUST_00698,1740.92,"Crawford, Parsons and Bush",ECOMMERCE,GB,WALLET,2.0,789,1410,1,MERCHANT_ANOMALY,1.7616457623945725,2.0,1.8808228811972865
CUST_00535,1452.07,Lozano PLC,GROCERY,GB,NET_BANKING,2.0,869,764,1,PAYMENT_METHOD_ABUSE,1.366808486605546,2.0,1.683404243302773
CUST_00596,6648.35,"Reid, Reynolds and Floyd",ECOMMERCE,US,DEBIT_CARD,2.0,193,1622,1,PAYMENT_METHOD_ABUSE,1.2034737432796918,2.0,1.601736871639846
CUST_00487,2098.04,"Peterson, Hodges and Smith",OTHER,CN,WALLET,3.0,924,2073,1,PAYMENT_METHOD_ABUSE,1.2208376369270155,1.5,1.3604188184635078
CUST_00187,1444.94,Evans LLC,FOOD,CN,DEBIT_CARD,2.0,951,110,1,PAYMENT_METHOD_ABUSE,1.3742943965455747,2.0,1.6871471982727877
CUST_00307,2262.03,Rodgers-Anderson,ENTERTAINMENT,CN,DEBIT_CARD,2.0,198,321,1,MERCHANT_ANOMALY,1.3570280160777493,2.0,1.6785140080388747
CUST_00697,1009.62,"Hunter, Martinez and Hays",ECOMMERCE,US,UPI,2.0,999,806,1,MERCHANT_ANOMALY,1.2623248021405085,2.0,1.631162401070254
CUST_00555,669.68,Scott-Ho,TRAVEL,US,WALLET,2.0,605,1048,1,PAYMENT_METHOD_ABUSE,1.250196019863346,2.0,1.625098009931673
CUST_00552,1570.92,"Cunningham, Ibarra and Maldonado",EDUCATION,IN,DEBIT_CARD,2.0,287,155,1,MERCHANT_ANOMALY,1.4610219303956402,2.0,1.73051096519782
CUST_00945,1164.84,Landry-Andrade,TRAVEL,IN,CREDIT_CARD,2.0,291,2010,1,MERCHANT_ANOMALY,1.7605078213557013,2.0,1.8802539106778504
CUST_00992,1836.4,Woods-Davenport,FOOD,CN,NET_BANKING,3.0,396,981,1,PAYMENT_METHOD_ABUSE,1.2075422070983544,1.5,1.3537711035491773
CUST_00811,1175.23,Massey-Bean,EDUCATION,GB,UPI,2.0,540,628,1,MERCHANT_ANOMALY,1.317906564693745,2.0,1.6589532823468724
CUST_00069,5256.48,"Castillo, White and Gonzales",FOOD,IN,WALLET,2.0,863,2017,1,MERCHANT_ANOMALY,1.3325896931470176,2.0,1.6662948465735088
CUST_00593,3712.51,Williams Inc,FOOD,IN,UPI,2.0,590,490,1,PAYMENT_METHOD_ABUSE,1.5842205655812205,2.0,1.79211028279061
CUST_00170,871.41,Mack Group,ENTERTAINMENT,US,NET_BANKING,2.0,654,2328,1,MERCHANT_ANOMALY,1.2092755393037793,2.0,1.6046377696518896
CUST_00646,1403.77,Austin Ltd,TRAVEL,CN,CREDIT_CARD,2.5,418,1731,1,MERCHANT_ANOMALY,1.648904367845795,1.6666666666666667,1.6577855172562308
CUST_00982,1606.47,"Yates, Johnson and Boyer",ENTERTAINMENT,CN,WALLET,3.5,330,1422,1,PAYMENT_METHOD_ABUSE,1.1803600293901544,1.4,1.290180014695077
CUST_00741,1519.16,Mcdonald-Hall,GROCERY,US,NET_BANKING,2.0,679,1657,1,PAYMENT_METHOD_ABUSE,1.3337606068454484,2.0,1.6668803034227242
CUST_00023,836.71,"Johnson, Garcia and Klein",ENTERTAINMENT,CN,WALLET,2.0,353,90,1,MERCHANT_ANOMALY,1.3506214689265537,2.0,1.675310734463277
CUST_00041,3070.09,"Miller, Alvarez and Preston",OTHER,GB,CREDIT_CARD,3.0,639,814,1,PAYMENT_METHOD_ABUSE,1.1015534318483131,3.0,2.0507767159241563
CUST_00384,2468.52,Estrada-Pope,ENTERTAINMENT,CN,NET_BANKING,2.0,978,231,1,PAYMENT_METHOD_ABUSE,1.1127529424492535,2.0,1.5563764712246269
CUST_00441,1472.46,York and Sons,GROCERY,GB,CREDIT_CARD,2.5,688,956,1,MERCHANT_ANOMALY,1.762506957453303,1.6666666666666667,1.7145868120599848
CUST_00108,1709.29,"Morris, Nolan and Diaz",OTHER,NG,WALLET,2.0,197,413,1,MERCHANT_ANOMALY,1.7513396653654238,2.0,1.875669832682712
CUST_00236,2452.56,Preston-Bailey,GROCERY,NG,CREDIT_CARD,2.0,551,384,1,MERCHANT_ANOMALY,1.500233975721578,2.0,1.750116987860789
CUST_00808,1787.05,Morrison-Watkins,GROCERY,US,DEBIT_CARD,2.0,857,91,1,MERCHANT_ANOMALY,1.7114222507398078,2.0,1.855711125369904
CUST_00990,1837.56,Wright and Sons,ENTERTAINMENT,NG,CREDIT_CARD,2.0,243,1802,1,MERCHANT_ANOMALY,1.700397440464899,2.0,1.8501987202324492
CUST_00652,745.83,Roberts-Salas,FOOD,CN,CREDIT_CARD,2.0,846,266,1,MERCHANT_ANOMALY,1.2034562881208248,2.0,1.6017281440604123
CUST_00066,2063.77,Chandler Inc,EDUCATION,GB,WALLET,2.0,959,1170,1,MERCHANT_ANOMALY,1.5583502601315382,2.0,1.7791751300657692
CUST_00079,1782.83,Johnson-Peterson,ENTERTAINMENT,GB,CREDIT_CARD,2.0,855,1684,1,PAYMENT_METHOD_ABUSE,1.2668893231479836,2.0,1.633444661573992
CUST_00453,2133.65,Fisher Group,ENTERTAINMENT,CN,DEBIT_CARD,2.0,809,783,1,MERCHANT_ANOMALY,1.4063308451562937,2.0,1.703165422578147
CUST_00520,2591.19,Jenkins LLC,HEALTHCARE,NG,CREDIT_CARD,2.0,556,1556,1,MERCHANT_ANOMALY,1.3797897718801253,2.0,1.6898948859400629
CUST_00645,1134.55,Khan-Walker,EDUCATION,US,CREDIT_CARD,2.5,339,2394,1,PAYMENT_METHOD_ABUSE,1.2749185301719292,1.6666666666666667,1.470792598419298
CUST_00806,1827.97,Lewis LLC,EDUCATION,CN,NET_BANKING,2.0,579,1534,1,PAYMENT_METHOD_ABUSE,1.3731900524720455,2.0,1.6865950262360228
CUST_00467,898.94,Morales and Sons,FOOD,CN,DEBIT_CARD,2.0,246,102,1,PAYMENT_METHOD_ABUSE,1.2718629295830446,2.0,1.6359314647915224
CUST_00295,1776.92,"Stone, Weaver and Moss",FOOD,US,CREDIT_CARD,2.5,105,2185,1,MERCHANT_ANOMALY,1.673671222296527,1.6666666666666667,1.670168944481597
CUST_00007,2901.13,Conley Ltd,ENTERTAINMENT,GB,UPI,2.5,572,2455,1,MERCHANT_ANOMALY,1.6634109002714892,1.6666666666666667,1.665038783469078
CUST_00512,2087.21,Garcia Inc,EDUCATION,US,NET_BANKING,2.0,187,2131,1,PAYMENT_METHOD_ABUSE,1.3947043985232457,2.0,1.6973521992616227
CUST_00927,848.82,Estrada LLC,ECOMMERCE,NG,NET_BANKING,2.0,847,1609,1,PAYMENT_METHOD_ABUSE,1.3990885041083247,2.0,1.6995442520541624
CUST_00526,2579.74,"Calderon, Davis and Olsen",EDUCATION,NG,WALLET,2.0,456,1092,1,PAYMENT_METHOD_ABUSE,1.4749799885648942,2.0,1.737489994282447
CUST_00780,2843.8,Ellis-Beard,EDUCATION,GB,NET_BANKING,2.0,881,1508,1,PAYMENT_METHOD_ABUSE,1.2070125399766136,2.0,1.6035062699883067
CUST_00896,1528.31,Lyons Ltd,FOOD,NG,NET_BANKING,2.0,879,727,1,MERCHANT_ANOMALY,1.2206607642757592,2.0,1.6103303821378796
CUST_00726,2763.52,Osborne Group,ENTERTAINMENT,IN,DEBIT_CARD,2.0,555,1360,1,MERCHANT_ANOMALY,1.3378290389340044,2.0,1.6689145194670023
CUST_00287,2361.92,Davenport-Kidd,GROCERY,IN,NET_BANKING,3.0,234,314,1,PAYMENT_METHOD_ABUSE,1.1755115041781343,1.5,1.337755752089067
CUST_00791,2512.11,Perez LLC,GROCERY,GB,WALLET,2.0,192,2238,1,PAYMENT_METHOD_ABUSE,1.201182003141489,2.0,1.6005910015707443
CUST_00726,2309.59,Levine-Nelson,ECOMMERCE,IN,NET_BANKING,2.0,555,1360,1,PAYMENT_METHOD_ABUSE,1.118080046473913,2.0,1.5590400232369563
CUST_00766,650.88,Goodman and Sons,TRAVEL,US,UPI,2.5,909,493,1,MERCHANT_ANOMALY,1.5261855911835394,1.6666666666666667,1.5964261289251032
CUST_00901,2170.85,"Nelson, Carter and Adkins",FOOD,CN,UPI,2.0,754,1181,1,PAYMENT_METHOD_ABUSE,1.236835283292454,2.0,1.618417641646227
CUST_00921,587.46,"Ball, Robertson and Mathis",EDUCATION,US,DEBIT_CARD,2.0,307,1979,1,PAYMENT_METHOD_ABUSE,1.1172264272945116,2.0,1.5586132136472557
CUST_00796,1569.03,"Jackson, Ray and Burns",FOOD,NG,UPI,3.0,993,1762,1,MERCHANT_ANOMALY,1.2271660748643027,1.5,1.3635830374321514
CUST_00140,2666.46,Bullock and Sons,TRAVEL,GB,WALLET,2.0,308,412,1,PAYMENT_METHOD_ABUSE,1.386185761555837,2.0,1.6930928807779186
CUST_00964,642.76,Rodgers-Johnson,FOOD,GB,UPI,2.5,447,1034,1,MERCHANT_ANOMALY,1.493314747052332,1.6666666666666667,1.5799907068594994
CUST_00903,2524.28,Berger LLC,OTHER,IN,WALLET,2.0,407,1627,1,PAYMENT_METHOD_ABUSE,1.3874473031873673,2.0,1.6937236515936838
CUST_00047,2313.03,Reid Inc,EDUCATION,NG,CREDIT_CARD,2.5,198,1188,1,MERCHANT_ANOMALY,1.3855996549524212,1.6666666666666667,1.526133160809544
CUST_00259,1582.08,Higgins-Patterson,FOOD,GB,CREDIT_CARD,2.0,633,203,1,PAYMENT_METHOD_ABUSE,1.2374211007954448,2.0,1.6187105503977224
CUST_00902,1221.61,Allen-Roberts,TRAVEL,US,NET_BANKING,2.0,946,390,1,MERCHANT_ANOMALY,1.2405028585354956,2.0,1.6202514292677477
CUST_00255,4258.06,Proctor and Sons,ECOMMERCE,IN,CREDIT_CARD,2.0,364,1698,1,PAYMENT_METHOD_ABUSE,1.4734103016157805,2.0,1.7367051508078903
CUST_00134,929.67,Nicholson-Hunter,HEALTHCARE,GB,UPI,2.0,615,2490,1,PAYMENT_METHOD_ABUSE,1.1554508790136653,2.0,1.5777254395068327
CUST_00563,1587.23,"Marsh, Hernandez and Gardner",TRAVEL,IN,CREDIT_CARD,2.0,682,1435,1,MERCHANT_ANOMALY,1.5076559205152074,2.0,1.7538279602576037
CUST_00067,2540.4,"Perkins, Thomas and Watson",GROCERY,NG,CREDIT_CARD,3.0,448,824,1,PAYMENT_METHOD_ABUSE,1.2460392980115562,1.5,1.3730196490057782
CUST_00445,1015.18,Campbell-Perez,TRAVEL,GB,NET_BANKING,2.0,590,1197,1,PAYMENT_METHOD_ABUSE,1.5779713839386331,2.0,1.7889856919693166
CUST_00769,1072.92,Gutierrez LLC,ECOMMERCE,US,UPI,2.5,906,2287,1,PAYMENT_METHOD_ABUSE,1.104963954685891,1.6666666666666667,1.385815310676279
CUST_00263,429.98,"Lee, Wright and Williams",TRAVEL,GB,WALLET,2.0,751,2239,1,MERCHANT_ANOMALY,1.365991581288222,2.0,1.682995790644111
CUST_00164,1558.75,Price Inc,HEALTHCARE,GB,UPI,2.0,137,1181,1,MERCHANT_ANOMALY,1.7296862429605793,2.0,1.8648431214802896
CUST_00198,2407.46,Wilcox Inc,ECOMMERCE,IN,WALLET,2.0,956,1347,1,MERCHANT_ANOMALY,1.4855683048813222,2.0,1.742784152440661
CUST_00578,4187.05,Hernandez-Villanueva,ECOMMERCE,US,WALLET,2.0,973,1326,1,MERCHANT_ANOMALY,1.729789242549746,2.0,1.864894621274873
CUST_00621,2090.58,"Lyons, Reyes and Pena",ECOMMERCE,IN,NET_BANKING,4.0,748,1891,1,PAYMENT_METHOD_ABUSE,1.12277253246544,1.3333333333333333,1.2280529328993866
CUST_00669,1699.64,"Davis, Huff and Davis",HEALTHCARE,GB,NET_BANKING,4.0,969,2360,1,MERCHANT_ANOMALY,1.3178313206303671,1.3333333333333333,1.3255823269818503
CUST_00349,1347.75,Harris-Brown,ECOMMERCE,IN,NET_BANKING,2.0,500,2002,1,PAYMENT_METHOD_ABUSE,1.5195417979694346,2.0,1.7597708989847174
CUST_00325,2547.66,"Thomas, Turner and Hernandez",TRAVEL,US,NET_BANKING,4.0,514,171,1,PAYMENT_METHOD_ABUSE,1.2565059245650594,1.3333333333333333,1.2949196289491964
CUST_00607,1523.5,"Jimenez, Taylor and Smith",ENTERTAINMENT,US,NET_BANKING,2.5,688,242,1,PAYMENT_METHOD_ABUSE,1.5622836926705463,1.6666666666666667,1.6144751796686063
CUST_00497,2821.31,Rollins-Alvarado,ENTERTAINMENT,US,UPI,2.0,498,345,1,PAYMENT_METHOD_ABUSE,1.2725083159497097,2.0,1.6362541579748549
CUST_00088,780.65,"Crawford, Cooper and Acosta",HEALTHCARE,IN,WALLET,2.5,223,1324,1,PAYMENT_METHOD_ABUSE,1.354930530846734,1.6666666666666667,1.5107985987567003
CUST_00006,2254.97,Macdonald Inc,ENTERTAINMENT,GB,DEBIT_CARD,2.0,997,2293,1,PAYMENT_METHOD_ABUSE,1.54238186599909,2.0,1.771190932999545
CUST_00720,3218.27,Wood LLC,EDUCATION,GB,WALLET,2.0,332,165,1,PAYMENT_METHOD_ABUSE,1.4676063788551077,2.0,1.7338031894275538
CUST_00338,3477.32,Sanchez-Curtis,ECOMMERCE,IN,DEBIT_CARD,2.0,681,1116,1,PAYMENT_METHOD_ABUSE,1.2505398907811291,2.0,1.6252699453905646
CUST_00498,4442.57,Mcclain-Liu,FOOD,NG,NET_BANKING,2.0,284,1375,1,MERCHANT_ANOMALY,1.529305050671954,2.0,1.764652525335977
CUST_00167,2941.51,Morgan-Kennedy,GROCERY,CN,DEBIT_CARD,2.0,272,868,1,PAYMENT_METHOD_ABUSE,1.2144536628565883,2.0,1.6072268314282945
CUST_00973,1280.62,Walton-Burke,ECOMMERCE,GB,DEBIT_CARD,2.0,139,2433,1,MERCHANT_ANOMALY,1.7914151623033718,2.0,1.895707581151686
CUST_00764,2215.43,Reynolds-Garcia,GROCERY,GB,DEBIT_CARD,3.5,514,1877,1,PAYMENT_METHOD_ABUSE,1.1777029415595288,1.4,1.2888514707797645
CUST_00211,2137.89,Thompson Ltd,TRAVEL,IN,DEBIT_CARD,2.0,121,1999,1,MERCHANT_ANOMALY,1.748663692095028,2.0,1.874331846047514
CUST_00241,2528.47,"Franco, Martin and Miller",HEALTHCARE,CN,CREDIT_CARD,2.0,896,2047,1,MERCHANT_ANOMALY,1.58326732394278,2.0,1.79163366197139
CUST_00732,1821.18,Perez LLC,EDUCATION,IN,NET_BANKING,3.0,431,1075,1,PAYMENT_METHOD_ABUSE,1.1030535391436282,1.5,1.3015267695718142
CUST_00720,3504.21,Hawkins-Herring,EDUCATION,GB,NET_BANKING,2.0,332,165,1,PAYMENT_METHOD_ABUSE,1.5980017055274596,2.0,1.7990008527637298
CUST_00562,1078.6,Jackson-Rhodes,FOOD,US,WALLET,2.0,649,1626,1,MERCHANT_ANOMALY,1.6184017045284036,2.0,1.8092008522642016
CUST_00967,1419.03,Jackson-Caldwell,HEALTHCARE,US,CREDIT_CARD,2.5,467,2432,1,PAYMENT_METHOD_ABUSE,1.2686164863016454,1.6666666666666667,1.467641576484156
CUST_00731,1273.81,Roberts Group,FOOD,CN,CREDIT_CARD,2.0,456,661,1,PAYMENT_METHOD_ABUSE,1.108060734960877,2.0,1.5540303674804383
CUST_00588,2297.83,"Webb, Guerrero and Jackson",HEALTHCARE,CN,UPI,2.0,336,2031,1,MERCHANT_ANOMALY,1.20866855151555,2.0,1.604334275757775
CUST_00839,6261.91,Collins-Collier,OTHER,CN,DEBIT_CARD,2.0,515,2131,1,PAYMENT_METHOD_ABUSE,1.2402105734323352,2.0,1.6201052867161676
CUST_00464,1466.26,Harrington-Mckay,ENTERTAINMENT,GB,DEBIT_CARD,2.0,631,1728,1,PAYMENT_METHOD_ABUSE,1.506730788992334,2.0,1.753365394496167
CUST_00152,1396.3,Gallagher PLC,FOOD,NG,NET_BANKING,4.0,256,381,1,PAYMENT_METHOD_ABUSE,1.1711961080355644,1.3333333333333333,1.2522647206844488
CUST_00509,1490.73,Tran Ltd,HEALTHCARE,CN,WALLET,2.0,882,1809,1,PAYMENT_METHOD_ABUSE,1.5757828810020875,2.0,1.7878914405010438
CUST_00158,2193.49,Bates-Young,OTHER,NG,NET_BANKING,2.0,346,229,1,PAYMENT_METHOD_ABUSE,1.4746498236933303,2.0,1.7373249118466654
CUST_00389,3592.05,Little-Herrera,FOOD,IN,NET_BANKING,2.0,165,569,1,PAYMENT_METHOD_ABUSE,1.3181399513410563,2.0,1.6590699756705285
CUST_00476,2945.88,Mcconnell PLC,HEALTHCARE,IN,DEBIT_CARD,3.0,923,1757,1,PAYMENT_METHOD_ABUSE,1.1538782424770615,1.5,1.3269391212385306
CUST_00097,1575.01,Mckinney LLC,ENTERTAINMENT,CN,CREDIT_CARD,4.0,741,1181,1,PAYMENT_METHOD_ABUSE,1.3101773095367826,1.3333333333333333,1.321755321435058
CUST_00042,3471.3,"Hayes, Obrien and Phelps",EDUCATION,GB,DEBIT_CARD,2.0,105,2239,1,MERCHANT_ANOMALY,1.5052457900339746,2.0,1.752622895016987
CUST_00627,2170.62,"Henderson, Hernandez and Anderson",OTHER,US,CREDIT_CARD,2.0,205,2103,1,MERCHANT_ANOMALY,1.4174875842005072,2.0,1.7087437921002535
CUST_00950,723.94,Manning Ltd,ENTERTAINMENT,CN,UPI,2.0,410,714,1,PAYMENT_METHOD_ABUSE,1.1822903057224985,2.0,1.591145152861249
CUST_00864,1914.36,Li-Rice,OTHER,CN,CREDIT_CARD,4.0,129,331,1,PAYMENT_METHOD_ABUSE,1.2788702097313474,1.3333333333333333,1.3061017715323402
CUST_00750,1242.35,Ortiz Inc,EDUCATION,CN,CREDIT_CARD,3.0,608,1228,1,PAYMENT_METHOD_ABUSE,1.1689075393054391,1.5,1.3344537696527197
CUST_00886,898.54,"Ortiz, Willis and Sherman",FOOD,US,DEBIT_CARD,2.0,251,1300,1,PAYMENT_METHOD_ABUSE,1.4024676713205395,2.0,1.70123383566027
CUST_00520,2862.3,"Hogan, Brown and Rodriguez",GROCERY,NG,WALLET,2.0,556,1556,1,PAYMENT_METHOD_ABUSE,1.5241538690919936,2.0,1.7620769345459968
CUST_00694,760.06,Valenzuela Ltd,FOOD,CN,UPI,4.0,779,1168,1,PAYMENT_METHOD_ABUSE,1.126123256313571,2.0,1.5630616281567855
CUST_00615,1136.42,Colon PLC,TRAVEL,US,DEBIT_CARD,2.0,952,340,1,MERCHANT_ANOMALY,1.3466367261329906,2.0,1.6733183630664952
CUST_00873,4285.47,Carr Ltd,ENTERTAINMENT,IN,CREDIT_CARD,2.0,629,628,1,PAYMENT_METHOD_ABUSE,1.1299601722835482,2.0,1.564980086141774
CUST_00519,576.51,Smith Ltd,GROCERY,GB,DEBIT_CARD,2.0,411,2007,1,MERCHANT_ANOMALY,1.5800205549845838,2.0,1.790010277492292
CUST_00832,1733.2,Butler Group,EDUCATION,GB,DEBIT_CARD,2.0,961,2248,1,MERCHANT_ANOMALY,1.718822053522286,2.0,1.859411026761143
CUST_00059,1553.11,Jacobson LLC,ECOMMERCE,GB,NET_BANKING,2.0,838,2310,1,PAYMENT_METHOD_ABUSE,1.108663452032108,2.0,1.554331726016054
CUST_00505,2318.13,Daniels Group,OTHER,US,UPI,2.0,107,2283,1,MERCHANT_ANOMALY,1.2559216799583912,2.0,1.6279608399791956
CUST_00086,1347.78,Villa-Kane,ECOMMERCE,US,WALLET,2.0,434,2269,1,PAYMENT_METHOD_ABUSE,1.525466316551974,2.0,1.7627331582759869
CUST_00246,3739.59,Banks-Rubio,ENTERTAINMENT,IN,DEBIT_CARD,2.0,299,2453,1,PAYMENT_METHOD_ABUSE,1.4124078907114557,2.0,1.7062039453557278
CUST_00942,2416.84,Mooney PLC,FOOD,CN,CREDIT_CARD,4.0,735,2179,1,PAYMENT_METHOD_ABUSE,1.1409014520666931,1.3333333333333333,1.2371173927000132
CUST_00777,1903.87,Miller Group,OTHER,US,CREDIT_CARD,2.0,193,1717,1,PAYMENT_METHOD_ABUSE,1.1554677566676073,2.0,1.5777338783338035
CUST_00798,2245.83,Romero-Hernandez,HEALTHCARE,US,CREDIT_CARD,2.5,130,1977,1,PAYMENT_METHOD_ABUSE,1.3571773891393415,1.6666666666666667,1.511922027903004
CUST_00956,1780.47,"Morales, Mills and Adams",EDUCATION,NG,WALLET,2.5,155,1253,1,PAYMENT_METHOD_ABUSE,1.3152084387499954,1.6666666666666667,1.490937552708331
CUST_00056,2388.38,Martin-Washington,ECOMMERCE,CN,UPI,2.0,853,1120,1,MERCHANT_ANOMALY,1.643344927117414,2.0,1.821672463558707
CUST_00442,4261.24,"Harper, Davies and Lopez",OTHER,CN,NET_BANKING,2.0,514,942,1,PAYMENT_METHOD_ABUSE,1.1913320864331105,2.0,1.5956660432165553
CUST_00549,1956.15,"Smith, Dawson and Willis",GROCERY,IN,UPI,2.0,306,795,1,MERCHANT_ANOMALY,1.4687464804595114,2.0,1.7343732402297558
CUST_00829,906.66,"Burns, Lambert and Moses",TRAVEL,GB,WALLET,2.0,994,1643,1,PAYMENT_METHOD_ABUSE,1.222045503558335,2.0,1.6110227517791675
CUST_00855,679.35,Nichols and Sons,EDUCATION,US,DEBIT_CARD,2.0,234,1943,1,MERCHANT_ANOMALY,1.2923261299649975,2.0,1.6461630649824988
CUST_00157,1909.33,"Davenport, Boone and Wagner",TRAVEL,IN,DEBIT_CARD,2.0,847,2260,1,MERCHANT_ANOMALY,1.7400017314991592,2.0,1.87000086574958
CUST_00455,1457.63,Smith-Watson,EDUCATION,IN,UPI,2.0,939,374,1,PAYMENT_METHOD_ABUSE,1.235510010340911,2.0,1.6177550051704557
CUST_00043,2213.86,"Lee, Smith and Sanders",HEALTHCARE,CN,CREDIT_CARD,4.5,902,471,1,PAYMENT_METHOD_ABUSE,1.1015215292911802,1.8,1.4507607646455902
CUST_00326,1286.75,Cole-Oliver,HEALTHCARE,CN,CREDIT_CARD,2.0,326,2465,1,PAYMENT_METHOD_ABUSE,1.1608500119535752,2.0,1.5804250059767877
CUST_00231,337.14,Case-Hester,HEALTHCARE,CN,UPI,2.0,311,1161,1,MERCHANT_ANOMALY,1.21216697227915,2.0,1.606083486139575
CUST_00512,1711.46,"Paul, Leonard and Lee",EDUCATION,US,UPI,2.0,187,2131,1,PAYMENT_METHOD_ABUSE,1.143622725981858,2.0,1.571811362990929
CUST_00569,1290.31,"Roman, Porter and Martin",HEALTHCARE,US,WALLET,3.0,470,1418,1,MERCHANT_ANOMALY,1.270634228964485,1.5,1.3853171144822425
CUST_00737,1191.04,Ross LLC,TRAVEL,GB,DEBIT_CARD,2.0,110,1871,1,MERCHANT_ANOMALY,1.3545551214907567,2.0,1.6772775607453785
CUST_00017,476.96,Roberts Group,OTHER,NG,NET_BANKING,3.0,366,1966,1,PAYMENT_METHOD_ABUSE,1.1077794939090244,3.0,2.0538897469545123
CUST_00950,935.92,Walter Inc,OTHER,CN,NET_BANKING,2.0,410,714,1,MERCHANT_ANOMALY,1.528481839561014,2.0,1.764240919780507
CUST_00749,2132.42,"Phillips, Garcia and Jimenez",EDUCATION,GB,DEBIT_CARD,4.0,456,1525,1,MERCHANT_ANOMALY,1.251056764613566,1.3333333333333333,1.2921950489734495
CUST_00716,4248.65,"Martinez, Smith and Perry",EDUCATION,NG,NET_BANKING,2.5,407,750,1,MERCHANT_ANOMALY,1.5557235864048802,1.6666666666666667,1.6111951265357731
CUST_00509,1440.77,Smith-Contreras,FOOD,CN,CREDIT_CARD,2.0,882,1809,1,MERCHANT_ANOMALY,1.5229724373034537,2.0,1.7614862186517268
CUST_00273,1003.54,"Shah, Peterson and White",ENTERTAINMENT,CN,CREDIT_CARD,3.0,344,2436,1,PAYMENT_METHOD_ABUSE,1.262640051837266,1.5,1.3813200259186331
CUST_00990,1412.91,Mathis-Griffin,TRAVEL,NG,CREDIT_CARD,2.0,243,1802,1,MERCHANT_ANOMALY,1.3074449528762384,2.0,1.653722476438119
CUST_00778,1050.64,"Small, Tapia and Evans",OTHER,US,DEBIT_CARD,2.5,496,1990,1,MERCHANT_ANOMALY,1.596765859144655,1.6666666666666667,1.6317162629056607
CUST_00001,3075.57,"Bailey, Barr and Black",EDUCATION,CN,WALLET,2.5,345,2369,1,MERCHANT_ANOMALY,1.4936150683900358,1.6666666666666667,1.5801408675283513
CUST_00998,2432.69,Deleon-Barry,HEALTHCARE,NG,UPI,2.5,353,2475,1,MERCHANT_ANOMALY,1.366150200203292,1.6666666666666667,1.5164084334349792
CUST_00537,2797.63,Foster-Scott,TRAVEL,GB,WALLET,2.0,931,894,1,MERCHANT_ANOMALY,1.3797298863471037,2.0,1.6898649431735515
CUST_00498,5145.64,Smith-Martinez,FOOD,NG,NET_BANKING,2.0,284,1375,1,MERCHANT_ANOMALY,1.7713290372328707,2.0,1.8856645186164356
CUST_00145,1804.98,"Wood, Simpson and Williams",HEALTHCARE,NG,NET_BANKING,3.0,180,287,1,PAYMENT_METHOD_ABUSE,1.1519764113462956,1.5,1.3259882056731478
CUST_00326,1706.02,Thomas and Sons,HEALTHCARE,CN,CREDIT_CARD,2.0,326,2465,1,PAYMENT_METHOD_ABUSE,1.5390972118850113,2.0,1.7695486059425056
CUST_00841,1933.16,Reyes Ltd,EDUCATION,GB,UPI,2.0,187,756,1,PAYMENT_METHOD_ABUSE,1.2504228640916426,2.0,1.6252114320458213
CUST_00321,579.82,"Atkins, Caldwell and Kaufman",TRAVEL,NG,WALLET,2.0,811,2017,1,PAYMENT_METHOD_ABUSE,1.1616031092546404,2.0,1.5808015546273202
CUST_00694,849.61,Rice-Martin,ECOMMERCE,CN,WALLET,3.0,779,1168,1,MERCHANT_ANOMALY,1.258802699519213,1.5,1.3794013497596065
CUST_00596,7320.47,Norris-Mcgrath,OTHER,US,CREDIT_CARD,2.0,193,1622,1,MERCHANT_ANOMALY,1.325139836721395,2.0,1.6625699183606972
CUST_00160,1548.71,"Davis, Phillips and Jones",OTHER,GB,WALLET,2.0,676,197,1,MERCHANT_ANOMALY,1.3397608913803245,2.0,1.669880445690162
CUST_00802,2865.26,"Ferrell, Dixon and Peterson",HEALTHCARE,IN,UPI,2.0,603,2140,1,MERCHANT_ANOMALY,1.6673465409335713,2.0,1.8336732704667853
CUST_00547,1803.28,Wilson LLC,OTHER,CN,UPI,2.0,341,1186,1,PAYMENT_METHOD_ABUSE,1.1512735142865351,2.0,1.5756367571432677
CUST_00518,1932.13,Fletcher-Robinson,ECOMMERCE,IN,DEBIT_CARD,3.0,807,1232,1,PAYMENT_METHOD_ABUSE,1.275682777790616,1.5,1.3878413888953078
CUST_00361,667.36,Walker PLC,EDUCATION,US,UPI,2.0,134,272,1,PAYMENT_METHOD_ABUSE,1.3622510946223172,2.0,1.6811255473111586
CUST_00149,1480.66,Terrell-Lewis,FOOD,CN,WALLET,2.0,256,2445,1,MERCHANT_ANOMALY,1.3702582896064115,2.0,1.6851291448032055
CUST_00238,727.02,"Finley, Frank and Miles",ECOMMERCE,US,NET_BANKING,2.0,253,1897,1,MERCHANT_ANOMALY,1.49494160223721,2.0,1.747470801118605
CUST_00334,3697.78,Johnson and Sons,EDUCATION,IN,UPI,2.0,299,981,1,PAYMENT_METHOD_ABUSE,1.253556984639793,2.0,1.6267784923198965
CUST_00013,709.24,Harris LLC,OTHER,IN,CREDIT_CARD,3.0,658,1027,1,PAYMENT_METHOD_ABUSE,1.106027290448343,1.5,1.3030136452241714
CUST_00791,3264.5,Golden-Lester,GROCERY,GB,WALLET,2.0,192,2238,1,PAYMENT_METHOD_ABUSE,1.5609422554169168,2.0,1.7804711277084584
CUST_00326,1227.01,Carrillo and Sons,HEALTHCARE,CN,UPI,2.0,326,2465,1,PAYMENT_METHOD_ABUSE,1.1069551763490626,2.0,1.5534775881745313
CUST_00192,2119.65,"Nelson, Sandoval and Welch",ENTERTAINMENT,US,DEBIT_CARD,2.0,335,1742,1,MERCHANT_ANOMALY,1.3114049198178577,2.0,1.655702459908929
CUST_00948,4491.96,"Graves, Mason and Ramirez",EDUCATION,IN,NET_BANKING,2.0,911,1827,1,PAYMENT_METHOD_ABUSE,1.5051492848634314,2.0,1.7525746424317157
CUST_00825,1143.27,Leblanc Inc,HEALTHCARE,US,NET_BANKING,2.5,956,1891,1,PAYMENT_METHOD_ABUSE,1.466022094134091,1.6666666666666667,1.5663443804003787
CUST_00976,3333.38,Branch-Schwartz,FOOD,US,UPI,2.0,937,2334,1,MERCHANT_ANOMALY,1.6455081957502051,2.0,1.822754097875103
CUST_00956,2160.73,"Melton, Ibarra and Wilkerson",EDUCATION,NG,WALLET,2.5,155,1253,1,PAYMENT_METHOD_ABUSE,1.5961012147692897,1.6666666666666667,1.6313839407179782
CUST_00294,1673.99,"Anderson, Bennett and Fuller",GROCERY,IN,UPI,2.0,351,432,1,PAYMENT_METHOD_ABUSE,1.1791983657368277,2.0,1.5895991828684135
CUST_00241,1955.26,Gomez-Hill,TRAVEL,CN,NET_BANKING,2.0,896,2047,1,PAYMENT_METHOD_ABUSE,1.2243369578489602,2.0,1.61216847892448
CUST_00899,818.99,Swanson PLC,ENTERTAINMENT,US,WALLET,2.0,504,2020,1,PAYMENT_METHOD_ABUSE,1.4537208786332372,2.0,1.7268604393166185
CUST_00137,919.52,"White, Ramos and Edwards",EDUCATION,NG,UPI,2.0,976,739,1,PAYMENT_METHOD_ABUSE,1.5754512511672136,2.0,1.7877256255836067
CUST_00027,3213.88,Williams Ltd,ENTERTAINMENT,US,UPI,2.5,784,2498,1,PAYMENT_METHOD_ABUSE,1.3689774881264245,1.6666666666666667,1.5178220773965456
CUST_00501,909.28,Spence Ltd,ECOMMERCE,US,NET_BANKING,3.0,389,2040,1,PAYMENT_METHOD_ABUSE,1.111466953513672,1.5,1.305733476756836
CUST_00232,1352.06,Perez Inc,OTHER,IN,DEBIT_CARD,2.0,150,984,1,MERCHANT_ANOMALY,1.6715624459115297,2.0,1.8357812229557648
CUST_00099,1392.34,Rios-Pratt,ENTERTAINMENT,GB,DEBIT_CARD,4.0,748,594,1,PAYMENT_METHOD_ABUSE,1.1031493879491343,2.0,1.5515746939745672
CUST_00877,5480.74,"Byrd, Johnson and Murray",ENTERTAINMENT,NG,DEBIT_CARD,2.0,365,1906,1,MERCHANT_ANOMALY,1.3264085440154498,2.0,1.663204272007725
CUST_00879,1244.63,Shaw-Davis,EDUCATION,US,WALLET,2.0,988,836,1,PAYMENT_METHOD_ABUSE,1.4843618626229138,2.0,1.742180931311457
CUST_00681,2529.22,Jackson PLC,HEALTHCARE,IN,WALLET,2.0,349,1209,1,PAYMENT_METHOD_ABUSE,1.305161363565995,2.0,1.6525806817829976
CUST_00170,868.12,"Simpson, Brown and Wright",FOOD,US,NET_BANKING,2.0,654,2328,1,MERCHANT_ANOMALY,1.2047099312383345,2.0,1.6023549656191671
CUST_00947,1628.74,Mendez Inc,TRAVEL,GB,CREDIT_CARD,3.0,817,238,1,PAYMENT_METHOD_ABUSE,1.1546638782056962,1.5,1.327331939102848
CUST_00028,2604.66,"Rodriguez, Valencia and Daniels",HEALTHCARE,US,WALLET,2.5,499,745,1,MERCHANT_ANOMALY,1.644594859102016,1.6666666666666667,1.6556307628843414
CUST_00313,2265.4,Miller and Sons,TRAVEL,IN,DEBIT_CARD,2.0,746,802,1,PAYMENT_METHOD_ABUSE,1.4428058733803144,2.0,1.721402936690157
CUST_00800,2342.16,Meyer LLC,ENTERTAINMENT,CN,UPI,2.5,441,1037,1,PAYMENT_METHOD_ABUSE,1.3479087835407524,1.6666666666666667,1.5072877251037096
CUST_00236,2241.61,Olson-Johnson,EDUCATION,NG,DEBIT_CARD,2.0,551,384,1,PAYMENT_METHOD_ABUSE,1.371195600644733,2.0,1.6855978003223666
CUST_00306,1795.38,"Shepherd, Lambert and Warner",EDUCATION,GB,UPI,3.5,421,2018,1,MERCHANT_ANOMALY,1.2483521068001668,1.4,1.3241760534000837
CUST_00264,691.52,Young and Sons,OTHER,CN,NET_BANKING,3.0,712,175,1,PAYMENT_METHOD_ABUSE,1.2302546722529109,1.5,1.365127336126455
CUST_00068,2457.52,Lopez Inc,GROCERY,GB,NET_BANKING,3.0,348,2221,1,PAYMENT_METHOD_ABUSE,1.183591200799489,1.5,1.3417956003997449
CUST_00555,592.66,"Mccoy, Jones and Morgan",TRAVEL,US,WALLET,2.0,605,1048,1,PAYMENT_METHOD_ABUSE,1.1064107829593397,2.0,1.5532053914796695
CUST_00086,1452.46,"Guzman, Howe and Walker",TRAVEL,US,DEBIT_CARD,2.0,434,2269,1,MERCHANT_ANOMALY,1.6439469395146686,2.0,1.8219734697573344
CUST_00411,1466.86,Aguilar-Ingram,ECOMMERCE,GB,DEBIT_CARD,2.0,380,424,1,PAYMENT_METHOD_ABUSE,1.1502213230768026,2.0,1.5751106615384014
CUST_00758,1147.44,Montgomery-Woods,TRAVEL,CN,UPI,3.0,226,1538,1,PAYMENT_METHOD_ABUSE,1.2650030593176895,1.5,1.3825015296588448
CUST_00218,4166.77,Bowers-Harvey,GROCERY,NG,UPI,2.5,978,429,1,MERCHANT_ANOMALY,1.4930699384392674,1.6666666666666667,1.579868302552967
CUST_00637,3671.11,"Perez, Moore and Lara",ECOMMERCE,IN,CREDIT_CARD,2.0,813,1810,1,PAYMENT_METHOD_ABUSE,1.3124677121523862,2.0,1.6562338560761931
CUST_00040,7056.1,Noble-Rivera,OTHER,CN,WALLET,2.5,578,1169,1,PAYMENT_METHOD_ABUSE,1.4028282812217316,1.6666666666666667,1.5347474739441993
CUST_00892,1614.24,"Thomas, Gutierrez and Boyer",EDUCATION,IN,WALLET,2.5,773,2397,1,PAYMENT_METHOD_ABUSE,1.355757965153634,1.6666666666666667,1.5112123159101505
CUST_00570,1181.29,Parker Group,FOOD,IN,NET_BANKING,2.0,520,677,1,PAYMENT_METHOD_ABUSE,1.4968764651469264,2.0,1.748438232573463
CUST_00039,4408.37,Flores-Lawrence,GROCERY,CN,DEBIT_CARD,2.0,278,412,1,MERCHANT_ANOMALY,1.4130908286626929,2.0,1.7065454143313463
CUST_00825,1240.11,"Hernandez, Allen and Alexander",OTHER,US,WALLET,2.5,956,1891,1,MERCHANT_ANOMALY,1.5902006167892335,1.6666666666666667,1.62843364172795
CUST_00941,1008.95,Le Inc,EDUCATION,GB,WALLET,2.0,436,1144,1,MERCHANT_ANOMALY,1.5347347925951842,2.0,1.7673673962975922
CUST_00329,2381.68,Chen-Wood,FOOD,IN,NET_BANKING,2.0,998,578,1,MERCHANT_ANOMALY,1.4867844434733752,2.0,1.7433922217366875
CUST_00436,1507.58,"Norman, Gilmore and Rodriguez",OTHER,CN,WALLET,4.0,917,263,1,PAYMENT_METHOD_ABUSE,1.174292346279073,1.3333333333333333,1.2538128398062032
CUST_00069,6500.0,Flynn LLC,EDUCATION,IN,WALLET,2.0,863,2017,1,MERCHANT_ANOMALY,1.64783904922222,2.0,1.82391952461111
CUST_00021,2050.44,Robinson-Stewart,ENTERTAINMENT,IN,WALLET,2.0,198,2052,1,PAYMENT_METHOD_ABUSE,1.1312210704020216,2.0,1.5656105352010108
CUST_00011,1055.72,Savage-Lewis,FOOD,NG,DEBIT_CARD,2.0,821,193,1,MERCHANT_ANOMALY,1.7856937467228229,2.0,1.8928468733614112
CUST_00375,1208.62,Mercado and Sons,OTHER,NG,DEBIT_CARD,2.0,272,2268,1,MERCHANT_ANOMALY,1.7105089975020695,2.0,1.8552544987510349
CUST_00200,1530.03,Hoffman PLC,ECOMMERCE,CN,UPI,2.5,638,1526,1,PAYMENT_METHOD_ABUSE,1.3902665079552576,1.6666666666666667,1.5284665873109622
CUST_00412,1384.09,"Martin, Ward and Edwards",GROCERY,CN,NET_BANKING,2.0,789,1975,1,MERCHANT_ANOMALY,1.284323732462327,2.0,1.6421618662311634
CUST_00643,3081.0,French LLC,HEALTHCARE,GB,UPI,3.0,884,1652,1,PAYMENT_METHOD_ABUSE,1.1656524116065838,1.5,1.332826205803292
CUST_00032,2089.33,"Joseph, Hobbs and Martin",ECOMMERCE,GB,NET_BANKING,2.0,685,1933,1,MERCHANT_ANOMALY,1.2066310913984084,2.0,1.6033155456992043
CUST_00234,5455.01,"Boyd, Chase and Kim",GROCERY,NG,NET_BANKING,2.0,210,2287,1,PAYMENT_METHOD_ABUSE,1.530386748081409,2.0,1.7651933740407046
CUST_00783,1426.4,Cruz Inc,ECOMMERCE,US,WALLET,2.0,658,1008,1,MERCHANT_ANOMALY,1.739098628984571,2.0,1.8695493144922852
CUST_00064,943.37,Bennett-Morales,EDUCATION,NG,CREDIT_CARD,2.0,333,2307,1,PAYMENT_METHOD_ABUSE,1.4813413207502728,2.0,1.7406706603751363
CUST_00755,2615.42,Daniels Ltd,ENTERTAINMENT,GB,DEBIT_CARD,2.0,692,1133,1,MERCHANT_ANOMALY,1.4057090031549473,2.0,1.7028545015774736
CUST_00566,2298.37,"Wright, Brown and Stanley",TRAVEL,CN,NET_BANKING,2.0,908,2025,1,PAYMENT_METHOD_ABUSE,1.2947068085094398,2.0,1.6473534042547198
CUST_00574,1224.96,"Martin, Ramirez and Shepard",FOOD,IN,UPI,3.0,371,847,1,PAYMENT_METHOD_ABUSE,1.1983095946157458,1.5,1.349154797307873
CUST_00553,1001.26,Mullins-Smith,EDUCATION,CN,WALLET,2.0,250,294,1,PAYMENT_METHOD_ABUSE,1.4354261793315028,2.0,1.7177130896657515
CUST_00506,2235.43,Smith-Jimenez,FOOD,NG,CREDIT_CARD,2.0,284,1359,1,PAYMENT_METHOD_ABUSE,1.489239235071333,2.0,1.7446196175356663
CUST_00595,3291.73,Phelps Group,ENTERTAINMENT,NG,CREDIT_CARD,2.0,384,1395,1,PAYMENT_METHOD_ABUSE,1.548124179901894,2.0,1.774062089950947
CUST_00383,654.45,"Jones, Munoz and Camacho",ENTERTAINMENT,US,WALLET,2.0,540,1745,1,PAYMENT_METHOD_ABUSE,1.1694542725420822,2.0,1.5847271362710411
CUST_00052,1605.45,Little-Castillo,EDUCATION,IN,CREDIT_CARD,2.0,225,324,1,MERCHANT_ANOMALY,1.2175274814862564,2.0,1.6087637407431283
CUST_00387,4019.72,Yang Ltd,ECOMMERCE,GB,CREDIT_CARD,2.0,569,2273,1,MERCHANT_ANOMALY,1.5158544150449602,2.0,1.75792720752248
CUST_00060,647.24,Campbell-Rice,FOOD,US,NET_BANKING,2.0,228,551,1,PAYMENT_METHOD_ABUSE,1.4412737293325169,2.0,1.7206368646662584
CUST_00299,734.77,Scott-Perez,GROCERY,US,NET_BANKING,2.0,623,424,1,MERCHANT_ANOMALY,1.417366730644959,2.0,1.7086833653224796
CUST_00880,4027.56,Burns Inc,HEALTHCARE,US,UPI,3.0,786,125,1,PAYMENT_METHOD_ABUSE,1.1382175397345753,1.5,1.3191087698672876
CUST_00178,1223.44,"Anderson, Carter and Huber",EDUCATION,CN,NET_BANKING,4.0,528,96,1,MERCHANT_ANOMALY,1.2674522804382171,1.3333333333333333,1.300392806885775
CUST_00115,1781.35,"Robinson, Farmer and Wilson",GROCERY,US,WALLET,2.5,359,2097,1,PAYMENT_METHOD_ABUSE,1.5677033829689864,1.6666666666666667,1.6171850248178266
CUST_00223,2074.3,"Bell, Mann and Lewis",EDUCATION,GB,UPI,2.0,993,2208,1,MERCHANT_ANOMALY,1.7172708118602045,2.0,1.8586354059301025
CUST_00429,1945.55,Taylor LLC,OTHER,NG,UPI,3.0,292,2304,1,PAYMENT_METHOD_ABUSE,1.2247872179693795,1.5,1.3623936089846898
CUST_00986,3735.06,Vang Inc,ENTERTAINMENT,US,DEBIT_CARD,2.5,204,1170,1,PAYMENT_METHOD_ABUSE,1.4881695410256053,1.6666666666666667,1.577418103846136
CUST_00162,1095.33,Stein Ltd,FOOD,IN,DEBIT_CARD,2.5,105,1750,1,PAYMENT_METHOD_ABUSE,1.3328182133448525,1.6666666666666667,1.4997424400057595
CUST_00766,574.31,Weeks Inc,OTHER,US,DEBIT_CARD,2.5,909,493,1,PAYMENT_METHOD_ABUSE,1.3466440002344802,1.6666666666666667,1.5066553334505737
CUST_00244,1693.78,"Cox, Clayton and Baker",FOOD,IN,CREDIT_CARD,4.0,495,1298,1,PAYMENT_METHOD_ABUSE,1.1211331932286408,2.0,1.5605665966143203
CUST_00266,2059.98,Alexander Group,ENTERTAINMENT,IN,NET_BANKING,2.0,532,1547,1,PAYMENT_METHOD_ABUSE,1.3073759567419367,2.0,1.6536879783709684
CUST_00106,3129.52,"Moran, Frank and Bentley",TRAVEL,IN,UPI,2.0,898,990,1,MERCHANT_ANOMALY,1.5210525548367653,2.0,1.7605262774183823
CUST_00801,1945.33,Johnson Inc,FOOD,NG,NET_BANKING,2.5,688,969,1,PAYMENT_METHOD_ABUSE,1.3870791784465208,1.6666666666666667,1.5268729225565938
CUST_00824,3220.36,Wheeler-Brown,FOOD,GB,WALLET,2.5,818,1869,1,MERCHANT_ANOMALY,1.5798508139982683,1.6666666666666667,1.6232587403324676
CUST_00810,1362.06,"Fernandez, Medina and Keller",OTHER,IN,CREDIT_CARD,2.0,402,1320,1,PAYMENT_METHOD_ABUSE,1.2415829941615353,2.0,1.6207914970807678
CUST_00658,4688.01,"Young, Richard and Anderson",HEALTHCARE,US,WALLET,2.0,468,2177,1,MERCHANT_ANOMALY,1.4483538449418174,2.0,1.7241769224709087
CUST_00130,1353.11,Lopez Inc,GROCERY,NG,DEBIT_CARD,2.0,626,2095,1,PAYMENT_METHOD_ABUSE,1.462465886676214,2.0,1.731232943338107
CUST_00052,1537.59,Hicks-Farrell,ECOMMERCE,IN,NET_BANKING,2.0,225,324,1,PAYMENT_METHOD_ABUSE,1.1660643933217807,2.0,1.5830321966608905
CUST_00829,1276.35,Williams-Peterson,ECOMMERCE,GB,NET_BANKING,2.0,994,1643,1,MERCHANT_ANOMALY,1.720333728703903,2.0,1.860166864351952
CUST_00859,2059.82,Martin Ltd,ECOMMERCE,GB,DEBIT_CARD,2.0,700,2389,1,MERCHANT_ANOMALY,1.3642682809710995,2.0,1.68213414048555
CUST_00238,643.7,Maddox-Butler,GROCERY,US,UPI,2.0,253,1897,1,PAYMENT_METHOD_ABUSE,1.323614081263366,2.0,1.661807040631683
CUST_00639,1234.87,Moses Ltd,TRAVEL,CN,DEBIT_CARD,2.0,432,1138,1,PAYMENT_METHOD_ABUSE,1.2932878103955676,2.0,1.646643905197784
CUST_00841,1979.54,"Miller, Hendricks and Harmon",EDUCATION,GB,CREDIT_CARD,2.0,187,756,1,PAYMENT_METHOD_ABUSE,1.280422767067377,2.0,1.6402113835336882
CUST_00558,988.87,Ortiz-Bowers,FOOD,GB,WALLET,4.0,767,640,1,PAYMENT_METHOD_ABUSE,1.1728767724450402,1.3333333333333333,1.2531050528891867
CUST_00754,3407.17,Hartman LLC,GROCERY,US,UPI,2.5,533,1815,1,MERCHANT_ANOMALY,1.4634667010287137,1.6666666666666667,1.5650666838476903
CUST_00737,1358.5,Lawrence-Hines,OTHER,GB,NET_BANKING,2.0,110,1871,1,PAYMENT_METHOD_ABUSE,1.5450053168199165,2.0,1.772502658409958
CUST_00487,1954.53,"Thomas, Newman and Miles",OTHER,CN,CREDIT_CARD,3.0,924,2073,1,PAYMENT_METHOD_ABUSE,1.1373299777425407,1.5,1.3186649888712705
CUST_00468,2090.58,Watson and Sons,HEALTHCARE,GB,NET_BANKING,2.5,418,1897,1,PAYMENT_METHOD_ABUSE,1.1862153489995149,1.6666666666666667,1.4264410078330907
CUST_00140,2674.64,Allen Group,FOOD,GB,CREDIT_CARD,2.0,308,412,1,MERCHANT_ANOMALY,1.3904382159446247,2.0,1.6952191079723122
CUST_00581,2694.79,Peterson Inc,FOOD,IN,CREDIT_CARD,2.0,838,612,1,MERCHANT_ANOMALY,1.395609830623464,2.0,1.697804915311732
CUST_00596,8350.72,Erickson Ltd,FOOD,US,CREDIT_CARD,2.0,193,1622,1,MERCHANT_ANOMALY,1.5116340531832089,2.0,1.7558170265916044
CUST_00870,1184.44,"Yu, Sandoval and Higgins",TRAVEL,CN,CREDIT_CARD,2.0,864,592,1,PAYMENT_METHOD_ABUSE,1.463265180060535,2.0,1.7316325900302676
CUST_00255,4066.68,"Garcia, Larsen and Gilmore",ENTERTAINMENT,IN,UPI,2.0,364,1698,1,MERCHANT_ANOMALY,1.4071873588852344,2.0,1.7035936794426172
CUST_00266,1996.83,Lee-Joseph,ENTERTAINMENT,IN,NET_BANKING,2.0,532,1547,1,PAYMENT_METHOD_ABUSE,1.2672975134229465,2.0,1.6336487567114732
CUST_00945,956.16,"Parker, Carpenter and Mcdonald",GROCERY,IN,NET_BANKING,2.0,291,2010,1,PAYMENT_METHOD_ABUSE,1.445114486510995,2.0,1.7225572432554976
CUST_00493,1539.54,Williams-Nichols,FOOD,IN,CREDIT_CARD,4.5,487,1682,1,PAYMENT_METHOD_ABUSE,1.1139619692628289,1.8,1.4569809846314143
CUST_00786,2244.48,Patterson-Davis,ECOMMERCE,US,DEBIT_CARD,4.0,648,1356,1,MERCHANT_ANOMALY,1.2834510817510445,1.3333333333333333,1.3083922075421888
CUST_00869,3205.61,Glass-Booker,FOOD,IN,UPI,2.5,276,1397,1,MERCHANT_ANOMALY,1.5537906732134807,1.6666666666666667,1.610228669940074
CUST_00946,3134.13,Morris-Petty,HEALTHCARE,NG,CREDIT_CARD,2.0,390,326,1,MERCHANT_ANOMALY,1.564628091747104,2.0,1.782314045873552
CUST_00149,1338.39,"Horton, Rogers and Smith",OTHER,CN,CREDIT_CARD,2.0,256,2445,1,PAYMENT_METHOD_ABUSE,1.2385962963991228,2.0,1.6192981481995614
CUST_00047,2155.64,Taylor Ltd,ECOMMERCE,NG,CREDIT_CARD,2.5,198,1188,1,MERCHANT_ANOMALY,1.2913166021200058,1.6666666666666667,1.4789916343933365
CUST_00549,2009.21,Moody Group,ENTERTAINMENT,IN,WALLET,2.0,306,795,1,PAYMENT_METHOD_ABUSE,1.5085858017043965,2.0,1.754292900852198
CUST_00526,2406.67,Oneal LLC,EDUCATION,NG,DEBIT_CARD,2.0,456,1092,1,PAYMENT_METHOD_ABUSE,1.376026300743282,2.0,1.6880131503716411
CUST_00499,882.26,Wood LLC,EDUCATION,NG,NET_BANKING,2.0,373,1875,1,MERCHANT_ANOMALY,1.3451648561082523,2.0,1.6725824280541262
CUST_00240,792.15,Williams-Stone,OTHER,IN,DEBIT_CARD,2.5,941,289,1,PAYMENT_METHOD_ABUSE,1.166453151919424,1.6666666666666667,1.4165599092930452
CUST_00413,1984.77,Parker-Ross,OTHER,NG,WALLET,2.0,650,2364,1,MERCHANT_ANOMALY,1.2686370638354991,2.0,1.6343185319177496
CUST_00851,1471.88,"Mcdonald, Harris and Brown",ENTERTAINMENT,GB,CREDIT_CARD,2.0,646,254,1,MERCHANT_ANOMALY,1.7170788614092394,2.0,1.85853943070462
CUST_00377,4531.37,"Salas, Black and Coleman",OTHER,US,UPI,2.0,638,733,1,PAYMENT_METHOD_ABUSE,1.1347929253404287,2.0,1.5673964626702144
CUST_00320,1143.86,"Joseph, Newton and Little",HEALTHCARE,CN,CREDIT_CARD,3.5,299,819,1,PAYMENT_METHOD_ABUSE,1.170213201293121,1.4,1.2851066006465603
CUST_00370,5175.87,Cooper Inc,GROCERY,CN,DEBIT_CARD,2.0,743,1830,1,MERCHANT_ANOMALY,1.7327030813497075,2.0,1.8663515406748536
CUST_00780,3308.08,Bishop LLC,EDUCATION,GB,UPI,2.0,881,1508,1,PAYMENT_METHOD_ABUSE,1.4040699216702426,2.0,1.7020349608351213
CUST_00433,833.92,Smith and Sons,GROCERY,US,NET_BANKING,4.0,188,908,1,PAYMENT_METHOD_ABUSE,1.3172218799854682,1.3333333333333333,1.3252776066594008
CUST_00841,1738.42,Mullins-Smith,EDUCATION,GB,WALLET,2.0,187,756,1,PAYMENT_METHOD_ABUSE,1.1244594939861126,2.0,1.5622297469930562
CUST_00181,819.82,Duran-Baker,TRAVEL,GB,NET_BANKING,4.0,644,1092,1,PAYMENT_METHOD_ABUSE,1.1180405446871184,1.3333333333333333,1.225686939010226
CUST_00949,1891.72,"Robinson, Knapp and Golden",HEALTHCARE,IN,UPI,2.0,340,1953,1,PAYMENT_METHOD_ABUSE,1.2255962060498475,2.0,1.612798103024924
CUST_00453,2580.74,Pacheco and Sons,EDUCATION,CN,DEBIT_CARD,2.0,809,783,1,MERCHANT_ANOMALY,1.7010166922075565,2.0,1.850508346103778
CUST_00525,4768.38,"Bruce, Garcia and Hickman",GROCERY,NG,CREDIT_CARD,2.5,546,498,1,MERCHANT_ANOMALY,1.5761181597774836,1.6666666666666667,1.6213924132220752
CUST_00685,3700.28,Thompson-Jones,GROCERY,CN,WALLET,2.0,586,801,1,MERCHANT_ANOMALY,1.4119810885168833,2.0,1.7059905442584418
CUST_00216,2540.88,Cameron LLC,ENTERTAINMENT,US,DEBIT_CARD,2.5,904,134,1,PAYMENT_METHOD_ABUSE,1.290363207930446,1.6666666666666667,1.4785149372985564
CUST_00471,4497.79,"Williams, Evans and Park",FOOD,NG,WALLET,2.0,710,1567,1,MERCHANT_ANOMALY,1.5095585224564865,2.0,1.7547792612282431
CUST_00456,1809.84,Nelson-Kent,OTHER,NG,UPI,4.0,726,1479,1,MERCHANT_ANOMALY,1.214242105051291,1.3333333333333333,1.2737877191923122
CUST_00716,4094.14,"Watts, Morales and Dyer",HEALTHCARE,NG,NET_BANKING,2.5,407,750,1,MERCHANT_ANOMALY,1.4991468264139611,1.6666666666666667,1.582906746540314
CUST_00526,2464.83,Harris-West,EDUCATION,NG,CREDIT_CARD,2.0,456,1092,1,PAYMENT_METHOD_ABUSE,1.4092795883361922,2.0,1.704639794168096
CUST_00641,2641.29,"Gonzalez, Crosby and Fisher",ECOMMERCE,US,CREDIT_CARD,3.0,202,679,1,PAYMENT_METHOD_ABUSE,1.103719892356294,1.5,1.301859946178147
CUST_00537,2660.46,Poole PLC,GROCERY,GB,WALLET,2.0,931,894,1,MERCHANT_ANOMALY,1.3120806444851592,2.0,1.6560403222425797
CUST_00989,615.0,Mccoy PLC,FOOD,US,CREDIT_CARD,2.0,231,234,1,PAYMENT_METHOD_ABUSE,1.1822830558652773,2.0,1.5911415279326386
CUST_00330,1472.84,Miller Ltd,OTHER,IN,WALLET,3.0,226,2074,1,PAYMENT_METHOD_ABUSE,1.1711048383890588,1.5,1.3355524191945294
CUST_00079,2182.68,Taylor Inc,ECOMMERCE,GB,UPI,2.0,855,1684,1,MERCHANT_ANOMALY,1.551025048854148,2.0,1.775512524427074
CUST_00658,5744.52,Mcneil-Hughes,ECOMMERCE,US,WALLET,2.0,468,2177,1,MERCHANT_ANOMALY,1.7747610669228882,2.0,1.887380533461444
CUST_00429,1749.86,Simmons PLC,OTHER,NG,DEBIT_CARD,3.0,292,2304,1,PAYMENT_METHOD_ABUSE,1.1015939766317484,1.5,1.300796988315874
CUST_00253,1536.43,"Preston, Hensley and Johnson",HEALTHCARE,IN,CREDIT_CARD,3.0,382,2278,1,PAYMENT_METHOD_ABUSE,1.187110781450404,1.5,1.343555390725202
CUST_00941,765.61,Russo PLC,ENTERTAINMENT,GB,DEBIT_CARD,2.0,436,1144,1,PAYMENT_METHOD_ABUSE,1.1645852664243015,2.0,1.5822926332121507
CUST_00017,515.81,Becker-Stuart,OTHER,NG,DEBIT_CARD,2.0,366,1966,1,PAYMENT_METHOD_ABUSE,1.1980118684024108,2.0,1.5990059342012053
CUST_00722,2807.4,Floyd-James,ECOMMERCE,GB,UPI,2.5,702,2315,1,MERCHANT_ANOMALY,1.2927408232853594,1.6666666666666667,1.479703744976013
CUST_00551,2643.64,"Powers, Neal and Mcdowell",ENTERTAINMENT,GB,DEBIT_CARD,2.0,507,1166,1,MERCHANT_ANOMALY,1.399151080202809,2.0,1.6995755401014043
CUST_00175,620.91,Grant Group,FOOD,CN,DEBIT_CARD,2.5,176,781,1,PAYMENT_METHOD_ABUSE,1.1763780870191258,1.6666666666666667,1.4215223768428964
CUST_00879,1123.51,"Jones, Williamson and Miller",EDUCATION,US,WALLET,2.0,988,836,1,PAYMENT_METHOD_ABUSE,1.3399125814703725,2.0,1.669956290735186
CUST_00671,2723.58,"Alexander, Peterson and Joseph",GROCERY,US,DEBIT_CARD,2.5,626,198,1,PAYMENT_METHOD_ABUSE,1.4215112410130613,1.6666666666666667,1.544088953839864
CUST_00263,439.9,Freeman-Watson,EDUCATION,GB,UPI,2.0,751,2239,1,PAYMENT_METHOD_ABUSE,1.3975061551902153,2.0,1.6987530775951076
CUST_00250,1074.95,Sullivan-Hansen,FOOD,IN,UPI,3.5,762,1122,1,MERCHANT_ANOMALY,1.2322321060112795,1.4,1.31611605300564
CUST_00080,2500.78,"Williams, Dyer and Koch",ENTERTAINMENT,US,WALLET,3.0,392,867,1,PAYMENT_METHOD_ABUSE,1.1479893499816385,1.5,1.3239946749908191
CUST_00814,931.18,"Maynard, Williams and Fry",OTHER,US,WALLET,2.0,787,1903,1,PAYMENT_METHOD_ABUSE,1.4887803474215184,2.0,1.7443901737107592
CUST_00083,1939.33,Jenkins Group,EDUCATION,US,DEBIT_CARD,2.0,652,2291,1,MERCHANT_ANOMALY,1.6072084167257146,2.0,1.8036042083628567
CUST_00078,581.35,Jones LLC,FOOD,NG,DEBIT_CARD,2.0,850,737,1,PAYMENT_METHOD_ABUSE,1.5354242324199403,2.0,1.7677121162099705
CUST_00935,2230.69,"Williams, Schmidt and Owen",ECOMMERCE,IN,NET_BANKING,2.0,841,972,1,PAYMENT_METHOD_ABUSE,1.5275193705553862,2.0,1.7637596852776931
CUST_00252,1378.45,"Spence, Howard and Scott",TRAVEL,IN,DEBIT_CARD,3.0,917,2030,1,PAYMENT_METHOD_ABUSE,1.171523758530719,1.5,1.3357618792653594
CUST_00523,1230.91,"Kirk, Mitchell and Mclean",ENTERTAINMENT,GB,WALLET,2.0,986,236,1,MERCHANT_ANOMALY,1.3005478337586047,2.0,1.6502739168793024
CUST_00955,4449.96,"Trevino, Hill and Rodriguez",FOOD,CN,CREDIT_CARD,2.0,221,2151,1,PAYMENT_METHOD_ABUSE,1.5225250192455737,2.0,1.7612625096227867
CUST_00682,3717.45,Sampson Ltd,ENTERTAINMENT,NG,DEBIT_CARD,2.0,950,2229,1,MERCHANT_ANOMALY,1.7424022273051107,2.0,1.8712011136525557
CUST_00628,1091.36,"Murphy, Shannon and Solomon",HEALTHCARE,NG,DEBIT_CARD,2.0,147,2068,1,PAYMENT_METHOD_ABUSE,1.3004456519148733,2.0,1.6502228259574363
CUST_00562,965.83,"Davila, Davis and Watson",GROCERY,US,WALLET,2.0,649,1626,1,MERCHANT_ANOMALY,1.4491942502175674,2.0,1.7245971251087835
CUST_00059,1622.45,Martin and Sons,ECOMMERCE,GB,CREDIT_CARD,2.0,838,2310,1,PAYMENT_METHOD_ABUSE,1.158160734107368,2.0,1.579080367053684
CUST_00641,2732.87,Ayala-Larson,ECOMMERCE,US,NET_BANKING,3.0,202,679,1,PAYMENT_METHOD_ABUSE,1.1419885670349508,1.5,1.3209942835174755
CUST_00139,1957.23,Kramer Ltd,GROCERY,IN,DEBIT_CARD,2.0,874,2063,1,MERCHANT_ANOMALY,1.3226984743786854,2.0,1.6613492371893428
CUST_00113,2426.54,Boyer Group,HEALTHCARE,CN,CREDIT_CARD,2.0,425,1037,1,PAYMENT_METHOD_ABUSE,1.2389155519248445,2.0,1.619457775962422
CUST_00539,3465.14,Sanchez Ltd,FOOD,CN,DEBIT_CARD,2.0,179,1477,1,PAYMENT_METHOD_ABUSE,1.1343578697194336,2.0,1.567178934859717
CUST_00764,2269.03,"Smith, Grant and Rodgers",HEALTHCARE,GB,WALLET,3.5,514,1877,1,MERCHANT_ANOMALY,1.206196226234554,1.4,1.303098113117277
CUST_00140,2984.31,"Allen, Griffith and Garza",TRAVEL,GB,NET_BANKING,2.0,308,412,1,PAYMENT_METHOD_ABUSE,1.5514232465773723,2.0,1.7757116232886865
CUST_00220,772.17,Rivera-Atkinson,ENTERTAINMENT,CN,DEBIT_CARD,4.0,724,2250,1,PAYMENT_METHOD_ABUSE,1.1703623990178396,1.3333333333333333,1.2518478661755863
CUST_00971,1491.7,"Skinner, Campbell and Lopez",HEALTHCARE,US,NET_BANKING,2.0,472,415,1,MERCHANT_ANOMALY,1.3702543563928975,2.0,1.6851271781964487
CUST_00140,2939.72,Weber-Sexton,TRAVEL,GB,DEBIT_CARD,2.0,308,412,1,PAYMENT_METHOD_ABUSE,1.5282426914189318,2.0,1.7641213457094658
CUST_00222,9373.64,Hernandez Ltd,ECOMMERCE,US,DEBIT_CARD,2.0,934,1157,1,MERCHANT_ANOMALY,1.2009350074981249,2.0,1.6004675037490623
CUST_00800,2581.04,"Sparks, Stephens and Pugh",EDUCATION,CN,WALLET,2.5,441,1037,1,MERCHANT_ANOMALY,1.4853837853391842,1.6666666666666667,1.5760252260029255
CUST_00523,1485.24,Smith-Lane,ECOMMERCE,GB,UPI,2.0,986,236,1,PAYMENT_METHOD_ABUSE,1.569266367656149,2.0,1.7846331838280745
CUST_00308,4045.84,Mosley-Roach,GROCERY,CN,WALLET,2.0,933,1706,1,MERCHANT_ANOMALY,1.4911141414513691,2.0,1.745557070725685
CUST_00732,1823.24,"Marshall, Perry and Arnold",EDUCATION,IN,NET_BANKING,3.0,431,1075,1,PAYMENT_METHOD_ABUSE,1.104301241342552,1.5,1.3021506206712758
CUST_00146,3642.69,Patton-Zavala,HEALTHCARE,CN,CREDIT_CARD,4.0,940,1978,1,PAYMENT_METHOD_ABUSE,1.13929478438192,1.3333333333333333,1.2363140588576265
CUST_00042,2575.97,Smith LLC,FOOD,GB,UPI,2.0,105,2239,1,PAYMENT_METHOD_ABUSE,1.1170074605346172,2.0,1.5585037302673086
CUST_00652,762.51,Moore-Mendoza,FOOD,CN,CREDIT_CARD,2.0,846,266,1,MERCHANT_ANOMALY,1.2303708006583405,2.0,1.61518540032917
CUST_00675,2188.76,Black-Perez,ENTERTAINMENT,IN,NET_BANKING,2.0,916,1691,1,MERCHANT_ANOMALY,1.5428525106703934,2.0,1.7714262553351967
CUST_00341,6136.39,Pace-Avila,HEALTHCARE,US,DEBIT_CARD,4.0,929,625,1,MERCHANT_ANOMALY,1.2120198817091634,1.3333333333333333,1.2726766075212483
CUST_00964,744.61,Graves Group,ENTERTAINMENT,GB,UPI,2.5,447,1034,1,MERCHANT_ANOMALY,1.7299413370505898,1.6666666666666667,1.6983040018586282
CUST_00275,583.77,"Watts, Mclean and Adkins",GROCERY,IN,DEBIT_CARD,2.0,839,854,1,MERCHANT_ANOMALY,1.4817437654673518,2.0,1.7408718827336758
CUST_00805,1716.78,Pruitt-Scott,ECOMMERCE,IN,DEBIT_CARD,3.5,801,1678,1,PAYMENT_METHOD_ABUSE,1.1601511025213036,1.4,1.280075551260652
CUST_00007,2449.62,Poole LLC,EDUCATION,GB,UPI,2.5,572,2455,1,MERCHANT_ANOMALY,1.404530169114464,1.6666666666666667,1.5355984178905655
CUST_00892,1730.86,Kelly PLC,EDUCATION,IN,UPI,2.5,773,2397,1,PAYMENT_METHOD_ABUSE,1.4537040536511416,1.6666666666666667,1.5601853601589042
CUST_00648,1824.58,Aguirre-Wagner,HEALTHCARE,NG,NET_BANKING,3.0,962,1364,1,PAYMENT_METHOD_ABUSE,1.1395434531430533,1.5,1.3197717265715267
CUST_00087,1257.59,"Torres, Dunn and Foster",FOOD,IN,CREDIT_CARD,2.5,731,2074,1,PAYMENT_METHOD_ABUSE,1.127979513949619,1.6666666666666667,1.3973230903081428
CUST_00374,1418.36,Mckee-Rivera,TRAVEL,CN,NET_BANKING,2.0,164,1704,1,PAYMENT_METHOD_ABUSE,1.1400691262760227,2.0,1.5700345631380117
CUST_00981,3483.78,"Nguyen, Wilson and Mcdonald",ENTERTAINMENT,GB,CREDIT_CARD,2.0,427,977,1,MERCHANT_ANOMALY,1.252527504134609,2.0,1.6262637520673042
CUST_00908,4186.19,Johnson-Scott,OTHER,GB,NET_BANKING,2.0,949,2310,1,PAYMENT_METHOD_ABUSE,1.394436829315821,2.0,1.6972184146579106
CUST_00759,1855.55,Conrad LLC,ECOMMERCE,IN,UPI,2.0,600,205,1,PAYMENT_METHOD_ABUSE,1.5125245559549718,2.0,1.756262277977486
CUST_00000,1250.81,Brown-Adams,FOOD,GB,WALLET,4.0,736,577,1,PAYMENT_METHOD_ABUSE,1.2921590909090908,1.3333333333333333,1.312746212121212
CUST_00395,1051.24,Miller-Vargas,TRAVEL,US,WALLET,2.0,784,1517,1,PAYMENT_METHOD_ABUSE,1.1747207741776875,2.0,1.587360387088844
CUST_00392,1043.46,"Church, Alvarez and Cole",FOOD,NG,CREDIT_CARD,2.0,172,1448,1,MERCHANT_ANOMALY,1.4342895630300616,2.0,1.7171447815150307
CUST_00508,691.19,Hernandez LLC,ENTERTAINMENT,GB,CREDIT_CARD,2.5,336,1267,1,MERCHANT_ANOMALY,1.2957585415006798,1.6666666666666667,1.4812126040836733
CUST_00902,1552.19,"Fisher, Smith and Valenzuela",HEALTHCARE,US,WALLET,2.0,946,390,1,PAYMENT_METHOD_ABUSE,1.5761954568071734,2.0,1.7880977284035868
